game_id,match_id,date,map_name,is_lan,y,delta_rating,form_diff_10,sos_form_diff_10,days_since_last_match_diff,recent_matches_count_diff,map_strength_diff,map_recent_form_diff,map_t_side_winrate_diff,map_ct_side_winrate_diff,map_sample_diff,rating_x_map_strength,form_x_map_form,rating_x_sos
4839,1231,2025-03-24,Ancient,1,-1,-365.0,-2.0,365.0,0,0,-2.0,-2.0,-0.16666666666666663,0.16666666666666663,0.0,730.0,4.0,-133225.0
4840,1231,2025-03-24,Anubis,1,-1,-365.0,-2.0,365.0,0,0,-2.0,-2.0,-0.16666666666666663,0.16666666666666663,0.0,730.0,4.0,-133225.0
4835,1229,2025-03-24,Ancient,1,-1,106.0,-2.0,-106.0,0,0,-2.0,-2.0,-0.08333333333333331,0.08333333333333331,0.0,-212.0,4.0,-11236.0
4838,1230,2025-03-24,Dust2,1,1,-430.0,2.0,430.0,0,0,2.0,2.0,0.33333333333333326,-0.33333333333333326,0.0,-860.0,4.0,-184900.0
4836,1229,2025-03-24,Dust2,1,-1,106.0,-2.0,-106.0,0,0,-2.0,-2.0,-0.375,0.375,0.0,-212.0,4.0,-11236.0
4837,1230,2025-03-24,Inferno,1,1,-430.0,2.0,430.0,0,0,2.0,2.0,0.16666666666666663,-0.16666666666666663,0.0,-860.0,4.0,-184900.0
4834,2315,2025-03-25,Mirage,0,1,42.0,2.0,-42.0,0,0,2.0,2.0,0.08333333333333331,-0.08333333333333331,0.0,84.0,4.0,-1764.0
4833,2315,2025-03-25,Train,0,1,42.0,2.0,-42.0,0,0,2.0,2.0,0.12499999999999994,-0.12499999999999994,0.0,84.0,4.0,-1764.0
4832,2314,2025-03-25,Anubis,0,-1,-371.0,-2.0,371.0,0,0,-2.0,-2.0,-0.20833333333333331,0.20833333333333331,0.0,742.0,4.0,-137641.0
4831,2314,2025-03-25,Dust2,0,-1,-371.0,-2.0,371.0,0,0,-2.0,-2.0,-0.41666666666666663,0.41666666666666663,0.0,742.0,4.0,-137641.0
4830,2313,2025-03-25,Inferno,0,1,65.0,0.6666666666666666,-65.0,0,0,2.0,2.0,0.29166666666666663,-0.29166666666666663,0.0,130.0,1.3333333333333333,-4225.0
4829,2313,2025-03-25,Mirage,0,1,65.0,0.6666666666666666,-65.0,0,0,2.0,2.0,0.33333333333333326,-0.33333333333333326,0.0,130.0,1.3333333333333333,-4225.0
4828,2313,2025-03-25,Dust2,0,-1,65.0,0.6666666666666666,-65.0,0,0,-2.0,-2.0,-0.24999999999999994,0.24999999999999994,0.0,-130.0,-1.3333333333333333,-4225.0
4826,2312,2025-03-26,Ancient,0,-1,0.0,0.6666666666666666,0.0,0,0,-2.0,-2.0,-0.16666666666666663,0.16666666666666663,0.0,-0.0,-1.3333333333333333,0.0
4827,2312,2025-03-26,Train,0,1,0.0,0.6666666666666666,0.0,0,0,2.0,2.0,0.08333333333333326,-0.08333333333333326,0.0,0.0,1.3333333333333333,0.0
4825,2312,2025-03-26,Anubis,0,1,0.0,0.6666666666666666,0.0,0,0,2.0,2.0,0.29166666666666663,-0.29166666666666663,0.0,0.0,1.3333333333333333,0.0
4814,2307,2025-03-27,Dust2,0,1,0.0,0.6666666666666666,0.0,0,0,2.0,2.0,0.33333333333333326,-0.33333333333333326,0.0,0.0,1.3333333333333333,0.0
4809,2305,2025-03-27,Dust2,0,-1,-371.0,-2.0,371.0,0,-1,-2.0,-2.0,-0.33333333333333326,0.375,-0.4054651081081645,742.0,4.0,-137641.0
4810,2305,2025-03-27,Ancient,0,-1,-371.0,-2.0,371.0,0,-1,-2.0,-2.0,-0.24999999999999994,0.24999999999999994,0.0,742.0,4.0,-137641.0
4811,2306,2025-03-27,Dust2,0,-1,0.0,0.6666666666666666,0.0,0,1,-2.0,-2.0,-0.16666666666666663,0.16666666666666663,0.0,-0.0,-1.3333333333333333,0.0
4813,2306,2025-03-27,Ancient,0,1,0.0,0.6666666666666666,0.0,0,1,1.0,1.0,0.3333333333333333,-0.20833333333333331,0.4054651081081645,0.0,0.6666666666666666,0.0
4815,2307,2025-03-27,Mirage,0,-1,0.0,0.6666666666666666,0.0,0,0,-2.0,-2.0,-0.20833333333333331,0.20833333333333331,0.0,-0.0,-1.3333333333333333,0.0
4812,2306,2025-03-27,Train,0,1,0.0,0.6666666666666666,0.0,0,1,2.0,2.0,0.22916666666666663,-0.062499999999999944,0.4054651081081645,0.0,1.3333333333333333,0.0
4817,2308,2025-03-27,Ancient,0,-1,37.0,-2.0,-37.0,0,0,-2.0,-2.0,-0.24999999999999994,0.24999999999999994,0.0,-74.0,4.0,-1369.0
4816,2307,2025-03-27,Anubis,0,1,0.0,0.6666666666666666,0.0,0,0,2.0,2.0,0.24999999999999994,-0.24999999999999994,0.0,0.0,1.3333333333333333,0.0
4823,2311,2025-03-27,Inferno,0,1,0.0,2.0,0.0,0,0,2.0,2.0,0.5416666666666666,-0.5416666666666666,0.0,0.0,4.0,0.0
4822,2310,2025-03-27,Train,0,-1,-13.0,-1.0,-14.5,0,1,-1.0,-1.0,-0.22916666666666663,0.39583333333333337,0.4054651081081645,13.0,1.0,188.5
4821,2310,2025-03-27,Anubis,0,-1,-13.0,-1.0,-14.5,0,1,-2.0,-2.0,-0.16666666666666663,0.16666666666666663,0.0,26.0,2.0,188.5
4824,2311,2025-03-27,Dust2,0,1,0.0,2.0,0.0,0,0,2.0,2.0,0.4583333333333333,-0.4583333333333333,0.0,0.0,4.0,0.0
4819,2309,2025-03-27,Mirage,0,1,65.0,1.6,-65.0,0,1,2.0,2.0,0.12499999999999994,-0.22916666666666663,0.4054651081081645,130.0,3.2,-4225.0
4818,2308,2025-03-27,Mirage,0,-1,37.0,-2.0,-37.0,0,0,-2.0,-2.0,-0.24999999999999994,0.24999999999999994,0.0,-74.0,4.0,-1369.0
4820,2309,2025-03-27,Dust2,0,1,65.0,1.6,-65.0,0,1,1.0,1.0,-0.062499999999999944,-0.125,0.4054651081081645,65.0,1.6,-4225.0
4786,2296,2025-03-28,Mirage,0,1,65.0,-0.08333333333333331,-65.0,0,2,2.0,2.0,0.33333333333333326,-0.26388888888888884,0.6931471805599453,130.0,-0.16666666666666663,-4225.0
4780,2294,2025-03-28,Dust2,0,1,0.0,1.2,114.6,0,3,1.0,1.0,0.29166666666666663,-0.18749999999999994,0.4054651081081645,0.0,1.2,0.0
4785,2296,2025-03-28,Train,0,-1,65.0,-0.08333333333333331,-65.0,0,2,-2.0,-2.0,-0.125,0.125,0.0,-130.0,0.16666666666666663,-4225.0
4784,2295,2025-03-28,Mirage,0,-1,42.0,-0.3333333333333333,-31.0,0,3,-0.6666666666666667,-0.6666666666666667,-0.02777777777777768,-0.027777777777777735,0.6931471805599453,-28.000000000000004,0.22222222222222224,-1302.0
4783,2295,2025-03-28,Ancient,0,1,42.0,-0.3333333333333333,-31.0,0,3,2.0,2.0,0.31249999999999994,-0.12499999999999994,0.4054651081081645,84.0,-0.6666666666666666,-1302.0
4782,2295,2025-03-28,Inferno,0,-1,42.0,-0.3333333333333333,-31.0,0,3,-2.0,-2.0,-0.24999999999999994,0.41666666666666663,0.4054651081081645,-84.0,0.6666666666666666,-1302.0
4781,2294,2025-03-28,Mirage,0,1,0.0,1.2,114.6,0,3,2.0,2.0,0.29166666666666663,-0.29166666666666663,0.0,0.0,2.4,0.0
4779,2293,2025-03-28,Mirage,0,1,-371.0,-0.09523809523809523,371.0,0,-2,2.0,2.0,0.08333333333333331,-0.08333333333333331,0.0,-742.0,-0.19047619047619047,-137641.0
4775,2292,2025-03-28,Dust2,0,-1,0.0,-1.6,0.0,0,-1,-2.0,-2.0,-0.33333333333333326,0.33333333333333326,-0.4054651081081645,-0.0,3.2,0.0
4777,2293,2025-03-28,Dust2,0,-1,-371.0,-0.09523809523809523,371.0,0,-2,-2.0,-2.0,-0.29166666666666663,0.3472222222222222,-0.6931471805599453,742.0,0.19047619047619047,-137641.0
4776,2292,2025-03-28,Nuke,0,-1,0.0,-1.6,0.0,0,-1,-2.0,-2.0,-0.16666666666666663,0.16666666666666663,0.0,-0.0,3.2,0.0
4774,1228,2025-03-28,Nuke,1,1,262.0,1.0,-184.0,0,0,2.0,2.0,0.41666666666666663,-0.41666666666666663,0.0,524.0,2.0,-48208.0
4773,1228,2025-03-28,Inferno,1,1,262.0,1.0,-184.0,0,0,2.0,2.0,0.20833333333333331,-0.20833333333333331,0.0,524.0,2.0,-48208.0
4772,1227,2025-03-28,Anubis,1,1,-65.0,2.0,32.5,0,0,2.0,2.0,0.29166666666666663,-0.22916666666666663,0.4054651081081645,-130.0,4.0,-2112.5
4771,1227,2025-03-28,Dust2,1,1,-65.0,2.0,32.5,0,0,2.0,2.0,0.29166666666666663,-0.24999999999999994,-0.4054651081081645,-130.0,4.0,-2112.5
4787,2296,2025-03-28,Ancient,0,-1,65.0,-0.08333333333333331,-65.0,0,2,-2.0,-2.0,-0.08333333333333331,0.08333333333333331,0.0,-130.0,0.16666666666666663,-4225.0
4778,2293,2025-03-28,Ancient,0,1,-371.0,-0.09523809523809523,371.0,0,-2,1.0,1.0,0.062499999999999944,0.0,-0.4054651081081645,-371.0,-0.09523809523809523,-137641.0
4788,2297,2025-03-28,Inferno,0,-1,382.0,0.1333333333333333,-114.6,0,-3,-2.0,-2.0,-0.375,0.375,0.0,-764.0,-0.2666666666666666,-43777.2
4794,2299,2025-03-28,Inferno,0,-1,42.0,0.3333333333333333,-31.0,0,3,-2.0,-2.0,-0.24999999999999994,0.08333333333333331,0.4054651081081645,-84.0,-0.6666666666666666,-1302.0
4790,2297,2025-03-28,Train,0,1,382.0,0.1333333333333333,-114.6,0,-3,0.6666666666666667,0.6666666666666667,0.23611111111111116,0.20833333333333337,-0.6931471805599453,254.66666666666669,0.08888888888888888,-43777.2
4808,2304,2025-03-28,Ancient,0,1,561.0,2.0,-561.0,0,0,2.0,2.0,0.33333333333333326,-0.33333333333333326,0.0,1122.0,4.0,-314721.0
4789,2297,2025-03-28,Ancient,0,1,382.0,0.1333333333333333,-114.6,0,-3,1.3333333333333333,1.3333333333333333,0.1388888888888889,-0.11111111111111105,-0.6931471805599453,509.3333333333333,0.17777777777777773,-43777.2
4806,2303,2025-03-28,Nuke,0,1,0.0,1.0,0.0,0,-1,2.0,2.0,0.29166666666666663,-0.29166666666666663,0.0,0.0,2.0,0.0
4805,2303,2025-03-28,Inferno,0,1,0.0,1.0,0.0,0,-1,1.0,1.0,0.14583333333333331,-0.020833333333333315,-0.4054651081081645,0.0,1.0,0.0
4804,2302,2025-03-28,Inferno,0,1,0.0,2.0,0.0,0,0,2.0,2.0,0.33333333333333326,-0.33333333333333326,0.0,0.0,4.0,0.0
4803,2302,2025-03-28,Ancient,0,1,0.0,2.0,0.0,0,0,2.0,2.0,0.16666666666666663,-0.16666666666666663,0.0,0.0,4.0,0.0
4802,2301,2025-03-28,Ancient,0,1,53.0,0.6666666666666666,-53.0,0,0,2.0,2.0,0.33333333333333326,-0.33333333333333326,0.0,106.0,1.3333333333333333,-2809.0
4801,2301,2025-03-28,Nuke,0,1,53.0,0.6666666666666666,-53.0,0,0,2.0,2.0,0.24999999999999994,-0.24999999999999994,0.0,106.0,1.3333333333333333,-2809.0
4800,2301,2025-03-28,Anubis,0,-1,53.0,0.6666666666666666,-53.0,0,0,-2.0,-2.0,-0.16666666666666663,0.16666666666666663,0.0,-106.0,-1.3333333333333333,-2809.0
4807,2304,2025-03-28,Mirage,0,1,561.0,2.0,-561.0,0,0,2.0,2.0,0.08333333333333326,-0.08333333333333326,0.0,1122.0,4.0,-314721.0
4798,2300,2025-03-28,Ancient,0,1,37.0,0.1333333333333333,-37.0,0,1,1.0,1.0,0.20833333333333334,-0.16666666666666663,0.4054651081081645,37.0,0.1333333333333333,-1369.0
4797,2300,2025-03-28,Nuke,0,-1,37.0,0.1333333333333333,-37.0,0,1,-2.0,-2.0,-0.375,0.375,0.0,-74.0,-0.2666666666666666,-1369.0
4796,2299,2025-03-28,Ancient,0,1,42.0,0.3333333333333333,-31.0,0,3,2.0,2.0,0.0625,-0.24999999999999994,0.4054651081081645,84.0,0.6666666666666666,-1302.0
4795,2299,2025-03-28,Mirage,0,1,42.0,0.3333333333333333,-31.0,0,3,1.3333333333333333,1.3333333333333333,0.22222222222222227,-0.11111111111111105,0.6931471805599453,56.0,0.4444444444444444,-1302.0
4793,2298,2025-03-28,Anubis,0,-1,0.0,-0.1333333333333333,-148.4,0,-1,-2.0,-2.0,-0.375,0.375,0.0,-0.0,0.2666666666666666,-0.0
4792,2298,2025-03-28,Nuke,0,-1,0.0,-0.1333333333333333,-148.4,0,-1,-2.0,-2.0,-0.08333333333333331,0.08333333333333331,0.0,-0.0,0.2666666666666666,-0.0
4791,2298,2025-03-28,Ancient,0,1,0.0,-0.1333333333333333,-148.4,0,-1,2.0,2.0,0.22916666666666663,-0.20833333333333331,-0.4054651081081645,0.0,-0.2666666666666666,-0.0
4799,2300,2025-03-28,Dust2,0,1,37.0,0.1333333333333333,-37.0,0,1,2.0,2.0,0.08333333333333331,-0.08333333333333331,0.0,74.0,0.2666666666666666,-1369.0
4750,2283,2025-03-29,Dust2,0,-1,-53.0,-1.1428571428571428,53.0,0,-2,-2.0,-2.0,-0.4583333333333333,0.4583333333333333,0.0,106.0,2.2857142857142856,-2809.0
4749,2283,2025-03-29,Inferno,0,-1,-53.0,-1.1428571428571428,53.0,0,-2,-2.0,-2.0,-0.41666666666666663,0.41666666666666663,0.0,106.0,2.2857142857142856,-2809.0
4748,2282,2025-03-29,Mirage,0,1,-306.0,0.4,61.2,0,0,2.0,2.0,0.09722222222222221,-0.22499999999999998,0.4054651081081644,-612.0,0.8,-18727.2
4747,2282,2025-03-29,Train,0,1,-306.0,0.4,61.2,0,0,0.0,0.0,0.12499999999999994,0.14583333333333331,0.0,-0.0,0.0,-18727.2
4746,2281,2025-03-29,Anubis,0,-1,12.0,-0.5333333333333333,22.3,0,-3,-2.0,-2.0,-0.12499999999999994,0.12499999999999994,0.0,-24.0,1.0666666666666667,267.6
4745,2281,2025-03-29,Ancient,0,1,12.0,-0.5333333333333333,22.3,0,-3,1.0,1.0,0.11458333333333331,-0.10416666666666669,-0.916290731874155,12.0,-0.5333333333333333,267.6
4744,2281,2025-03-29,Train,0,-1,12.0,-0.5333333333333333,22.3,0,-3,-2.0,-2.0,-0.08333333333333331,0.08333333333333331,0.0,-24.0,1.0666666666666667,267.6
4740,1226,2025-03-29,Nuke,1,-1,-452.0,-1.0,346.0,0,-1,-2.0,-2.0,-0.08333333333333331,0.24999999999999994,-0.4054651081081645,904.0,2.0,-156392.0
4742,2280,2025-03-29,Nuke,0,-1,0.0,-1.7142857142857144,0.0,0,-2,-2.0,-2.0,-0.29166666666666663,0.22916666666666663,-0.4054651081081645,-0.0,3.428571428571429,0.0
4741,1226,2025-03-29,Dust2,1,-1,-452.0,-1.0,346.0,0,-1,-1.0,-1.0,-0.062499999999999944,-0.041666666666666685,0.4054651081081645,452.0,1.0,-156392.0
4739,1225,2025-03-29,Mirage,1,1,635.0,-0.09523809523809523,-186.42857142857144,0,-1,2.0,2.0,0.12499999999999994,-0.12499999999999994,0.0,1270.0,-0.19047619047619047,-118382.14285714287
4738,1225,2025-03-29,Nuke,1,-1,635.0,-0.09523809523809523,-186.42857142857144,0,-1,-2.0,-2.0,-0.33333333333333326,0.33333333333333326,0.0,-1270.0,0.19047619047619047,-118382.14285714287
4737,1225,2025-03-29,Anubis,1,1,635.0,-0.09523809523809523,-186.42857142857144,0,-1,0.6666666666666667,0.6666666666666667,0.09722222222222221,-0.1388888888888889,-0.6931471805599453,423.33333333333337,-0.0634920634920635,-118382.14285714287
4751,2284,2025-03-29,Train,0,-1,55.0,-0.4,-104.6,0,-3,-0.5,-0.5,-0.14583333333333337,-0.27083333333333337,-0.5108256237659905,-27.5,0.2,-5753.0
4743,2280,2025-03-29,Mirage,0,-1,0.0,-1.7142857142857144,0.0,0,-2,-1.0,-1.0,-0.020833333333333315,0.062499999999999944,-0.4054651081081645,-0.0,1.7142857142857144,0.0
4752,2284,2025-03-29,Inferno,0,-1,55.0,-0.4,-104.6,0,-3,-2.0,-2.0,-0.33333333333333326,0.35416666666666663,-0.4054651081081645,-110.0,0.8,-5753.0
4756,2286,2025-03-29,Dust2,0,-1,37.0,0.5333333333333333,-22.3,0,3,-1.0,-1.0,-0.1875,-0.04166666666666663,0.4054651081081645,-37.0,-0.5333333333333333,-825.1
4754,2285,2025-03-29,Ancient,0,1,42.0,0.0,-19.7,0,3,2.0,2.0,0.375,-0.19444444444444436,0.6931471805599453,84.0,0.0,-827.4
4753,2285,2025-03-29,Dust2,0,-1,42.0,0.0,-19.7,0,3,-1.0,-1.0,0.0625,0.062499999999999944,-0.4054651081081645,-42.0,-0.0,-827.4
4769,2291,2025-03-29,Mirage,0,1,0.0,0.3333333333333333,0.0,0,-1,2.0,2.0,0.33333333333333326,-0.33333333333333326,0.0,0.0,0.6666666666666666,0.0
4768,2290,2025-03-29,Mirage,0,1,-53.0,0.8571428571428572,53.0,0,-2,2.0,2.0,0.20833333333333331,-0.20833333333333331,0.0,-106.0,1.7142857142857144,-2809.0
4766,2289,2025-03-29,Dust2,0,1,0.0,1.0,0.0,0,0,2.0,2.0,0.12499999999999994,-0.12499999999999994,0.0,0.0,2.0,0.0
4765,2289,2025-03-29,Nuke,0,1,0.0,1.0,0.0,0,0,1.0,1.0,0.16666666666666663,-0.18749999999999997,-0.4054651081081645,0.0,1.0,0.0
4764,2288,2025-03-29,Ancient,0,-1,-65.0,-0.65,42.925,0,-2,-1.0,-1.0,-0.18055555555555552,0.10416666666666663,0.2876820724517808,65.0,0.65,-2790.125
4763,2288,2025-03-29,Nuke,0,1,-65.0,-0.65,42.925,0,-2,2.0,2.0,0.24999999999999994,-0.16666666666666663,0.4054651081081645,-130.0,-1.3,-2790.125
4767,2290,2025-03-29,Nuke,0,1,-53.0,0.8571428571428572,53.0,0,-2,1.0,1.0,0.10416666666666663,0.10416666666666669,-0.4054651081081645,-53.0,0.8571428571428572,-2809.0
4761,2287,2025-03-29,Anubis,0,-1,-371.0,-0.6,226.4,0,-3,-2.0,-2.0,-0.16666666666666663,0.18749999999999994,-0.4054651081081645,742.0,1.2,-83994.40000000001
4762,2288,2025-03-29,Mirage,0,-1,-65.0,-0.65,42.925,0,-2,-2.0,-2.0,-0.20833333333333331,0.22499999999999998,-1.0986122886681096,130.0,1.3,-2790.125
4770,2291,2025-03-29,Dust2,0,1,0.0,0.3333333333333333,0.0,0,-1,1.0,1.0,0.08333333333333331,0.0625,-0.4054651081081645,0.0,0.3333333333333333,0.0
4757,2286,2025-03-29,Ancient,0,1,37.0,0.5333333333333333,-22.3,0,3,1.0,1.0,-0.03125,-0.10416666666666663,0.916290731874155,37.0,0.5333333333333333,-825.1
4755,2285,2025-03-29,Inferno,0,-1,42.0,0.0,-19.7,0,3,-2.0,-2.0,-0.19444444444444436,0.08333333333333331,0.6931471805599453,-84.0,-0.0,-827.4
4758,2286,2025-03-29,Mirage,0,1,37.0,0.5333333333333333,-22.3,0,3,1.0,1.0,0.08333333333333337,-0.10416666666666663,0.4054651081081645,37.0,0.5333333333333333,-825.1
4759,2287,2025-03-29,Mirage,0,1,-371.0,-0.6,226.4,0,-3,1.0,1.0,0.05555555555555558,-0.04166666666666663,-0.2876820724517808,-371.0,-0.6,-83994.40000000001
4760,2287,2025-03-29,Train,0,-1,-371.0,-0.6,226.4,0,-3,-1.0,-1.0,-0.08333333333333337,0.08333333333333331,0.0,371.0,0.6,-83994.40000000001
4714,1224,2025-03-30,Inferno,1,-1,-548.0,0.08333333333333331,178.40277777777783,0,1,-1.0,-1.0,-0.2708333333333333,0.4375,0.4054651081081645,548.0,-0.08333333333333331,-97764.72222222225
4716,1224,2025-03-30,Dust2,1,1,-548.0,0.08333333333333331,178.40277777777783,0,1,2.0,2.0,0.08333333333333331,-0.10416666666666663,0.4054651081081645,-1096.0,0.16666666666666663,-97764.72222222225
4717,1224,2025-03-30,Nuke,1,-1,-548.0,0.08333333333333331,178.40277777777783,0,1,0.3333333333333333,0.3333333333333333,0.08333333333333331,-0.041666666666666685,0.2876820724517808,-182.66666666666666,0.02777777777777777,-97764.72222222225
4718,1224,2025-03-30,Train,1,-1,-548.0,0.08333333333333331,178.40277777777783,0,1,-2.0,-2.0,-0.24999999999999994,0.24999999999999994,0.0,1096.0,-0.16666666666666663,-97764.72222222225
4719,2272,2025-03-30,Mirage,0,1,0.0,1.2,0.0,0,2,1.3333333333333333,1.3333333333333333,0.13888888888888895,-0.1388888888888889,0.2876820724517808,0.0,1.5999999999999999,0.0
4720,2272,2025-03-30,Nuke,0,-1,0.0,1.2,0.0,0,2,0.3333333333333333,0.3333333333333333,0.11805555555555564,-0.1111111111111111,0.2876820724517808,0.0,0.39999999999999997,0.0
4721,2272,2025-03-30,Dust2,0,1,0.0,1.2,0.0,0,2,2.0,2.0,0.08333333333333337,-0.3611111111111111,0.6931471805599453,0.0,2.4,0.0
4722,2273,2025-03-30,Mirage,0,1,-37.0,0.1333333333333333,32.1,0,-5,1.0,1.0,0.11458333333333331,-0.0625,-0.916290731874155,-37.0,0.1333333333333333,-1187.7
4723,2273,2025-03-30,Anubis,0,-1,-37.0,0.1333333333333333,32.1,0,-5,-2.0,-2.0,-0.08333333333333331,0.10416666666666663,-0.4054651081081645,74.0,-0.2666666666666666,-1187.7
4724,2273,2025-03-30,Nuke,0,1,-37.0,0.1333333333333333,32.1,0,-5,1.3333333333333333,1.3333333333333333,0.15277777777777773,-0.02777777777777779,-0.6931471805599453,-49.33333333333333,0.17777777777777773,-1187.7
4715,1224,2025-03-30,Mirage,1,1,-548.0,0.08333333333333331,178.40277777777783,0,1,1.0,1.0,0.04166666666666663,-0.02083333333333337,-0.4054651081081645,-548.0,0.08333333333333331,-97764.72222222225
4726,2274,2025-03-30,Mirage,0,-1,-65.0,-0.8,174.39999999999998,0,-5,-1.0,-1.0,-0.04166666666666663,0.17261904761904762,-0.980829253011726,65.0,0.8,-11335.999999999998
4736,2279,2025-03-30,Nuke,0,1,-53.0,1.1111111111111112,53.0,0,-3,1.3333333333333333,1.3333333333333333,0.06944444444444436,-0.20833333333333331,-0.6931471805599453,-70.66666666666666,1.4814814814814814,-2809.0
4735,2279,2025-03-30,Anubis,0,1,-53.0,1.1111111111111112,53.0,0,-3,2.0,2.0,0.22916666666666663,-0.29166666666666663,-0.4054651081081645,-106.0,2.2222222222222223,-2809.0
4734,2278,2025-03-30,Default,0,-1,0.0,-2.0,0.0,0,-2,-2.0,-2.0,-0.041666666666666664,0.041666666666666664,0.0,-0.0,4.0,0.0
4733,2277,2025-03-30,Mirage,0,-1,-65.0,-0.8,-9.200000000000003,0,-5,-2.0,-2.0,-0.3125,0.21428571428571425,-0.980829253011726,130.0,1.6,598.0000000000002
4732,2277,2025-03-30,Train,0,-1,-65.0,-0.8,-9.200000000000003,0,-5,-0.3333333333333333,-0.3333333333333333,-0.02083333333333337,0.09027777777777768,-0.2876820724517808,21.666666666666664,0.26666666666666666,598.0000000000002
4725,2274,2025-03-30,Ancient,0,-1,-65.0,-0.8,174.39999999999998,0,-5,-0.3333333333333333,-0.3333333333333333,0.00694444444444442,0.055555555555555525,-0.2876820724517808,21.666666666666664,0.26666666666666666,-11335.999999999998
4730,2276,2025-03-30,Mirage,0,-1,-37.0,0.0,32.1,0,-4,0.0,0.0,-0.07291666666666663,0.02083333333333337,-0.5108256237659905,-0.0,0.0,-1187.7
4729,2276,2025-03-30,Dust2,0,1,-37.0,0.0,32.1,0,-4,1.3333333333333333,1.3333333333333333,0.06944444444444436,-0.38888888888888884,-0.6931471805599453,-49.33333333333333,0.0,-1187.7
4728,2275,2025-03-30,Inferno,0,-1,-55.0,-0.3333333333333333,122.6,0,3,0.3333333333333333,0.3333333333333333,0.09722222222222227,-0.13194444444444448,0.2876820724517808,-18.333333333333332,-0.1111111111111111,-6743.0
4727,2275,2025-03-30,Ancient,0,-1,-55.0,-0.3333333333333333,122.6,0,3,-1.5,-1.5,-0.14583333333333331,0.0625,0.916290731874155,82.5,0.5,-6743.0
4731,2276,2025-03-30,Nuke,0,-1,-37.0,0.0,32.1,0,-4,-0.6666666666666667,-0.6666666666666667,-0.013888888888888895,0.055555555555555525,-0.6931471805599453,24.666666666666668,-0.0,-1187.7
4712,2271,2025-03-31,Ancient,0,1,0.0,2.0,0.0,0,2,2.0,2.0,0.20833333333333331,-0.18749999999999994,0.4054651081081645,0.0,4.0,0.0
4711,2270,2025-03-31,Train,0,-1,10.0,-0.09999999999999998,21.35,0,4,-0.3333333333333333,-0.3333333333333333,0.02777777777777768,0.1736111111111111,0.2231435513142097,-3.333333333333333,0.033333333333333326,213.5
4710,2270,2025-03-31,Inferno,0,-1,10.0,-0.09999999999999998,21.35,0,4,-0.3333333333333333,-0.3333333333333333,0.027777777777777735,-0.02083333333333337,-0.2876820724517808,-3.333333333333333,0.033333333333333326,213.5
4709,2269,2025-03-31,Nuke,0,1,0.0,0.39999999999999997,-21.2,0,3,0.5,0.5,-0.02083333333333326,-0.16666666666666669,0.5108256237659905,0.0,0.19999999999999998,-0.0
4708,2269,2025-03-31,Mirage,0,1,0.0,0.39999999999999997,-21.2,0,3,0.5,0.5,-0.010416666666666685,-0.020833333333333315,0.5108256237659905,0.0,0.19999999999999998,-0.0
4707,2269,2025-03-31,Inferno,0,-1,0.0,0.39999999999999997,-21.2,0,3,-2.0,-2.0,-0.24999999999999994,0.24999999999999994,0.0,-0.0,-0.7999999999999999,-0.0
4713,2271,2025-03-31,Dust2,0,1,0.0,2.0,0.0,0,2,2.0,2.0,0.49999999999999994,-0.3125,0.4054651081081645,0.0,4.0,0.0
4700,2266,2025-04-01,Train,0,-1,0.0,-0.2,0.0,0,5,-2.0,-2.0,-0.12499999999999994,0.12499999999999994,0.0,-0.0,0.4,0.0
4698,2266,2025-04-01,Anubis,0,1,0.0,-0.2,0.0,0,5,2.0,2.0,0.12499999999999994,-0.18749999999999994,0.4054651081081645,0.0,-0.4,0.0
4699,2266,2025-04-01,Dust2,0,1,0.0,-0.2,0.0,0,5,2.0,2.0,0.15624999999999994,-0.20833333333333331,0.916290731874155,0.0,-0.4,0.0
4701,2266,2025-04-01,Inferno,0,-1,0.0,-0.2,0.0,0,5,-2.0,-2.0,-0.2708333333333333,0.10416666666666663,0.4054651081081645,-0.0,0.4,0.0
4703,2267,2025-04-01,Ancient,0,1,371.0,1.0,-358.0,0,5,1.3333333333333333,1.3333333333333333,0.4166666666666667,-0.2361111111111111,0.6931471805599453,494.66666666666663,1.3333333333333333,-132818.0
4704,2267,2025-04-01,Mirage,0,1,371.0,1.0,-358.0,0,5,0.5,0.5,0.3854166666666667,-0.11458333333333331,0.916290731874155,185.5,0.5,-132818.0
4705,2268,2025-04-01,Mirage,0,-1,0.0,-0.4444444444444444,0.0,0,4,-2.0,-2.0,-0.16666666666666663,0.16666666666666663,0.0,-0.0,0.8888888888888888,0.0
4706,2268,2025-04-01,Inferno,0,-1,0.0,-0.4444444444444444,0.0,0,4,-1.0,-1.0,-0.18749999999999994,0.20833333333333334,0.4054651081081645,-0.0,0.4444444444444444,0.0
4702,2266,2025-04-01,Nuke,0,-1,0.0,-0.2,0.0,0,5,-0.8,-0.8,-0.04166666666666663,0.008333333333333304,1.0986122886681096,-0.0,0.16000000000000003,0.0
4687,2256,2025-04-02,Anubis,0,1,561.0,2.0,-561.0,0,1,2.0,2.0,0.49999999999999994,-0.49999999999999994,0.0,1122.0,4.0,-314721.0
4688,2256,2025-04-02,Ancient,0,1,561.0,2.0,-561.0,0,1,2.0,2.0,0.24999999999999994,-0.29166666666666663,0.4054651081081645,1122.0,4.0,-314721.0
4690,2258,2025-04-02,Dust2,0,-1,0.0,-1.0,-60.3,0,-5,-1.0,-1.0,-0.16666666666666666,0.16666666666666663,-0.4054651081081645,-0.0,1.0,-0.0
4691,2259,2025-04-02,Anubis,0,1,0.0,0.5,28.799999999999997,0,4,2.0,2.0,0.29166666666666663,-0.33333333333333326,0.4054651081081645,0.0,1.0,0.0
4689,2257,2025-04-02,Anubis,0,1,0.0,0.8,-30.6,0,0,1.3333333333333333,1.3333333333333333,0.04861111111111105,-0.2013888888888889,-0.2876820724517808,0.0,1.0666666666666667,-0.0
4693,2261,2025-04-02,Mirage,0,1,37.0,0.2,-40.75,0,6,0.2,0.2,0.07500000000000001,-0.14166666666666666,0.6931471805599452,7.4,0.04000000000000001,-1507.75
4694,2262,2025-04-02,Ancient,0,1,0.0,2.0,0.0,0,2,2.0,2.0,0.5416666666666666,-0.5416666666666666,0.0,0.0,4.0,0.0
4695,2263,2025-04-02,Anubis,0,-1,42.0,-0.6000000000000001,-30.6,0,4,-0.6666666666666667,-0.6666666666666667,-0.01388888888888895,0.06944444444444442,-0.2876820724517808,-28.000000000000004,0.4000000000000001,-1285.2
4696,2264,2025-04-02,Ancient,0,1,37.0,0.2,-60.3,0,2,1.2,1.2,0.1791666666666667,-0.16666666666666663,0.18232155679395468,44.4,0.24,-2231.1
4697,2265,2025-04-02,Anubis,0,1,0.0,1.5,-48.75,0,1,2.0,2.0,0.35416666666666663,-0.14583333333333331,0.4054651081081645,0.0,3.0,-0.0
4692,2260,2025-04-02,Mirage,0,-1,42.0,-0.4,-38.25,0,5,0.0,0.0,0.052083333333333315,-0.02083333333333337,0.5108256237659905,0.0,-0.0,-1606.5
4675,2246,2025-04-03,Dust2,0,-1,-371.0,-1.4,358.0,0,-6,-2.0,-2.0,-0.12499999999999994,0.29166666666666663,-0.916290731874155,742.0,2.8,-132818.0
4670,2243,2025-04-03,Ancient,0,-1,561.0,-0.6666666666666667,-561.0,0,2,-0.6666666666666667,-0.6666666666666667,-0.1388888888888889,0.22222222222222227,0.6931471805599453,-374.00000000000006,0.44444444444444453,-314721.0
4671,2243,2025-04-03,Anubis,0,-1,561.0,-0.6666666666666667,-561.0,0,2,-1.0,-1.0,-0.04166666666666663,-0.16666666666666663,0.4054651081081645,-561.0,0.6666666666666667,-314721.0
4672,2244,2025-04-03,Inferno,0,1,0.0,1.2,0.0,0,6,0.6666666666666667,0.6666666666666667,0.3611111111111111,-0.11111111111111105,0.6931471805599453,0.0,0.8,0.0
4673,2244,2025-04-03,Dust2,0,1,0.0,1.2,0.0,0,6,2.0,2.0,0.31666666666666665,-0.22499999999999998,1.0986122886681096,0.0,2.4,0.0
4674,2245,2025-04-03,Nuke,0,-1,0.0,-0.4,9.400000000000002,0,-5,-2.0,-2.0,-0.4583333333333333,0.26388888888888884,-0.6931471805599453,-0.0,0.8,0.0
4676,2246,2025-04-03,Mirage,0,-1,-371.0,-1.4,358.0,0,-6,-0.8,-0.8,-0.19166666666666665,0.14166666666666666,-1.0986122886681096,296.8,1.1199999999999999,-132818.0
4683,2254,2025-04-03,Mirage,0,1,42.0,0.6,-21.0,0,8,1.2,1.2,0.375,-0.14999999999999997,1.0986122886681096,50.4,0.72,-882.0
4678,2248,2025-04-03,Anubis,0,1,-42.0,1.4,8.4,0,-5,2.0,2.0,0.1111111111111111,-0.25,0.0,-84.0,2.8,-352.8
4679,2250,2025-04-03,Anubis,0,1,37.0,0.8,-32.6,0,8,2.0,2.0,0.3020833333333333,-0.10416666666666663,0.5108256237659905,74.0,1.6,-1206.2
4680,2251,2025-04-03,Train,0,-1,42.0,-0.2,-47.4,0,7,-1.3333333333333333,-1.3333333333333333,-0.33333333333333326,0.5,0.6931471805599453,-56.0,0.26666666666666666,-1990.8
4681,2252,2025-04-03,Inferno,0,1,0.0,1.2,-22.200000000000003,0,2,2.0,2.0,0.33333333333333326,-0.33333333333333326,0.0,0.0,2.4,-0.0
4682,2253,2025-04-03,Anubis,0,1,37.0,1.2,-37.0,0,9,2.0,2.0,-0.01041666666666674,-0.22916666666666663,0.916290731874155,74.0,2.4,-1369.0
4686,2255,2025-04-03,Inferno,0,1,0.0,0.2222222222222222,0.0,0,3,1.3333333333333333,1.3333333333333333,0.3194444444444444,-0.3194444444444444,0.6931471805599453,0.0,0.2962962962962963,0.0
4684,2255,2025-04-03,Mirage,0,1,0.0,0.2222222222222222,0.0,0,3,1.0,1.0,0.0,-0.08333333333333331,0.4054651081081645,0.0,0.2222222222222222,0.0
4685,2255,2025-04-03,Dust2,0,-1,0.0,0.2222222222222222,0.0,0,3,-1.3333333333333333,-1.3333333333333333,-0.09722222222222221,-0.02777777777777779,0.6931471805599453,-0.0,-0.2962962962962963,0.0
4677,2247,2025-04-03,Nuke,0,1,-37.0,-0.2,18.5,0,-9,1.5,1.5,0.13541666666666663,-0.041666666666666685,-0.916290731874155,-55.5,-0.30000000000000004,-684.5
4664,2240,2025-04-04,Anubis,0,-1,561.0,-1.0,-307.0,0,2,-1.3333333333333333,-1.3333333333333333,-0.20833333333333331,0.25,0.2876820724517808,-748.0,1.3333333333333333,-172227.0
4665,2241,2025-04-04,Inferno,0,1,0.0,-0.5333333333333333,0.0,0,-7,1.5,1.5,0.20833333333333331,0.010416666666666685,-0.916290731874155,0.0,-0.8,0.0
4663,2240,2025-04-04,Inferno,0,-1,561.0,-1.0,-307.0,0,2,-2.0,-2.0,-0.4583333333333333,0.4583333333333333,0.0,-1122.0,2.0,-172227.0
4667,2241,2025-04-04,Mirage,0,-1,0.0,-0.5333333333333333,0.0,0,-7,-1.6,-1.6,-0.125,0.13333333333333325,-1.0986122886681096,-0.0,0.8533333333333334,0.0
4668,2242,2025-04-04,Mirage,0,1,53.0,1.0,-53.0,0,4,1.0,1.0,0.3958333333333333,-0.24999999999999994,0.4054651081081645,53.0,1.0,-2809.0
4669,2242,2025-04-04,Dust2,0,1,53.0,1.0,-53.0,0,4,2.0,2.0,0.4583333333333333,-0.4583333333333333,0.4054651081081645,106.0,2.0,-2809.0
4666,2241,2025-04-04,Dust2,0,-1,0.0,-0.5333333333333333,0.0,0,-7,-2.0,-2.0,-0.3125,0.2361111111111111,-1.252762968495368,-0.0,1.0666666666666667,0.0
4662,2239,2025-04-05,Nuke,0,-1,-53.0,-0.5333333333333333,53.0,0,-5,-1.0,-1.0,-0.02083333333333337,0.16666666666666663,-0.916290731874155,53.0,0.5333333333333333,-2809.0
4661,2239,2025-04-05,Dust2,0,-1,-53.0,-0.5333333333333333,53.0,0,-5,-2.0,-2.0,-0.16666666666666663,0.36111111111111105,-0.6931471805599453,106.0,1.0666666666666667,-2809.0
4660,2239,2025-04-05,Inferno,0,1,-53.0,-0.5333333333333333,53.0,0,-5,1.0,1.0,0.08333333333333331,0.041666666666666685,-0.4054651081081645,-53.0,-0.5333333333333333,-2809.0
4647,1219,2025-04-06,Nuke,1,-1,-17.0,-2.0,17.0,0,0,-2.0,-2.0,-0.375,0.375,0.0,34.0,4.0,-289.0
4639,1216,2025-04-06,Dust2,1,1,561.0,1.2,-561.0,0,4,2.0,2.0,0.29166666666666663,-0.29166666666666663,0.0,1122.0,2.4,-314721.0
4640,1216,2025-04-06,Mirage,1,1,561.0,1.2,-561.0,0,4,2.0,2.0,0.37499999999999994,-0.04166666666666663,0.4054651081081645,1122.0,2.4,-314721.0
4641,1217,2025-04-06,Ancient,1,-1,-20.0,-0.6666666666666666,20.0,0,0,-2.0,-2.0,-0.375,0.375,0.0,40.0,1.3333333333333333,-400.0
4642,1217,2025-04-06,Dust2,1,1,-20.0,-0.6666666666666666,20.0,0,0,2.0,2.0,0.125,-0.125,0.0,-40.0,-1.3333333333333333,-400.0
4643,1217,2025-04-06,Train,1,-1,-20.0,-0.6666666666666666,20.0,0,0,-2.0,-2.0,-0.20833333333333331,0.20833333333333331,0.0,40.0,1.3333333333333333,-400.0
4644,1218,2025-04-06,Nuke,1,1,308.0,0.6666666666666666,-345.0,0,1,2.0,2.0,0.20833333333333331,-0.20833333333333331,0.0,616.0,1.3333333333333333,-106260.0
4646,1218,2025-04-06,Dust2,1,1,308.0,0.6666666666666666,-345.0,0,1,2.0,2.0,0.08333333333333326,-0.08333333333333326,0.0,616.0,1.3333333333333333,-106260.0
4648,1219,2025-04-06,Anubis,1,-1,-17.0,-2.0,17.0,0,0,-2.0,-2.0,-0.12499999999999994,0.12499999999999994,0.0,34.0,4.0,-289.0
4645,1218,2025-04-06,Inferno,1,-1,308.0,0.6666666666666666,-345.0,0,1,-2.0,-2.0,-0.29166666666666663,0.02083333333333326,0.4054651081081645,-616.0,-1.3333333333333333,-106260.0
4650,1220,2025-04-06,Dust2,1,-1,440.0,-2.0,-131.71428571428572,0,-5,-2.0,-2.0,-0.33333333333333326,0.33333333333333326,0.0,-880.0,4.0,-57954.28571428572
4658,2238,2025-04-06,Inferno,0,1,0.0,1.2,0.0,0,7,-0.2,-0.2,-0.024999999999999967,-0.06250000000000006,0.6931471805599452,-0.0,-0.24,0.0
4656,1223,2025-04-06,Mirage,1,-1,0.0,-2.0,182.5,0,1,-2.0,-2.0,-0.41666666666666663,0.41666666666666663,0.0,-0.0,4.0,0.0
4655,1222,2025-04-06,Anubis,1,-1,185.0,-0.9333333333333333,-153.4,0,1,-2.0,-2.0,-0.12499999999999994,0.12499999999999994,0.0,-370.0,1.8666666666666667,-28379.0
4654,1222,2025-04-06,Inferno,1,-1,185.0,-0.9333333333333333,-153.4,0,1,-2.0,-2.0,-0.12499999999999994,0.12499999999999994,0.0,-370.0,1.8666666666666667,-28379.0
4657,1223,2025-04-06,Ancient,1,-1,0.0,-2.0,182.5,0,1,-2.0,-2.0,-0.20833333333333331,0.24999999999999994,0.4054651081081645,-0.0,4.0,0.0
4652,1221,2025-04-06,Inferno,1,1,115.0,1.3333333333333333,84.33333333333331,0,2,1.0,1.0,0.0,-0.14583333333333326,0.4054651081081645,115.0,1.3333333333333333,9698.33333333333
4659,2238,2025-04-06,Dust2,0,1,0.0,1.2,0.0,0,7,2.0,2.0,0.22619047619047622,-0.22023809523809518,0.980829253011726,0.0,2.4,0.0
4651,1221,2025-04-06,Mirage,1,1,115.0,1.3333333333333333,84.33333333333331,0,2,2.0,2.0,0.20833333333333331,-0.20833333333333331,0.0,230.0,2.6666666666666665,9698.33333333333
4653,1222,2025-04-06,Ancient,1,1,185.0,-0.9333333333333333,-153.4,0,1,1.0,1.0,0.041666666666666685,-0.04166666666666663,0.4054651081081645,185.0,-0.9333333333333333,-28379.0
4649,1220,2025-04-06,Train,1,-1,440.0,-2.0,-131.71428571428572,0,-5,-2.0,-2.0,-0.29166666666666663,0.29166666666666663,0.0,-880.0,4.0,-57954.28571428572
4629,1211,2025-04-07,Ancient,1,-1,-133.0,0.3333333333333333,102.5,0,0,-2.0,-2.0,-0.16666666666666663,0.3125,0.0,266.0,-0.6666666666666666,-13632.5
4623,1209,2025-04-07,Dust2,1,1,561.0,-1.0,-260.5,0,-1,1.0,1.0,0.10416666666666663,-0.08333333333333331,0.0,561.0,-1.0,-146140.5
4624,1209,2025-04-07,Train,1,-1,561.0,-1.0,-260.5,0,-1,-2.0,-2.0,-0.49999999999999994,0.39583333333333326,-0.4054651081081645,-1122.0,2.0,-146140.5
4625,1209,2025-04-07,Inferno,1,-1,561.0,-1.0,-260.5,0,-1,-2.0,-2.0,-0.41666666666666663,0.35416666666666663,0.0,-1122.0,2.0,-146140.5
4626,1210,2025-04-07,Dust2,1,1,150.0,0.8,-142.8,0,0,2.0,2.0,0.10416666666666663,-0.24999999999999994,0.0,300.0,1.6,-21420.0
4627,1210,2025-04-07,Inferno,1,1,150.0,0.8,-142.8,0,0,1.0,1.0,-0.02083333333333337,-0.10416666666666669,-0.4054651081081645,150.0,0.8,-21420.0
4628,1211,2025-04-07,Dust2,1,1,-133.0,0.3333333333333333,102.5,0,0,2.0,2.0,0.12499999999999994,-0.31249999999999994,-0.4054651081081645,-266.0,0.6666666666666666,-13632.5
4630,1211,2025-04-07,Inferno,1,1,-133.0,0.3333333333333333,102.5,0,0,2.0,2.0,0.24999999999999994,-0.18749999999999994,0.4054651081081645,-266.0,0.6666666666666666,-13632.5
4632,1212,2025-04-07,Nuke,1,-1,296.0,-0.7142857142857143,-326.6428571428571,0,1,-2.0,-2.0,-0.08333333333333331,0.08333333333333331,0.0,-592.0,1.4285714285714286,-96686.28571428571
4633,1213,2025-04-07,Mirage,1,-1,70.0,-0.6666666666666667,-101.5,0,-1,-1.0,-1.0,0.18750000000000006,0.10416666666666663,-0.4054651081081645,-70.0,0.6666666666666667,-7105.0
4634,1213,2025-04-07,Dust2,1,-1,70.0,-0.6666666666666667,-101.5,0,-1,-2.0,-2.0,-0.41666666666666663,0.41666666666666663,0.0,-140.0,1.3333333333333335,-7105.0
4635,1214,2025-04-07,Dust2,1,1,190.0,0.5,110.75,0,2,2.0,2.0,0.33333333333333326,-0.35416666666666663,0.4054651081081645,380.0,1.0,21042.5
4636,1214,2025-04-07,Ancient,1,1,190.0,0.5,110.75,0,2,1.0,1.0,0.12499999999999994,-0.041666666666666685,0.0,190.0,0.5,21042.5
4637,1215,2025-04-07,Inferno,1,-1,365.0,-1.0,-277.5,0,0,-1.0,-1.0,-0.43750000000000006,0.16666666666666663,-0.4054651081081645,-365.0,1.0,-101287.5
4638,1215,2025-04-07,Mirage,1,-1,365.0,-1.0,-277.5,0,0,-1.0,-1.0,-0.3958333333333333,0.24999999999999994,-0.4054651081081645,-365.0,1.0,-101287.5
4631,1212,2025-04-07,Ancient,1,-1,296.0,-0.7142857142857143,-326.6428571428571,0,1,-1.3333333333333333,-1.3333333333333333,-0.09722222222222221,0.18055555555555564,0.6931471805599453,-394.66666666666663,0.9523809523809523,-96686.28571428571
4603,1201,2025-04-08,Inferno,1,-1,271.0,-0.2222222222222222,-245.66666666666666,0,0,-2.0,-2.0,-0.16666666666666663,0.22222222222222227,0.0,-542.0,0.4444444444444444,-66575.66666666666
4610,1203,2025-04-08,Inferno,1,1,366.0,0.07142857142857145,-311.10714285714283,0,0,0.3333333333333333,0.3333333333333333,-0.1875,-0.09722222222222227,-0.2876820724517808,122.0,0.023809523809523815,-113865.21428571428
4605,1201,2025-04-08,Dust2,1,-1,271.0,-0.2222222222222222,-245.66666666666666,0,0,-1.0,-1.0,0.08333333333333337,0.25,0.0,-271.0,0.2222222222222222,-66575.66666666666
4606,1202,2025-04-08,Mirage,1,1,226.0,0.6666666666666667,-32.8888888888889,0,0,2.0,2.0,0.02083333333333326,-0.14583333333333331,-0.4054651081081645,452.0,1.3333333333333335,-7432.888888888891
4607,1202,2025-04-08,Anubis,1,1,226.0,0.6666666666666667,-32.8888888888889,0,0,1.0,1.0,0.125,-0.12499999999999994,0.0,226.0,0.6666666666666667,-7432.888888888891
4608,1203,2025-04-08,Nuke,1,-1,366.0,0.07142857142857145,-311.10714285714283,0,0,-1.0,-1.0,-0.1875,0.14583333333333331,-0.4054651081081645,-366.0,-0.07142857142857145,-113865.21428571428
4609,1203,2025-04-08,Train,1,1,366.0,0.07142857142857145,-311.10714285714283,0,0,1.0,1.0,0.0625,-0.10416666666666663,0.4054651081081645,366.0,0.07142857142857145,-113865.21428571428
4611,1204,2025-04-08,Dust2,1,1,190.0,0.0,-182.5,0,-4,1.3333333333333333,1.3333333333333333,0.12500000000000006,-0.18055555555555558,0.0,253.33333333333331,0.0,-34675.0
4604,1201,2025-04-08,Anubis,1,1,271.0,-0.2222222222222222,-245.66666666666666,0,0,1.0,1.0,0.16666666666666663,-0.27083333333333337,-0.4054651081081645,271.0,-0.2222222222222222,-66575.66666666666
4613,1204,2025-04-08,Ancient,1,1,190.0,0.0,-182.5,0,-4,1.0,1.0,0.062499999999999944,0.11805555555555558,0.2876820724517808,190.0,0.0,-34675.0
4614,1205,2025-04-08,Ancient,1,-1,-224.0,-0.7619047619047619,12.285714285714292,0,0,-0.3333333333333333,-0.3333333333333333,0.0625,-0.02083333333333337,0.2876820724517808,74.66666666666666,0.25396825396825395,-2752.0000000000014
4615,1205,2025-04-08,Dust2,1,-1,-224.0,-0.7619047619047619,12.285714285714292,0,0,-2.0,-2.0,-0.41666666666666674,0.22222222222222215,-0.2876820724517808,448.0,1.5238095238095237,-2752.0000000000014
4616,1206,2025-04-08,Anubis,1,-1,561.0,-0.4,-249.0,0,4,-0.5,-0.5,-0.09375,-0.08333333333333331,0.5108256237659905,-280.5,0.2,-139689.0
4617,1206,2025-04-08,Dust2,1,-1,561.0,-0.4,-249.0,0,4,-0.6666666666666667,-0.6666666666666667,-0.06944444444444436,0.14583333333333334,0.2876820724517808,-374.00000000000006,0.2666666666666667,-139689.0
4618,1207,2025-04-08,Anubis,1,1,-12.0,-0.05714285714285716,144.28571428571428,0,1,1.0,1.0,0.04166666666666663,-0.02083333333333337,-0.4054651081081645,-12.0,-0.05714285714285716,-1731.4285714285713
4619,1207,2025-04-08,Inferno,1,-1,-12.0,-0.05714285714285716,144.28571428571428,0,1,-1.3333333333333333,-1.3333333333333333,-0.13888888888888884,-0.06944444444444436,0.6931471805599453,16.0,0.07619047619047621,-1731.4285714285713
4620,1207,2025-04-08,Ancient,1,1,-12.0,-0.05714285714285716,144.28571428571428,0,1,2.0,2.0,0.24999999999999994,-0.24999999999999994,0.0,-24.0,-0.11428571428571432,-1731.4285714285713
4621,1208,2025-04-08,Mirage,1,-1,244.0,-0.5833333333333333,-241.375,0,0,-1.0,-1.0,-0.08333333333333337,0.10416666666666663,-0.4054651081081645,-244.0,0.5833333333333333,-58895.5
4612,1204,2025-04-08,Anubis,1,-1,190.0,0.0,-182.5,0,-4,-2.0,-2.0,-0.15624999999999994,0.15624999999999994,-0.916290731874155,-380.0,-0.0,-34675.0
4622,1208,2025-04-08,Ancient,1,-1,244.0,-0.5833333333333333,-241.375,0,0,-0.6666666666666667,-0.6666666666666667,-0.055555555555555525,-0.02083333333333337,0.2876820724517808,-162.66666666666669,0.3888888888888889,-58895.5
4594,1197,2025-04-09,Mirage,1,-1,265.0,-0.4,-119.3,0,4,-0.6666666666666667,-0.6666666666666667,0.02777777777777779,0.09722222222222227,0.2876820724517808,-176.66666666666669,0.2666666666666667,-31614.5
4595,1197,2025-04-09,Nuke,1,-1,265.0,-0.4,-119.3,0,4,-1.0,-1.0,-0.041666666666666685,0.04166666666666663,-0.4054651081081645,-265.0,0.4,-31614.5
4596,1198,2025-04-09,Dust2,1,1,-224.0,0.2888888888888889,260.32222222222225,0,5,-0.5,-0.5,-0.031249999999999944,0.052083333333333315,0.0,112.0,-0.14444444444444446,-58312.17777777778
4601,1200,2025-04-09,Ancient,1,1,75.0,0.5333333333333333,-45.19999999999999,0,0,2.0,2.0,0.22222222222222215,-0.24999999999999994,-0.2876820724517808,150.0,1.0666666666666667,-3389.999999999999
4598,1199,2025-04-09,Dust2,1,-1,157.0,-0.2,-32.925,0,1,-2.0,-2.0,-0.16666666666666663,0.2916666666666667,0.6931471805599453,-314.0,0.4,-5169.224999999999
4599,1199,2025-04-09,Ancient,1,1,157.0,-0.2,-32.925,0,1,1.5,1.5,0.20833333333333331,-0.21874999999999994,0.5108256237659905,235.5,-0.30000000000000004,-5169.224999999999
4600,1199,2025-04-09,Nuke,1,1,157.0,-0.2,-32.925,0,1,1.0,1.0,0.1875,0.18749999999999994,-0.4054651081081645,157.0,-0.2,-5169.224999999999
4602,1200,2025-04-09,Mirage,1,1,75.0,0.5333333333333333,-45.19999999999999,0,0,0.6666666666666666,0.6666666666666666,0.09722222222222227,-0.25000000000000006,0.0,50.0,0.3555555555555555,-3389.999999999999
4597,1198,2025-04-09,Anubis,1,1,-224.0,0.2888888888888889,260.32222222222225,0,5,2.0,2.0,0.14999999999999997,-0.14999999999999997,1.0986122886681096,-448.0,0.5777777777777778,-58312.17777777778
4587,1194,2025-04-10,Mirage,1,-1,144.0,-0.4,-143.3,0,-1,-2.0,-2.0,-0.33333333333333326,0.1388888888888889,-0.2876820724517808,-288.0,0.8,-20635.2
4588,1194,2025-04-10,Dust2,1,1,144.0,-0.4,-143.3,0,-1,1.0,1.0,0.16666666666666666,-0.14583333333333331,0.0,144.0,-0.4,-20635.2
4589,1194,2025-04-10,Ancient,1,1,144.0,-0.4,-143.3,0,-1,1.5,1.5,0.18749999999999994,0.03125,-0.916290731874155,216.0,-0.6000000000000001,-20635.2
4590,1195,2025-04-10,Dust2,1,-1,-224.0,-0.4,267.65,0,-1,-1.6,-1.6,-0.2875000000000001,0.2,-0.6931471805599452,358.40000000000003,0.6400000000000001,-59953.59999999999
4591,1195,2025-04-10,Ancient,1,-1,-224.0,-0.4,267.65,0,-1,0.0,0.0,0.05555555555555558,-0.013888888888888895,0.0,-0.0,-0.0,-59953.59999999999
4593,1196,2025-04-10,Train,1,-1,244.0,-0.6000000000000001,-130.6,0,0,-1.0,-1.0,-0.14583333333333331,0.1875,0.4054651081081645,-244.0,0.6000000000000001,-31866.399999999998
4592,1196,2025-04-10,Dust2,1,-1,244.0,-0.6000000000000001,-130.6,0,0,-2.0,-2.0,-0.15624999999999994,0.28124999999999994,0.2231435513142097,-488.0,1.2000000000000002,-31866.399999999998
4572,1190,2025-04-11,Dust2,1,1,190.0,0.39999999999999997,-167.8,0,-1,0.5,0.5,0.05208333333333326,-0.02083333333333337,0.0,95.0,0.19999999999999998,-31882.000000000004
4573,1190,2025-04-11,Mirage,1,1,190.0,0.39999999999999997,-167.8,0,-1,1.5,1.5,0.16666666666666663,-0.19791666666666669,-0.5108256237659905,285.0,0.6,-31882.000000000004
4574,1191,2025-04-11,Anubis,1,-1,-382.0,0.6000000000000001,273.1,0,6,-0.33333333333333337,-0.33333333333333337,-0.00694444444444442,0.125,0.8472978603872034,127.33333333333334,-0.20000000000000004,-104324.20000000001
4575,1191,2025-04-11,Train,1,1,-382.0,0.6000000000000001,273.1,0,6,1.0,1.0,-0.10416666666666674,-0.4652777777777778,0.2876820724517808,-382.0,0.6000000000000001,-104324.20000000001
4576,1191,2025-04-11,Nuke,1,1,-382.0,0.6000000000000001,273.1,0,6,1.0,1.0,0.08333333333333331,-0.0625,-0.4054651081081645,-382.0,0.6000000000000001,-104324.20000000001
4578,1192,2025-04-11,Nuke,1,-1,-113.0,-0.6,254.8,0,-2,-2.0,-2.0,-0.33333333333333326,0.33333333333333326,0.0,226.0,1.2,-28792.4
4577,1192,2025-04-11,Anubis,1,-1,-113.0,-0.6,254.8,0,-2,-0.3333333333333333,-0.3333333333333333,-0.22916666666666669,0.22916666666666669,0.2876820724517808,37.666666666666664,0.19999999999999998,-28792.4
4580,1193,2025-04-11,Inferno,1,-1,-365.0,0.2,105.1,0,0,-0.8333333333333333,-0.8333333333333333,0.0798611111111111,0.08680555555555558,0.2231435513142097,304.16666666666663,-0.16666666666666666,-38361.5
4581,1193,2025-04-11,Ancient,1,-1,-365.0,0.2,105.1,0,0,-0.6666666666666667,-0.6666666666666667,-0.14583333333333331,-0.0625,0.2876820724517808,243.33333333333337,-0.13333333333333336,-38361.5
4582,2235,2025-04-11,Dust2,0,-1,-371.0,-0.4,179.75,0,-3,-2.0,-2.0,-0.29166666666666663,0.29166666666666663,-1.0986122886681096,742.0,0.8,-66687.25
4583,2235,2025-04-11,Anubis,0,1,-371.0,-0.4,179.75,0,-3,0.6666666666666667,0.6666666666666667,0.11111111111111105,0.12500000000000006,-0.6931471805599453,-247.33333333333337,-0.2666666666666667,-66687.25
4584,2235,2025-04-11,Mirage,0,1,-371.0,-0.4,179.75,0,-3,0.0,0.0,-0.13194444444444442,0.0625,-0.5596157879354227,-0.0,-0.0,-66687.25
4585,2236,2025-04-11,Nuke,0,1,561.0,0.8,-501.8,0,8,1.0,1.0,0.20833333333333331,-0.12499999999999994,0.4054651081081645,561.0,0.8,-281509.8
4586,2236,2025-04-11,Dust2,0,1,561.0,0.8,-501.8,0,8,1.5,1.5,0.23958333333333331,-0.19791666666666663,0.916290731874155,841.5,1.2000000000000002,-281509.8
4579,1193,2025-04-11,Train,1,1,-365.0,0.2,105.1,0,0,1.3333333333333333,1.3333333333333333,0.18055555555555552,-0.18055555555555558,-0.6931471805599453,-486.66666666666663,0.26666666666666666,-38361.5
4564,1189,2025-04-12,Nuke,1,1,216.0,0.0,31.700000000000017,0,-1,0.0,0.0,0.04166666666666663,-0.020833333333333315,0.0,0.0,0.0,6847.2000000000035
4562,1188,2025-04-12,Anubis,1,-1,-190.0,-0.8,246.9,0,6,0.42857142857142855,0.42857142857142855,0.026785714285714246,-0.0029761904761904656,0.980829253011726,-81.42857142857143,-0.34285714285714286,-46911.0
4563,1188,2025-04-12,Dust2,1,-1,-190.0,-0.8,246.9,0,6,-1.2,-1.2,-0.10833333333333334,0.10833333333333339,0.0,228.0,0.96,-46911.0
4565,1189,2025-04-12,Ancient,1,-1,216.0,0.0,31.700000000000017,0,-1,-0.16666666666666669,-0.16666666666666669,0.11805555555555552,0.04513888888888895,-0.2231435513142097,-36.00000000000001,-0.0,6847.2000000000035
4571,2234,2025-04-12,Dust2,0,1,0.0,1.0,0.0,0,2,1.0,1.0,0.17708333333333331,-0.17708333333333331,0.916290731874155,0.0,1.0,0.0
4567,2233,2025-04-12,Dust2,0,-1,-6.0,0.7333333333333334,-24.1,0,9,-1.5,-1.5,-0.10416666666666663,0.25000000000000006,0.916290731874155,9.0,-1.1,144.60000000000002
4568,2233,2025-04-12,Mirage,0,1,-6.0,0.7333333333333334,-24.1,0,9,1.3333333333333333,1.3333333333333333,0.34027777777777773,-0.22222222222222215,1.252762968495368,-8.0,0.9777777777777779,144.60000000000002
4569,2233,2025-04-12,Anubis,0,1,-6.0,0.7333333333333334,-24.1,0,9,2.0,2.0,0.4,-0.15833333333333333,1.0986122886681096,-12.0,1.4666666666666668,144.60000000000002
4566,1189,2025-04-12,Mirage,1,1,216.0,0.0,31.700000000000017,0,-1,0.6666666666666667,0.6666666666666667,-0.09722222222222221,-0.04166666666666663,0.6931471805599453,144.00000000000003,0.0,6847.2000000000035
4570,2234,2025-04-12,Train,0,1,0.0,1.0,0.0,0,2,2.0,2.0,0.20833333333333331,-0.20833333333333331,0.0,0.0,2.0,0.0
4554,1186,2025-04-13,Mirage,1,1,250.0,0.39999999999999997,44.30000000000001,0,1,-0.3333333333333333,-0.3333333333333333,-0.05555555555555558,0.01041666666666663,0.2231435513142097,-83.33333333333333,-0.1333333333333333,11075.000000000004
4556,1186,2025-04-13,Ancient,1,1,250.0,0.39999999999999997,44.30000000000001,0,1,0.0,0.0,0.09375000000000006,0.041666666666666685,0.0,0.0,0.0,11075.000000000004
4555,1186,2025-04-13,Nuke,1,1,250.0,0.39999999999999997,44.30000000000001,0,1,1.3333333333333333,1.3333333333333333,0.23611111111111108,-0.20833333333333331,0.2876820724517808,333.3333333333333,0.5333333333333332,11075.000000000004
4558,1187,2025-04-13,Inferno,1,1,224.0,0.4,-107.0,0,-4,0.6666666666666667,0.6666666666666667,0.02777777777777768,0.1527777777777778,-0.2876820724517808,149.33333333333334,0.2666666666666667,-23968.0
4559,2231,2025-04-13,Ancient,0,-1,-371.0,-1.6,259.6666666666667,0,-1,-1.5,-1.5,-0.13541666666666663,0.21874999999999994,-0.916290731874155,556.5,2.4000000000000004,-96336.33333333334
4560,2231,2025-04-13,Anubis,0,-1,-371.0,-1.6,259.6666666666667,0,-1,-1.5,-1.5,-0.09375000000000006,0.17708333333333331,-0.5108256237659905,556.5,2.4000000000000004,-96336.33333333334
4561,2232,2025-04-13,Default,0,-1,42.0,-0.6,-10.5,0,5,-2.0,-2.0,-0.041666666666666664,0.041666666666666664,0.0,-84.0,1.2,-441.0
4557,1187,2025-04-13,Dust2,1,1,224.0,0.4,-107.0,0,-4,1.0,1.0,0.06944444444444448,-0.11111111111111105,0.0,224.0,0.4,-23968.0
4544,2221,2025-04-14,Ancient,0,1,72.0,1.0,155.1,0,-5,1.6666666666666665,1.6666666666666665,0.22916666666666663,-0.1875,-0.8472978603872034,119.99999999999999,1.6666666666666665,11167.199999999999
4540,2217,2025-04-14,Anubis,0,-1,75.0,0.0,9.699999999999989,0,5,-1.0,-1.0,-0.10416666666666663,0.20833333333333331,0.0,-75.0,-0.0,727.4999999999991
4541,2218,2025-04-14,Ancient,0,1,-37.0,-0.2571428571428572,36.957142857142856,0,-4,1.0,1.0,0.1388888888888889,-0.23611111111111108,-1.252762968495368,-37.0,-0.2571428571428572,-1367.4142857142856
4542,2219,2025-04-14,Mirage,0,1,-127.0,-0.6000000000000001,42.699999999999996,0,1,0.42857142857142855,0.42857142857142855,-0.0029761904761904656,-0.02380952380952378,-0.980829253011726,-54.42857142857142,-0.2571428571428572,-5422.9
4543,2220,2025-04-14,Anubis,0,1,-65.0,0.0,40.0,0,-1,2.0,2.0,0.08333333333333326,-0.08333333333333326,0.0,-130.0,0.0,-2600.0
4545,2222,2025-04-14,Ancient,0,1,0.0,1.0,0.0,0,0,2.0,2.0,0.35416666666666663,-0.4583333333333333,-0.4054651081081645,0.0,2.0,0.0
4548,2225,2025-04-14,Train,0,-1,-37.0,-0.4,38.1,0,-6,-2.0,-2.0,-0.41666666666666663,0.24999999999999994,-0.4054651081081645,74.0,0.8,-1409.7
4547,2224,2025-04-14,Mirage,0,-1,75.0,-0.14285714285714285,108.24285714285713,0,3,0.0,0.0,0.052083333333333315,-0.05208333333333337,0.5108256237659905,0.0,-0.0,8118.214285714285
4549,2226,2025-04-14,Ancient,0,1,43.0,0.0,-120.65,0,0,1.6,1.6,0.20833333333333331,-0.375,-1.0986122886681096,68.8,0.0,-5187.95
4550,2227,2025-04-14,Ancient,0,1,-299.0,0.8,153.9,0,-4,0.8,0.8,0.05833333333333329,-0.054166666666666696,-0.6931471805599452,-239.20000000000002,0.6400000000000001,-46016.1
4551,2228,2025-04-14,Mirage,0,-1,0.0,0.0,-25.5,0,-1,-1.3333333333333333,-1.3333333333333333,-0.3055555555555556,0.16666666666666663,-0.6931471805599453,-0.0,-0.0,-0.0
4552,2229,2025-04-14,Inferno,0,-1,65.0,-0.3333333333333333,-25.333333333333336,0,0,-1.3333333333333333,-1.3333333333333333,-0.1388888888888889,0.15277777777777773,0.6931471805599453,-86.66666666666666,0.4444444444444444,-1646.6666666666667
4553,2230,2025-04-14,Ancient,0,-1,0.0,-1.0,-30.4,0,-5,-0.33333333333333337,-0.33333333333333337,-0.125,0.04166666666666663,-0.8472978603872034,-0.0,0.33333333333333337,-0.0
4546,2223,2025-04-14,Nuke,0,-1,244.0,-0.4,-14.450000000000003,0,6,-1.0,-1.0,0.02083333333333337,0.35416666666666663,0.0,-244.0,0.4,-3525.8000000000006
4528,2209,2025-04-15,Mirage,0,1,72.0,1.1111111111111112,37.97222222222222,0,-2,1.3333333333333333,1.3333333333333333,0.23611111111111105,0.04166666666666663,-0.6931471805599453,96.0,1.4814814814814814,2734.0
4523,2207,2025-04-15,Ancient,0,1,0.0,1.0,219.8,0,12,1.3333333333333333,1.3333333333333333,0.041666666666666685,-0.20833333333333331,0.6931471805599453,0.0,1.3333333333333333,0.0
4524,2207,2025-04-15,Anubis,0,1,0.0,1.0,219.8,0,12,1.5,1.5,-0.16666666666666674,-0.32291666666666663,1.5040773967762742,0.0,1.5,0.0
4525,2208,2025-04-15,Anubis,0,1,0.0,0.7428571428571429,0.0,0,3,2.0,2.0,0.16666666666666663,-0.19444444444444436,0.2876820724517808,0.0,1.4857142857142858,0.0
4526,2208,2025-04-15,Dust2,0,1,0.0,0.7428571428571429,0.0,0,3,2.0,2.0,0.16145833333333331,-0.21354166666666663,1.0986122886681098,0.0,1.4857142857142858,0.0
4527,2209,2025-04-15,Dust2,0,1,72.0,1.1111111111111112,37.97222222222222,0,-2,1.0,1.0,0.10416666666666663,-0.08333333333333337,-0.4054651081081645,72.0,1.1111111111111112,2734.0
4529,2210,2025-04-15,Train,0,1,244.0,-0.2,8.400000000000006,0,0,1.3333333333333333,1.3333333333333333,0.3194444444444444,-0.20833333333333331,0.6931471805599453,325.3333333333333,-0.26666666666666666,2049.6000000000013
4534,2214,2025-04-15,Mirage,0,1,-306.0,0.2,71.19999999999999,0,-4,1.5,1.5,0.11979166666666663,-0.13020833333333331,0.0,-459.0,0.30000000000000004,-21787.199999999997
4531,2212,2025-04-15,Mirage,0,1,37.0,0.6000000000000001,-139.2,0,6,0.42857142857142855,0.42857142857142855,-0.04761904761904756,-0.1071428571428571,0.980829253011726,15.857142857142856,0.2571428571428572,-5150.4
4532,2213,2025-04-15,Ancient,0,-1,43.0,-0.5333333333333333,7.866666666666665,0,0,-1.0,-1.0,-0.04166666666666663,0.041666666666666685,0.0,-43.0,0.5333333333333333,338.2666666666666
4533,2214,2025-04-15,Dust2,0,-1,-306.0,0.2,71.19999999999999,0,-4,-1.3333333333333333,-1.3333333333333333,-0.06944444444444436,0.2569444444444444,-0.5596157879354227,408.0,-0.26666666666666666,-21787.199999999997
4539,2216,2025-04-15,Inferno,0,-1,0.0,-1.2,0.0,0,-2,-1.5,-1.5,-0.17708333333333331,0.30208333333333326,-0.916290731874155,-0.0,1.7999999999999998,0.0
4535,2214,2025-04-15,Ancient,0,1,-306.0,0.2,71.19999999999999,0,-4,0.5,0.5,0.09027777777777779,0.08333333333333331,-0.33647223662121295,-153.0,0.1,-21787.199999999997
4536,2215,2025-04-15,Anubis,0,1,75.0,1.2,103.19999999999999,0,5,1.3333333333333333,1.3333333333333333,0.38888888888888895,-0.18055555555555552,0.6931471805599453,100.0,1.5999999999999999,7739.999999999999
4537,2215,2025-04-15,Ancient,0,1,75.0,1.2,103.19999999999999,0,5,1.5,1.5,0.32638888888888895,-0.23958333333333331,0.2231435513142097,112.5,1.7999999999999998,7739.999999999999
4530,2211,2025-04-15,Ancient,0,1,0.0,0.47619047619047616,-12.142857142857142,0,1,1.0,1.0,0.041666666666666685,-0.04166666666666663,0.4054651081081645,0.0,0.47619047619047616,-0.0
4538,2216,2025-04-15,Mirage,0,-1,0.0,-1.2,0.0,0,-2,-1.3333333333333333,-1.3333333333333333,-0.18055555555555558,0.15277777777777773,-0.6931471805599453,-0.0,1.5999999999999999,0.0
4503,2199,2025-04-16,Inferno,0,1,-244.0,0.3333333333333333,68.45555555555555,0,-6,1.3333333333333333,1.3333333333333333,0.1388888888888889,-0.1527777777777778,-0.2876820724517808,-325.3333333333333,0.4444444444444444,-16703.155555555553
4502,2198,2025-04-16,Mirage,0,-1,-65.0,-0.2,-93.4,0,1,-1.0,-1.0,-0.08333333333333331,0.09583333333333333,-0.7884573603642704,65.0,0.2,6071.0
4501,2198,2025-04-16,Dust2,0,-1,-65.0,-0.2,-93.4,0,1,0.3333333333333333,0.3333333333333333,0.052083333333333315,-0.00694444444444442,-0.2231435513142097,-21.666666666666664,-0.06666666666666667,6071.0
4500,2197,2025-04-16,Train,0,-1,0.0,-0.45,5.575000000000003,0,-5,-1.0,-1.0,-0.0625,0.062499999999999944,0.0,-0.0,0.45,0.0
4499,2197,2025-04-16,Ancient,0,-1,0.0,-0.45,5.575000000000003,0,-5,-0.5,-0.5,0.041666666666666685,0.06770833333333337,-0.810930216216329,-0.0,0.225,0.0
4498,2196,2025-04-16,Ancient,0,1,244.0,0.25,-59.775,0,5,0.0,0.0,-0.013888888888888895,-0.04861111111111105,0.5596157879354227,0.0,0.0,-14585.1
4494,2195,2025-04-16,Anubis,0,1,0.0,0.46666666666666673,-204.66666666666666,0,3,0.6666666666666667,0.6666666666666667,0.09722222222222221,0.05902777777777779,0.2231435513142097,0.0,0.31111111111111117,-0.0
4496,2196,2025-04-16,Mirage,0,-1,244.0,0.25,-59.775,0,5,0.0,0.0,0.11458333333333331,-0.08333333333333331,0.5108256237659905,0.0,0.0,-14585.1
4495,2195,2025-04-16,Mirage,0,1,0.0,0.46666666666666673,-204.66666666666666,0,3,1.6666666666666665,1.6666666666666665,0.3402777777777778,-0.17361111111111105,1.252762968495368,0.0,0.7777777777777778,-0.0
4504,2199,2025-04-16,Mirage,0,-1,-244.0,0.3333333333333333,68.45555555555555,0,-6,0.0,0.0,-0.052083333333333315,0.020833333333333315,-0.5108256237659905,-0.0,0.0,-16703.155555555553
4493,2194,2025-04-16,Train,0,1,0.0,1.0,159.2,0,13,2.0,2.0,0.24999999999999994,-0.30208333333333326,0.916290731874155,0.0,2.0,0.0
4492,2194,2025-04-16,Ancient,0,1,0.0,1.0,159.2,0,13,1.5,1.5,0.04166666666666663,-0.29166666666666663,0.916290731874155,0.0,1.5,0.0
4497,2196,2025-04-16,Inferno,0,1,244.0,0.25,-59.775,0,5,0.6666666666666667,0.6666666666666667,-0.01388888888888895,-0.055555555555555525,0.2876820724517808,162.66666666666669,0.16666666666666669,-14585.1
4505,2199,2025-04-16,Ancient,0,1,-244.0,0.3333333333333333,68.45555555555555,0,-6,0.6666666666666667,0.6666666666666667,0.055555555555555525,0.020833333333333315,-1.252762968495368,-162.66666666666669,0.22222222222222224,-16703.155555555553
4506,2200,2025-04-16,Anubis,0,-1,-37.0,-0.2,19.1,0,-4,-2.0,-2.0,-0.4375,0.2013888888888889,-1.252762968495368,74.0,0.4,-706.7
4507,2200,2025-04-16,Dust2,0,1,-37.0,-0.2,19.1,0,-4,0.9333333333333333,0.9333333333333333,0.14999999999999997,-0.1027777777777778,-0.4054651081081644,-34.53333333333333,-0.18666666666666668,-706.7
4522,2206,2025-04-16,Inferno,0,1,0.0,1.6,0.0,0,0,1.3333333333333333,1.3333333333333333,0.33333333333333337,-0.26388888888888884,0.6931471805599453,0.0,2.1333333333333333,0.0
4521,2206,2025-04-16,Nuke,0,1,0.0,1.6,0.0,0,0,2.0,2.0,0.12499999999999994,-0.22916666666666663,0.4054651081081645,0.0,3.2,0.0
4520,2205,2025-04-16,Ancient,0,-1,0.0,-1.6,0.0,0,-3,-2.0,-2.0,-0.33333333333333326,0.33333333333333326,0.0,-0.0,3.2,0.0
4519,2205,2025-04-16,Inferno,0,-1,0.0,-1.6,0.0,0,-3,-1.6,-1.6,-0.06666666666666665,0.26666666666666666,-1.0986122886681096,-0.0,2.5600000000000005,0.0
4517,2204,2025-04-16,Mirage,0,-1,-22.0,-0.6285714285714286,-90.97142857142858,0,-1,-2.0,-2.0,-0.375,0.22083333333333327,-1.2992829841302609,44.0,1.2571428571428571,2001.3714285714286
4516,2203,2025-04-16,Anubis,0,1,0.0,0.4,-2.200000000000003,0,6,0.6666666666666667,0.6666666666666667,0.12499999999999994,-0.18055555555555555,0.0,0.0,0.2666666666666667,-0.0
4515,2203,2025-04-16,Ancient,0,-1,0.0,0.4,-2.200000000000003,0,6,-0.16666666666666669,-0.16666666666666669,0.00694444444444442,0.057291666666666685,0.25131442828090633,-0.0,-0.06666666666666668,-0.0
4518,2204,2025-04-16,Train,0,-1,-22.0,-0.6285714285714286,-90.97142857142858,0,-1,-1.2,-1.2,-0.12499999999999994,0.04166666666666663,-1.0986122886681096,26.4,0.7542857142857142,2001.3714285714286
4513,2202,2025-04-16,Anubis,0,1,-75.0,-0.04999999999999999,-91.125,0,-4,1.0,1.0,0.23958333333333331,0.09375,-0.5108256237659905,-75.0,-0.04999999999999999,6834.375
4512,2202,2025-04-16,Nuke,0,1,-75.0,-0.04999999999999999,-91.125,0,-4,2.0,2.0,0.08333333333333326,-0.08333333333333326,0.0,-150.0,-0.09999999999999998,6834.375
4511,2202,2025-04-16,Ancient,0,-1,-75.0,-0.04999999999999999,-91.125,0,-4,-1.6,-1.6,-0.07500000000000001,0.30000000000000004,-0.4054651081081644,120.0,0.07999999999999999,6834.375
4510,2201,2025-04-16,Dust2,0,1,0.0,0.45,-54.075,0,1,1.3333333333333333,1.3333333333333333,0.34722222222222227,-0.22222222222222215,0.6931471805599453,0.0,0.6,-0.0
4509,2201,2025-04-16,Inferno,0,1,0.0,0.45,-54.075,0,1,1.0,1.0,-0.02083333333333337,-0.04166666666666663,0.0,0.0,0.45,-0.0
4508,2200,2025-04-16,Nuke,0,-1,-37.0,-0.2,19.1,0,-4,-0.8,-0.8,-0.14166666666666666,0.08333333333333331,-1.0986122886681096,29.6,0.16000000000000003,-706.7
4514,2203,2025-04-16,Mirage,0,1,0.0,0.4,-2.200000000000003,0,6,0.3333333333333333,0.3333333333333333,-0.00694444444444442,-0.09027777777777779,-0.2876820724517808,0.0,0.13333333333333333,-0.0
4481,2188,2025-04-17,Inferno,0,1,37.0,1.6,-32.7,0,10,2.0,2.0,0.12499999999999994,-0.12499999999999994,0.0,74.0,3.2,-1209.9
4476,2185,2025-04-17,Anubis,0,1,0.0,0.8666666666666667,-7.666666666666668,0,8,1.6666666666666665,1.6666666666666665,0.25,-0.2569444444444444,0.5596157879354227,0.0,1.4444444444444444,-0.0
4477,2186,2025-04-17,Anubis,0,-1,0.0,0.8,-143.7,0,5,1.0,1.0,0.013888888888888895,-0.2152777777777778,0.5596157879354227,0.0,0.8,-0.0
4478,2187,2025-04-17,Mirage,0,-1,179.0,-0.6,-62.3,0,4,-1.2,-1.2,-0.08333333333333331,0.10138888888888892,-0.7731898882334818,-214.79999999999998,0.72,-11151.699999999999
4479,2187,2025-04-17,Inferno,0,1,179.0,-0.6,-62.3,0,4,0.5,0.5,0.0625,-0.03125,0.0,89.5,-0.3,-11151.699999999999
4480,2187,2025-04-17,Ancient,0,-1,179.0,-0.6,-62.3,0,4,-0.5238095238095237,-0.5238095238095237,-0.09027777777777779,-0.0803571428571429,0.13353139262452252,-93.76190476190474,0.3142857142857142,-11151.699999999999
4482,2189,2025-04-17,Nuke,0,1,37.0,0.39999999999999997,-94.4,0,8,0.14285714285714285,0.14285714285714285,-0.014880952380952439,-0.0535714285714286,0.980829253011726,5.285714285714286,0.057142857142857134,-3492.8
4490,2193,2025-04-17,Inferno,0,1,-52.0,0.7333333333333334,15.6,0,1,1.5,1.5,0.07291666666666669,-0.23958333333333331,0.916290731874155,-78.0,1.1,-811.1999999999999
4484,2190,2025-04-17,Anubis,0,1,-65.0,-0.39999999999999997,-62.3,0,3,1.6666666666666665,1.6666666666666665,-0.04166666666666663,-0.3819444444444444,0.8472978603872034,-108.33333333333333,-0.6666666666666665,4049.5
4485,2190,2025-04-17,Ancient,0,-1,-65.0,-0.39999999999999997,-62.3,0,3,-1.2222222222222223,-1.2222222222222223,-0.22453703703703703,0.039351851851851805,0.35667494393873267,79.44444444444446,0.4888888888888889,4049.5
4486,2191,2025-04-17,Nuke,0,1,37.0,1.2,-158.89999999999998,0,6,1.1428571428571428,1.1428571428571428,0.04761904761904756,-0.09523809523809523,1.3862943611198904,42.285714285714285,1.3714285714285712,-5879.299999999999
4487,2192,2025-04-17,Inferno,0,1,0.0,2.0,0.0,0,3,1.6666666666666665,1.6666666666666665,0.1388888888888889,-0.26388888888888884,0.8472978603872034,0.0,3.333333333333333,0.0
4488,2192,2025-04-17,Mirage,0,1,0.0,2.0,0.0,0,3,1.5,1.5,0.24999999999999997,-0.19791666666666663,0.916290731874155,0.0,3.0,0.0
4489,2193,2025-04-17,Dust2,0,-1,-52.0,0.7333333333333334,15.6,0,1,-0.6666666666666667,-0.6666666666666667,-0.04166666666666663,-0.08333333333333337,0.6931471805599453,34.66666666666667,-0.488888888888889,-811.1999999999999
4491,2193,2025-04-17,Anubis,0,1,-52.0,0.7333333333333334,15.6,0,1,2.0,2.0,0.08333333333333331,-0.08333333333333331,0.0,-104.0,1.4666666666666668,-811.1999999999999
4483,2190,2025-04-17,Mirage,0,-1,-65.0,-0.39999999999999997,-62.3,0,3,-1.3333333333333333,-1.3333333333333333,-0.09722222222222221,0.10416666666666669,-1.1786549963416462,86.66666666666666,0.5333333333333332,4049.5
4472,2181,2025-04-18,Anubis,0,-1,-37.0,-0.6,23.2,0,1,-0.5714285714285714,-0.5714285714285714,-0.06324404761904756,-0.04315476190476186,-0.11778303565638382,21.142857142857142,0.3428571428571428,-858.4
4473,2182,2025-04-18,Nuke,0,-1,0.0,-0.2,-71.8,0,7,0.16666666666666669,0.16666666666666669,-0.020833333333333315,-0.08680555555555558,0.2231435513142097,0.0,-0.03333333333333334,-0.0
4475,2184,2025-04-18,Train,0,1,0.0,1.0,4.699999999999999,0,9,1.3333333333333333,1.3333333333333333,-0.05555555555555558,-0.18055555555555552,0.6931471805599453,0.0,1.3333333333333333,0.0
4474,2183,2025-04-18,Anubis,0,1,37.0,1.3142857142857143,-28.571428571428573,0,8,2.0,2.0,0.26562499999999994,-0.17708333333333331,0.5877866649021193,74.0,2.6285714285714286,-1057.142857142857
4471,2180,2025-04-19,Mirage,0,-1,0.0,-0.4,0.9000000000000021,0,-7,-0.2,-0.2,-0.052083333333333315,0.04583333333333334,0.18232155679395468,-0.0,0.08000000000000002,0.0
4470,2180,2025-04-19,Anubis,0,-1,0.0,-0.4,0.9000000000000021,0,-7,-1.5,-1.5,-0.375,0.24479166666666663,-1.0986122886681098,-0.0,0.6000000000000001,0.0
4469,2179,2025-04-19,Mirage,0,-1,-371.0,-0.6285714285714286,72.9,0,-5,-0.6666666666666667,-0.6666666666666667,-0.12268518518518517,0.09722222222222221,-1.2039728043259361,247.33333333333337,0.4190476190476191,-27045.9
4468,2179,2025-04-19,Dust2,0,-1,-371.0,-0.6285714285714286,72.9,0,-5,-1.3333333333333333,-1.3333333333333333,-0.30555555555555547,0.25595238095238093,-0.6931471805599452,494.66666666666663,0.838095238095238,-27045.9
4463,2177,2025-04-20,Anubis,0,-1,0.0,-1.0,14.8,0,13,-0.6,-0.6,-0.23333333333333328,-0.26666666666666666,1.7047480922384253,-0.0,0.6,0.0
4466,2178,2025-04-20,Mirage,0,-1,37.0,0.6,-14.8,0,-3,0.04999999999999999,0.04999999999999999,-0.030208333333333337,0.024999999999999967,0.4054651081081646,1.8499999999999996,0.029999999999999992,-547.6
4465,2178,2025-04-20,Nuke,0,1,37.0,0.6,-14.8,0,-3,0.04999999999999999,0.04999999999999999,-0.019791666666666652,0.04583333333333334,0.4054651081081646,1.8499999999999996,0.029999999999999992,-547.6
4467,2178,2025-04-20,Anubis,0,-1,37.0,0.6,-14.8,0,-3,0.37777777777777777,0.37777777777777777,0.02962962962962956,0.025925925925925908,-0.09531017980432477,13.977777777777778,0.22666666666666666,-547.6
4464,2177,2025-04-20,Ancient,0,-1,0.0,-1.0,14.8,0,13,-1.6,-1.6,-0.1916666666666666,0.3125,1.7047480922384253,-0.0,1.6,0.0
4448,1181,2025-04-21,Mirage,1,-1,70.0,-0.35555555555555557,-93.78888888888889,0,-3,-0.8,-0.8,0.04999999999999993,0.07500000000000007,-0.4054651081081644,-56.0,0.28444444444444444,-6565.222222222223
4440,1178,2025-04-21,Anubis,1,-1,430.0,-0.09523809523809523,-325.7142857142857,0,0,-2.0,-2.0,-0.22916666666666663,0.16666666666666663,0.4054651081081645,-860.0,0.19047619047619047,-140057.14285714287
4441,1178,2025-04-21,Mirage,1,1,430.0,-0.09523809523809523,-325.7142857142857,0,0,2.0,2.0,0.33333333333333326,-0.33333333333333326,0.0,860.0,-0.19047619047619047,-140057.14285714287
4442,1178,2025-04-21,Inferno,1,1,430.0,-0.09523809523809523,-325.7142857142857,0,0,1.0,1.0,0.08333333333333331,-0.08333333333333331,0.4054651081081645,430.0,-0.09523809523809523,-140057.14285714287
4443,1179,2025-04-21,Nuke,1,1,440.0,1.2000000000000002,18.499999999999986,0,1,0.5,0.5,-0.03125,-0.22916666666666669,0.5108256237659905,220.0,0.6000000000000001,8139.999999999994
4444,1179,2025-04-21,Dust2,1,1,440.0,1.2000000000000002,18.499999999999986,0,1,1.3333333333333333,1.3333333333333333,0.05555555555555558,-0.15277777777777773,0.6931471805599453,586.6666666666666,1.6,8139.999999999994
4445,1180,2025-04-21,Anubis,1,1,1000.0,-0.19999999999999996,135.5,0,-4,2.0,2.0,0.4583333333333333,-0.375,0.4054651081081645,2000.0,-0.3999999999999999,135500.0
4446,1180,2025-04-21,Nuke,1,1,1000.0,-0.19999999999999996,135.5,0,-4,1.3333333333333333,1.3333333333333333,0.1388888888888889,-0.15277777777777773,0.2876820724517808,1333.3333333333333,-0.2666666666666666,135500.0
4447,1181,2025-04-21,Dust2,1,1,70.0,-0.35555555555555557,-93.78888888888889,0,-3,-0.2,-0.2,-0.15000000000000002,0.04583333333333334,-0.6931471805599452,-14.0,0.07111111111111111,-6565.222222222223
4449,1181,2025-04-21,Ancient,1,1,70.0,-0.35555555555555557,-93.78888888888889,0,-3,2.0,2.0,0.19791666666666663,-0.12499999999999994,-0.916290731874155,140.0,-0.7111111111111111,-6565.222222222223
4457,1184,2025-04-21,Inferno,1,1,296.0,0.4,105.6,0,-4,0.0,0.0,-0.01041666666666663,0.11458333333333337,-0.5108256237659905,0.0,0.0,31257.6
4451,1182,2025-04-21,Mirage,1,1,452.0,0.4,286.9,0,-5,1.3333333333333333,1.3333333333333333,0.18055555555555552,-0.09722222222222227,-0.2876820724517808,602.6666666666666,0.5333333333333333,129678.79999999999
4461,2176,2025-04-21,Ancient,0,1,371.0,0.5,-237.65,0,6,1.1428571428571428,1.1428571428571428,0.125,-0.13095238095238088,1.3862943611198904,424.0,0.5714285714285714,-88168.15000000001
4450,1182,2025-04-21,Inferno,1,-1,452.0,0.4,286.9,0,-5,0.0,0.0,-0.19444444444444442,0.027777777777777846,0.0,0.0,0.0,129678.79999999999
4459,1185,2025-04-21,Inferno,1,1,150.0,1.2,-167.2,0,5,1.5,1.5,0.052083333333333315,-0.09375000000000006,-0.2231435513142097,225.0,1.7999999999999998,-25080.0
4458,1185,2025-04-21,Anubis,1,1,150.0,1.2,-167.2,0,5,1.3333333333333333,1.3333333333333333,0.041666666666666685,-0.20833333333333331,0.6931471805599453,200.0,1.5999999999999999,-25080.0
4462,2176,2025-04-21,Mirage,0,1,371.0,0.5,-237.65,0,6,0.1333333333333333,0.1333333333333333,0.015277777777777724,-0.08472222222222225,1.01160091167848,49.466666666666654,0.06666666666666665,-88168.15000000001
4460,2176,2025-04-21,Train,0,-1,371.0,0.5,-237.65,0,6,0.0,0.0,0.013888888888888895,-0.013888888888888895,0.0,0.0,0.0,-88168.15000000001
4455,1184,2025-04-21,Anubis,1,-1,296.0,0.4,105.6,0,-4,-0.8888888888888888,-0.8888888888888888,-0.06944444444444436,-0.009259259259259245,-0.9162907318741553,-263.1111111111111,-0.35555555555555557,31257.6
4454,1183,2025-04-21,Inferno,1,-1,36.0,-0.2,181.39999999999998,0,-5,0.7,0.7,0.006249999999999978,-0.052083333333333315,-0.18232155679395468,25.2,-0.13999999999999999,6530.4
4453,1183,2025-04-21,Ancient,1,-1,36.0,-0.2,181.39999999999998,0,-5,-1.6666666666666665,-1.6666666666666665,-0.19444444444444448,0.27777777777777773,-0.5596157879354227,-59.99999999999999,0.3333333333333333,6530.4
4452,1182,2025-04-21,Ancient,1,1,452.0,0.4,286.9,0,-5,1.0,1.0,0.08333333333333331,-0.10416666666666669,-0.916290731874155,452.0,0.4,129678.79999999999
4456,1184,2025-04-21,Ancient,1,1,296.0,0.4,105.6,0,-4,-0.4,-0.4,-0.02499999999999991,0.11666666666666659,0.0,-118.4,-0.16000000000000003,31257.6
4427,1172,2025-04-22,Inferno,1,-1,0.0,-1.0,-84.7,0,0,-1.7142857142857144,-1.7142857142857144,-0.041666666666666685,0.23809523809523808,-1.3862943611198904,-0.0,1.7142857142857144,-0.0
4421,1170,2025-04-22,Anubis,1,-1,0.0,-0.4,-104.5,0,5,-0.6666666666666667,-0.6666666666666667,0.04166666666666674,0.11805555555555564,0.2876820724517808,-0.0,0.2666666666666667,-0.0
4422,1170,2025-04-22,Nuke,1,1,0.0,-0.4,-104.5,0,5,1.3333333333333333,1.3333333333333333,0.3055555555555556,-0.09722222222222221,0.6931471805599453,0.0,-0.5333333333333333,-0.0
4423,1170,2025-04-22,Inferno,1,-1,0.0,-0.4,-104.5,0,5,-1.0,-1.0,-0.04166666666666663,0.062499999999999944,-0.4054651081081645,-0.0,0.4,-0.0
4424,1171,2025-04-22,Inferno,1,-1,10.0,1.0,25.80000000000001,0,5,-0.3333333333333333,-0.3333333333333333,-0.10069444444444442,0.00694444444444442,0.2231435513142097,-3.333333333333333,-0.3333333333333333,258.0000000000001
4425,1171,2025-04-22,Mirage,1,1,10.0,1.0,25.80000000000001,0,5,0.2,0.2,-0.09166666666666662,0.05833333333333335,0.6931471805599452,2.0,0.2,258.0000000000001
4426,1171,2025-04-22,Dust2,1,1,10.0,1.0,25.80000000000001,0,5,1.5,1.5,0.2361111111111111,-0.20833333333333331,0.2231435513142097,15.0,1.5,258.0000000000001
4428,1172,2025-04-22,Dust2,1,-1,0.0,-1.0,-84.7,0,0,-0.2,-0.2,-0.03888888888888892,0.07500000000000007,0.15415067982725827,-0.0,0.2,-0.0
4430,1173,2025-04-22,Nuke,1,-1,-930.0,-1.2,-8.600000000000023,0,1,-1.5,-1.5,-0.20833333333333331,0.16666666666666663,-0.5108256237659905,1395.0,1.7999999999999998,7998.000000000021
4431,1174,2025-04-22,Ancient,1,1,111.0,0.6,-32.19999999999999,0,-3,-0.3,-0.3,-0.04375000000000007,0.0,-0.18232155679395468,-33.3,-0.18,-3574.199999999999
4432,1174,2025-04-22,Dust2,1,1,111.0,0.6,-32.19999999999999,0,-3,2.0,2.0,0.2708333333333333,-0.15277777777777768,0.2876820724517808,222.0,1.2,-3574.199999999999
4433,1175,2025-04-22,Dust2,1,-1,-72.0,-0.2,-71.9,0,3,0.7619047619047619,0.7619047619047619,0.1746031746031746,-0.09126984126984133,0.6931471805599452,-54.857142857142854,-0.1523809523809524,5176.8
4434,1175,2025-04-22,Ancient,1,-1,-72.0,-0.2,-71.9,0,3,0.2,0.2,-0.04999999999999993,-0.040277777777777746,-0.15415067982725827,-14.4,-0.04000000000000001,5176.8
4435,1176,2025-04-22,Inferno,1,-1,-377.0,-0.2,-402.4,0,7,-0.3333333333333333,-0.3333333333333333,0.1111111111111111,0.05555555555555558,0.33647223662121295,125.66666666666666,0.06666666666666667,151704.8
4436,1176,2025-04-22,Nuke,1,-1,-377.0,-0.2,-402.4,0,7,-1.5,-1.5,0.05208333333333337,0.24999999999999994,-0.5108256237659905,565.5,0.30000000000000004,151704.8
4437,1177,2025-04-22,Train,1,-1,74.0,-1.2000000000000002,133.8,0,-6,-2.0,-2.0,-0.33333333333333326,0.33333333333333326,-0.6931471805599452,-148.0,2.4000000000000004,9901.2
4438,1177,2025-04-22,Anubis,1,-1,74.0,-1.2000000000000002,133.8,0,-6,-1.6,-1.6,-0.18749999999999994,0.09583333333333333,-1.2992829841302609,-118.4,1.9200000000000004,9901.2
4429,1173,2025-04-22,Mirage,1,-1,-930.0,-1.2,-8.600000000000023,0,1,-1.3333333333333333,-1.3333333333333333,-0.11805555555555564,0.18402777777777773,0.2231435513142097,1240.0,1.5999999999999999,7998.000000000021
4439,2175,2025-04-22,Train,0,1,0.0,1.2,11.1,0,14,1.5,1.5,0.21875,-0.11458333333333331,0.916290731874155,0.0,1.7999999999999998,0.0
4407,1165,2025-04-23,Mirage,1,1,156.0,0.6,107.0,0,-2,0.5,0.5,0.04166666666666663,-0.034722222222222265,-0.2231435513142097,78.0,0.3,16692.0
4406,1164,2025-04-23,Nuke,1,-1,149.0,-0.2,-46.2,0,-1,0.0,0.0,-0.12500000000000006,-0.09375,0.0,0.0,-0.0,-6883.8
4405,1164,2025-04-23,Mirage,1,-1,149.0,-0.2,-46.2,0,-1,-1.2,-1.2,0.04166666666666663,0.24166666666666664,-0.6931471805599452,-178.79999999999998,0.24,-6883.8
4404,1163,2025-04-23,Inferno,1,1,560.0,0.19999999999999996,-103.19999999999999,0,-4,1.2,1.2,0.16666666666666663,-0.29166666666666663,-0.6931471805599452,672.0,0.23999999999999994,-57791.99999999999
4400,1162,2025-04-23,Anubis,1,1,-360.0,0.4,176.0,0,0,1.0,1.0,0.15625,-0.14583333333333331,0.2231435513142097,-360.0,0.4,-63360.0
4402,1162,2025-04-23,Ancient,1,1,-360.0,0.4,176.0,0,0,1.0,1.0,0.10416666666666663,-0.048611111111111105,0.2876820724517808,-360.0,0.4,-63360.0
4401,1162,2025-04-23,Inferno,1,-1,-360.0,0.4,176.0,0,0,-1.6,-1.6,-0.09166666666666662,0.14166666666666666,-1.0986122886681096,576.0,-0.6400000000000001,-63360.0
4403,1163,2025-04-23,Mirage,1,1,560.0,0.19999999999999996,-103.19999999999999,0,-4,0.5,0.5,0.12152777777777779,-0.04513888888888895,-0.33647223662121295,280.0,0.09999999999999998,-57791.99999999999
4408,1165,2025-04-23,Nuke,1,1,156.0,0.6,107.0,0,-2,0.9333333333333333,0.9333333333333333,0.08611111111111114,-0.12222222222222229,0.4054651081081644,145.6,0.5599999999999999,16692.0
4417,1169,2025-04-23,Dust2,1,1,113.0,0.4,-69.8,0,5,0.0,0.0,-0.01041666666666663,-0.18229166666666669,0.5877866649021193,0.0,0.0,-7887.4
4410,1166,2025-04-23,Mirage,1,1,-430.0,0.4,176.0,0,3,0.9333333333333333,0.9333333333333333,0.01666666666666672,-0.08055555555555555,0.4054651081081644,-401.3333333333333,0.37333333333333335,-75680.0
4411,1166,2025-04-23,Ancient,1,-1,-430.0,0.4,176.0,0,3,0.0,0.0,0.0,-0.0625,0.0,-0.0,0.0,-75680.0
4412,1167,2025-04-23,Anubis,1,1,70.0,0.45,150.25,0,1,-0.3333333333333333,-0.3333333333333333,0.0034722222222222654,-0.048611111111111105,0.2231435513142097,-23.333333333333332,-0.15,10517.5
4413,1167,2025-04-23,Ancient,1,1,70.0,0.45,150.25,0,1,2.0,2.0,0.12499999999999994,-0.15277777777777773,0.6931471805599453,140.0,0.9,10517.5
4414,1168,2025-04-23,Train,1,-1,-75.0,-0.2,-31.30000000000001,0,-1,-0.33333333333333337,-0.33333333333333337,-0.02777777777777768,-0.06944444444444442,0.8472978603872034,25.000000000000004,0.06666666666666668,2347.500000000001
4415,1168,2025-04-23,Ancient,1,1,-75.0,-0.2,-31.30000000000001,0,-1,-0.09523809523809523,-0.09523809523809523,0.08333333333333331,0.09226190476190477,-0.13353139262452252,7.142857142857142,0.01904761904761905,2347.500000000001
4416,1168,2025-04-23,Nuke,1,-1,-75.0,-0.2,-31.30000000000001,0,-1,0.0,0.0,-0.19791666666666669,-0.03125,-0.5108256237659905,-0.0,-0.0,2347.500000000001
4418,1169,2025-04-23,Nuke,1,1,113.0,0.4,-69.8,0,5,1.0,1.0,0.17708333333333331,-0.14583333333333331,0.5108256237659905,113.0,0.4,-7887.4
4419,2173,2025-04-23,Anubis,0,1,0.0,-0.0888888888888889,-127.77777777777777,0,3,0.5,0.5,-0.03125,-0.20833333333333331,0.5108256237659905,0.0,-0.04444444444444445,-0.0
4420,2174,2025-04-23,Ancient,0,1,42.0,0.15555555555555556,-261.3333333333333,0,0,2.0,2.0,0.32291666666666663,-0.24999999999999994,0.5108256237659905,84.0,0.3111111111111111,-10976.0
4409,1166,2025-04-23,Inferno,1,-1,-430.0,0.4,176.0,0,3,-0.09999999999999998,-0.09999999999999998,-0.03437499999999999,-0.06666666666666665,0.4054651081081646,42.99999999999999,-0.039999999999999994,-75680.0
4391,2169,2025-04-24,Dust2,0,-1,0.0,-1.8,25.0,0,1,-2.0,-2.0,-0.22222222222222227,0.2129629629629629,-1.6094379124341005,-0.0,3.6,0.0
4392,2169,2025-04-24,Inferno,0,-1,0.0,-1.8,25.0,0,1,-1.0,-1.0,-0.3611111111111111,0.1388888888888889,-1.252762968495368,-0.0,1.8,0.0
4393,2170,2025-04-24,Anubis,0,-1,-37.0,-0.6,23.0,0,-9,-0.8,-0.8,-0.10416666666666669,0.07500000000000001,-1.2992829841302609,29.6,0.48,-851.0
4396,2171,2025-04-24,Anubis,0,1,29.0,1.5555555555555556,33.38888888888889,0,-1,2.0,2.0,0.33333333333333326,-0.29166666666666663,-0.4054651081081645,58.0,3.111111111111111,968.2777777777779
4395,2171,2025-04-24,Train,0,1,29.0,1.5555555555555556,33.38888888888889,0,-1,2.0,2.0,0.22916666666666663,-0.33333333333333326,-0.4054651081081645,58.0,3.111111111111111,968.2777777777779
4397,2172,2025-04-24,Mirage,0,1,65.0,0.6000000000000001,26.800000000000004,0,7,2.0,2.0,0.08333333333333331,-0.19230769230769224,1.945910149055313,130.0,1.2000000000000002,1742.0000000000002
4398,2172,2025-04-24,Inferno,0,-1,65.0,0.6000000000000001,26.800000000000004,0,7,-1.6,-1.6,-0.14999999999999997,0.025000000000000022,1.0986122886681096,-104.0,-0.9600000000000002,1742.0000000000002
4399,2172,2025-04-24,Dust2,0,1,65.0,0.6000000000000001,26.800000000000004,0,7,1.2,1.2,0.20833333333333331,-0.08333333333333331,0.6931471805599452,78.0,0.7200000000000001,1742.0000000000002
4394,2170,2025-04-24,Dust2,0,-1,-37.0,-0.6,23.0,0,-9,0.3333333333333333,0.3333333333333333,-0.041666666666666685,-0.09375,-0.33647223662121295,-12.333333333333332,-0.19999999999999998,-851.0
4378,1160,2025-04-25,Anubis,1,-1,226.0,0.2,-261.6,0,-1,-0.7,-0.7,-0.06041666666666662,0.12083333333333335,-0.18232155679395468,-158.2,-0.13999999999999999,-59121.600000000006
4379,1160,2025-04-25,Ancient,1,1,226.0,0.2,-261.6,0,-1,-0.35714285714285715,-0.35714285714285715,0.07291666666666663,0.07886904761904762,0.47000362924573547,-80.71428571428572,-0.07142857142857144,-59121.600000000006
4380,1160,2025-04-25,Inferno,1,1,226.0,0.2,-261.6,0,-1,1.3333333333333333,1.3333333333333333,0.08333333333333331,-0.08333333333333331,0.2876820724517808,301.3333333333333,0.26666666666666666,-59121.600000000006
4382,1161,2025-04-25,Nuke,1,-1,-365.0,-0.4,-128.7,0,3,-0.8,-0.8,-0.008333333333333304,0.2,0.0,292.0,0.32000000000000006,46975.49999999999
4383,2163,2025-04-25,Train,0,1,37.0,0.0,-7.4,0,9,2.0,2.0,0.10416666666666663,-0.19444444444444436,0.2876820724517808,74.0,0.0,-273.8
4381,1161,2025-04-25,Train,1,-1,-365.0,-0.4,-128.7,0,3,0.3333333333333333,0.3333333333333333,-0.0034722222222222654,0.01736111111111105,-0.2231435513142097,-121.66666666666666,-0.13333333333333333,46975.49999999999
4385,2164,2025-04-25,Mirage,0,1,42.0,-0.5333333333333333,-14.0,0,1,1.3333333333333333,1.3333333333333333,0.09027777777777773,-0.14583333333333331,1.252762968495368,56.0,-0.711111111111111,-588.0
4386,2165,2025-04-25,Mirage,0,1,0.0,0.8,26.5,0,5,1.0,1.0,0.09375,-0.08333333333333331,0.916290731874155,0.0,0.8,0.0
4387,2166,2025-04-25,Anubis,0,1,-7.0,-0.15555555555555556,-26.444444444444443,0,4,-0.3333333333333333,-0.3333333333333333,0.04166666666666663,0.2013888888888889,0.2876820724517808,2.333333333333333,0.05185185185185185,185.1111111111111
4388,2166,2025-04-25,Ancient,0,-1,-7.0,-0.15555555555555556,-26.444444444444443,0,4,-0.5714285714285714,-0.5714285714285714,0.011904761904761973,0.1686507936507936,0.6931471805599452,4.0,0.08888888888888889,185.1111111111111
4389,2166,2025-04-25,Mirage,0,1,-7.0,-0.15555555555555556,-26.444444444444443,0,4,1.0,1.0,0.14583333333333331,-0.20833333333333331,1.6094379124341003,-7.0,-0.15555555555555556,185.1111111111111
4390,2167,2025-04-25,Ancient,0,1,0.0,1.4,-10.328571428571427,0,10,0.5454545454545454,0.5454545454545454,0.14867424242424243,-0.030303030303030276,0.8754687373539001,0.0,0.7636363636363636,-0.0
4384,2163,2025-04-25,Dust2,0,1,37.0,0.0,-7.4,0,9,-0.9428571428571428,-0.9428571428571428,-0.09761904761904755,0.11964285714285716,-0.3184537311185349,-34.885714285714286,-0.0,-273.8
4362,1158,2025-04-26,Mirage,1,1,704.0,1.0,-104.6,0,-1,0.39999999999999997,0.39999999999999997,0.12499999999999994,-0.09166666666666662,0.0,281.59999999999997,0.39999999999999997,-73638.4
4363,1158,2025-04-26,Nuke,1,1,704.0,1.0,-104.6,0,-1,1.1,1.1,0.12083333333333335,-0.19583333333333336,0.18232155679395468,774.4000000000001,1.1,-73638.4
4364,1159,2025-04-26,Dust2,1,-1,12.0,-0.2,-172.2,0,-3,-0.26666666666666666,-0.26666666666666666,-0.0722222222222223,0.18055555555555558,-0.4054651081081644,-3.2,0.05333333333333334,-2066.3999999999996
4365,1159,2025-04-26,Nuke,1,-1,12.0,-0.2,-172.2,0,-3,-0.3333333333333333,-0.3333333333333333,-0.020833333333333315,0.125,0.0,-4.0,0.06666666666666667,-2066.3999999999996
4366,2158,2025-04-26,Dust2,0,1,72.0,0.5111111111111111,-13.677777777777777,0,4,1.5,1.5,0.12499999999999994,-0.27777777777777785,-0.2231435513142097,108.0,0.7666666666666666,-984.8
4368,2159,2025-04-26,Anubis,0,-1,0.0,-0.6,2.6999999999999993,0,14,-0.7272727272727273,-0.7272727272727273,-0.13257575757575757,-0.06628787878787884,1.3862943611198906,-0.0,0.43636363636363634,0.0
4367,2158,2025-04-26,Ancient,0,1,72.0,0.5111111111111111,-13.677777777777777,0,4,2.0,2.0,0.16666666666666663,-0.20833333333333331,0.916290731874155,144.0,1.0222222222222221,-984.8
4370,2160,2025-04-26,Ancient,0,1,28.0,0.2,13.200000000000003,0,-4,0.6428571428571428,0.6428571428571428,0.13839285714285715,0.04761904761904756,0.11778303565638382,18.0,0.12857142857142856,369.6000000000001
4369,2159,2025-04-26,Ancient,0,-1,0.0,-0.6,2.6999999999999993,0,14,-1.5,-1.5,-0.16666666666666663,0.18055555555555564,1.466337068793427,-0.0,0.8999999999999999,0.0
4376,2162,2025-04-26,Dust2,0,-1,-72.0,-0.4,16.5,0,-2,-1.2,-1.2,-0.1833333333333333,0.11111111111111116,0.4054651081081644,86.39999999999999,0.48,-1188.0
4375,2162,2025-04-26,Nuke,0,1,-72.0,-0.4,16.5,0,-2,2.0,2.0,0.0,-0.2638888888888889,0.6931471805599453,-144.0,-0.8,-1188.0
4374,2161,2025-04-26,Dust2,0,1,0.0,-0.3111111111111111,34.37777777777778,0,-2,-1.1363636363636362,-1.1363636363636362,-0.14772727272727265,0.18181818181818182,-0.8754687373539001,-0.0,0.3535353535353535,0.0
4377,2162,2025-04-26,Anubis,0,-1,-72.0,-0.4,16.5,0,-2,-0.6666666666666666,-0.6666666666666666,-0.055555555555555636,0.11111111111111122,0.0,48.0,0.26666666666666666,-1188.0
4372,2160,2025-04-26,Mirage,0,1,28.0,0.2,13.200000000000003,0,-4,0.8888888888888888,0.8888888888888888,0.0925925925925925,-0.054629629629629695,0.47000362924573524,24.888888888888886,0.17777777777777778,369.6000000000001
4371,2160,2025-04-26,Train,0,-1,28.0,0.2,13.200000000000003,0,-4,-1.0,-1.0,-0.03819444444444442,0.1423611111111111,0.33647223662121295,-28.0,-0.2,369.6000000000001
4373,2161,2025-04-26,Inferno,0,1,0.0,-0.3111111111111111,34.37777777777778,0,-2,1.1428571428571428,1.1428571428571428,0.06547619047619041,0.014880952380952384,-0.980829253011726,0.0,-0.35555555555555557,0.0
4348,1157,2025-04-27,Dust2,1,1,52.0,0.4,-339.4,0,-5,1.0,1.0,0.13194444444444436,-0.14583333333333334,-0.8472978603872034,52.0,0.4,-17648.8
4342,1156,2025-04-27,Inferno,1,-1,-560.0,-0.39999999999999997,331.2,0,2,-1.3333333333333333,-1.3333333333333333,-0.21527777777777773,0.33333333333333337,0.5596157879354227,746.6666666666666,0.5333333333333332,-185472.0
4343,1156,2025-04-27,Dust2,1,1,-560.0,-0.39999999999999997,331.2,0,2,1.6666666666666665,1.6666666666666665,0.027777777777777735,-0.27777777777777773,0.8472978603872034,-933.3333333333333,-0.6666666666666665,-185472.0
4344,1156,2025-04-27,Train,1,-1,-560.0,-0.39999999999999997,331.2,0,2,-1.2,-1.2,-0.14166666666666666,0.08333333333333337,0.6931471805599452,672.0,0.4799999999999999,-185472.0
4345,1156,2025-04-27,Mirage,1,1,-560.0,-0.39999999999999997,331.2,0,2,-0.19047619047619047,-0.19047619047619047,-0.0813492063492064,0.06845238095238093,0.13353139262452252,106.66666666666666,0.07619047619047618,-185472.0
4346,1156,2025-04-27,Nuke,1,-1,-560.0,-0.39999999999999997,331.2,0,2,-0.23809523809523808,-0.23809523809523808,-0.00694444444444442,-0.028769841269841334,0.13353139262452252,133.33333333333331,0.09523809523809522,-185472.0
4347,1157,2025-04-27,Inferno,1,1,52.0,0.4,-339.4,0,-5,-0.3333333333333333,-0.3333333333333333,0.00925925925925919,0.03935185185185186,-1.2039728043259361,-17.333333333333332,-0.13333333333333333,-17648.8
4350,2153,2025-04-27,Ancient,0,-1,-371.0,-0.2,281.5,0,-6,-0.5833333333333333,-0.5833333333333333,-0.032986111111111105,0.14583333333333331,-0.810930216216329,216.41666666666663,0.11666666666666665,-104436.5
4349,2153,2025-04-27,Dust2,0,1,-371.0,-0.2,281.5,0,-6,-0.75,-0.75,-0.13020833333333331,0.19791666666666669,-1.0986122886681098,278.25,0.15000000000000002,-104436.5
4352,2154,2025-04-27,Mirage,0,-1,-7.0,-0.6,23.0,0,2,0.5416666666666667,0.5416666666666667,0.07378472222222221,-0.06510416666666669,1.4469189829363256,-3.791666666666667,-0.325,-161.0
4361,2157,2025-04-27,Mirage,0,1,42.0,0.5555555555555556,-105.77777777777777,0,2,1.4285714285714286,1.4285714285714286,0.1924603174603175,-0.1547619047619047,0.6931471805599452,60.0,0.7936507936507937,-4442.666666666666
4353,2154,2025-04-27,Dust2,0,-1,-7.0,-0.6,23.0,0,2,-1.0,-1.0,-0.0763888888888889,0.17013888888888895,0.33647223662121295,7.0,0.6,-161.0
4354,2155,2025-04-27,Train,0,-1,-35.0,-0.39999999999999997,17.0,0,5,-0.4,-0.4,-0.1416666666666666,-0.06666666666666665,0.6931471805599452,14.0,0.16,-595.0
4355,2155,2025-04-27,Ancient,0,1,-35.0,-0.39999999999999997,17.0,0,5,-0.6,-0.6,-0.015625,0.09895833333333331,0.4054651081081646,21.0,0.23999999999999996,-595.0
4356,2155,2025-04-27,Anubis,0,-1,-35.0,-0.39999999999999997,17.0,0,5,0.13636363636363635,0.13636363636363635,0.03977272727272729,0.05018939393939392,0.8754687373539001,-4.7727272727272725,-0.054545454545454536,-595.0
4357,2156,2025-04-27,Nuke,0,-1,0.0,0.5333333333333333,11.1,0,17,-1.0,-1.0,-0.055555555555555525,0.1597222222222222,1.252762968495368,-0.0,-0.5333333333333333,0.0
4358,2156,2025-04-27,Mirage,0,1,0.0,0.5333333333333333,11.1,0,17,1.3333333333333333,1.3333333333333333,0.034722222222222265,-0.17361111111111105,1.252762968495368,0.0,0.711111111111111,0.0
4359,2156,2025-04-27,Anubis,0,1,0.0,0.5333333333333333,11.1,0,17,1.3333333333333333,1.3333333333333333,0.2013888888888889,-0.13541666666666663,1.8718021769015913,0.0,0.711111111111111,0.0
4351,2153,2025-04-27,Mirage,0,1,-371.0,-0.2,281.5,0,-6,0.606060606060606,0.606060606060606,0.06691919191919199,0.04671717171717171,-1.0986122886681098,-224.84848484848482,-0.1212121212121212,-104436.5
4360,2157,2025-04-27,Anubis,0,1,42.0,0.5555555555555556,-105.77777777777777,0,2,0.5,0.5,0.07291666666666663,0.03125,0.916290731874155,21.0,0.2777777777777778,-4442.666666666666
4337,2151,2025-04-28,Ancient,0,-1,-42.0,-1.6,42.0,0,-4,-2.0,-2.0,-0.31666666666666665,0.2583333333333333,-1.0986122886681096,84.0,3.2,-1764.0
4341,2152,2025-04-28,Anubis,0,1,42.0,0.9333333333333333,-21.0,0,3,0.8,0.8,0.125,0.0,0.6931471805599452,33.6,0.7466666666666667,-882.0
4339,2152,2025-04-28,Mirage,0,1,42.0,0.9333333333333333,-21.0,0,3,1.5555555555555556,1.5555555555555556,0.060185185185185175,-0.17592592592592587,1.2039728043259361,65.33333333333333,1.451851851851852,-882.0
4340,2152,2025-04-28,Nuke,0,-1,42.0,0.9333333333333333,-21.0,0,3,-2.0,-2.0,-0.08333333333333331,0.16666666666666663,-0.4054651081081645,-84.0,-1.8666666666666667,-882.0
4338,2151,2025-04-28,Mirage,0,-1,-42.0,-1.6,42.0,0,-4,-1.5555555555555556,-1.5555555555555556,-0.3935185185185185,0.17592592592592587,-1.6094379124341005,65.33333333333333,2.488888888888889,-1764.0
4326,2147,2025-04-29,Nuke,0,-1,0.0,-1.0,0.0,0,-17,-1.0,-1.0,-0.16145833333333331,0.09895833333333331,-1.5040773967762742,-0.0,1.0,0.0
4327,2147,2025-04-29,Anubis,0,-1,0.0,-1.0,0.0,0,-17,-1.4285714285714286,-1.4285714285714286,0.029761904761904767,0.23511904761904756,-2.0149030205422647,-0.0,1.4285714285714286,0.0
4328,2148,2025-04-29,Train,0,1,42.0,0.0,-23.8,0,2,-0.2,-0.2,-0.3,-0.10625000000000007,-0.18232155679395468,-8.4,-0.0,-999.6
4329,2148,2025-04-29,Anubis,0,-1,42.0,0.0,-23.8,0,2,-0.7428571428571429,-0.7428571428571429,0.021428571428571463,0.17142857142857143,0.2876820724517808,-31.200000000000003,-0.0,-999.6
4333,2149,2025-04-29,Mirage,0,-1,0.0,-0.3333333333333333,0.0,0,17,-0.8571428571428572,-0.8571428571428572,-0.06547619047619041,0.01785714285714285,1.3862943611198904,-0.0,0.2857142857142857,0.0
4331,2149,2025-04-29,Nuke,0,-1,0.0,-0.3333333333333333,0.0,0,17,-1.0,-1.0,-0.08854166666666663,0.27604166666666663,1.5040773967762742,-0.0,0.3333333333333333,0.0
4332,2149,2025-04-29,Anubis,0,1,0.0,-0.3333333333333333,0.0,0,17,1.4285714285714286,1.4285714285714286,-0.029761904761904767,-0.23511904761904756,2.0149030205422647,0.0,-0.47619047619047616,0.0
4334,2150,2025-04-29,Nuke,0,1,-42.0,-0.5333333333333333,21.0,0,-6,2.0,2.0,0.10416666666666663,-0.12499999999999994,-0.4054651081081645,-84.0,-1.0666666666666667,-882.0
4335,2150,2025-04-29,Dust2,0,-1,-42.0,-0.5333333333333333,21.0,0,-6,-1.0,-1.0,-0.39583333333333337,0.22916666666666663,-0.4054651081081645,42.0,0.5333333333333333,-882.0
4336,2150,2025-04-29,Anubis,0,-1,-42.0,-0.5333333333333333,21.0,0,-6,-0.8571428571428572,-0.8571428571428572,-0.1339285714285714,0.011904761904761862,-0.980829253011726,36.0,0.4571428571428572,-882.0
4330,2148,2025-04-29,Mirage,0,-1,42.0,0.0,-23.8,0,2,0.2,0.2,0.012500000000000011,-0.041666666666666685,0.6061358035703157,8.4,0.0,-999.6
4304,1148,2025-04-30,Dust2,1,-1,-216.0,-0.6000000000000001,-443.50000000000006,0,-2,-0.380952380952381,-0.380952380952381,-0.03968253968253971,0.04563492063492064,0.22314355131421015,82.28571428571429,0.22857142857142862,95796.00000000001
4305,1148,2025-04-30,Ancient,1,-1,-216.0,-0.6000000000000001,-443.50000000000006,0,-2,-0.6,-0.6,-0.09583333333333338,0.055555555555555636,0.15415067982725827,129.6,0.36000000000000004,95796.00000000001
4306,1149,2025-04-30,Ancient,1,1,0.0,0.1333333333333333,206.6,0,4,1.0,1.0,-0.09027777777777773,-0.19444444444444436,1.252762968495368,0.0,0.1333333333333333,0.0
4307,1149,2025-04-30,Dust2,1,-1,0.0,0.1333333333333333,206.6,0,4,-2.0,-2.0,-0.15277777777777773,0.25,0.6931471805599453,-0.0,-0.2666666666666666,0.0
4312,1151,2025-04-30,Inferno,1,-1,378.0,1.0,-127.99999999999997,0,2,0.0,0.0,-0.14166666666666666,-0.09166666666666667,0.0,0.0,0.0,-48383.99999999999
4309,1150,2025-04-30,Inferno,1,1,1000.0,1.0,78.6,0,0,0.8,0.8,0.12499999999999994,-0.1729166666666667,-0.18232155679395468,800.0,0.8,78600.0
4310,1150,2025-04-30,Dust2,1,1,1000.0,1.0,78.6,0,0,0.0,0.0,0.15972222222222227,0.048611111111111105,-0.5596157879354227,0.0,0.0,78600.0
4311,1151,2025-04-30,Nuke,1,1,378.0,1.0,-127.99999999999997,0,2,0.7619047619047619,0.7619047619047619,0.06547619047619047,-0.033730158730158666,0.6931471805599452,288.0,0.7619047619047619,-48383.99999999999
4313,1151,2025-04-30,Dust2,1,1,378.0,1.0,-127.99999999999997,0,2,1.5,1.5,0.10416666666666669,-0.2708333333333333,0.2231435513142097,567.0,1.5,-48383.99999999999
4308,1149,2025-04-30,Mirage,1,1,0.0,0.1333333333333333,206.6,0,4,1.0,1.0,-0.052083333333333315,-0.04166666666666663,0.916290731874155,0.0,0.1333333333333333,0.0
4315,1152,2025-04-30,Mirage,1,-1,65.0,0.3333333333333333,-25.1,0,8,-0.23529411764705888,-0.23529411764705888,-0.031862745098039214,-0.012254901960784326,2.197224577336219,-15.294117647058826,-0.07843137254901962,-1631.5
4325,2146,2025-04-30,Anubis,0,-1,-42.0,0.25,21.0,0,-4,0.3333333333333333,0.3333333333333333,0.08854166666666669,-0.015625,-0.810930216216329,-14.0,0.08333333333333333,-882.0
4324,2146,2025-04-30,Ancient,0,-1,-42.0,0.25,21.0,0,-4,-0.6666666666666667,-0.6666666666666667,-0.13194444444444442,0.13194444444444442,-0.5596157879354227,28.000000000000004,-0.16666666666666669,-882.0
4323,2146,2025-04-30,Mirage,0,1,-42.0,0.25,21.0,0,-4,-0.2727272727272727,-0.2727272727272727,0.005681818181818232,-0.0018939393939393923,-1.3862943611198906,11.454545454545453,-0.06818181818181818,-882.0
4322,1155,2025-04-30,Dust2,1,-1,0.0,-1.8,95.5,0,4,-2.0,-2.0,-0.22916666666666663,0.29166666666666663,0.4054651081081645,-0.0,3.6,0.0
4321,1155,2025-04-30,Train,1,-1,0.0,-1.8,95.5,0,4,-2.0,-2.0,-0.22222222222222215,0.12499999999999994,0.6931471805599453,-0.0,3.6,0.0
4314,1152,2025-04-30,Inferno,1,1,65.0,0.3333333333333333,-25.1,0,8,0.6666666666666667,0.6666666666666667,0.0,-0.06944444444444436,1.252762968495368,43.333333333333336,0.22222222222222224,-1631.5
4319,1154,2025-04-30,Nuke,1,1,72.0,1.6,-47.9,0,6,1.0,1.0,0.22916666666666669,-0.04166666666666663,0.4054651081081645,72.0,1.6,-3448.7999999999997
4318,1153,2025-04-30,Nuke,1,1,365.0,0.9555555555555556,116.48888888888894,0,-6,2.0,2.0,0.22222222222222215,-0.24999999999999994,-0.2876820724517808,730.0,1.9111111111111112,42518.44444444446
4317,1153,2025-04-30,Mirage,1,1,365.0,0.9555555555555556,116.48888888888894,0,-6,-0.3333333333333333,-0.3333333333333333,0.06944444444444442,-0.06944444444444442,-0.8472978603872034,-121.66666666666666,-0.31851851851851853,42518.44444444446
4316,1152,2025-04-30,Dust2,1,1,65.0,0.3333333333333333,-25.1,0,8,1.1428571428571428,1.1428571428571428,0.22619047619047622,-0.10119047619047616,1.3862943611198904,74.28571428571428,0.38095238095238093,-1631.5
4320,1154,2025-04-30,Dust2,1,1,72.0,1.6,-47.9,0,6,2.0,2.0,0.33333333333333326,-0.2583333333333333,1.0986122886681096,144.0,3.2,-3448.7999999999997
4279,1141,2025-05-01,Mirage,1,1,-75.0,0.0,-136.29999999999995,0,-6,0.3333333333333333,0.3333333333333333,0.08854166666666669,-0.21006944444444442,-0.810930216216329,-25.0,0.0,10222.499999999996
4280,1141,2025-05-01,Ancient,1,-1,-75.0,0.0,-136.29999999999995,0,-6,-0.6666666666666666,-0.6666666666666666,-0.1736111111111111,0.03472222222222221,-0.8472978603872034,50.0,-0.0,10222.499999999996
4281,1141,2025-05-01,Dust2,1,-1,-75.0,0.0,-136.29999999999995,0,-6,-0.75,-0.75,-0.01041666666666663,0.140625,-1.0986122886681098,56.25,-0.0,10222.499999999996
4282,1142,2025-05-01,Inferno,1,-1,-224.0,-0.39999999999999997,72.79999999999998,0,1,-0.8,-0.8,-0.09166666666666662,-0.08333333333333331,0.7884573603642704,179.20000000000002,0.32,-16307.199999999997
4283,1142,2025-05-01,Nuke,1,-1,-224.0,-0.39999999999999997,72.79999999999998,0,1,-1.2,-1.2,-0.09791666666666671,0.16875,-0.18232155679395468,268.8,0.4799999999999999,-16307.199999999997
4284,1143,2025-05-01,Mirage,1,-1,65.0,-0.2,-145.3,0,4,0.4666666666666666,0.4666666666666666,0.05740740740740741,-0.06064814814814817,1.1526795099383853,30.33333333333333,-0.09333333333333332,-9444.5
4285,1143,2025-05-01,Inferno,1,-1,65.0,-0.2,-145.3,0,4,-0.42857142857142855,-0.42857142857142855,-0.0803571428571429,0.07589285714285715,0.47000362924573547,-27.857142857142854,0.08571428571428572,-9444.5
4286,1144,2025-05-01,Mirage,1,1,-548.0,-0.4,113.79999999999995,0,-1,0.8571428571428572,0.8571428571428572,0.0357142857142857,-0.02083333333333337,-0.47000362924573547,-469.7142857142857,-0.3428571428571429,-62362.39999999997
4287,1144,2025-05-01,Inferno,1,-1,-548.0,-0.4,113.79999999999995,0,-1,-1.3333333333333333,-1.3333333333333333,-0.18055555555555552,0.24166666666666664,0.15415067982725827,730.6666666666666,0.5333333333333333,-62362.39999999997
4288,1144,2025-05-01,Train,1,-1,-548.0,-0.4,113.79999999999995,0,-1,-2.0,-2.0,-0.22916666666666663,0.20833333333333331,-0.2876820724517808,1096.0,0.8,-62362.39999999997
4289,1145,2025-05-01,Ancient,1,1,72.0,0.8,-11.899999999999999,0,6,1.6666666666666665,1.6666666666666665,0.048611111111111105,-0.15277777777777773,1.252762968495368,119.99999999999999,1.3333333333333333,-856.8
4290,1145,2025-05-01,Anubis,1,1,72.0,0.8,-11.899999999999999,0,6,1.6,1.6,0.23333333333333334,-0.17499999999999993,1.0986122886681096,115.2,1.2800000000000002,-856.8
4292,1146,2025-05-01,Nuke,1,1,0.0,-0.39999999999999997,59.2,0,2,1.5,1.5,0.08333333333333337,-0.16666666666666663,0.5108256237659905,0.0,-0.6,0.0
4303,2145,2025-05-01,Train,0,1,42.0,0.2,-39.5,0,9,1.0,1.0,0.09027777777777773,-0.09722222222222221,1.252762968495368,42.0,0.2,-1659.0
4302,2145,2025-05-01,Anubis,0,1,42.0,0.2,-39.5,0,9,1.2,1.2,0.1833333333333334,-0.03749999999999998,1.7047480922384253,50.4,0.24,-1659.0
4301,2145,2025-05-01,Ancient,0,-1,42.0,0.2,-39.5,0,9,-0.25,-0.25,-0.046875,-0.078125,1.0986122886681098,-10.5,-0.05,-1659.0
4291,1146,2025-05-01,Ancient,1,-1,0.0,-0.39999999999999997,59.2,0,2,-2.0,-2.0,-0.12499999999999994,0.15624999999999994,0.916290731874155,-0.0,0.7999999999999999,0.0
4299,2145,2025-05-01,Dust2,0,1,42.0,0.2,-39.5,0,9,0.3333333333333333,0.3333333333333333,0.020833333333333315,-0.027777777777777735,0.2876820724517808,14.0,0.06666666666666667,-1659.0
4300,2145,2025-05-01,Mirage,0,-1,42.0,0.2,-39.5,0,9,-0.16666666666666666,-0.16666666666666666,0.027777777777777735,0.09027777777777779,1.1786549963416462,-7.0,-0.03333333333333333,-1659.0
4297,2144,2025-05-01,Anubis,0,-1,-42.0,-0.45,36.125,0,-9,-1.2,-1.2,0.06666666666666665,0.16249999999999998,-1.7047480922384253,50.4,0.54,-1517.25
4296,2144,2025-05-01,Train,0,1,-42.0,-0.45,36.125,0,-9,1.0,1.0,0.2013888888888889,-0.1111111111111111,-1.252762968495368,-42.0,-0.45,-1517.25
4295,1147,2025-05-01,Anubis,1,-1,74.0,-0.39999999999999997,-24.599999999999994,0,-2,-1.0,-1.0,-0.17361111111111116,0.10416666666666663,-0.2231435513142097,-74.0,0.39999999999999997,-1820.3999999999996
4294,1147,2025-05-01,Inferno,1,-1,74.0,-0.39999999999999997,-24.599999999999994,0,-2,-0.6666666666666666,-0.6666666666666666,0.048611111111111105,0.1736111111111111,0.0,-49.33333333333333,0.2666666666666666,-1820.3999999999996
4298,2144,2025-05-01,Ancient,0,-1,-42.0,-0.45,36.125,0,-9,-1.75,-1.75,-0.20312499999999994,0.20312499999999994,-1.0986122886681098,73.5,0.7875,-1517.25
4293,1146,2025-05-01,Inferno,1,-1,0.0,-0.39999999999999997,59.2,0,2,-2.0,-2.0,-0.22916666666666663,0.33333333333333326,0.4054651081081645,-0.0,0.7999999999999999,0.0
4272,1137,2025-05-02,Dust2,1,-1,-365.0,-0.6000000000000001,-118.89999999999998,0,3,-0.7619047619047619,-0.7619047619047619,-0.22420634920634924,0.10515873015873012,0.6931471805599452,278.0952380952381,0.4571428571428572,43398.49999999999
4269,1136,2025-05-02,Dust2,1,-1,-53.0,-1.4,53.0,0,0,-2.0,-2.0,-0.20833333333333331,0.32291666666666663,-0.916290731874155,106.0,2.8,-2809.0
4270,1136,2025-05-02,Inferno,1,-1,-53.0,-1.4,53.0,0,0,-1.3333333333333333,-1.3333333333333333,-0.06944444444444442,0.18055555555555552,-0.6931471805599453,70.66666666666666,1.8666666666666665,-2809.0
4271,1137,2025-05-02,Anubis,1,-1,-365.0,-0.6000000000000001,-118.89999999999998,0,3,-0.7,-0.7,-0.027083333333333348,0.09375,0.18232155679395468,255.49999999999997,0.42000000000000004,43398.49999999999
4273,1138,2025-05-02,Nuke,1,1,0.0,0.2,-146.1,0,3,0.3333333333333333,0.3333333333333333,0.1111111111111111,-0.02083333333333337,0.8472978603872034,0.0,0.06666666666666667,-0.0
4275,1139,2025-05-02,Dust2,1,1,228.0,0.2,239.4,0,0,0.39999999999999997,0.39999999999999997,-0.012500000000000067,-0.004166666666666652,-0.6061358035703157,91.19999999999999,0.08,54583.200000000004
4276,1139,2025-05-02,Mirage,1,1,228.0,0.2,239.4,0,0,2.0,2.0,0.15277777777777773,-0.2916666666666667,0.4054651081081644,456.0,0.4,54583.200000000004
4277,1140,2025-05-02,Inferno,1,-1,-65.0,-0.3333333333333333,27.566666666666663,0,-4,-0.75,-0.75,-0.125,0.08333333333333331,-1.5040773967762742,48.75,0.25,-1791.833333333333
4274,1138,2025-05-02,Mirage,1,1,0.0,0.2,-146.1,0,3,1.7142857142857144,1.7142857142857144,0.3660714285714286,-0.20833333333333331,0.980829253011726,0.0,0.3428571428571429,-0.0
4278,1140,2025-05-02,Ancient,1,-1,-65.0,-0.3333333333333333,27.566666666666663,0,-4,-1.5555555555555556,-1.5555555555555556,-0.1689814814814815,0.01388888888888884,-1.2039728043259361,101.11111111111111,0.5185185185185185,-1791.833333333333
4255,1131,2025-05-03,Mirage,1,1,635.0,0.6,-91.39999999999998,0,4,0.25,0.25,0.052083333333333315,0.07291666666666669,0.5877866649021193,158.75,0.15,-58038.999999999985
4256,1131,2025-05-03,Nuke,1,1,635.0,0.6,-91.39999999999998,0,4,0.380952380952381,0.380952380952381,0.061507936507936456,0.02976190476190471,0.6931471805599452,241.90476190476193,0.2285714285714286,-58038.999999999985
4257,1132,2025-05-03,Ancient,1,1,72.0,1.2285714285714286,-20.742857142857147,0,6,0.7142857142857143,0.7142857142857143,0.03273809523809529,-0.08630952380952384,0.980829253011726,51.42857142857143,0.8775510204081634,-1493.4857142857145
4259,1133,2025-05-03,Nuke,1,1,-12.0,0.4,89.70000000000005,0,1,0.25,0.25,0.062499999999999944,-0.036458333333333315,0.0,-3.0,0.1,-1076.4000000000005
4260,1133,2025-05-03,Dust2,1,1,-12.0,0.4,89.70000000000005,0,1,0.4444444444444445,0.4444444444444445,0.10879629629629634,-0.07407407407407401,0.35667494393873267,-5.333333333333334,0.1777777777777778,-1076.4000000000005
4258,1132,2025-05-03,Mirage,1,1,72.0,1.2285714285714286,-20.742857142857147,0,6,1.5,1.5,0.34375,-0.19791666666666663,0.916290731874155,108.0,1.842857142857143,-1493.4857142857145
4262,1134,2025-05-03,Inferno,1,1,65.0,-0.2,-54.7,0,3,0.0888888888888889,0.0888888888888889,0.0222222222222222,-0.012037037037037068,0.5108256237659909,5.777777777777779,-0.01777777777777778,-3555.5
4263,1134,2025-05-03,Mirage,1,-1,65.0,-0.2,-54.7,0,3,0.24561403508771934,0.24561403508771934,0.0310672514619883,-0.03508771929824567,1.0498221244986776,15.964912280701757,-0.049122807017543874,-3555.5
4264,1135,2025-05-03,Nuke,1,-1,-53.0,-0.4,23.3,0,3,-0.05714285714285716,-0.05714285714285716,-0.03690476190476194,-0.05833333333333335,0.2876820724517808,3.0285714285714294,0.022857142857142868,-1234.9
4265,1135,2025-05-03,Mirage,1,1,-53.0,-0.4,23.3,0,3,1.0833333333333333,1.0833333333333333,0.21006944444444448,-0.078125,0.810930216216329,-57.416666666666664,-0.43333333333333335,-1234.9
4266,1135,2025-05-03,Dust2,1,1,-53.0,-0.4,23.3,0,3,0.06666666666666665,0.06666666666666665,0.03749999999999998,0.12291666666666667,0.7731898882334818,-3.5333333333333323,-0.02666666666666666,-1234.9
4267,2143,2025-05-03,Dust2,0,1,37.0,0.4,-201.9,0,4,0.3333333333333333,0.3333333333333333,0.06076388888888895,-0.026041666666666685,0.810930216216329,12.333333333333332,0.13333333333333333,-7470.3
4268,2143,2025-05-03,Anubis,0,1,37.0,0.4,-201.9,0,4,1.6666666666666665,1.6666666666666665,0.22569444444444448,-0.11458333333333331,1.8718021769015913,61.666666666666664,0.6666666666666666,-7470.3
4261,1134,2025-05-03,Dust2,1,-1,65.0,-0.2,-54.7,0,3,0.5,0.5,0.03645833333333337,-0.109375,0.5877866649021193,32.5,-0.1,-3555.5
4243,1128,2025-05-04,Ancient,1,-1,-72.0,-0.6000000000000001,61.3,0,-4,-0.8928571428571428,-0.8928571428571428,-0.08110119047619047,0.09672619047619047,-0.11778303565638382,64.28571428571428,0.5357142857142858,-4413.599999999999
4237,1127,2025-05-04,Inferno,1,1,-560.0,-0.2,271.29999999999995,0,1,-0.8095238095238095,-0.8095238095238095,-0.1567460317460318,0.1875,0.13353139262452252,453.3333333333333,0.1619047619047619,-151927.99999999997
4238,1127,2025-05-04,Dust2,1,-1,-560.0,-0.2,271.29999999999995,0,1,0.6,0.6,-0.006249999999999978,-0.07708333333333328,0.7884573603642704,-336.0,-0.12,-151927.99999999997
4239,1127,2025-05-04,Train,1,-1,-560.0,-0.2,271.29999999999995,0,1,-1.3333333333333333,-1.3333333333333333,-0.16666666666666663,0.125,0.33647223662121295,746.6666666666666,0.26666666666666666,-151927.99999999997
4240,1127,2025-05-04,Mirage,1,1,-560.0,-0.2,271.29999999999995,0,1,0.0,0.0,-0.07870370370370366,0.05092592592592593,0.0,-0.0,-0.0,-151927.99999999997
4241,1127,2025-05-04,Nuke,1,-1,-560.0,-0.2,271.29999999999995,0,1,-0.4166666666666667,-0.4166666666666667,-0.01446759259259256,0.025462962962962965,0.10536051565782634,233.33333333333334,0.08333333333333334,-151927.99999999997
4242,1128,2025-05-04,Dust2,1,-1,-72.0,-0.6000000000000001,61.3,0,-4,-1.6,-1.6,-0.12499999999999994,0.25972222222222224,-0.15415067982725827,115.2,0.9600000000000002,-4413.599999999999
4244,1128,2025-05-04,Mirage,1,1,-72.0,-0.6000000000000001,61.3,0,-4,0.22857142857142854,0.22857142857142854,0.06428571428571428,-0.008333333333333304,0.2876820724517808,-16.457142857142856,-0.13714285714285715,-4413.599999999999
4252,2142,2025-05-04,Anubis,0,-1,37.0,-0.3333333333333333,-2.3999999999999986,0,6,-0.46153846153846156,-0.46153846153846156,0.0064102564102563875,0.019230769230769218,1.945910149055313,-17.076923076923077,0.15384615384615385,-88.79999999999995
4246,1129,2025-05-04,Mirage,1,1,0.0,0.0,0.0,0,0,0.0,0.0,0.0,0.0,0.0,0.0,0.0,0.0
4247,1130,2025-05-04,Inferno,1,1,65.0,0.7555555555555555,-46.44444444444444,0,5,0.0,0.0,0.04583333333333334,0.02916666666666662,1.2992829841302609,0.0,0.0,-3018.8888888888887
4248,1130,2025-05-04,Dust2,1,1,65.0,0.7555555555555555,-46.44444444444444,0,5,1.1111111111111112,1.1111111111111112,0.20138888888888895,-0.1018518518518518,1.2039728043259361,72.22222222222223,0.8395061728395062,-3018.8888888888887
4249,2141,2025-05-04,Anubis,0,1,0.0,0.5333333333333333,-14.0,0,7,1.4666666666666668,1.4666666666666668,0.1916666666666667,-0.11388888888888882,1.3862943611198906,0.0,0.7822222222222223,-0.0
4250,2141,2025-05-04,Train,0,-1,0.0,0.5333333333333333,-14.0,0,7,0.2,0.2,-0.12916666666666665,-0.029166666666666674,0.6931471805599452,0.0,0.10666666666666667,-0.0
4251,2141,2025-05-04,Nuke,0,1,0.0,0.5333333333333333,-14.0,0,7,0.1111111111111111,0.1111111111111111,0.025462962962962965,-0.048611111111111105,1.2039728043259361,0.0,0.059259259259259255,-0.0
4253,2142,2025-05-04,Dust2,0,1,37.0,-0.3333333333333333,-2.3999999999999986,0,6,1.1111111111111112,1.1111111111111112,0.18055555555555558,-0.08796296296296291,1.6094379124341005,41.111111111111114,-0.37037037037037035,-88.79999999999995
4254,2142,2025-05-04,Nuke,0,-1,37.0,-0.3333333333333333,-2.3999999999999986,0,6,-0.8888888888888888,-0.8888888888888888,-0.06944444444444436,0.2777777777777778,1.6094379124341005,-32.888888888888886,0.2962962962962963,-88.79999999999995
4245,1128,2025-05-04,Train,1,-1,-72.0,-0.6000000000000001,61.3,0,-4,-2.0,-2.0,-0.45833333333333337,0.06944444444444436,-0.6931471805599453,144.0,1.2000000000000002,-4413.599999999999
4230,1126,2025-05-05,Train,1,-1,-371.0,-1.4,371.0,0,-2,-1.0,-1.0,-0.01041666666666663,0.17708333333333331,-0.916290731874155,371.0,1.4,-137641.0
4231,1126,2025-05-05,Ancient,1,-1,-371.0,-1.4,371.0,0,-2,-1.3333333333333333,-1.3333333333333333,-0.2592592592592592,0.16203703703703703,-1.6094379124341005,494.66666666666663,1.8666666666666665,-137641.0
4234,2140,2025-05-05,Anubis,0,-1,0.0,0.6000000000000001,-130.8,0,6,0.041666666666666685,0.041666666666666685,0.02604166666666663,0.01822916666666663,1.4469189829363256,0.0,0.025000000000000015,-0.0
4233,2139,2025-05-05,Dust2,0,1,-42.0,0.4,21.0,0,-7,0.3333333333333333,0.3333333333333333,-0.00347222222222221,-0.00694444444444442,-0.2231435513142097,-14.0,0.13333333333333333,-882.0
4236,2140,2025-05-05,Train,0,1,0.0,0.6000000000000001,-130.8,0,6,0.6666666666666666,0.6666666666666666,-0.02083333333333337,-0.15972222222222227,0.5596157879354227,0.0,0.4,-0.0
4235,2140,2025-05-05,Dust2,0,1,0.0,0.6000000000000001,-130.8,0,6,1.3333333333333333,1.3333333333333333,0.1388888888888889,-0.18055555555555552,0.2876820724517808,0.0,0.8,-0.0
4232,2139,2025-05-05,Train,0,1,-42.0,0.4,21.0,0,-7,0.47619047619047616,0.47619047619047616,0.22916666666666663,0.10019841269841273,-0.13353139262452252,-20.0,0.19047619047619047,-882.0
4217,1125,2025-05-06,Dust2,1,1,-371.0,-0.2,194.75,0,-3,0.4,0.4,0.04583333333333328,-0.0958333333333333,-1.7047480922384253,-148.4,-0.08000000000000002,-72252.25
4218,1125,2025-05-06,Mirage,1,1,-371.0,-0.2,194.75,0,-3,1.2307692307692308,1.2307692307692308,0.11217948717948711,-0.32371794871794873,-1.945910149055313,-456.61538461538464,-0.24615384615384617,-72252.25
4219,2134,2025-05-06,Dust2,0,-1,-371.0,-0.2,91.0,0,0,-1.6,-1.6,-0.24583333333333335,0.2375,-1.7047480922384253,593.6,0.32000000000000006,-33761.0
4221,2135,2025-05-06,Anubis,0,1,65.0,0.9,-32.0,0,7,1.0,1.0,0.15277777777777773,0.01041666666666674,0.2231435513142097,65.0,0.9,-2080.0
4222,2135,2025-05-06,Mirage,0,1,65.0,0.9,-32.0,0,7,1.6,1.6,0.09652777777777777,-0.16666666666666663,1.6582280766035324,104.0,1.4400000000000002,-2080.0
4220,2134,2025-05-06,Mirage,0,-1,-371.0,-0.2,91.0,0,0,-0.10256410256410253,-0.10256410256410253,0.04273504273504275,-0.004273504273504314,-1.2527629684953678,38.05128205128204,0.02051282051282051,-33761.0
4224,2136,2025-05-06,Mirage,0,-1,0.0,-1.0,0.0,0,9,-1.0,-1.0,-0.10416666666666663,0.24479166666666666,1.5040773967762742,-0.0,1.0,0.0
4225,2137,2025-05-06,Anubis,0,-1,0.0,0.4,21.0,0,-5,-0.0784313725490196,-0.0784313725490196,-0.08251633986928109,-0.040032679738562116,-0.9444616088408513,-0.0,-0.03137254901960784,0.0
4226,2137,2025-05-06,Train,0,1,0.0,0.4,21.0,0,-5,0.2857142857142857,0.2857142857142857,0.14285714285714274,0.11904761904761912,0.0,0.0,0.11428571428571428,0.0
4227,2137,2025-05-06,Dust2,0,-1,0.0,0.4,21.0,0,-5,-0.5,-0.5,-0.01041666666666663,0.07291666666666663,0.0,-0.0,-0.2,0.0
4228,2138,2025-05-06,Ancient,0,-1,42.0,-0.05714285714285716,-128.57142857142858,0,11,0.5555555555555556,0.5555555555555556,0.08796296296296297,-0.1388888888888889,1.2039728043259361,23.333333333333336,-0.03174603174603176,-5400.000000000001
4229,2138,2025-05-06,Nuke,0,-1,42.0,-0.05714285714285716,-128.57142857142858,0,11,-1.0,-1.0,-0.0625,0.08333333333333331,0.2876820724517808,-42.0,0.05714285714285716,-5400.000000000001
4223,2136,2025-05-06,Nuke,0,-1,0.0,-1.0,0.0,0,9,-1.0,-1.0,-0.07916666666666666,-0.016666666666666663,1.7047480922384253,-0.0,1.0,0.0
4206,2129,2025-05-07,Dust2,0,1,0.0,0.0,-37.6,0,7,1.2,1.2,0.04999999999999993,-0.2,0.0,0.0,0.0,-0.0
4201,1123,2025-05-07,Anubis,1,-1,-371.0,0.0,371.0,0,-5,-1.6,-1.6,-0.34166666666666656,0.15833333333333333,-1.0986122886681096,593.6,-0.0,-137641.0
4202,1123,2025-05-07,Train,1,1,-371.0,0.0,371.0,0,-5,1.2,1.2,0.08333333333333331,-0.25,-1.0986122886681096,-445.2,0.0,-137641.0
4203,1124,2025-05-07,Inferno,1,1,0.0,0.6,214.2,0,4,1.2727272727272727,1.2727272727272727,0.16666666666666663,-0.1742424242424242,1.791759469228055,0.0,0.7636363636363636,0.0
4204,1124,2025-05-07,Mirage,1,1,0.0,0.6,214.2,0,4,1.4285714285714286,1.4285714285714286,0.3452380952380953,-0.20238095238095238,1.3862943611198904,0.0,0.8571428571428571,0.0
4205,2129,2025-05-07,Mirage,0,1,0.0,0.0,-37.6,0,7,1.0,1.0,0.041666666666666685,-0.12499999999999994,1.2992829841302609,0.0,0.0,-0.0
4207,2130,2025-05-07,Mirage,0,-1,-65.0,-0.7333333333333334,65.0,0,-10,-1.619047619047619,-1.619047619047619,-0.23809523809523808,0.17261904761904756,-2.3978952727983707,105.23809523809524,1.1873015873015873,-4225.0
4200,1123,2025-05-07,Ancient,1,1,-371.0,0.0,371.0,0,-5,-0.09090909090909091,-0.09090909090909091,-0.19128787878787878,0.058712121212121215,-1.3862943611198906,33.72727272727273,-0.0,-137641.0
4209,2130,2025-05-07,Dust2,0,-1,-65.0,-0.7333333333333334,65.0,0,-10,-1.2,-1.2,0.04999999999999993,0.21666666666666662,-1.7047480922384253,78.0,0.88,-4225.0
4210,2131,2025-05-07,Ancient,0,1,-371.0,1.2,371.0,0,-5,0.9090909090909091,0.9090909090909091,0.16287878787878785,0.12121212121212116,-1.791759469228055,-337.27272727272725,1.0909090909090908,-137641.0
4211,2131,2025-05-07,Inferno,0,1,-371.0,1.2,371.0,0,-5,2.0,2.0,0.08333333333333331,-0.08333333333333331,0.0,-742.0,2.4,-137641.0
4212,2132,2025-05-07,Anubis,0,1,-42.0,0.0,27.6,0,-9,-0.09090909090909091,-0.09090909090909091,-0.19507575757575757,-0.028409090909090884,-1.3862943611198906,3.8181818181818183,-0.0,-1159.2
4213,2132,2025-05-07,Mirage,0,-1,-42.0,0.0,27.6,0,-9,-1.2307692307692308,-1.2307692307692308,0.23717948717948717,0.3589743589743589,-1.945910149055313,51.69230769230769,-0.0,-1159.2
4214,2132,2025-05-07,Ancient,0,1,-42.0,0.0,27.6,0,-9,-1.0,-1.0,-0.22916666666666674,0.09583333333333338,-0.6061358035703157,42.0,-0.0,-1159.2
4216,2133,2025-05-07,Train,0,1,0.0,0.5333333333333333,7.0,0,-10,1.0,1.0,0.29166666666666663,0.20833333333333337,-1.5040773967762742,0.0,0.5333333333333333,0.0
4215,2133,2025-05-07,Mirage,0,1,0.0,0.5333333333333333,7.0,0,-10,1.0,1.0,0.10416666666666663,-0.08333333333333337,-1.7047480922384253,0.0,0.5333333333333333,0.0
4208,2130,2025-05-07,Train,0,1,-65.0,-0.7333333333333334,65.0,0,-10,1.1428571428571428,1.1428571428571428,0.04761904761904756,-0.27976190476190477,-1.3862943611198904,-74.28571428571428,-0.8380952380952381,-4225.0
4191,2125,2025-05-08,Dust2,0,-1,-371.0,-0.4,136.9,0,-3,-1.6363636363636362,-1.6363636363636362,-0.125,0.23106060606060602,-1.791759469228055,607.090909090909,0.6545454545454545,-50789.9
4192,2125,2025-05-08,Anubis,0,1,-371.0,-0.4,136.9,0,-3,-0.8333333333333333,-0.8333333333333333,-0.10069444444444448,0.10069444444444436,-0.33647223662121295,309.16666666666663,0.3333333333333333,-50789.9
4193,2125,2025-05-08,Train,0,-1,-371.0,-0.4,136.9,0,-3,-1.0,-1.0,-0.01388888888888895,0.04861111111111105,-1.252762968495368,371.0,0.4,-50789.9
4197,2127,2025-05-08,Anubis,0,1,42.0,0.39999999999999997,-103.6,0,11,1.1666666666666667,1.1666666666666667,0.02083333333333337,-0.09027777777777768,1.466337068793427,49.0,0.4666666666666667,-4351.2
4195,2126,2025-05-08,Inferno,0,-1,-65.0,-0.6,218.0,0,-10,-0.09090909090909091,-0.09090909090909091,0.02840909090909094,0.09469696969696972,-1.3862943611198906,5.909090909090909,0.05454545454545454,-14170.0
4196,2127,2025-05-08,Dust2,0,1,42.0,0.39999999999999997,-103.6,0,11,0.7,0.7,0.25,-0.13541666666666663,0.18232155679395468,29.4,0.27999999999999997,-4351.2
4198,2128,2025-05-08,Inferno,0,1,0.0,0.8,-7.899999999999999,0,3,0.5,0.5,0.07291666666666663,-0.03125,0.5108256237659905,0.0,0.4,-0.0
4199,2128,2025-05-08,Dust2,0,1,0.0,0.8,-7.899999999999999,0,3,1.2,1.2,0.17499999999999993,-0.14166666666666666,1.0986122886681096,0.0,0.96,-0.0
4194,2126,2025-05-08,Mirage,0,-1,-65.0,-0.6,218.0,0,-10,-1.6363636363636362,-1.6363636363636362,-0.032196969696969724,0.16856060606060602,-2.4423470353692043,106.36363636363636,0.9818181818181817,-14170.0
4185,1122,2025-05-09,Inferno,1,1,49.0,0.7333333333333334,-137.7,0,-4,0.8333333333333334,0.8333333333333334,0.08333333333333331,0.0763888888888889,-1.8718021769015913,40.833333333333336,0.6111111111111112,-6747.299999999999
4186,1122,2025-05-09,Ancient,1,-1,49.0,0.7333333333333334,-137.7,0,-4,-1.3333333333333333,-1.3333333333333333,-0.13888888888888895,0.18055555555555552,-0.6931471805599453,-65.33333333333333,-0.9777777777777779,-6747.299999999999
4188,2124,2025-05-09,Dust2,0,-1,-371.0,-0.3333333333333333,218.0,0,-6,-1.6666666666666665,-1.6666666666666665,-0.08680555555555552,0.29513888888888884,-1.466337068793427,618.3333333333333,0.5555555555555555,-80878.0
4189,2124,2025-05-09,Mirage,0,1,-371.0,-0.3333333333333333,218.0,0,-6,0.2857142857142857,0.2857142857142857,0.07142857142857145,0.15178571428571425,-1.6094379124341003,-106.0,-0.09523809523809523,-80878.0
4190,2124,2025-05-09,Ancient,0,-1,-371.0,-0.3333333333333333,218.0,0,-6,-1.1666666666666667,-1.1666666666666667,0.32638888888888895,0.5833333333333335,-1.8718021769015913,432.83333333333337,0.3888888888888889,-80878.0
4187,1122,2025-05-09,Mirage,1,1,49.0,0.7333333333333334,-137.7,0,-4,0.75,0.75,0.10937499999999994,0.09375,-1.5040773967762742,36.75,0.55,-6747.299999999999
4165,1118,2025-05-10,Mirage,1,1,-265.0,0.4,316.1,0,2,0.42857142857142855,0.42857142857142855,-0.010416666666666685,-0.12202380952380959,0.47000362924573547,-113.57142857142857,0.17142857142857143,-83766.5
4164,1117,2025-05-10,Inferno,1,1,0.0,0.3333333333333333,-32.5,0,5,1.2307692307692308,1.2307692307692308,0.1314102564102564,-0.16346153846153844,1.945910149055313,0.0,0.41025641025641024,-0.0
4163,1117,2025-05-10,Ancient,1,-1,0.0,0.3333333333333333,-32.5,0,5,0.0,0.0,0.020833333333333315,-0.052083333333333315,0.0,0.0,0.0,-0.0
4162,1117,2025-05-10,Dust2,1,1,0.0,0.3333333333333333,-32.5,0,5,1.1428571428571428,1.1428571428571428,0.261904761904762,-0.19642857142857134,0.6931471805599452,0.0,0.38095238095238093,-0.0
4160,1116,2025-05-10,Dust2,1,1,430.0,0.0,-106.0,0,0,0.5,0.5,0.13541666666666666,-0.09374999999999994,0.916290731874155,215.0,0.0,-45580.0
4159,1115,2025-05-10,Ancient,1,-1,-55.0,-1.0,58.3,0,0,-2.0,-2.0,-0.1916666666666666,0.16666666666666663,0.6931471805599452,110.0,2.0,-3206.5
4158,1115,2025-05-10,Dust2,1,1,-55.0,-1.0,58.3,0,0,1.1428571428571428,1.1428571428571428,0.0,-0.11904761904761901,1.3862943611198904,-62.857142857142854,-1.1428571428571428,-3206.5
4156,1114,2025-05-10,Nuke,1,1,290.0,0.4,96.0,0,4,0.8333333333333333,0.8333333333333333,0.027777777777777735,-0.1111111111111111,-0.33647223662121295,241.66666666666666,0.3333333333333333,27840.0
4155,1114,2025-05-10,Mirage,1,1,290.0,0.4,96.0,0,4,0.2,0.2,-0.018055555555555547,-0.08611111111111108,-0.15415067982725827,58.0,0.08000000000000002,27840.0
4154,1113,2025-05-10,Nuke,1,1,39.0,0.6,91.0,0,2,1.0,1.0,0.28125,-0.16666666666666663,0.916290731874155,39.0,0.6,3549.0
4153,1113,2025-05-10,Mirage,1,1,39.0,0.6,91.0,0,2,2.0,2.0,0.20833333333333331,-0.20833333333333331,0.0,78.0,1.2,3549.0
4166,1118,2025-05-10,Anubis,1,-1,-265.0,0.4,316.1,0,2,-0.39999999999999997,-0.39999999999999997,-0.016666666666666663,0.10000000000000003,0.0,105.99999999999999,-0.16,-83766.5
4157,1115,2025-05-10,Train,1,-1,-55.0,-1.0,58.3,0,0,-0.5,-0.5,-0.12500000000000006,0.07291666666666663,-0.5108256237659905,27.5,0.5,-3206.5
4167,1118,2025-05-10,Inferno,1,1,-265.0,0.4,316.1,0,2,1.5,1.5,0.30208333333333326,-0.10416666666666663,0.2231435513142097,-397.5,0.6000000000000001,-83766.5
4161,1116,2025-05-10,Mirage,1,1,430.0,0.0,-106.0,0,0,0.0,0.0,-0.062499999999999944,-0.18750000000000006,0.5108256237659905,0.0,0.0,-45580.0
4169,1119,2025-05-10,Ancient,1,1,190.0,0.0,-25.0,0,0,1.6,1.6,0.125,-0.13333333333333325,0.6931471805599452,304.0,0.0,-4750.0
4168,1119,2025-05-10,Anubis,1,-1,190.0,0.0,-25.0,0,0,-0.8333333333333333,-0.8333333333333333,-0.052083333333333315,0.06597222222222227,-0.2231435513142097,-158.33333333333331,-0.0,-4750.0
4182,2123,2025-05-10,Train,0,1,0.0,-0.14285714285714285,111.28571428571429,0,-9,0.1111111111111111,0.1111111111111111,0.030092592592592615,0.03703703703703698,-1.2039728043259361,0.0,-0.015873015873015872,0.0
4181,2122,2025-05-10,Train,0,-1,37.0,-0.3333333333333333,-2.5999999999999996,0,3,-0.6666666666666667,-0.6666666666666667,-0.07638888888888884,0.02083333333333337,0.8472978603872034,-24.666666666666668,0.22222222222222224,-96.19999999999999
4180,2122,2025-05-10,Dust2,0,-1,37.0,-0.3333333333333333,-2.5999999999999996,0,3,-1.0,-1.0,-0.08749999999999997,0.17083333333333328,1.7047480922384253,-37.0,0.3333333333333333,-96.19999999999999
4179,2122,2025-05-10,Nuke,0,1,37.0,-0.3333333333333333,-2.5999999999999996,0,3,1.2,1.2,0.10416666666666669,-0.07500000000000001,1.2992829841302609,44.4,-0.39999999999999997,-96.19999999999999
4178,2121,2025-05-10,Inferno,0,-1,-371.0,-0.5333333333333333,269.0,0,-6,-0.3333333333333333,-0.3333333333333333,-0.06944444444444442,-0.02777777777777779,0.2876820724517808,123.66666666666666,0.17777777777777776,-99799.0
4177,2121,2025-05-10,Ancient,0,-1,-371.0,-0.5333333333333333,269.0,0,-6,-0.23076923076923078,-0.23076923076923078,-0.06891025641025633,0.09615384615384615,-1.5404450409471486,85.61538461538461,0.12307692307692308,-99799.0
4183,2123,2025-05-10,Dust2,0,-1,0.0,-0.14285714285714285,111.28571428571429,0,-9,-0.6666666666666666,-0.6666666666666666,-0.09027777777777773,-0.0625,-0.8472978603872034,-0.0,0.09523809523809523,0.0
4175,1121,2025-05-10,Ancient,1,-1,244.0,0.2,-53.7,0,0,-1.0,-1.0,-0.09374999999999994,0.33333333333333337,1.5040773967762742,-244.0,-0.2,-13102.800000000001
4184,2123,2025-05-10,Ancient,0,-1,0.0,-0.14285714285714285,111.28571428571429,0,-9,-0.6153846153846154,-0.6153846153846154,-0.01282051282051283,0.038461538461538436,-1.945910149055313,-0.0,0.08791208791208792,0.0
4174,1121,2025-05-10,Dust2,1,1,244.0,0.2,-53.7,0,0,0.4,0.4,0.02777777777777779,-0.008333333333333304,0.4054651081081644,97.60000000000001,0.08000000000000002,-13102.800000000001
4173,1120,2025-05-10,Dust2,1,-1,382.0,-0.2,-122.2,0,-4,0.0,0.0,0.13194444444444442,0.11805555555555558,-0.5596157879354227,0.0,-0.0,-46680.4
4172,1120,2025-05-10,Inferno,1,-1,382.0,-0.2,-122.2,0,-4,-1.0,-1.0,-0.034722222222222265,0.13541666666666663,-0.33647223662121295,-382.0,0.2,-46680.4
4171,1120,2025-05-10,Mirage,1,1,382.0,-0.2,-122.2,0,-4,0.75,0.75,0.07812499999999994,0.0625,-1.5040773967762742,286.5,-0.15000000000000002,-46680.4
4176,1121,2025-05-10,Inferno,1,1,244.0,0.2,-53.7,0,0,0.2,0.2,-0.02083333333333337,-0.11249999999999999,0.6931471805599452,48.800000000000004,0.04000000000000001,-13102.800000000001
4170,1119,2025-05-10,Nuke,1,-1,190.0,0.0,-25.0,0,0,-1.0,-1.0,-0.08333333333333331,0.04166666666666663,0.2876820724517808,-190.0,-0.0,-4750.0
4134,1110,2025-05-11,Nuke,1,1,170.0,0.6000000000000001,-157.10000000000002,0,-2,0.5333333333333333,0.5333333333333333,0.16388888888888892,0.04999999999999993,-0.4054651081081644,90.66666666666667,0.32000000000000006,-26707.000000000004
4133,1109,2025-05-11,Mirage,1,1,430.0,0.6000000000000001,-214.9,0,-4,0.0888888888888889,0.0888888888888889,0.03333333333333338,-0.012037037037037068,-0.5108256237659909,38.22222222222223,0.05333333333333335,-92407.0
4132,1109,2025-05-11,Inferno,1,1,430.0,0.6000000000000001,-214.9,0,-4,0.8095238095238095,0.8095238095238095,0.09722222222222227,-0.06349206349206349,-0.13353139262452252,348.0952380952381,0.48571428571428577,-92407.0
4131,1108,2025-05-11,Nuke,1,-1,-486.0,-0.4,181.2,0,0,-0.7619047619047619,-0.7619047619047619,-0.055555555555555636,0.10912698412698424,0.6931471805599452,370.2857142857143,0.3047619047619048,-88063.2
4130,1108,2025-05-11,Mirage,1,1,-486.0,-0.4,181.2,0,0,0.34285714285714286,0.34285714285714286,0.06666666666666665,-0.1023809523809524,0.2876820724517808,-166.62857142857143,-0.13714285714285715,-88063.2
4125,1106,2025-05-11,Train,1,1,310.0,0.0,228.0,0,4,0.8,0.8,0.1416666666666666,0.14999999999999997,-1.0986122886681096,248.0,0.0,70680.0
4127,1107,2025-05-11,Inferno,1,1,49.0,0.6,-24.5,0,-5,0.8571428571428572,0.8571428571428572,0.08928571428571425,-0.014880952380952384,-1.6094379124341003,42.0,0.5142857142857143,-1200.5
4126,1106,2025-05-11,Dust2,1,1,310.0,0.0,228.0,0,4,1.5,1.5,0.21875,-0.23958333333333331,0.5108256237659905,465.0,0.0,70680.0
4124,1105,2025-05-11,Nuke,1,-1,190.0,0.0,1.8000000000000114,0,0,-2.0,-2.0,-0.22916666666666663,0.14583333333333331,0.5108256237659905,-380.0,-0.0,342.00000000000216
4123,1105,2025-05-11,Dust2,1,1,190.0,0.0,1.8000000000000114,0,0,2.0,2.0,0.23958333333333331,-0.2361111111111111,0.33647223662121295,380.0,0.0,342.00000000000216
4122,1105,2025-05-11,Anubis,1,-1,190.0,0.0,1.8000000000000114,0,0,-0.16666666666666669,-0.16666666666666669,-0.034722222222222265,0.01736111111111105,0.2231435513142097,-31.66666666666667,-0.0,342.00000000000216
4135,1110,2025-05-11,Inferno,1,1,170.0,0.6000000000000001,-157.10000000000002,0,-2,0.7619047619047619,0.7619047619047619,0.001984126984126977,-0.13293650793650796,-0.13353139262452252,129.52380952380952,0.4571428571428572,-26707.000000000004
4128,1107,2025-05-11,Ancient,1,1,49.0,0.6,-24.5,0,-5,0.2,0.2,-0.020833333333333315,0.04583333333333334,-0.6931471805599452,9.8,0.12,-1200.5
4136,1111,2025-05-11,Ancient,1,-1,0.0,-0.05714285714285716,-92.35714285714286,0,0,-2.0,-2.0,-0.18749999999999994,0.16666666666666663,1.252762968495368,-0.0,0.11428571428571432,-0.0
4129,1108,2025-05-11,Anubis,1,-1,-486.0,-0.4,181.2,0,0,-0.2,-0.2,-0.00694444444444442,0.04444444444444445,-0.15415067982725827,97.2,0.08000000000000002,-88063.2
4138,1111,2025-05-11,Inferno,1,1,0.0,-0.05714285714285716,-92.35714285714286,0,0,0.0,0.0,0.020833333333333315,0.125,0.0,0.0,-0.0,-0.0
4137,1111,2025-05-11,Mirage,1,1,0.0,-0.05714285714285716,-92.35714285714286,0,0,0.3333333333333333,0.3333333333333333,-0.041666666666666685,-0.09027777777777773,0.5596157879354227,0.0,-0.019047619047619053,-0.0
4152,2120,2025-05-11,Mirage,0,-1,-42.0,-0.4,35.8,0,-11,-1.2857142857142856,-1.2857142857142856,-0.007936507936507964,0.17559523809523808,-1.3217558399823195,53.99999999999999,0.5142857142857142,-1503.6
4151,2120,2025-05-11,Nuke,0,-1,-42.0,-0.4,35.8,0,-11,0.5,0.5,-0.05208333333333337,0.03125,-0.5108256237659905,-21.0,-0.2,-1503.6
4149,2119,2025-05-11,Train,0,1,0.0,-0.8,-15.3,0,9,-0.3333333333333333,-0.3333333333333333,-0.03194444444444444,-0.034722222222222265,1.01160091167848,-0.0,0.26666666666666666,-0.0
4148,2119,2025-05-11,Dust2,0,-1,0.0,-0.8,-15.3,0,9,-0.5714285714285714,-0.5714285714285714,-0.0357142857142857,0.18154761904761907,0.980829253011726,-0.0,0.45714285714285713,-0.0
4147,2118,2025-05-11,Anubis,0,-1,0.0,-1.2,0.0,0,11,-0.6666666666666667,-0.6666666666666667,-0.02546296296296291,0.10185185185185186,2.251291798606495,-0.0,0.8,0.0
4146,2118,2025-05-11,Nuke,0,-1,0.0,-1.2,0.0,0,11,-1.1666666666666667,-1.1666666666666667,-0.10416666666666663,0.125,1.8718021769015913,-0.0,1.4000000000000001,0.0
4150,2119,2025-05-11,Nuke,0,-1,0.0,-0.8,-15.3,0,9,0.16666666666666666,0.16666666666666666,0.00694444444444442,0.0,1.1786549963416462,0.0,-0.13333333333333333,-0.0
4144,2117,2025-05-11,Ancient,0,1,-306.0,0.2,153.0,0,0,0.45714285714285713,0.45714285714285713,0.05833333333333335,0.06845238095238099,-0.3101549283038394,-139.88571428571427,0.09142857142857143,-46818.0
4143,2117,2025-05-11,Mirage,0,-1,-306.0,0.2,153.0,0,0,0.7652173913043478,0.7652173913043478,0.02995169082125604,-0.086231884057971,0.4054651081081646,-234.15652173913045,0.1530434782608696,-46818.0
4142,2117,2025-05-11,Dust2,0,-1,-306.0,0.2,153.0,0,0,-0.6013986013986014,-0.6013986013986014,-0.040501165501165504,0.15705128205128205,-0.15415067982725805,184.02797202797203,-0.12027972027972028,-46818.0
4141,2117,2025-05-11,Default,0,1,-306.0,0.2,153.0,0,0,2.0,2.0,0.041666666666666664,-0.041666666666666664,0.0,-612.0,0.4,-46818.0
4140,1112,2025-05-11,Anubis,1,1,296.0,0.4,281.7,0,1,-0.5333333333333333,-0.5333333333333333,-0.015277777777777724,0.018055555555555547,0.15415067982725827,-157.86666666666667,-0.21333333333333335,83383.2
4139,1112,2025-05-11,Mirage,1,1,296.0,0.4,281.7,0,1,1.5,1.5,0.26041666666666663,-0.16666666666666663,1.0986122886681098,444.0,0.6000000000000001,83383.2
4145,2117,2025-05-11,Inferno,0,1,-306.0,0.2,153.0,0,0,0.5,0.5,0.0,-0.2152777777777778,1.1786549963416462,-153.0,0.1,-46818.0
4109,1101,2025-05-12,Ancient,1,-1,40.0,-0.8,261.8,0,1,-0.75,-0.75,-0.09374999999999994,-0.041666666666666685,1.5040773967762742,-30.0,0.6000000000000001,10472.0
4102,1098,2025-05-12,Dust2,1,-1,-121.0,-0.6,-167.5,0,-4,-1.2666666666666666,-1.2666666666666666,-0.1375,0.23472222222222222,0.15415067982725827,153.26666666666665,0.7599999999999999,20267.5
4103,1098,2025-05-12,Ancient,1,-1,-121.0,-0.6,-167.5,0,-4,-0.4444444444444444,-0.4444444444444444,-0.02314814814814814,0.05555555555555558,0.9162907318741553,53.77777777777777,0.26666666666666666,20267.5
4104,1099,2025-05-12,Dust2,1,-1,-190.0,0.0,99.0,0,0,-2.0,-2.0,-0.24702380952380953,0.21428571428571425,-0.980829253011726,380.0,-0.0,-18810.0
4105,1099,2025-05-12,Ancient,1,1,-190.0,0.0,99.0,0,0,0.6666666666666667,0.6666666666666667,0.062499999999999944,-0.05555555555555558,-0.8472978603872034,-126.66666666666669,0.0,-18810.0
4106,1099,2025-05-12,Inferno,1,-1,-190.0,0.0,99.0,0,0,-0.6666666666666666,-0.6666666666666666,-0.055555555555555636,-0.06944444444444442,0.0,126.66666666666666,-0.0,-18810.0
4107,1100,2025-05-12,Inferno,1,1,-134.0,0.2,417.7,0,1,0.17142857142857143,0.17142857142857143,0.010714285714285787,0.030952380952380898,-0.2876820724517808,-22.97142857142857,0.03428571428571429,-55971.799999999996
4108,1100,2025-05-12,Mirage,1,1,-134.0,0.2,417.7,0,1,0.5555555555555556,0.5555555555555556,-0.009259259259259245,-0.03935185185185186,0.35667494393873267,-74.44444444444444,0.11111111111111112,-55971.799999999996
4110,1101,2025-05-12,Mirage,1,-1,40.0,-0.8,261.8,0,1,0.0,0.0,0.03125,0.041666666666666685,1.0986122886681098,0.0,-0.0,10472.0
4113,1103,2025-05-12,Train,1,1,561.0,0.6000000000000001,-187.2,0,0,1.0,1.0,0.12500000000000003,-0.18749999999999994,0.4054651081081645,561.0,0.6000000000000001,-105019.2
4112,1102,2025-05-12,Nuke,1,-1,74.0,-0.4,1.1999999999999886,0,2,-1.3333333333333333,-1.3333333333333333,-0.1388888888888889,0.013888888888888895,0.5596157879354227,-98.66666666666666,0.5333333333333333,88.79999999999916
4114,1103,2025-05-12,Anubis,1,-1,561.0,0.6000000000000001,-187.2,0,0,-0.47619047619047616,-0.47619047619047616,-0.015873015873015817,-0.026785714285714246,0.13353139262452252,-267.1428571428571,-0.28571428571428575,-105019.2
4115,1103,2025-05-12,Inferno,1,1,561.0,0.6000000000000001,-187.2,0,0,-0.16666666666666669,-0.16666666666666669,-0.125,-0.010416666666666685,0.2231435513142097,-93.50000000000001,-0.10000000000000002,-105019.2
4116,1104,2025-05-12,Dust2,1,-1,0.0,-0.4,205.7,0,4,-0.6785714285714286,-0.6785714285714286,-0.0401785714285714,0.10714285714285715,-0.11778303565638382,-0.0,0.27142857142857146,0.0
4117,1104,2025-05-12,Ancient,1,-1,0.0,-0.4,205.7,0,4,0.4642857142857143,0.4642857142857143,0.014880952380952384,0.007440476190476164,0.11778303565638382,0.0,-0.18571428571428572,0.0
4118,2115,2025-05-12,Train,0,-1,0.0,-0.4,117.8,0,-10,-0.5909090909090909,-0.5909090909090909,-0.10416666666666669,0.12215909090909088,-0.8754687373539001,-0.0,0.2363636363636364,0.0
4119,2115,2025-05-12,Dust2,0,-1,0.0,-0.4,117.8,0,-10,-1.5,-1.5,-0.21874999999999994,0.10937499999999994,-0.810930216216329,-0.0,0.6000000000000001,0.0
4120,2116,2025-05-12,Ancient,0,-1,-42.0,-1.4,42.0,0,-12,-1.4545454545454546,-1.4545454545454546,-0.47348484848484845,0.19318181818181818,-1.791759469228055,61.09090909090909,2.036363636363636,-1764.0
4121,2116,2025-05-12,Mirage,0,-1,-42.0,-1.4,42.0,0,-12,-1.3333333333333333,-1.3333333333333333,-0.28888888888888886,0.10833333333333328,-2.0794415416798357,56.0,1.8666666666666665,-1764.0
4111,1102,2025-05-12,Anubis,1,-1,74.0,-0.4,1.1999999999999886,0,2,-1.0,-1.0,-0.125,0.08333333333333331,0.0,-74.0,0.4,88.79999999999916
4087,1096,2025-05-13,Dust2,1,-1,-190.0,-0.8,245.8,0,4,-1.5,-1.5,-0.14583333333333331,0.20312499999999994,0.0,285.0,1.2000000000000002,-46702.0
4086,1095,2025-05-13,Ancient,1,1,244.0,0.0,3.5999999999999943,0,0,0.75,0.75,0.05312500000000003,-0.06458333333333333,0.2006706954621511,183.0,0.0,878.3999999999986
4085,1095,2025-05-13,Inferno,1,-1,244.0,0.0,3.5999999999999943,0,0,-0.19047619047619047,-0.19047619047619047,-0.055555555555555636,-0.021825396825396803,0.6931471805599452,-46.476190476190474,-0.0,878.3999999999986
4088,1096,2025-05-13,Mirage,1,-1,-190.0,-0.8,245.8,0,4,-0.5,-0.5,-0.02916666666666662,0.0708333333333333,0.7884573603642704,95.0,0.4,-46702.0
4083,1094,2025-05-13,Mirage,1,1,-74.0,0.6,243.5,0,-2,-0.3333333333333333,-0.3333333333333333,-0.11805555555555552,0.034722222222222265,0.2876820724517808,24.666666666666664,-0.19999999999999998,-18019.0
4082,1094,2025-05-13,Train,1,1,-74.0,0.6,243.5,0,-2,1.0,1.0,0.11805555555555555,-0.12499999999999994,-0.2876820724517808,-74.0,0.6,-18019.0
4081,1093,2025-05-13,Inferno,1,1,48.0,1.2,27.39999999999999,0,2,1.5,1.5,0.11041666666666666,-0.15520833333333334,0.4054651081081646,72.0,1.7999999999999998,1315.1999999999996
4084,1095,2025-05-13,Dust2,1,1,244.0,0.0,3.5999999999999943,0,0,-0.5396825396825397,-0.5396825396825397,-0.04298941798941802,0.10119047619047622,-0.22314355131421015,-131.68253968253967,-0.0,878.3999999999986
4089,1097,2025-05-13,Anubis,1,1,561.0,0.4,-175.5,0,0,0.2,0.2,0.017708333333333326,-0.07916666666666672,0.4054651081081646,112.2,0.08000000000000002,-98455.5
4080,1093,2025-05-13,Train,1,1,48.0,1.2,27.39999999999999,0,2,1.3333333333333333,1.3333333333333333,-0.04166666666666674,-0.18055555555555564,-0.6931471805599453,64.0,1.5999999999999999,1315.1999999999996
4091,2111,2025-05-13,Inferno,0,-1,42.0,0.8,-239.4,0,12,-2.0,-2.0,-0.16666666666666663,0.08333333333333331,0.916290731874155,-84.0,-1.6,-10054.800000000001
4100,2114,2025-05-13,Dust2,0,1,-42.0,-0.4,21.0,0,-10,0.0,0.0,-0.15277777777777773,0.01388888888888895,-0.8472978603872034,-0.0,-0.0,-882.0
4090,1097,2025-05-13,Train,1,1,561.0,0.4,-175.5,0,0,0.3333333333333333,0.3333333333333333,-0.020833333333333315,-0.1597222222222222,0.2876820724517808,187.0,0.13333333333333333,-98455.5
4101,2114,2025-05-13,Nuke,0,1,-42.0,-0.4,21.0,0,-10,0.9333333333333333,0.9333333333333333,0.04722222222222233,-0.008333333333333304,-0.4054651081081644,-39.2,-0.37333333333333335,-882.0
4098,2113,2025-05-13,Ancient,0,1,371.0,0.5333333333333333,-153.0,0,9,1.2,1.2,0.4583333333333333,-0.11666666666666664,1.6739764335716714,445.2,0.64,-56763.0
4097,2113,2025-05-13,Mirage,0,-1,371.0,0.5333333333333333,-153.0,0,9,-1.25,-1.25,-0.09114583333333331,0.09635416666666669,2.1400661634962708,-463.75,-0.6666666666666666,-56763.0
4099,2113,2025-05-13,Anubis,0,1,371.0,0.5333333333333333,-153.0,0,9,1.4285714285714286,1.4285714285714286,0.40476190476190477,-0.17261904761904756,1.3862943611198904,530.0,0.7619047619047619,-56763.0
4095,2112,2025-05-13,Anubis,0,-1,0.0,-0.2,0.0,0,11,-0.736842105263158,-0.736842105263158,-0.030701754385964897,0.06578947368421056,1.897119984885881,-0.0,0.1473684210526316,0.0
4094,2112,2025-05-13,Dust2,0,1,0.0,-0.2,0.0,0,11,1.5555555555555556,1.5555555555555556,0.43055555555555564,-0.14814814814814808,1.6094379124341005,0.0,-0.3111111111111111,0.0
4093,2111,2025-05-13,Anubis,0,1,42.0,0.8,-239.4,0,12,1.2307692307692308,1.2307692307692308,0.23076923076923078,-0.05128205128205121,1.5404450409471486,51.69230769230769,0.9846153846153847,-10054.800000000001
4092,2111,2025-05-13,Mirage,0,1,42.0,0.8,-239.4,0,12,0.875,0.875,0.08333333333333331,-0.09114583333333337,1.2237754316221159,36.75,0.7000000000000001,-10054.800000000001
4096,2112,2025-05-13,Ancient,0,1,0.0,-0.2,0.0,0,11,0.7142857142857143,0.7142857142857143,-0.017857142857142905,-0.044642857142857095,2.0149030205422647,0.0,-0.14285714285714288,0.0
4070,2106,2025-05-14,Dust2,0,1,42.0,0.0,-8.4,0,0,-0.2571428571428572,-0.2571428571428572,-0.01964285714285713,-0.015476190476190532,-0.3184537311185349,-10.8,-0.0,-352.8
4065,1091,2025-05-14,Mirage,1,1,0.0,-0.2,169.10000000000002,0,0,0.14285714285714285,0.14285714285714285,-0.059523809523809534,-0.019345238095238082,-0.47000362924573547,0.0,-0.02857142857142857,0.0
4066,1091,2025-05-14,Anubis,1,-1,0.0,-0.2,169.10000000000002,0,0,-0.19047619047619047,-0.19047619047619047,-0.07539682539682535,0.04960317460317465,0.6931471805599452,-0.0,0.0380952380952381,0.0
4067,1091,2025-05-14,Ancient,1,1,0.0,-0.2,169.10000000000002,0,0,0.4444444444444445,0.4444444444444445,0.041666666666666685,0.018518518518518545,-0.9162907318741553,0.0,-0.0888888888888889,0.0
4069,1092,2025-05-14,Nuke,1,1,-135.0,0.4,113.0,0,-2,2.0,2.0,0.20833333333333331,-0.12499999999999994,-1.0986122886681096,-270.0,0.8,-15255.0
4071,2106,2025-05-14,Mirage,0,1,42.0,0.0,-8.4,0,0,0.5026737967914439,0.5026737967914439,0.0782085561497326,-0.0064616755793226455,0.40546510810816416,21.112299465240643,0.0,-352.8
4068,1092,2025-05-14,Dust2,1,1,-135.0,0.4,113.0,0,-2,-1.1111111111111112,-1.1111111111111112,-0.15277777777777773,0.15277777777777773,-0.9162907318741553,150.0,-0.4444444444444445,-15255.0
4073,2107,2025-05-14,Dust2,0,1,0.0,0.6000000000000001,-8.4,0,1,0.6666666666666666,0.6666666666666666,0.11805555555555558,-0.04861111111111105,0.5596157879354227,0.0,0.4,-0.0
4079,2110,2025-05-14,Inferno,0,-1,42.0,0.0,-206.5,0,12,-2.0,-2.0,-0.14999999999999997,0.08333333333333331,1.0986122886681096,-84.0,-0.0,-8673.0
4072,2107,2025-05-14,Ancient,0,1,0.0,0.6000000000000001,-8.4,0,1,-0.14285714285714285,-0.14285714285714285,-0.0029761904761904656,-0.02976190476190471,0.980829253011726,-0.0,-0.08571428571428573,-0.0
4077,2109,2025-05-14,Anubis,0,1,371.0,0.6000000000000001,-105.4,0,9,0.8333333333333333,0.8333333333333333,0.18402777777777773,-0.125,0.810930216216329,309.16666666666663,0.5,-39103.4
4078,2110,2025-05-14,Anubis,0,-1,42.0,0.0,-206.5,0,12,0.14285714285714285,0.14285714285714285,0.0803571428571429,-0.005952380952380931,1.6094379124341003,6.0,0.0,-8673.0
4075,2109,2025-05-14,Inferno,0,-1,371.0,0.6000000000000001,-105.4,0,9,-0.5,-0.5,0.0625,0.20833333333333337,0.5108256237659905,-185.5,-0.30000000000000004,-39103.4
4074,2108,2025-05-14,Default,0,1,0.0,1.0,8.4,0,12,2.0,2.0,0.041666666666666664,-0.041666666666666664,0.0,0.0,2.0,0.0
4076,2109,2025-05-14,Dust2,0,1,371.0,0.6000000000000001,-105.4,0,9,1.7142857142857144,1.7142857142857144,0.2172619047619047,-0.244047619047619,1.6094379124341003,636.0,1.0285714285714287,-39103.4
4064,2105,2025-05-15,Nuke,0,1,0.0,1.0,302.2,0,2,2.0,2.0,0.53125,-0.22916666666666663,0.916290731874155,0.0,2.0,0.0
4063,2105,2025-05-15,Dust2,0,1,0.0,1.0,302.2,0,2,0.75,0.75,-0.041666666666666685,-0.09895833333333331,1.5040773967762742,0.0,0.75,0.0
4062,2104,2025-05-15,Ancient,0,1,42.0,0.6000000000000001,-140.7,0,12,1.5,1.5,0.22569444444444436,-0.1909722222222222,1.1786549963416462,63.0,0.9000000000000001,-5909.4
4061,2104,2025-05-15,Mirage,0,-1,42.0,0.6000000000000001,-140.7,0,12,0.5333333333333333,0.5333333333333333,0.0490740740740741,-0.04675925925925928,1.1526795099383853,22.4,0.32000000000000006,-5909.4
4060,2104,2025-05-15,Inferno,0,1,42.0,0.6000000000000001,-140.7,0,12,-0.6666666666666666,-0.6666666666666666,0.125,-0.041666666666666685,0.8472978603872034,-28.0,-0.4,-5909.4
4044,1089,2025-05-16,Dust2,1,1,0.0,-0.3333333333333333,10.844444444444441,0,-3,1.0,1.0,0.13020833333333331,-0.09895833333333337,-1.0986122886681098,0.0,-0.3333333333333333,0.0
4043,1089,2025-05-16,Inferno,1,-1,0.0,-0.3333333333333333,10.844444444444441,0,-3,-1.2,-1.2,-0.16666666666666663,0.15833333333333333,-1.6739764335716714,-0.0,0.39999999999999997,0.0
4042,1088,2025-05-16,Ancient,1,-1,186.0,0.0,-8.0,0,0,-0.4242424242424242,-0.4242424242424242,-0.06818181818181818,0.06313131313131315,-1.0986122886681098,-78.9090909090909,-0.0,-1488.0
4041,1088,2025-05-16,Mirage,1,1,186.0,0.0,-8.0,0,0,0.47619047619047616,0.47619047619047616,0.05654761904761907,-0.04761904761904756,0.13353139262452252,88.57142857142857,0.0,-1488.0
4038,1087,2025-05-16,Nuke,1,1,561.0,0.6,-272.8,0,-1,0.8333333333333333,0.8333333333333333,0.12152777777777779,-0.11805555555555558,0.2231435513142097,467.49999999999994,0.49999999999999994,-153040.80000000002
4039,1087,2025-05-16,Train,1,1,561.0,0.6,-272.8,0,-1,0.8333333333333333,0.8333333333333333,0.1527777777777778,-0.19791666666666663,0.2231435513142097,467.49999999999994,0.49999999999999994,-153040.80000000002
4037,1086,2025-05-16,Dust2,1,1,310.0,0.6,95.30000000000001,0,2,1.1666666666666665,1.1666666666666665,0.1284722222222222,-0.18402777777777773,0.33647223662121295,361.66666666666663,0.6999999999999998,29543.000000000004
4036,1086,2025-05-16,Train,1,1,310.0,0.6,95.30000000000001,0,2,1.0,1.0,0.11111111111111105,0.020833333333333315,-0.8472978603872034,310.0,0.6,29543.000000000004
4045,1089,2025-05-16,Ancient,1,-1,0.0,-0.3333333333333333,10.844444444444441,0,-3,-1.0,-1.0,-0.125,0.15277777777777773,-0.5596157879354227,-0.0,0.3333333333333333,0.0
4040,1088,2025-05-16,Nuke,1,-1,186.0,0.0,-8.0,0,0,-1.5,-1.5,-0.04166666666666674,0.18749999999999994,-0.916290731874155,-279.0,-0.0,-1488.0
4046,1090,2025-05-16,Mirage,1,-1,-86.0,0.6000000000000001,215.10000000000002,0,2,-0.6,-0.6,-0.09166666666666662,0.06666666666666665,1.2992829841302609,51.6,-0.36000000000000004,-18498.600000000002
4049,2096,2025-05-16,Ancient,0,-1,0.0,0.4,-81.6,0,12,-0.6666666666666666,-0.6666666666666666,-0.11666666666666664,-0.019444444444444486,1.3862943611198906,-0.0,-0.26666666666666666,-0.0
4048,2096,2025-05-16,Dust2,0,1,0.0,0.4,-81.6,0,12,1.4545454545454546,1.4545454545454546,0.041666666666666685,-0.12878787878787878,1.791759469228055,0.0,0.5818181818181819,-0.0
4050,2096,2025-05-16,Anubis,0,1,0.0,0.4,-81.6,0,12,0.8,0.8,0.05416666666666675,-0.07291666666666663,1.4350845252893227,0.0,0.32000000000000006,-0.0
4051,2097,2025-05-16,Train,0,-1,-42.0,0.0,12.6,0,-7,0.25,0.25,0.15104166666666669,0.14583333333333331,0.0,-10.5,0.0,-529.1999999999999
4052,2097,2025-05-16,Mirage,0,-1,-42.0,0.0,12.6,0,-7,-0.3684210526315789,-0.3684210526315789,-0.08369883040935672,0.036549707602339165,-1.0498221244986776,15.473684210526315,-0.0,-529.1999999999999
4053,2098,2025-05-16,Inferno,0,1,0.0,-0.05714285714285716,-118.0,0,-1,-0.3333333333333333,-0.3333333333333333,-0.09027777777777779,0.0,0.2876820724517808,-0.0,0.019047619047619053,-0.0
4054,2098,2025-05-16,Train,0,-1,0.0,-0.05714285714285716,-118.0,0,-1,-2.0,-2.0,-0.26041666666666663,0.375,0.916290731874155,-0.0,0.11428571428571432,-0.0
4055,2098,2025-05-16,Dust2,0,1,0.0,-0.05714285714285716,-118.0,0,-1,0.6666666666666667,0.6666666666666667,0.11805555555555558,-0.04166666666666663,0.2876820724517808,0.0,-0.03809523809523811,-0.0
4056,2099,2025-05-16,Ancient,0,1,371.0,0.8,-93.3,0,11,-0.08333333333333331,-0.08333333333333331,0.01388888888888884,-0.036458333333333315,1.4469189829363256,-30.91666666666666,-0.06666666666666665,-34614.299999999996
4057,2099,2025-05-16,Dust2,0,1,371.0,0.8,-93.3,0,11,1.0666666666666667,1.0666666666666667,0.05277777777777787,-0.12500000000000006,1.3862943611198906,395.73333333333335,0.8533333333333334,-34614.299999999996
4058,2100,2025-05-16,Inferno,0,-1,-87.0,-0.4,195.5,0,2,-0.8571428571428572,-0.8571428571428572,-0.20535714285714285,0.03273809523809523,0.980829253011726,74.57142857142858,0.3428571428571429,-17008.5
4047,1090,2025-05-16,Anubis,1,-1,-86.0,0.6000000000000001,215.10000000000002,0,2,-1.4285714285714286,-1.4285714285714286,-0.14880952380952384,0.09325396825396826,0.6931471805599452,122.85714285714286,-0.8571428571428573,-18498.600000000002
4059,2100,2025-05-16,Nuke,0,-1,-87.0,-0.4,195.5,0,2,0.26666666666666666,0.26666666666666666,-0.050000000000000044,-0.08611111111111108,0.4054651081081644,-23.2,-0.10666666666666667,-17008.5
4035,1084,2025-05-17,Mirage,1,-1,196.0,-0.4,-137.1,0,0,-0.6666666666666666,-0.6666666666666666,-0.07638888888888884,0.18055555555555552,0.0,-130.66666666666666,0.26666666666666666,-26871.6
4034,1084,2025-05-17,Nuke,1,-1,196.0,-0.4,-137.1,0,0,-0.39999999999999997,-0.39999999999999997,0.008333333333333415,0.06666666666666665,0.0,-78.39999999999999,0.16,-26871.6
4033,1084,2025-05-17,Train,1,1,196.0,-0.4,-137.1,0,0,0.26666666666666666,0.26666666666666666,-0.05833333333333335,-0.2055555555555556,0.4054651081081644,52.266666666666666,-0.10666666666666667,-26871.6
4017,1082,2025-05-18,Dust2,1,-1,-121.0,-0.6,-26.30000000000001,0,1,-1.2142857142857144,-1.2142857142857144,-0.1138392857142857,0.2477678571428571,0.11778303565638382,146.92857142857144,0.7285714285714286,3182.3000000000015
4018,1082,2025-05-18,Nuke,1,-1,-121.0,-0.6,-26.30000000000001,0,1,-0.4666666666666666,-0.4666666666666666,0.03611111111111098,0.09583333333333338,-0.15415067982725827,56.46666666666666,0.27999999999999997,3182.3000000000015
4019,1082,2025-05-18,Mirage,1,1,-121.0,-0.6,-26.30000000000001,0,1,-0.2857142857142857,-0.2857142857142857,0.005952380952380987,0.047619047619047616,0.0,34.57142857142857,0.1714285714285714,3182.3000000000015
4020,1082,2025-05-18,Train,1,-1,-121.0,-0.6,-26.30000000000001,0,1,-0.5,-0.5,-0.07291666666666663,-0.07291666666666663,0.0,60.5,0.3,3182.3000000000015
4022,1083,2025-05-18,Inferno,1,1,-179.0,-0.2,89.4,0,-2,-0.06666666666666665,-0.06666666666666665,0.14027777777777778,0.01388888888888895,0.15415067982725827,11.93333333333333,0.01333333333333333,-16002.6
4021,1083,2025-05-18,Anubis,1,-1,-179.0,-0.2,89.4,0,-2,0.3888888888888889,0.3888888888888889,0.08796296296296291,0.028935185185185175,-0.6931471805599456,-69.61111111111111,-0.07777777777777778,-16002.6
4023,1083,2025-05-18,Dust2,1,1,-179.0,-0.2,89.4,0,-2,-0.2,-0.2,0.12083333333333335,0.15833333333333333,-0.18232155679395468,35.800000000000004,0.04000000000000001,-16002.6
4027,2091,2025-05-18,Train,0,1,-42.0,-0.0888888888888889,95.88888888888889,0,-11,0.4444444444444444,0.4444444444444444,0.1388888888888889,0.03240740740740744,-0.9162907318741553,-18.666666666666664,-0.03950617283950618,-4027.333333333333
4025,2090,2025-05-18,Dust2,0,1,371.0,0.0,-115.5,0,-2,0.36538461538461536,0.36538461538461536,0.02263621794871795,-0.09014423076923073,0.19415601444095776,135.5576923076923,0.0,-42850.5
4026,2090,2025-05-18,Ancient,0,-1,371.0,0.0,-115.5,0,-2,0.35294117647058826,0.35294117647058826,0.1004901960784314,-0.06127450980392157,0.0,130.94117647058823,0.0,-42850.5
4028,2091,2025-05-18,Dust2,0,1,-42.0,-0.0888888888888889,95.88888888888889,0,-11,0.3333333333333333,0.3333333333333333,0.02777777777777779,-0.05034722222222221,-0.810930216216329,-14.0,-0.029629629629629634,-4027.333333333333
4029,2092,2025-05-18,Ancient,0,1,0.0,0.4,85.7,0,16,-0.17647058823529413,-0.17647058823529413,-0.052696078431372584,0.1360294117647059,1.7917594692280547,-0.0,-0.07058823529411766,0.0
4030,2092,2025-05-18,Dust2,0,1,0.0,0.4,85.7,0,16,0.38461538461538464,0.38461538461538464,0.11538461538461542,0.02243589743589741,1.0296194171811581,0.0,0.15384615384615385,0.0
4031,2093,2025-05-18,Train,0,1,371.0,0.7333333333333334,-182.83333333333334,0,14,1.0,1.0,0.0625,-0.052083333333333315,1.5040773967762742,371.0,0.7333333333333334,-67831.16666666667
4032,2093,2025-05-18,Inferno,0,1,371.0,0.7333333333333334,-182.83333333333334,0,14,0.8,0.8,0.2583333333333333,-0.04166666666666663,1.0986122886681096,296.8,0.5866666666666668,-67831.16666666667
4024,2090,2025-05-18,Train,0,-1,371.0,0.0,-115.5,0,-2,-0.16666666666666666,-0.16666666666666666,-0.024305555555555525,0.03819444444444442,-0.3677247801253172,-61.83333333333333,-0.0,-42850.5
4001,1078,2025-05-19,Dust2,1,1,409.0,0.8,323.6,0,0,0.42857142857142855,0.42857142857142855,-0.01785714285714285,-0.03869047619047622,0.980829253011726,175.28571428571428,0.34285714285714286,132352.40000000002
4002,1078,2025-05-19,Mirage,1,1,409.0,0.8,323.6,0,0,2.0,2.0,0.30555555555555547,-0.2013888888888889,0.5596157879354227,818.0,1.6,132352.40000000002
4003,1079,2025-05-19,Inferno,1,1,913.0,0.6000000000000001,59.900000000000034,0,-1,0.380952380952381,0.380952380952381,0.04563492063492064,-0.15476190476190477,0.6931471805599452,347.80952380952385,0.22857142857142862,54688.70000000003
4004,1079,2025-05-19,Dust2,1,1,913.0,0.6000000000000001,59.900000000000034,0,-1,0.2,0.2,0.01666666666666672,0.016666666666666663,0.6931471805599452,182.60000000000002,0.12000000000000002,54688.70000000003
4005,1080,2025-05-19,Anubis,1,1,36.0,0.0,-176.90000000000003,0,-3,0.3333333333333333,0.3333333333333333,-0.052083333333333315,-0.03472222222222221,-0.33647223662121295,12.0,0.0,-6368.4000000000015
4006,1080,2025-05-19,Ancient,1,-1,36.0,0.0,-176.90000000000003,0,-3,-0.9333333333333333,-0.9333333333333333,-0.09166666666666662,0.13703703703703707,-0.5108256237659909,-33.6,-0.0,-6368.4000000000015
4007,1080,2025-05-19,Nuke,1,-1,36.0,0.0,-176.90000000000003,0,-3,-0.75,-0.75,-0.14930555555555552,0.03645833333333326,-0.810930216216329,-27.0,-0.0,-6368.4000000000015
4009,1081,2025-05-19,Inferno,1,1,-154.0,1.0,55.20000000000002,0,0,-0.9333333333333333,-0.9333333333333333,-0.058333333333333404,0.024999999999999967,-0.4054651081081644,143.73333333333335,-0.9333333333333333,-8500.800000000003
4010,2087,2025-05-19,Train,0,1,371.0,1.4,-371.0,0,13,1.1111111111111112,1.1111111111111112,0.1111111111111111,-0.14120370370370366,1.2039728043259361,412.22222222222223,1.5555555555555556,-137641.0
4011,2087,2025-05-19,Ancient,0,1,371.0,1.4,-371.0,0,13,1.2222222222222223,1.2222222222222223,0.1736111111111111,-0.11111111111111105,1.8458266904983305,453.44444444444446,1.7111111111111112,-137641.0
4012,2088,2025-05-19,Mirage,0,1,-42.0,-0.2,28.9,0,-13,0.033333333333333326,0.033333333333333326,-0.05277777777777776,0.015972222222222276,-1.6582280766035324,-1.3999999999999997,-0.006666666666666665,-1213.8
4013,2088,2025-05-19,Dust2,0,1,-42.0,-0.2,28.9,0,-13,0.1111111111111111,0.1111111111111111,-0.04166666666666663,0.07407407407407413,-1.2039728043259361,-4.666666666666666,-0.022222222222222223,-1213.8
4014,2089,2025-05-19,Ancient,0,1,0.0,-0.4,-99.2,0,-14,0.7222222222222222,0.7222222222222222,0.10995370370370372,-0.013888888888888895,-1.33500106673234,0.0,-0.2888888888888889,-0.0
4015,2089,2025-05-19,Dust2,0,-1,0.0,-0.4,-99.2,0,-14,-1.4285714285714286,-1.4285714285714286,-0.16071428571428575,0.15773809523809523,-1.6094379124341003,-0.0,0.5714285714285715,-0.0
4008,1081,2025-05-19,Ancient,1,1,-154.0,1.0,55.20000000000002,0,0,0.7428571428571429,0.7428571428571429,0.013095238095238049,-0.09285714285714292,-0.2876820724517808,-114.4,0.7428571428571429,-8500.800000000003
4016,2089,2025-05-19,Anubis,0,-1,0.0,-0.4,-99.2,0,-14,-0.9333333333333333,-0.9333333333333333,-0.13055555555555565,0.09603174603174608,-1.299282984130261,-0.0,0.37333333333333335,-0.0
3984,1073,2025-05-20,Inferno,1,1,24.0,0.2,-213.1,0,-1,0.6,0.6,0.018749999999999933,-0.04375000000000001,0.18232155679395468,14.399999999999999,0.12,-5114.4
3983,1072,2025-05-20,Train,1,-1,-382.0,0.0,-88.39999999999998,0,0,-0.6666666666666667,-0.6666666666666667,-0.3055555555555556,0.15277777777777773,-0.6931471805599453,254.66666666666669,-0.0,33768.79999999999
3982,1072,2025-05-20,Inferno,1,-1,-382.0,0.0,-88.39999999999998,0,0,-0.35714285714285715,-0.35714285714285715,0.0401785714285714,0.06994047619047616,-0.47000362924573547,136.42857142857144,-0.0,33768.79999999999
3981,1071,2025-05-20,Nuke,1,-1,-925.0,-1.0,119.70000000000005,0,3,-1.1111111111111112,-1.1111111111111112,-0.08333333333333331,0.11111111111111105,0.0,1027.7777777777778,1.1111111111111112,-110722.50000000004
3977,1070,2025-05-20,Ancient,1,1,368.0,0.0,365.4,0,-1,0.15873015873015872,0.15873015873015872,0.06547619047619047,0.01388888888888895,-0.22314355131421015,58.41269841269841,0.0,134467.19999999998
3979,1070,2025-05-20,Dust2,1,1,368.0,0.0,365.4,0,-1,0.13636363636363635,0.13636363636363635,0.03882575757575757,-0.02982954545454547,0.2876820724517808,50.18181818181818,0.0,134467.19999999998
3978,1070,2025-05-20,Nuke,1,-1,368.0,0.0,365.4,0,-1,-0.1333333333333333,-0.1333333333333333,-0.06388888888888888,-0.06805555555555565,1.01160091167848,-49.066666666666656,-0.0,134467.19999999998
3985,1073,2025-05-20,Dust2,1,-1,24.0,0.2,-213.1,0,-1,-0.1333333333333333,-0.1333333333333333,-0.06388888888888894,0.17777777777777776,0.4054651081081644,-3.1999999999999993,-0.02666666666666666,-5114.4
3980,1071,2025-05-20,Mirage,1,-1,-925.0,-1.0,119.70000000000005,0,3,-0.3111111111111111,-0.3111111111111111,-0.06250000000000006,0.01990740740740743,-0.09531017980432477,287.77777777777777,0.3111111111111111,-110722.50000000004
3987,1074,2025-05-20,Mirage,1,1,181.0,0.6000000000000001,38.400000000000006,0,0,0.5,0.5,0.14583333333333331,0.03125,0.0,90.5,0.30000000000000004,6950.4000000000015
3986,1073,2025-05-20,Anubis,1,1,24.0,0.2,-213.1,0,-1,0.5333333333333333,0.5333333333333333,-0.11944444444444441,-0.07500000000000001,0.4054651081081644,12.8,0.10666666666666667,-5114.4
3989,1075,2025-05-20,Dust2,1,1,310.0,-0.2,88.50000000000003,0,4,-0.3,-0.3,0.08958333333333335,0.1489583333333333,-0.4054651081081646,-93.0,0.06,27435.000000000007
4000,2086,2025-05-20,Anubis,0,-1,-42.0,0.2,33.6,0,-13,-1.2,-1.2,-0.12361111111111117,0.1291666666666666,-1.6739764335716714,50.4,-0.24,-1411.2
3988,1074,2025-05-20,Anubis,1,1,181.0,0.6000000000000001,38.400000000000006,0,0,1.5,1.5,0.3159722222222222,-0.24999999999999994,0.2231435513142097,271.5,0.9000000000000001,6950.4000000000015
3998,2086,2025-05-20,Dust2,0,1,-42.0,0.2,33.6,0,-13,0.5333333333333333,0.5333333333333333,0.004166666666666652,0.034722222222222265,-1.01160091167848,-22.4,0.10666666666666667,-1411.2
3997,2085,2025-05-20,Mirage,0,-1,42.0,-0.2,-145.3,0,13,0.7727272727272727,0.7727272727272727,0.05776515151515155,-0.10227272727272735,1.5260563034950494,32.45454545454545,-0.15454545454545454,-6102.6
3996,2085,2025-05-20,Inferno,0,-1,42.0,-0.2,-145.3,0,13,-1.7142857142857144,-1.7142857142857144,-0.11904761904761901,0.011904761904761973,1.3862943611198904,-72.0,0.3428571428571429,-6102.6
3995,1077,2025-05-20,Inferno,1,1,190.0,1.2,-179.0,0,5,1.5,1.5,0.14583333333333337,-0.08333333333333331,0.916290731874155,285.0,1.7999999999999998,-34010.0
3999,2086,2025-05-20,Mirage,0,-1,-42.0,0.2,33.6,0,-13,-0.2727272727272727,-0.2727272727272727,-0.06818181818181818,0.03977272727272729,-1.5260563034950494,11.454545454545453,-0.05454545454545454,-1411.2
3993,1076,2025-05-20,Mirage,1,1,-265.0,0.6000000000000001,103.5,0,-3,0.8831168831168831,0.8831168831168831,0.06547619047619047,-0.13961038961038963,0.4054651081081646,-234.02597402597402,0.5298701298701299,-27427.5
3992,1076,2025-05-20,Anubis,1,1,-265.0,0.6000000000000001,103.5,0,-3,-0.25,-0.25,0.010416666666666685,0.04583333333333328,-0.2006706954621511,66.25,-0.15000000000000002,-27427.5
3991,1075,2025-05-20,Mirage,1,-1,310.0,-0.2,88.50000000000003,0,4,0.0,0.0,0.020833333333333315,0.04166666666666663,-0.5596157879354227,0.0,-0.0,27435.000000000007
3990,1075,2025-05-20,Anubis,1,-1,310.0,-0.2,88.50000000000003,0,4,-0.4666666666666666,-0.4666666666666666,-0.011111111111111072,0.07500000000000001,-0.15415067982725827,-144.66666666666666,0.09333333333333332,27435.000000000007
3994,1077,2025-05-20,Nuke,1,1,190.0,1.2,-179.0,0,5,0.33333333333333337,0.33333333333333337,0.11805555555555558,-0.04861111111111105,1.252762968495368,63.33333333333334,0.4,-34010.0
3955,1064,2025-05-21,Inferno,1,-1,-79.0,-0.2,24.5,0,-5,0.0,0.0,0.01388888888888895,0.0625,0.0,-0.0,-0.0,-1935.5
3956,1064,2025-05-21,Dust2,1,1,-79.0,-0.2,24.5,0,-5,-0.12121212121212122,-0.12121212121212122,-0.042297979797979834,0.12436868686868685,-0.5389965007326871,9.575757575757576,0.024242424242424246,-1935.5
3957,1064,2025-05-21,Nuke,1,-1,-79.0,-0.2,24.5,0,-5,-0.5714285714285714,-0.5714285714285714,-0.059523809523809534,0.06547619047619041,-0.47000362924573547,45.14285714285714,0.11428571428571428,-1935.5
3958,1065,2025-05-21,Train,1,1,-486.0,0.0,212.3,0,-4,0.16666666666666669,0.16666666666666669,0.00694444444444442,0.08333333333333331,-0.33647223662121295,-81.00000000000001,0.0,-103177.8
3959,1065,2025-05-21,Mirage,1,-1,-486.0,0.0,212.3,0,-4,0.04999999999999999,0.04999999999999999,0.026041666666666685,-0.03645833333333337,0.2006706954621511,-24.299999999999994,0.0,-103177.8
3960,1065,2025-05-21,Nuke,1,1,-486.0,0.0,212.3,0,-4,-0.2,-0.2,-0.015277777777777724,0.01944444444444443,0.45198512374305744,97.2,-0.0,-103177.8
3961,1066,2025-05-21,Ancient,1,1,152.0,-0.2,-179.20000000000002,0,0,-0.4,-0.4,-0.008333333333333304,0.08333333333333331,-0.2006706954621511,-60.800000000000004,0.08000000000000002,-27238.4
3962,1066,2025-05-21,Anubis,1,-1,152.0,-0.2,-179.20000000000002,0,0,-0.5142857142857142,-0.5142857142857142,-0.06309523809523815,-0.021428571428571463,-0.2876820724517808,-78.17142857142856,0.10285714285714286,-27238.4
3963,1066,2025-05-21,Mirage,1,-1,152.0,-0.2,-179.20000000000002,0,0,-1.0285714285714285,-1.0285714285714285,0.0,0.19880952380952382,-0.2876820724517808,-156.34285714285713,0.2057142857142857,-27238.4
3964,1067,2025-05-21,Inferno,1,-1,-312.0,-0.6000000000000001,80.29999999999995,0,-4,-0.17142857142857143,-0.17142857142857143,-0.0404761904761905,0.03452380952380957,-0.2876820724517808,53.48571428571429,0.10285714285714287,-25053.599999999984
3967,1068,2025-05-21,Dust2,1,-1,-106.0,-0.6,-209.10000000000002,0,2,0.45454545454545453,0.45454545454545453,0.13257575757575757,-0.044507575757575746,0.8754687373539001,-48.18181818181818,-0.2727272727272727,22164.600000000002
3966,1068,2025-05-21,Inferno,1,-1,-106.0,-0.6,-209.10000000000002,0,2,-0.3333333333333333,-0.3333333333333333,-0.055555555555555636,0.02083333333333337,0.0,35.33333333333333,0.19999999999999998,22164.600000000002
3968,1069,2025-05-21,Dust2,1,-1,-561.0,-0.8,179.2,0,-8,-1.3333333333333333,-1.3333333333333333,-0.04166666666666663,0.15277777777777773,-1.252762968495368,748.0,1.0666666666666667,-100531.2
3969,1069,2025-05-21,Anubis,1,-1,-561.0,-0.8,179.2,0,-8,-1.0909090909090908,-1.0909090909090908,-0.19696969696969696,0.14393939393939392,-1.791759469228055,612.0,0.8727272727272727,-100531.2
3970,2082,2025-05-21,Dust2,0,1,42.0,0.7,-149.625,0,15,-0.09090909090909091,-0.09090909090909091,-0.01704545454545453,-0.022727272727272707,1.3862943611198906,-3.8181818181818183,-0.06363636363636363,-6284.25
3971,2082,2025-05-21,Ancient,0,1,42.0,0.7,-149.625,0,15,1.5384615384615383,1.5384615384615383,0.27884615384615385,-0.21474358974358976,1.2527629684953678,64.61538461538461,1.0769230769230766,-6284.25
3972,2083,2025-05-21,Anubis,0,-1,0.0,0.9333333333333333,74.2,0,14,-0.7272727272727273,-0.7272727272727273,-0.04166666666666663,0.21780303030303025,2.4423470353692043,-0.0,-0.6787878787878788,0.0
3973,2083,2025-05-21,Ancient,0,1,0.0,0.9333333333333333,74.2,0,14,0.8421052631578947,0.8421052631578947,0.21929824561403508,-0.06359649122807015,2.3025850929940455,0.0,0.7859649122807018,0.0
3974,2083,2025-05-21,Train,0,1,0.0,0.9333333333333333,74.2,0,14,1.2307692307692308,1.2307692307692308,0.2147435897435897,-0.10256410256410253,1.945910149055313,0.0,1.1487179487179489,0.0
3975,2084,2025-05-21,Anubis,0,1,42.0,1.2,-42.0,0,16,1.25,1.25,0.3125,-0.08333333333333331,2.1400661634962708,52.5,1.5,-1764.0
3965,1067,2025-05-21,Dust2,1,-1,-312.0,-0.6000000000000001,80.29999999999995,0,-4,-0.6666666666666666,-0.6666666666666666,-0.20833333333333331,-0.01388888888888884,-0.5596157879354227,208.0,0.4,-25053.599999999984
3976,2084,2025-05-21,Mirage,0,1,42.0,1.2,-42.0,0,16,1.3043478260869565,1.3043478260869565,0.23731884057971014,-0.12499999999999994,2.079441541679836,54.78260869565217,1.565217391304348,-1764.0
3951,1058,2025-05-22,Mirage,1,1,0.0,-0.1333333333333333,-0.6999999999999993,0,-4,-0.1111111111111111,-0.1111111111111111,-0.10185185185185186,0.11574074074074076,-1.2039728043259361,-0.0,0.01481481481481481,-0.0
3953,1063,2025-05-22,Dust2,1,1,12.0,0.8,-368.6,0,1,0.0,0.0,-0.026041666666666685,0.02256944444444442,-0.3677247801253172,0.0,0.0,-4423.200000000001
3954,1063,2025-05-22,Mirage,1,1,12.0,0.8,-368.6,0,1,1.0,1.0,0.11369047619047623,-0.14107142857142857,-0.3184537311185349,12.0,0.8,-4423.200000000001
3952,1059,2025-05-22,Anubis,1,1,561.0,1.0,-402.9,0,10,1.1666666666666667,1.1666666666666667,0.03819444444444442,-0.14236111111111105,1.8718021769015913,654.5,1.1666666666666667,-226026.9
3940,1056,2025-05-23,Nuke,1,1,0.0,-0.39999999999999997,219.5,0,-6,1.0,1.0,-0.016666666666666663,-0.1166666666666667,-0.6931471805599452,0.0,-0.39999999999999997,0.0
3935,1054,2025-05-23,Dust2,1,1,0.0,0.4,3.5,0,-5,1.0,1.0,0.1291666666666666,-0.09999999999999998,-1.7047480922384253,0.0,0.4,0.0
3936,1054,2025-05-23,Train,1,1,0.0,0.4,3.5,0,-5,1.0,1.0,0.08333333333333331,-0.0625,-0.4054651081081645,0.0,0.4,0.0
3937,1055,2025-05-23,Dust2,1,1,-86.0,0.6,125.89999999999998,0,-1,0.05714285714285716,0.05714285714285716,-0.13333333333333325,-0.06071428571428572,-0.2876820724517808,-4.914285714285716,0.034285714285714294,-10827.399999999998
3938,1055,2025-05-23,Mirage,1,1,-86.0,0.6,125.89999999999998,0,-1,0.5,0.5,0.06944444444444442,-0.059027777777777735,0.9555114450274365,-43.0,0.3,-10827.399999999998
3939,1056,2025-05-23,Dust2,1,-1,0.0,-0.39999999999999997,219.5,0,-6,-1.0,-1.0,-0.07916666666666672,0.14999999999999997,-1.2992829841302609,-0.0,0.39999999999999997,0.0
3941,1056,2025-05-23,Inferno,1,-1,0.0,-0.39999999999999997,219.5,0,-6,-1.25,-1.25,-0.21354166666666669,0.16666666666666663,-2.1400661634962708,-0.0,0.49999999999999994,0.0
3946,2080,2025-05-23,Mirage,0,1,42.0,1.2,-82.6,0,15,0.86,0.86,0.1791666666666667,-0.09333333333333332,1.6486586255873819,36.12,1.032,-3469.2
3943,2078,2025-05-23,Default,0,-1,0.0,0.0,-37.8,0,-1,-2.0,-2.0,-0.041666666666666664,0.041666666666666664,0.0,-0.0,-0.0,-0.0
3944,2079,2025-05-23,Ancient,0,1,0.0,0.6,200.4,0,4,0.8888888888888888,0.8888888888888888,0.37037037037037035,-0.1018518518518518,1.6094379124341005,0.0,0.5333333333333333,0.0
3945,2079,2025-05-23,Mirage,0,1,0.0,0.6,200.4,0,4,1.0909090909090908,1.0909090909090908,0.3560606060606061,-0.14772727272727265,1.791759469228055,0.0,0.6545454545454544,0.0
3947,2080,2025-05-23,Dust2,0,1,42.0,1.2,-82.6,0,15,1.0,1.0,0.1875,-0.12152777777777773,0.9555114450274365,42.0,1.2,-3469.2
3948,2081,2025-05-23,Inferno,0,-1,42.0,0.8,-37.8,0,13,-1.0833333333333333,-1.0833333333333333,0.052083333333333315,-0.00694444444444442,0.810930216216329,-45.5,-0.8666666666666667,-1587.6
3949,2081,2025-05-23,Mirage,0,1,42.0,0.8,-37.8,0,13,0.6933333333333334,0.6933333333333334,0.06805555555555559,-0.07944444444444443,1.312186388966169,29.12,0.5546666666666668,-1587.6
3950,2081,2025-05-23,Anubis,0,1,42.0,0.8,-37.8,0,13,1.2941176470588236,1.2941176470588236,0.2720588235294118,-0.10049019607843135,1.504077396776274,54.352941176470594,1.035294117647059,-1587.6
3942,1057,2025-05-23,Anubis,1,1,561.0,1.0,-441.1,0,11,1.2307692307692308,1.2307692307692308,0.2115384615384615,-0.1538461538461538,1.945910149055313,690.4615384615385,1.2307692307692308,-247457.1
3922,1051,2025-05-24,Train,1,-1,561.0,0.4,-193.125,0,10,-0.8571428571428572,-0.8571428571428572,-0.1071428571428571,-0.0714285714285714,0.980829253011726,-480.8571428571429,-0.3428571428571429,-108343.125
3925,1052,2025-05-24,Inferno,1,1,156.0,0.39999999999999997,-135.59999999999997,0,-5,-0.42857142857142855,-0.42857142857142855,-0.10565476190476197,0.02604166666666663,0.11778303565638382,-66.85714285714285,-0.1714285714285714,-21153.599999999995
3923,1051,2025-05-24,Ancient,1,1,561.0,0.4,-193.125,0,10,1.5,1.5,0.20833333333333334,-0.16666666666666663,0.5108256237659905,841.5,0.6000000000000001,-108343.125
3924,1051,2025-05-24,Nuke,1,1,561.0,0.4,-193.125,0,10,1.1428571428571428,1.1428571428571428,0.2857142857142857,-0.1071428571428571,1.3862943611198904,641.1428571428571,0.45714285714285713,-108343.125
3926,1052,2025-05-24,Nuke,1,1,156.0,0.39999999999999997,-135.59999999999997,0,-5,0.9333333333333333,0.9333333333333333,0.125,-0.0805555555555556,0.5108256237659909,145.6,0.3733333333333333,-21153.599999999995
3932,2076,2025-05-24,Dust2,0,1,-42.0,-0.6000000000000001,107.8,0,-16,0.07692307692307693,0.07692307692307693,0.017628205128205177,-0.01282051282051283,-1.0296194171811581,-3.230769230769231,-0.04615384615384616,-4527.599999999999
3928,1053,2025-05-24,Nuke,1,-1,365.0,0.2,-188.0,0,-5,0.18181818181818182,0.18181818181818182,0.04166666666666663,-0.02651515151515149,0.0,66.36363636363636,0.03636363636363637,-68620.0
3929,1053,2025-05-24,Inferno,1,1,365.0,0.2,-188.0,0,-5,0.42857142857142855,0.42857142857142855,-0.04836309523809529,-0.039434523809523836,0.11778303565638382,156.42857142857142,0.08571428571428572,-68620.0
3930,2076,2025-05-24,Mirage,0,-1,-42.0,-0.6000000000000001,107.8,0,-16,-0.38461538461538464,-0.38461538461538464,-0.11858974358974361,-0.025641025641025605,-1.6863989535702288,16.153846153846153,0.2307692307692308,-4527.599999999999
3931,2076,2025-05-24,Train,0,1,-42.0,-0.6000000000000001,107.8,0,-16,0.2,0.2,0.012500000000000011,-0.012500000000000011,-1.2992829841302609,-8.4,-0.12000000000000002,-4527.599999999999
3933,2077,2025-05-24,Mirage,0,1,0.0,0.8,124.0,0,5,1.1666666666666667,1.1666666666666667,0.19791666666666669,-0.1597222222222222,1.8718021769015913,0.0,0.9333333333333335,0.0
3934,2077,2025-05-24,Nuke,0,1,0.0,0.8,124.0,0,5,2.0,2.0,0.12499999999999994,-0.12499999999999994,0.0,0.0,1.6,0.0
3927,1053,2025-05-24,Ancient,1,1,365.0,0.2,-188.0,0,-5,0.55,0.55,0.1166666666666667,0.04791666666666666,-0.2006706954621511,200.75000000000003,0.11000000000000001,-68620.0
3913,1048,2025-05-25,Dust2,1,-1,-548.0,-0.4,165.5,0,0,-0.09523809523809523,-0.09523809523809523,-0.07010582010582012,-0.02777777777777779,0.22314355131421015,52.19047619047619,0.0380952380952381,-90694.0
3914,1048,2025-05-25,Mirage,1,-1,-548.0,-0.4,165.5,0,0,0.4772727272727273,0.4772727272727273,0.013731060606060663,-0.03882575757575757,-0.2876820724517808,-261.54545454545456,-0.19090909090909092,-90694.0
3915,1048,2025-05-25,Inferno,1,-1,-548.0,-0.4,165.5,0,0,-0.8888888888888888,-0.8888888888888888,-0.125,0.16203703703703703,0.0,487.1111111111111,0.35555555555555557,-90694.0
3917,1049,2025-05-25,Dust2,1,-1,-561.0,-0.9,546.0,0,-11,-1.4285714285714286,-1.4285714285714286,-0.1785714285714286,0.16666666666666663,-1.3862943611198904,801.4285714285714,1.2857142857142858,-306306.0
3918,1049,2025-05-25,Inferno,1,-1,-561.0,-0.9,546.0,0,-11,-0.6666666666666667,-0.6666666666666667,0.00694444444444442,0.06944444444444436,-1.252762968495368,374.00000000000006,0.6000000000000001,-306306.0
3919,1050,2025-05-25,Dust2,1,1,560.0,1.0,-127.30000000000001,0,1,0.04395604395604391,0.04395604395604391,0.059065934065934134,0.054487179487179516,-0.5596157879354227,24.615384615384592,0.04395604395604391,-71288.0
3920,1050,2025-05-25,Train,1,-1,560.0,1.0,-127.30000000000001,0,1,0.7428571428571429,0.7428571428571429,0.08452380952380956,-0.05238095238095242,-0.2876820724517808,416.0,0.7428571428571429,-71288.0
3921,1050,2025-05-25,Inferno,1,1,560.0,1.0,-127.30000000000001,0,1,0.8888888888888888,0.8888888888888888,0.13425925925925924,-0.16203703703703703,0.0,497.77777777777777,0.8888888888888888,-71288.0
3916,1049,2025-05-25,Ancient,1,1,-561.0,-0.9,546.0,0,-11,0.8,0.8,0.11666666666666664,-0.03333333333333338,-1.0986122886681096,-448.8,-0.7200000000000001,-306306.0
3904,2072,2025-05-26,Train,0,-1,0.0,-0.6000000000000001,86.80000000000001,0,-5,-0.4857142857142857,-0.4857142857142857,-0.04285714285714287,0.014880952380952384,-0.9162907318741551,-0.0,0.2914285714285715,0.0
3902,2072,2025-05-26,Ancient,0,-1,0.0,-0.6000000000000001,86.80000000000001,0,-5,-0.9,-0.9,-0.15833333333333338,0.07708333333333328,-1.252762968495368,-0.0,0.5400000000000001,0.0
3903,2072,2025-05-26,Nuke,0,1,0.0,-0.6000000000000001,86.80000000000001,0,-5,1.2307692307692308,1.2307692307692308,0.10576923076923073,-0.04807692307692302,-1.945910149055313,0.0,-0.7384615384615386,0.0
3905,2073,2025-05-26,Inferno,0,1,371.0,0.8,-222.6,0,8,1.0,1.0,0.23611111111111108,-0.09027777777777773,1.252762968495368,371.0,0.8,-82584.59999999999
3906,2073,2025-05-26,Ancient,0,-1,371.0,0.8,-222.6,0,8,-0.8,-0.8,-0.033333333333333326,0.3041666666666667,2.3513752571634776,-296.8,-0.6400000000000001,-82584.59999999999
3907,2073,2025-05-26,Train,0,1,371.0,0.8,-222.6,0,8,1.0909090909090908,1.0909090909090908,0.20833333333333331,-0.09090909090909088,1.791759469228055,404.7272727272727,0.8727272727272727,-82584.59999999999
3908,2074,2025-05-26,Mirage,0,-1,-42.0,-1.4,42.0,0,-17,-1.4074074074074074,-1.4074074074074074,-0.1203703703703704,0.14197530864197522,-2.6390573296152584,59.111111111111114,1.9703703703703703,-1764.0
3909,2074,2025-05-26,Inferno,0,-1,-42.0,-1.4,42.0,0,-17,-0.4444444444444444,-0.4444444444444444,0.01851851851851849,0.06481481481481477,-1.6094379124341005,18.666666666666664,0.6222222222222221,-1764.0
3910,2075,2025-05-26,Train,0,-1,371.0,0.4,-123.9,0,3,0.2909090909090909,0.2909090909090909,-0.01666666666666672,-0.007575757575757569,0.6931471805599454,107.92727272727272,0.11636363636363636,-45966.9
3912,2075,2025-05-26,Mirage,0,1,371.0,0.4,-123.9,0,3,0.25210084033613445,0.25210084033613445,0.04516806722689071,-0.030812324929972046,0.8109302162163288,93.52941176470588,0.10084033613445378,-45966.9
3911,2075,2025-05-26,Ancient,0,1,371.0,0.4,-123.9,0,3,1.2,1.2,0.23333333333333334,-0.11249999999999993,1.252762968495368,445.2,0.48,-45966.9
3893,2066,2025-05-27,Mirage,0,-1,42.0,0.1333333333333333,-261.3333333333333,0,17,-0.6206896551724138,-0.6206896551724138,-0.0445402298850574,0.16379310344827586,2.70805020110221,-26.06896551724138,-0.08275862068965516,-10976.0
3894,2066,2025-05-27,Train,0,-1,42.0,0.1333333333333333,-261.3333333333333,0,17,0.0,0.0,-0.11805555555555558,-0.17361111111111105,1.1786549963416462,0.0,0.0,-10976.0
3896,2067,2025-05-27,Mirage,0,-1,0.0,0.4,29.6,0,2,0.27692307692307694,0.27692307692307694,0.08717948717948715,-0.08910256410256412,0.8472978603872034,0.0,0.11076923076923079,0.0
3895,2067,2025-05-27,Nuke,0,1,0.0,0.4,29.6,0,2,2.0,2.0,0.29166666666666663,-0.20833333333333331,0.4054651081081645,0.0,0.8,0.0
3898,2068,2025-05-27,Default,0,-1,42.0,-1.2,-14.0,0,20,-2.0,-2.0,-0.041666666666666664,0.041666666666666664,0.4054651081081645,-84.0,2.4,-588.0
3899,2069,2025-05-27,Mirage,0,-1,-42.0,0.4,12.6,0,-10,-0.5459770114942528,-0.5459770114942528,-0.05268199233716481,0.04454022988505746,-0.8362480242006187,22.93103448275862,-0.21839080459770113,-529.1999999999999
3900,2069,2025-05-27,Train,0,1,-42.0,0.4,12.6,0,-10,0.6666666666666666,0.6666666666666666,0.09027777777777779,-0.05416666666666664,0.2076393647782444,-28.0,0.26666666666666666,-529.1999999999999
3901,2069,2025-05-27,Dust2,0,1,-42.0,0.4,12.6,0,-10,0.6095238095238096,0.6095238095238096,0.0537698412698413,-0.06527777777777777,0.06453852113757108,-25.6,0.24380952380952384,-529.1999999999999
3897,2067,2025-05-27,Ancient,0,-1,0.0,0.4,29.6,0,2,-1.2,-1.2,-0.15833333333333333,0.15833333333333333,1.2992829841302609,-0.0,-0.48,0.0
3892,2065,2025-05-28,Anubis,0,1,42.0,0.0,-16.8,0,17,1.0,1.0,0.13425925925925924,-0.08101851851851855,0.998528830111127,42.0,0.0,-705.6
3891,2065,2025-05-28,Dust2,0,1,42.0,0.0,-16.8,0,17,0.9333333333333333,0.9333333333333333,0.13055555555555554,-0.11388888888888882,1.3862943611198906,39.2,0.0,-705.6
3890,2065,2025-05-28,Mirage,0,-1,42.0,0.0,-16.8,0,17,-0.6666666666666667,-0.6666666666666667,-0.04583333333333328,-0.040277777777777746,2.740840023925201,-28.000000000000004,-0.0,-705.6
3883,2062,2025-05-29,Inferno,0,-1,371.0,0.6000000000000001,-134.1,0,9,-1.1428571428571428,-1.1428571428571428,-0.12499999999999994,0.08928571428571425,0.6931471805599452,-424.0,-0.6857142857142858,-49751.1
3882,2062,2025-05-29,Dust2,0,1,371.0,0.6000000000000001,-134.1,0,9,1.4444444444444444,1.4444444444444444,0.00925925925925919,-0.32175925925925924,0.998528830111127,535.8888888888889,0.8666666666666668,-49751.1
3884,2062,2025-05-29,Mirage,0,-1,371.0,0.6000000000000001,-134.1,0,9,0.2777777777777778,0.2777777777777778,-0.043981481481481455,-0.11574074074074081,1.33500106673234,103.05555555555556,0.16666666666666669,-49751.1
3888,2064,2025-05-29,Train,0,1,-371.0,-0.2,123.9,0,-1,0.375,0.375,0.07378472222222227,-0.0078125,0.2682639865946794,-139.125,-0.07500000000000001,-45966.9
3886,2063,2025-05-29,Nuke,0,1,0.0,1.3333333333333333,294.0,0,0,1.0,1.0,0.0625,-0.14583333333333326,0.4054651081081645,0.0,1.3333333333333333,0.0
3887,2064,2025-05-29,Dust2,0,-1,-371.0,-0.2,123.9,0,-1,-0.4027777777777778,-0.4027777777777778,-0.028356481481481455,0.051793981481481455,-0.1112256351102241,149.43055555555557,0.08055555555555556,-45966.9
3889,2064,2025-05-29,Ancient,0,-1,-371.0,-0.2,123.9,0,-1,-0.38095238095238093,-0.38095238095238093,-0.07539682539682546,0.03769841269841273,0.0,141.33333333333331,0.0761904761904762,-45966.9
3885,2063,2025-05-29,Inferno,0,1,0.0,1.3333333333333333,294.0,0,0,2.0,2.0,0.29166666666666663,-0.22916666666666663,0.4054651081081645,0.0,2.6666666666666665,0.0
3868,1046,2025-05-30,Train,1,-1,0.0,-0.4,0.0,0,-1,-0.6666666666666666,-0.6666666666666666,-0.14351851851851855,-0.01851851851851849,-0.9162907318741553,-0.0,0.26666666666666666,0.0
3869,1046,2025-05-30,Dust2,1,1,0.0,-0.4,0.0,0,-1,-0.14285714285714285,-0.14285714285714285,-0.052083333333333315,-0.0014880952380952883,-0.47000362924573547,-0.0,0.05714285714285714,0.0
3870,1046,2025-05-30,Ancient,1,-1,0.0,-0.4,0.0,0,-1,-0.3333333333333333,-0.3333333333333333,-0.078125,0.08506944444444442,-0.810930216216329,-0.0,0.13333333333333333,0.0
3871,1047,2025-05-30,Mirage,1,1,0.0,0.4,0.0,0,9,0.9230769230769231,0.9230769230769231,-0.04807692307692307,-0.22115384615384615,1.5404450409471486,0.0,0.36923076923076925,0.0
3873,1047,2025-05-30,Ancient,1,1,0.0,0.4,0.0,0,9,0.5757575757575757,0.5757575757575757,0.15909090909090906,-0.012626262626262652,1.1895840668738364,0.0,0.2303030303030303,0.0
3872,1047,2025-05-30,Dust2,1,-1,0.0,0.4,0.0,0,9,0.6274509803921569,0.6274509803921569,0.11764705882352944,-0.12173202614379092,1.504077396776274,0.0,0.25098039215686274,0.0
3875,2059,2025-05-30,Mirage,0,-1,1.0,-1.0,162.4,0,-14,-1.3548387096774195,-1.3548387096774195,-0.22231182795698928,0.12903225806451613,-1.6739764335716716,-1.3548387096774195,1.3548387096774195,162.4
3876,2060,2025-05-30,Inferno,0,1,-371.0,-0.8,239.4,0,-9,0.25,0.25,0.09375,-0.036458333333333315,-1.0986122886681098,-92.75,-0.2,-88817.40000000001
3877,2060,2025-05-30,Ancient,0,-1,-371.0,-0.8,239.4,0,-9,-1.2727272727272727,-1.2727272727272727,-0.23106060606060602,0.10606060606060602,-2.4423470353692043,472.1818181818182,1.0181818181818183,-88817.40000000001
3878,2060,2025-05-30,Train,0,-1,-371.0,-0.8,239.4,0,-9,-1.0769230769230769,-1.0769230769230769,0.11217948717948717,0.19871794871794873,-1.945910149055313,399.53846153846155,0.8615384615384616,-88817.40000000001
3879,2061,2025-05-30,Inferno,0,1,0.0,0.7333333333333334,-174.22222222222223,0,0,1.0,1.0,0.3072916666666667,-0.13020833333333331,1.5040773967762742,0.0,0.7333333333333334,-0.0
3880,2061,2025-05-30,Train,0,-1,0.0,0.7333333333333334,-174.22222222222223,0,0,-1.0,-1.0,-0.21875000000000006,-0.07291666666666674,-0.5108256237659905,-0.0,-0.7333333333333334,-0.0
3881,2061,2025-05-30,Mirage,0,1,0.0,0.7333333333333334,-174.22222222222223,0,0,0.14285714285714285,0.14285714285714285,0.05654761904761907,-0.011904761904761918,1.6094379124341003,0.0,0.10476190476190476,-0.0
3874,2059,2025-05-30,Dust2,0,-1,1.0,-1.0,162.4,0,-14,-0.3333333333333333,-0.3333333333333333,-0.025173611111111105,0.04774305555555558,-1.4469189829363256,-0.3333333333333333,0.3333333333333333,162.4
3858,2055,2025-05-31,Ancient,0,1,42.0,0.8,-12.4,0,14,0.23809523809523808,0.23809523809523808,0.0575396825396825,-0.008928571428571397,1.3217558399823195,10.0,0.19047619047619047,-520.8000000000001
3854,1045,2025-05-31,Dust2,1,1,0.0,0.2,111.3,0,8,0.3333333333333333,0.3333333333333333,0.042245370370370405,-0.04918981481481477,0.7472144018302207,0.0,0.06666666666666667,0.0
3855,1045,2025-05-31,Anubis,1,1,0.0,0.2,111.3,0,8,0.1614906832298137,0.1614906832298137,0.06728778467908902,0.013198757763975166,1.09861228866811,0.0,0.03229813664596274,0.0
3856,2055,2025-05-31,Dust2,0,1,42.0,0.8,-12.4,0,14,1.0588235294117647,1.0588235294117647,0.14411764705882352,-0.11519607843137253,1.0986122886681096,44.470588235294116,0.8470588235294119,-520.8000000000001
3857,2055,2025-05-31,Mirage,0,-1,42.0,0.8,-12.4,0,14,0.3125,0.3125,0.09027777777777773,-0.07942708333333331,1.550597412411167,13.125,0.25,-520.8000000000001
3859,2056,2025-05-31,Inferno,0,1,0.0,-0.14285714285714285,-61.5,0,0,-0.3333333333333333,-0.3333333333333333,-0.13888888888888895,0.1111111111111111,-0.2876820724517808,-0.0,0.047619047619047616,-0.0
3867,2058,2025-05-31,Anubis,0,-1,371.0,0.4,-198.1,0,8,0.7619047619047619,0.7619047619047619,0.10780423280423274,-0.11243386243386239,0.22314355131421015,282.66666666666663,0.3047619047619048,-73495.09999999999
3861,2057,2025-05-31,Train,0,-1,0.0,0.0,-99.4,0,3,-1.3333333333333333,-1.3333333333333333,-0.06944444444444442,0.09722222222222227,0.0,-0.0,-0.0,-0.0
3862,2057,2025-05-31,Nuke,0,-1,0.0,0.0,-99.4,0,3,0.3333333333333333,0.3333333333333333,0.041666666666666685,-0.07638888888888895,0.2876820724517808,0.0,0.0,-0.0
3863,2058,2025-05-31,Mirage,0,1,371.0,0.4,-198.1,0,8,-0.15789473684210525,-0.15789473684210525,-0.15131578947368424,-0.1447368421052631,1.897119984885881,-58.57894736842105,-0.06315789473684211,-73495.09999999999
3864,2058,2025-05-31,Dust2,0,-1,371.0,0.4,-198.1,0,8,1.1842105263157894,1.1842105263157894,0.13157894736842102,-0.11622807017543857,1.3862943611198906,439.34210526315786,0.47368421052631576,-73495.09999999999
3865,2058,2025-05-31,Inferno,0,1,371.0,0.4,-198.1,0,8,0.8888888888888888,0.8888888888888888,0.2962962962962963,-0.10648148148148145,1.6094379124341005,329.77777777777777,0.35555555555555557,-73495.09999999999
3866,2058,2025-05-31,Ancient,0,-1,371.0,0.4,-198.1,0,8,-0.3826086956521739,-0.3826086956521739,-0.07391304347826089,-0.08514492753623182,1.3862943611198908,-141.94782608695652,-0.1530434782608696,-73495.09999999999
3860,2056,2025-05-31,Ancient,0,1,0.0,-0.14285714285714285,-61.5,0,0,2.0,2.0,0.0625,-0.3333333333333333,0.4054651081081645,0.0,-0.2857142857142857,-0.0
3847,1043,2025-06-01,Mirage,1,1,0.0,0.0,74.2,0,6,0.14285714285714285,0.14285714285714285,0.03869047619047611,-0.023809523809523836,0.6286086594223743,0.0,0.0,0.0
3848,1043,2025-06-01,Anubis,1,-1,0.0,0.0,74.2,0,6,0.0,0.0,0.046875,0.027777777777777735,1.021651247531981,0.0,0.0,0.0
3852,2054,2025-06-01,Mirage,0,1,-42.0,-0.2,90.80000000000001,0,-17,-0.2727272727272727,-0.2727272727272727,0.004734848484848453,-0.09090909090909094,-1.9169226121820613,11.454545454545453,0.05454545454545454,-3813.6000000000004
3850,1044,2025-06-01,Inferno,1,-1,0.0,-0.6000000000000001,8.4,0,-2,-1.6,-1.6,-0.041666666666666685,0.20833333333333331,-1.0986122886681096,-0.0,0.9600000000000002,0.0
3851,1044,2025-06-01,Ancient,1,-1,0.0,-0.6000000000000001,8.4,0,-2,-0.6111111111111112,-0.6111111111111112,-0.12384259259259256,0.1203703703703704,-0.6931471805599456,-0.0,0.36666666666666675,0.0
3849,1043,2025-06-01,Train,1,-1,0.0,0.0,74.2,0,6,-0.10588235294117648,-0.10588235294117648,-0.028676470588235192,-0.04411764705882354,0.49247648509779385,-0.0,-0.0,0.0
3853,2054,2025-06-01,Dust2,0,1,-42.0,-0.2,90.80000000000001,0,-17,0.0,0.0,-0.05324074074074081,-0.03703703703703709,-1.8458266904983305,-0.0,-0.0,-3813.6000000000004
3846,2053,2025-06-02,Inferno,0,-1,0.0,-1.2,-176.4,0,-2,-1.5,-1.5,-0.3125,0.19791666666666663,-0.916290731874155,-0.0,1.7999999999999998,-0.0
3845,2053,2025-06-02,Mirage,0,-1,0.0,-1.2,-176.4,0,-2,-2.0,-2.0,-0.16666666666666663,0.16666666666666663,0.0,-0.0,2.4,-0.0
3835,1035,2025-06-03,Inferno,1,1,65.0,0.85,40.25,0,0,1.2857142857142856,1.2857142857142856,0.19940476190476197,-0.1547619047619047,1.6094379124341003,83.57142857142857,1.0928571428571427,2616.25
3837,1037,2025-06-03,Ancient,1,1,0.0,0.6666666666666666,0.0,0,3,1.1428571428571428,1.1428571428571428,0.19047619047619047,-0.16666666666666663,1.3862943611198904,0.0,0.7619047619047619,0.0
3838,1038,2025-06-03,Inferno,1,1,0.0,-0.2,113.89999999999999,0,0,-0.08333333333333331,-0.08333333333333331,0.041666666666666685,-0.059027777777777735,0.810930216216329,-0.0,0.016666666666666663,0.0
3836,1036,2025-06-03,Dust2,1,1,20.0,0.4,263.0,0,5,0.22222222222222227,0.22222222222222227,0.04629629629629628,0.009259259259259245,0.9162907318741553,4.4444444444444455,0.0888888888888889,5260.0
3840,1040,2025-06-03,Train,1,1,37.0,0.0,-26.3,0,0,0.42857142857142855,0.42857142857142855,0.16666666666666669,0.21726190476190477,0.980829253011726,15.857142857142856,0.0,-973.1
3841,1041,2025-06-03,Anubis,1,1,72.0,1.0,226.0,0,5,1.75,1.75,0.23958333333333331,-0.18749999999999994,1.5040773967762742,126.0,1.75,16272.0
3842,1042,2025-06-03,Ancient,1,-1,0.0,0.25,-19.150000000000006,0,-1,0.14285714285714285,0.14285714285714285,0.10714285714285715,0.08333333333333337,0.980829253011726,0.0,0.03571428571428571,-0.0
3843,2052,2025-06-03,Ancient,0,-1,0.0,-1.1142857142857143,171.0,0,-5,-0.9565217391304348,-0.9565217391304348,-0.10054347826086951,0.0706521739130434,-2.079441541679836,-0.0,1.0658385093167702,0.0
3844,2052,2025-06-03,Nuke,0,-1,0.0,-1.1142857142857143,171.0,0,-5,-0.8571428571428572,-0.8571428571428572,-0.2767857142857143,0.0982142857142857,-2.0149030205422647,-0.0,0.9551020408163267,0.0
3839,1039,2025-06-03,Inferno,1,1,65.0,0.8,155.7,0,1,0.5357142857142857,0.5357142857142857,-0.0037202380952380265,-0.05059523809523808,0.5108256237659905,34.82142857142857,0.4285714285714286,10120.5
3821,1028,2025-06-04,Mirage,1,1,72.0,0.4,123.50000000000001,0,-1,0.40909090909090906,0.40909090909090906,0.04071969696969696,-0.011363636363636409,-0.2876820724517808,29.454545454545453,0.16363636363636364,8892.000000000002
3814,1026,2025-06-04,Nuke,1,1,0.0,0.4,-61.00000000000001,0,1,0.25,0.25,0.0,-0.05729166666666663,0.5877866649021193,0.0,0.1,-0.0
3815,1026,2025-06-04,Dust2,1,1,0.0,0.4,-61.00000000000001,0,1,1.6923076923076923,1.6923076923076923,0.4775641025641026,-0.16025641025641024,1.945910149055313,0.0,0.676923076923077,-0.0
3816,1027,2025-06-04,Train,1,-1,65.0,0.4,112.1,0,0,-1.25,-1.25,-0.16145833333333326,-0.03645833333333337,1.5040773967762742,-81.25,-0.5,7286.5
3817,1027,2025-06-04,Dust2,1,1,65.0,0.4,112.1,0,0,0.5,0.5,0.1481481481481482,-0.012731481481481455,0.26236426446749084,32.5,0.2,7286.5
3818,1027,2025-06-04,Inferno,1,1,65.0,0.4,112.1,0,0,0.2222222222222222,0.2222222222222222,0.09537037037037044,0.0009259259259259411,0.47000362924573524,14.444444444444443,0.08888888888888889,7286.5
3819,1028,2025-06-04,Ancient,1,1,72.0,0.4,123.50000000000001,0,-1,0.45454545454545453,0.45454545454545453,0.034090909090909116,0.009469696969696961,0.2876820724517808,32.72727272727273,0.18181818181818182,8892.000000000002
3820,1028,2025-06-04,Anubis,1,-1,72.0,0.4,123.50000000000001,0,-1,0.5555555555555556,0.5555555555555556,0.21064814814814814,-0.125,1.2039728043259361,40.0,0.22222222222222224,8892.000000000002
3822,1029,2025-06-04,Inferno,1,-1,-52.0,-0.14285714285714285,91.41428571428571,0,1,-0.3333333333333333,-0.3333333333333333,-0.00694444444444442,0.00694444444444442,0.5596157879354227,17.333333333333332,0.047619047619047616,-4753.5428571428565
3829,2050,2025-06-04,Nuke,0,-1,0.0,-0.5428571428571429,0.0,0,-8,0.06666666666666667,0.06666666666666667,-0.033333333333333326,-0.07916666666666666,-1.6739764335716714,0.0,-0.036190476190476197,0.0
3824,1031,2025-06-04,Train,1,-1,0.0,0.2,-6.900000000000002,0,1,-1.3333333333333333,-1.3333333333333333,-0.04166666666666663,0.2361111111111111,0.0,-0.0,-0.26666666666666666,-0.0
3825,1032,2025-06-04,Inferno,1,1,0.0,0.7142857142857143,101.7,0,1,0.3333333333333333,0.3333333333333333,0.02083333333333337,-0.13194444444444448,0.5596157879354227,0.0,0.23809523809523808,0.0
3826,1033,2025-06-04,Nuke,1,-1,0.0,-1.0,226.99999999999997,0,-1,-1.6666666666666665,-1.6666666666666665,-0.09722222222222227,0.24999999999999994,-0.8472978603872034,-0.0,1.6666666666666665,0.0
3827,1034,2025-06-04,Mirage,1,-1,37.0,0.0,-16.6,0,-3,-0.09090909090909091,-0.09090909090909091,0.0011363636363636576,0.021969696969696972,-0.08701137698962969,-3.3636363636363638,-0.0,-614.2
3828,2050,2025-06-04,Train,0,1,0.0,-0.5428571428571429,0.0,0,-8,0.7777777777777778,0.7777777777777778,0.03009259259259256,-0.043981481481481455,-2.251291798606495,0.0,-0.4222222222222223,0.0
3830,2050,2025-06-04,Anubis,0,-1,0.0,-0.5428571428571429,0.0,0,-8,-1.28,-1.28,-0.01749999999999996,0.17749999999999994,-2.1594842493533726,-0.0,0.694857142857143,0.0
3831,2050,2025-06-04,Mirage,0,-1,0.0,-0.5428571428571429,0.0,0,-8,-0.06666666666666667,-0.06666666666666667,-0.11805555555555558,0.024999999999999967,-1.6739764335716714,-0.0,0.036190476190476197,0.0
3832,2051,2025-06-04,Mirage,0,1,0.0,0.7,45.2,0,3,2.0,2.0,0.16666666666666663,-0.16666666666666663,0.0,0.0,1.4,0.0
3833,2051,2025-06-04,Inferno,0,-1,0.0,0.7,45.2,0,3,-0.8,-0.8,-0.04166666666666663,-0.03333333333333338,1.0986122886681096,-0.0,-0.5599999999999999,0.0
3834,2051,2025-06-04,Anubis,0,1,0.0,0.7,45.2,0,3,2.0,2.0,0.29166666666666663,-0.29166666666666663,0.0,0.0,1.4,0.0
3823,1030,2025-06-04,Anubis,1,1,-50.0,0.2,-277.1,0,2,1.0714285714285714,1.0714285714285714,0.15178571428571425,-0.09672619047619041,1.0986122886681098,-53.57142857142857,0.2142857142857143,13855.000000000002
3807,1023,2025-06-05,Nuke,1,1,37.0,0.4,-35.599999999999994,0,0,-0.15584415584415584,-0.15584415584415584,-0.08766233766233766,0.018398268398268303,0.4054651081081646,-5.766233766233766,-0.06233766233766234,-1317.1999999999998
3808,1023,2025-06-05,Anubis,1,1,37.0,0.4,-35.599999999999994,0,0,0.9333333333333333,0.9333333333333333,0.09027777777777785,-0.06805555555555559,0.8266785731844679,34.53333333333333,0.37333333333333335,-1317.1999999999998
3813,1025,2025-06-05,Inferno,1,-1,-49.0,-0.9142857142857144,52.3,0,3,-1.1428571428571428,-1.1428571428571428,-0.06547619047619041,0.01388888888888895,0.6931471805599452,56.0,1.0448979591836736,-2562.7
3810,1024,2025-06-05,Dust2,1,1,-87.0,0.2,-188.5,0,2,0.7142857142857143,0.7142857142857143,0.12202380952380953,-0.026785714285714246,1.0986122886681098,-62.142857142857146,0.14285714285714288,16399.5
3811,1024,2025-06-05,Mirage,1,-1,-87.0,0.2,-188.5,0,2,-0.4444444444444444,-0.4444444444444444,-0.06481481481481477,0.1574074074074074,1.6094379124341005,38.666666666666664,-0.08888888888888889,16399.5
3809,1024,2025-06-05,Inferno,1,-1,-87.0,0.2,-188.5,0,2,-0.5333333333333333,-0.5333333333333333,-0.10277777777777775,0.024074074074074137,0.5108256237659909,46.4,-0.10666666666666667,16399.5
3812,1025,2025-06-05,Train,1,-1,-49.0,-0.9142857142857144,52.3,0,3,-0.5714285714285714,-0.5714285714285714,-0.05357142857142855,-0.029761904761904767,1.3862943611198904,28.0,0.5224489795918368,-2562.7
3797,1020,2025-06-06,Inferno,1,1,-49.0,-0.8,40.0,0,5,-0.2777777777777778,-0.2777777777777778,-0.04282407407407407,-0.050925925925925875,1.33500106673234,13.611111111111112,0.22222222222222224,-1960.0
3798,1020,2025-06-06,Mirage,1,-1,-49.0,-0.8,40.0,0,5,-1.0,-1.0,-0.1388888888888889,0.1076388888888889,1.466337068793427,49.0,0.8,-1960.0
3799,1020,2025-06-06,Anubis,1,-1,-49.0,-0.8,40.0,0,5,-1.3333333333333333,-1.3333333333333333,-0.29166666666666663,0.38888888888888895,0.6931471805599453,65.33333333333333,1.0666666666666667,-1960.0
3800,1021,2025-06-06,Inferno,1,-1,-87.0,-0.4,-84.0,0,2,-0.3333333333333333,-0.3333333333333333,-0.1513888888888889,-0.0402777777777778,0.45198512374305744,29.0,0.13333333333333333,7308.0
3802,1022,2025-06-06,Ancient,1,-1,0.0,-0.2,21.9,0,4,-0.4444444444444444,-0.4444444444444444,-0.050925925925925875,0.05092592592592593,0.9162907318741553,-0.0,0.08888888888888889,0.0
3803,1022,2025-06-06,Inferno,1,-1,0.0,-0.2,21.9,0,4,-0.1111111111111111,-0.1111111111111111,0.02314814814814814,-0.09953703703703698,1.5581446180465497,-0.0,0.022222222222222223,0.0
3804,2049,2025-06-06,Nuke,0,-1,0.0,-0.5333333333333333,0.0,0,-4,-1.3333333333333333,-1.3333333333333333,-0.22222222222222227,0.08333333333333331,-0.6931471805599453,-0.0,0.711111111111111,0.0
3805,2049,2025-06-06,Inferno,0,1,0.0,-0.5333333333333333,0.0,0,-4,1.0,1.0,0.062499999999999944,-0.034722222222222265,-1.252762968495368,0.0,-0.5333333333333333,0.0
3806,2049,2025-06-06,Dust2,0,-1,0.0,-0.5333333333333333,0.0,0,-4,-1.3333333333333333,-1.3333333333333333,-0.25,0.20833333333333331,-0.6931471805599453,-0.0,0.711111111111111,0.0
3801,1021,2025-06-06,Nuke,1,-1,-87.0,-0.4,-84.0,0,2,-0.25,-0.25,-0.02083333333333326,0.08333333333333337,0.5877866649021193,21.75,0.1,7308.0
3788,1011,2025-06-07,Dust2,1,1,-487.0,-0.6000000000000001,104.5,0,-2,-0.45,-0.45,-0.052083333333333315,0.1291666666666667,-0.4054651081081646,219.15,0.2700000000000001,-50891.5
3786,1009,2025-06-07,Anubis,1,1,175.0,-0.4,79.1,0,-1,0.3333333333333333,0.3333333333333333,0.10416666666666669,-0.01388888888888884,0.8472978603872034,58.33333333333333,-0.13333333333333333,13842.499999999998
3787,1010,2025-06-07,Inferno,1,-1,24.0,-0.4,73.5,0,-3,-0.2857142857142857,-0.2857142857142857,-0.08333333333333331,0.08333333333333337,0.0,-6.857142857142857,0.11428571428571428,1764.0
3789,1012,2025-06-07,Inferno,1,1,-65.0,0.0,-75.60000000000001,0,-3,0.35,0.35,0.07187500000000002,-0.06927083333333334,-1.0414538748281612,-22.75,0.0,4914.000000000001
3793,1016,2025-06-07,Anubis,1,1,74.0,0.0,90.7,0,-3,-0.16666666666666669,-0.16666666666666669,-0.13541666666666669,-0.050347222222222265,-0.8873031950009029,-12.333333333333334,-0.0,6711.8
3791,1014,2025-06-07,Dust2,1,1,74.0,-0.2,93.60000000000001,0,-2,0.0,0.0,0.05833333333333335,0.11666666666666664,0.0,0.0,-0.0,6926.400000000001
3792,1015,2025-06-07,Nuke,1,1,561.0,1.4,-336.43333333333334,0,2,1.25,1.25,0.125,-0.22395833333333331,0.810930216216329,701.25,1.75,-188739.1
3794,1017,2025-06-07,Inferno,1,1,0.0,0.5333333333333333,-49.41111111111111,0,-1,1.6,1.6,0.31666666666666665,-0.23333333333333328,0.4054651081081644,0.0,0.8533333333333334,-0.0
3795,1018,2025-06-07,Ancient,1,-1,375.0,-0.4,271.3,0,-2,-0.08080808080808077,-0.08080808080808077,-0.05765993265993263,-0.0824915824915825,-0.18232155679395445,-30.30303030303029,0.03232323232323231,101737.5
3796,1019,2025-06-07,Dust2,1,1,152.0,-0.2,-31.5,0,-2,-0.12727272727272732,-0.12727272727272732,0.03560606060606064,-0.006439393939393967,0.08701137698962969,-19.34545454545455,0.025454545454545466,-4788.0
3790,1013,2025-06-07,Nuke,1,-1,-87.0,-0.4,210.9,0,-4,-1.1,-1.1,-0.13958333333333334,0.1520833333333334,-0.18232155679395468,95.7,0.44000000000000006,-18348.3
3775,1003,2025-06-08,Mirage,1,-1,137.0,-0.6,7.100000000000001,0,-3,-1.6666666666666665,-1.6666666666666665,-0.11111111111111105,0.35416666666666674,0.8472978603872034,-228.33333333333331,0.9999999999999999,972.7000000000002
3771,1001,2025-06-08,Train,1,1,-37.0,0.0,108.69999999999999,0,-4,-0.25,-0.25,-0.23437500000000006,-0.03645833333333337,-0.5877866649021193,9.25,-0.0,-4021.8999999999996
3772,1001,2025-06-08,Anubis,1,1,-37.0,0.0,108.69999999999999,0,-4,-0.16176470588235292,-0.16176470588235292,-0.09987745098039219,0.014399509803921573,-0.693147180559945,5.985294117647058,-0.0,-4021.8999999999996
3773,1002,2025-06-08,Dust2,1,-1,74.0,-0.8,10.400000000000006,0,0,-0.5333333333333333,-0.5333333333333333,-0.08333333333333331,0.07361111111111113,-0.45198512374305744,-39.46666666666667,0.4266666666666667,769.6000000000004
3774,1002,2025-06-08,Mirage,1,-1,74.0,-0.8,10.400000000000006,0,0,-0.3333333333333333,-0.3333333333333333,0.00868055555555558,0.019097222222222265,-0.810930216216329,-24.666666666666664,0.26666666666666666,769.6000000000004
3776,1003,2025-06-08,Dust2,1,-1,137.0,-0.6,7.100000000000001,0,-3,-0.033333333333333354,-0.033333333333333354,0.017361111111111105,-0.03680555555555565,0.7731898882334818,-4.566666666666669,0.02000000000000001,972.7000000000002
3780,1007,2025-06-08,Ancient,1,-1,0.0,0.0,113.49999999999999,0,-3,-1.0,-1.0,-0.09374999999999994,0.15625000000000006,0.0,-0.0,-0.0,0.0
3778,1005,2025-06-08,Dust2,1,1,561.0,0.8,-191.7,0,3,1.3333333333333333,1.3333333333333333,0.15740740740740738,-0.15277777777777773,0.9162907318741553,748.0,1.0666666666666667,-107543.7
3779,1006,2025-06-08,Dust2,1,1,111.0,0.2,80.8,0,-3,0.7619047619047619,0.7619047619047619,0.10119047619047622,0.06944444444444442,0.13353139262452252,84.57142857142857,0.1523809523809524,8968.8
3781,1008,2025-06-08,Mirage,1,1,35.0,0.2,55.599999999999994,0,-1,0.6464646464646465,0.6464646464646465,0.052609427609427606,-0.04545454545454547,-0.18232155679395445,22.62626262626263,0.12929292929292932,1945.9999999999998
3782,2047,2025-06-08,Dust2,0,-1,0.0,0.0,-91.0,0,4,-0.2,-0.2,-0.03333333333333338,-0.014583333333333282,-0.18232155679395468,-0.0,-0.0,-0.0
3783,2047,2025-06-08,Ancient,0,-1,0.0,0.0,-91.0,0,4,-1.5,-1.5,-0.15625,0.20833333333333331,-0.5108256237659905,-0.0,-0.0,-0.0
3784,2048,2025-06-08,Dust2,0,1,371.0,1.2,-371.0,0,7,1.7,1.7,0.3416666666666667,-0.20833333333333331,2.3513752571634776,630.6999999999999,2.04,-137641.0
3785,2048,2025-06-08,Mirage,0,1,371.0,1.2,-371.0,0,7,0.9,0.9,0.3104166666666667,-0.07708333333333328,2.3513752571634776,333.90000000000003,1.08,-137641.0
3777,1004,2025-06-08,Dust2,1,1,-7.0,0.39999999999999997,42.80000000000001,0,0,-0.041958041958041925,-0.041958041958041925,0.038170163170163196,0.06031468531468526,0.15415067982725805,0.2937062937062935,-0.01678321678321677,-299.6000000000001
3757,997,2025-06-09,Ancient,1,1,440.0,-0.2,68.69999999999999,0,-2,1.2,1.2,0.1291666666666666,-0.14583333333333331,0.6061358035703157,528.0,-0.24,30227.999999999996
3758,997,2025-06-09,Nuke,1,-1,440.0,-0.2,68.69999999999999,0,-2,0.2,0.2,0.05694444444444441,-0.05486111111111114,0.7731898882334818,88.0,-0.04000000000000001,30227.999999999996
3760,998,2025-06-09,Mirage,1,-1,496.0,0.0,-192.6,0,-3,-0.9166666666666667,-0.9166666666666667,-0.10821759259259267,0.13020833333333331,-0.9162907318741547,-454.6666666666667,-0.0,-95529.59999999999
3761,998,2025-06-09,Train,1,1,496.0,0.0,-192.6,0,-3,0.5833333333333333,0.5833333333333333,-0.028935185185185175,-0.21296296296296297,-0.10536051565782634,289.3333333333333,0.0,-95529.59999999999
3762,998,2025-06-09,Dust2,1,1,496.0,0.0,-192.6,0,-3,0.2571428571428572,0.2571428571428572,0.01904761904761909,-0.06726190476190474,-0.3101549283038394,127.54285714285716,0.0,-95529.59999999999
3759,997,2025-06-09,Inferno,1,-1,440.0,-0.2,68.69999999999999,0,-2,-0.2,-0.2,-0.10833333333333328,-0.08333333333333337,0.7884573603642704,-88.0,0.04000000000000001,30227.999999999996
3764,999,2025-06-09,Nuke,1,1,74.0,0.8,-220.275,0,1,0.8571428571428572,0.8571428571428572,0.09970238095238093,-0.21130952380952378,0.47000362924573547,63.42857142857143,0.6857142857142858,-16300.35
3765,1000,2025-06-09,Ancient,1,1,-23.0,0.0,-8.5,0,-3,0.0,0.0,0.02083333333333337,0.05902777777777779,-1.1786549963416462,-0.0,0.0,195.5
3766,1000,2025-06-09,Mirage,1,-1,-23.0,0.0,-8.5,0,-3,-0.26666666666666666,-0.26666666666666666,0.016666666666666663,-0.004166666666666652,-1.01160091167848,6.133333333333333,-0.0,195.5
3770,2046,2025-06-09,Ancient,0,-1,371.0,0.2,-231.0,0,7,0.16666666666666666,0.16666666666666666,0.06597222222222227,0.043402777777777735,2.120263536200091,61.83333333333333,0.03333333333333333,-85701.0
3767,1000,2025-06-09,Train,1,-1,-23.0,0.0,-8.5,0,-3,-1.0,-1.0,-0.18749999999999994,-0.020833333333333315,-0.5108256237659905,23.0,-0.0,195.5
3768,2046,2025-06-09,Inferno,0,1,371.0,0.2,-231.0,0,7,-0.5,-0.5,0.027083333333333348,-0.025000000000000022,0.7884573603642704,-185.5,-0.1,-85701.0
3769,2046,2025-06-09,Dust2,0,-1,371.0,0.2,-231.0,0,7,1.0476190476190477,1.0476190476190477,-0.011904761904761973,-0.2817460317460318,1.0116009116784803,388.6666666666667,0.20952380952380956,-85701.0
3763,999,2025-06-09,Dust2,1,1,74.0,0.8,-220.275,0,1,0.8571428571428572,0.8571428571428572,0.059523809523809534,-0.04166666666666663,0.980829253011726,63.42857142857143,0.6857142857142858,-16300.35
3748,993,2025-06-10,Anubis,1,1,224.0,0.2,-182.9,0,0,0.31746031746031744,0.31746031746031744,0.08994708994708994,-0.16534391534391535,-0.22314355131421015,71.11111111111111,0.06349206349206349,-40969.6
3749,993,2025-06-10,Ancient,1,1,224.0,0.2,-182.9,0,0,0.7777777777777777,0.7777777777777777,0.0763888888888889,-0.06944444444444442,0.35667494393873267,174.2222222222222,0.15555555555555556,-40969.6
3750,994,2025-06-10,Dust2,1,-1,65.0,0.6,-2.0999999999999943,0,4,0.39999999999999997,0.39999999999999997,0.008333333333333304,0.06388888888888888,1.3862943611198906,25.999999999999996,0.23999999999999996,-136.49999999999963
3752,994,2025-06-10,Anubis,1,-1,65.0,0.6,-2.0999999999999943,0,4,-0.2,-0.2,0.09583333333333338,0.13333333333333325,0.6931471805599452,-13.0,-0.12,-136.49999999999963
3753,995,2025-06-10,Mirage,1,1,-72.0,0.4,-10.699999999999996,0,-1,-0.45454545454545453,-0.45454545454545453,-0.022727272727272707,0.09564393939393934,-0.8754687373539001,32.72727272727273,-0.18181818181818182,770.3999999999996
3754,995,2025-06-10,Dust2,1,1,-72.0,0.4,-10.699999999999996,0,-1,-0.30952380952380953,-0.30952380952380953,-0.035218253968253954,0.03025793650793651,-0.485507815781701,22.285714285714285,-0.12380952380952381,770.3999999999996
3755,996,2025-06-10,Nuke,1,-1,113.0,-0.2,-65.5,0,1,0.6,0.6,0.11805555555555558,-0.020833333333333315,0.15415067982725827,67.8,-0.12,-7401.5
3756,996,2025-06-10,Inferno,1,-1,113.0,-0.2,-65.5,0,1,0.08333333333333331,0.08333333333333331,0.029513888888888895,0.01215277777777779,-0.25131442828090633,9.416666666666664,-0.016666666666666663,-7401.5
3751,994,2025-06-10,Ancient,1,1,65.0,0.6,-2.0999999999999943,0,4,1.6666666666666665,1.6666666666666665,0.2152777777777778,-0.04861111111111105,1.8718021769015913,108.33333333333333,0.9999999999999999,-136.49999999999963
3740,984,2025-06-12,Dust2,1,-1,-179.0,-0.6000000000000001,134.7,0,-4,-0.45454545454545453,-0.45454545454545453,0.02178030303030304,0.12878787878787884,-0.2876820724517808,81.36363636363636,0.27272727272727276,-24111.3
3737,981,2025-06-12,Inferno,1,-1,-319.0,0.0,-43.70000000000002,0,4,-0.4444444444444445,-0.4444444444444445,-0.05092592592592593,0.06481481481481483,0.0,141.7777777777778,-0.0,13940.300000000005
3738,982,2025-06-12,Dust2,1,1,365.0,1.2,39.70000000000002,0,-4,1.2777777777777777,1.2777777777777777,0.14120370370370378,-0.14004629629629628,0.6931471805599456,466.38888888888886,1.5333333333333332,14490.500000000005
3741,986,2025-06-12,Train,1,1,430.0,0.0,140.3,0,-6,1.0,1.0,0.12499999999999994,0.010416666666666685,-0.5108256237659905,430.0,0.0,60329.00000000001
3739,983,2025-06-12,Ancient,1,1,-87.0,0.0,-56.30000000000001,0,-3,0.4,0.4,0.05694444444444435,-0.04999999999999993,1.01160091167848,-34.800000000000004,0.0,4898.100000000001
3743,988,2025-06-12,Anubis,1,1,158.0,0.0,132.3,0,-4,0.08333333333333331,0.08333333333333331,0.06770833333333337,0.08159722222222227,-0.25131442828090633,13.166666666666664,0.0,20903.4
3747,992,2025-06-12,Inferno,1,-1,913.0,0.0,144.1,0,-7,0.09999999999999998,0.09999999999999998,-0.05312500000000003,-0.05312500000000003,0.2006706954621511,91.29999999999998,0.0,131563.3
3744,989,2025-06-12,Nuke,1,-1,79.0,-0.4,-61.599999999999994,0,-5,-0.16666666666666669,-0.16666666666666669,-0.03298611111111105,0.032986111111111105,0.25131442828090633,-13.166666666666668,0.06666666666666668,-4866.4
3745,990,2025-06-12,Dust2,1,1,291.0,0.8,186.20000000000002,0,-3,1.0277777777777777,1.0277777777777777,0.14120370370370378,-0.21817129629629634,0.10536051565782634,299.0833333333333,0.8222222222222222,54184.200000000004
3746,991,2025-06-12,Mirage,1,-1,452.0,-0.39999999999999997,361.6,0,-4,0.4444444444444445,0.4444444444444445,0.055555555555555525,-0.08796296296296302,0.0,200.8888888888889,-0.17777777777777778,163443.2
3742,987,2025-06-12,Inferno,1,-1,-265.0,-0.2,316.6,0,-5,0.39285714285714285,0.39285714285714285,0.14806547619047622,-0.0379464285714286,0.11778303565638382,-104.10714285714286,-0.07857142857142857,-83899.0
3720,969,2025-06-13,Dust2,1,1,74.0,0.2,-86.5,0,-3,0.1333333333333333,0.1333333333333333,0.02546296296296291,0.03842592592592586,0.09531017980432477,9.866666666666664,0.02666666666666666,-6401.0
3719,969,2025-06-13,Anubis,1,1,74.0,0.2,-86.5,0,-3,0.4,0.4,0.08333333333333331,-0.04166666666666663,0.6931471805599452,29.6,0.08000000000000002,-6401.0
3718,969,2025-06-13,Ancient,1,-1,74.0,0.2,-86.5,0,-3,-1.6,-1.6,-0.20833333333333331,0.15833333333333333,-1.0986122886681096,-118.4,-0.32000000000000006,-6401.0
3717,968,2025-06-13,Mirage,1,1,42.0,-0.1333333333333333,-19.4,0,3,0.29411764705882354,0.29411764705882354,0.09068627450980393,0.06495098039215685,2.456735772821304,12.352941176470589,-0.039215686274509796,-814.8
3715,968,2025-06-13,Train,1,-1,42.0,-0.1333333333333333,-19.4,0,3,-1.3846153846153846,-1.3846153846153846,-0.11858974358974356,0.2596153846153846,1.945910149055313,-58.15384615384615,0.18461538461538457,-814.8
3722,970,2025-06-13,Train,1,1,0.0,1.4,0.0,0,4,1.4545454545454546,1.4545454545454546,0.25378787878787884,-0.06060606060606061,1.791759469228055,0.0,2.036363636363636,0.0
3714,967,2025-06-13,Mirage,1,1,382.0,0.2,25.80000000000001,0,0,1.6,1.6,0.09166666666666662,-0.20000000000000007,0.6061358035703157,611.2,0.32000000000000006,9855.600000000004
3713,967,2025-06-13,Nuke,1,-1,382.0,0.2,25.80000000000001,0,0,0.5333333333333333,0.5333333333333333,0.11944444444444435,0.03749999999999998,1.01160091167848,203.73333333333332,0.10666666666666667,9855.600000000004
3712,967,2025-06-13,Dust2,1,1,382.0,0.2,25.80000000000001,0,0,0.9,0.9,0.11874999999999997,-0.10625000000000001,0.7884573603642704,343.8,0.18000000000000002,9855.600000000004
3716,968,2025-06-13,Dust2,1,1,42.0,-0.1333333333333333,-19.4,0,3,1.0526315789473684,1.0526315789473684,0.16228070175438597,-0.11622807017543851,2.3025850929940455,44.21052631578947,-0.14035087719298242,-814.8
3723,971,2025-06-13,Anubis,1,1,-65.0,0.6,39.89999999999998,0,0,1.6,1.6,0.15000000000000002,-0.15833333333333333,0.18232155679395468,-104.0,0.96,-2593.4999999999986
3721,970,2025-06-13,Inferno,1,1,0.0,1.4,0.0,0,4,1.6666666666666665,1.6666666666666665,0.21527777777777773,-0.21527777777777773,1.252762968495368,0.0,2.333333333333333,0.0
3725,972,2025-06-13,Mirage,1,1,561.0,0.19999999999999996,-92.7,0,1,-0.2,-0.2,-0.041666666666666685,-0.03333333333333338,0.0,-112.2,-0.039999999999999994,-52004.700000000004
3736,2045,2025-06-13,Anubis,0,-1,371.0,-0.2,-211.1,0,4,0.4,0.4,0.05416666666666664,-0.07499999999999996,0.6061358035703157,148.4,-0.08000000000000002,-78318.09999999999
3724,971,2025-06-13,Train,1,1,-65.0,0.6,39.89999999999998,0,0,0.26666666666666666,0.26666666666666666,0.1388888888888889,-0.013888888888888895,0.4054651081081644,-17.333333333333332,0.16,-2593.4999999999986
3734,980,2025-06-13,Ancient,1,-1,228.0,-0.2,266.0,0,-5,-0.2,-0.2,-0.024999999999999967,-0.054166666666666696,-1.2992829841302609,-45.6,0.04000000000000001,60648.0
3733,979,2025-06-13,Dust2,1,1,1000.0,0.8,96.79999999999998,0,-7,0.8333333333333333,0.8333333333333333,0.15567129629629622,-0.05324074074074081,-0.10536051565782634,833.3333333333333,0.6666666666666666,96799.99999999999
3732,978,2025-06-13,Ancient,1,1,226.0,0.8,-52.80000000000001,0,0,-0.08333333333333331,-0.08333333333333331,0.09027777777777773,0.034722222222222265,0.25131442828090633,-18.83333333333333,-0.06666666666666665,-11932.800000000003
3735,2045,2025-06-13,Dust2,0,-1,371.0,-0.2,-211.1,0,4,0.5454545454545454,0.5454545454545454,0.03598484848484851,-0.04356060606060602,2.0368819272610397,202.36363636363635,-0.10909090909090909,-78318.09999999999
3730,976,2025-06-13,Nuke,1,-1,-889.0,-0.6,-37.69999999999999,0,4,-1.2285714285714286,-1.2285714285714286,-0.18869047619047613,0.09761904761904755,-0.3184537311185349,1092.2,0.7371428571428572,33515.29999999999
3729,975,2025-06-13,Anubis,1,-1,-137.0,0.6,41.70000000000002,0,1,-0.9333333333333333,-0.9333333333333333,-0.07962962962962966,0.187962962962963,-0.5108256237659909,127.86666666666667,-0.5599999999999999,-5712.900000000002
3728,974,2025-06-13,Inferno,1,-1,192.0,-0.4,43.10000000000002,0,0,-0.9285714285714286,-0.9285714285714286,-0.06994047619047622,0.10863095238095238,0.11778303565638382,-178.28571428571428,0.37142857142857144,8275.200000000004
3727,973,2025-06-13,Nuke,1,1,296.0,1.0,111.4,0,-4,0.6666666666666667,0.6666666666666667,0.08611111111111108,-0.10555555555555557,0.15415067982725827,197.33333333333334,0.6666666666666667,32974.4
3726,972,2025-06-13,Train,1,1,561.0,0.19999999999999996,-92.7,0,1,0.6666666666666666,0.6666666666666666,0.125,-0.12499999999999994,0.9162907318741553,374.0,0.1333333333333333,-52004.700000000004
3731,977,2025-06-13,Dust2,1,1,116.0,0.2,37.599999999999994,0,-4,0.7,0.7,0.11458333333333331,-0.11597222222222225,0.16705408466316607,81.19999999999999,0.13999999999999999,4361.599999999999
3692,958,2025-06-14,Mirage,1,1,240.0,0.2,-52.80000000000001,0,0,0.04999999999999999,0.04999999999999999,0.04999999999999999,0.019791666666666652,0.4054651081081646,11.999999999999996,0.009999999999999998,-12672.000000000004
3693,958,2025-06-14,Anubis,1,-1,240.0,0.2,-52.80000000000001,0,0,-0.8,-0.8,-0.08333333333333337,0.07500000000000001,0.0,-192.0,-0.16000000000000003,-12672.000000000004
3694,958,2025-06-14,Inferno,1,1,240.0,0.2,-52.80000000000001,0,0,0.35,0.35,0.054166666666666696,0.021874999999999978,0.2006706954621511,84.0,0.06999999999999999,-12672.000000000004
3695,959,2025-06-14,Train,1,-1,-1000.0,-0.39999999999999997,143.99999999999997,0,3,-1.1666666666666665,-1.1666666666666665,-0.18055555555555558,0.12847222222222227,-0.33647223662121295,1166.6666666666665,0.46666666666666656,-143999.99999999997
3696,959,2025-06-14,Dust2,1,-1,-1000.0,-0.39999999999999997,143.99999999999997,0,3,-0.46464646464646464,-0.46464646464646464,-0.0505050505050505,0.08249158249158256,0.18232155679395445,464.64646464646466,0.18585858585858583,-143999.99999999997
3699,960,2025-06-14,Mirage,1,-1,-70.0,0.0,-51.69999999999999,0,0,-0.8363636363636364,-0.8363636363636364,-0.19772727272727264,0.03409090909090906,-0.6931471805599454,58.54545454545455,-0.0,3618.999999999999
3697,960,2025-06-14,Train,1,-1,-70.0,0.0,-51.69999999999999,0,0,-0.5,-0.5,0.11458333333333331,0.21875000000000006,0.0,35.0,-0.0,3618.999999999999
3698,960,2025-06-14,Inferno,1,1,-70.0,0.0,-51.69999999999999,0,0,-0.1333333333333333,-0.1333333333333333,0.01712962962962966,0.023611111111111138,-0.09531017980432477,9.333333333333332,-0.0,3618.999999999999
3700,961,2025-06-14,Train,1,1,42.0,0.4,-123.9,0,5,0.0,0.0,0.013888888888888895,0.01388888888888884,0.8266785731844679,0.0,0.0,-5203.8
3705,963,2025-06-14,Train,1,1,-55.0,1.2000000000000002,-164.6,0,5,0.6813186813186813,0.6813186813186813,0.05677655677655674,0.03983516483516486,0.5596157879354227,-37.472527472527474,0.8175824175824177,9053.0
3702,962,2025-06-14,Ancient,1,-1,72.0,-0.2,111.5,0,-5,-0.1616161616161616,-0.1616161616161616,0.02483164983164987,-0.002525252525252486,-0.18232155679395445,-11.636363636363635,0.03232323232323232,8028.0
3701,961,2025-06-14,Mirage,1,1,42.0,0.4,-123.9,0,5,0.7777777777777778,0.7777777777777778,0.08159722222222221,-0.0798611111111111,1.4136933353080048,32.666666666666664,0.3111111111111111,-5203.8
3710,966,2025-06-14,Mirage,1,1,-42.0,0.6000000000000001,19.4,0,0,-0.2777777777777778,-0.2777777777777778,-0.03993055555555558,0.032986111111111105,-1.4136933353080048,11.666666666666668,-0.16666666666666669,-814.8
3709,965,2025-06-14,Nuke,1,-1,37.0,-0.2,156.3,0,0,-0.5,-0.5,-0.078125,0.08333333333333331,0.0,-18.5,0.1,5783.1
3708,965,2025-06-14,Inferno,1,-1,37.0,-0.2,156.3,0,0,0.25,0.25,-0.012500000000000067,-0.015625,0.2006706954621511,9.25,-0.05,5783.1
3711,966,2025-06-14,Train,1,1,-42.0,0.6000000000000001,19.4,0,0,0.8717948717948718,0.8717948717948718,0.11431623931623924,-0.01175213675213671,-0.13353139262452274,-36.61538461538461,0.5230769230769231,-814.8
3706,964,2025-06-14,Inferno,1,-1,-42.0,-1.2,42.0,0,-5,-0.6,-0.6,0.07916666666666666,0.1833333333333333,-1.7047480922384253,25.2,0.72,-1764.0
3704,963,2025-06-14,Ancient,1,1,-55.0,1.2000000000000002,-164.6,0,5,-0.1333333333333333,-0.1333333333333333,-0.00694444444444442,-0.06388888888888888,1.01160091167848,7.333333333333332,-0.15999999999999998,9053.0
3703,962,2025-06-14,Anubis,1,-1,72.0,-0.2,111.5,0,-5,-0.7333333333333334,-0.7333333333333334,-0.054166666666666696,0.15509259259259256,-0.09531017980432477,-52.800000000000004,0.1466666666666667,8028.0
3707,964,2025-06-14,Dust2,1,-1,-42.0,-1.2,42.0,0,-5,-1.1,-1.1,-0.29166666666666663,0.1291666666666666,-2.3513752571634776,46.2,1.32,-1764.0
3679,953,2025-06-15,Ancient,1,-1,-42.0,-0.8,12.6,0,-6,-1.2916666666666665,-1.2916666666666665,-0.17708333333333331,0.15972222222222227,-0.8873031950009029,54.24999999999999,1.0333333333333332,-529.1999999999999
3673,951,2025-06-15,Ancient,1,1,106.0,0.2,-11.100000000000023,0,0,0.05714285714285716,0.05714285714285716,0.08690476190476193,0.01607142857142857,0.3184537311185349,6.057142857142859,0.011428571428571434,-1176.6000000000024
3674,951,2025-06-15,Dust2,1,1,106.0,0.2,-11.100000000000023,0,0,-0.05128205128205132,-0.05128205128205132,-0.016559829059829,0.1020299145299145,-0.6931471805599452,-5.43589743589744,-0.010256410256410265,-1176.6000000000024
3675,952,2025-06-15,Dust2,1,-1,-42.0,0.0,27.8,0,-2,-0.3611111111111111,-0.3611111111111111,-0.018518518518518545,0.061342592592592615,-0.9162907318741547,15.166666666666666,-0.0,-1167.6000000000001
3676,952,2025-06-15,Train,1,-1,-42.0,0.0,27.8,0,-2,0.6666666666666666,0.6666666666666666,0.09490740740740744,-0.002777777777777768,-0.17185025692665912,-28.0,0.0,-1167.6000000000001
3677,953,2025-06-15,Inferno,1,1,-42.0,-0.8,12.6,0,-6,0.12121212121212122,0.12121212121212122,0.0025252525252525415,0.04166666666666663,-1.0986122886681098,-5.090909090909091,-0.09696969696969698,-529.1999999999999
3678,953,2025-06-15,Dust2,1,-1,-42.0,-0.8,12.6,0,-6,-0.45,-0.45,-0.11388888888888893,0.057638888888888906,-1.4271163556401456,18.900000000000002,0.36000000000000004,-529.1999999999999
3680,954,2025-06-15,Ancient,1,1,-365.0,0.0,129.79999999999998,0,5,-0.16666666666666669,-0.16666666666666669,0.020833333333333315,-0.02430555555555558,0.2231435513142097,60.83333333333334,-0.0,-47376.99999999999
3684,955,2025-06-15,Train,1,1,-42.0,-0.2,23.7,0,-8,0.8333333333333333,0.8333333333333333,0.12615740740740744,-0.06944444444444442,-1.33500106673234,-35.0,-0.16666666666666666,-995.4
3682,954,2025-06-15,Nuke,1,-1,-365.0,0.0,129.79999999999998,0,5,0.06060606060606061,0.06060606060606061,0.06818181818181818,-0.02714646464646464,-0.5389965007326871,-22.12121212121212,0.0,-47376.99999999999
3683,955,2025-06-15,Dust2,1,-1,-42.0,-0.2,23.7,0,-8,0.08333333333333331,0.08333333333333331,-0.01388888888888895,-0.03125,-1.83258146374831,-3.499999999999999,-0.016666666666666663,-995.4
3685,955,2025-06-15,Ancient,1,-1,-42.0,-0.2,23.7,0,-8,-0.625,-0.625,-0.21875,0.08333333333333331,-1.7346010553881064,26.25,0.125,-995.4
3686,956,2025-06-15,Train,1,1,-42.0,-0.7333333333333334,42.0,0,-8,1.3333333333333333,1.3333333333333333,0.13657407407407407,-0.3194444444444444,-2.251291798606495,-56.0,-0.9777777777777779,-1764.0
3687,956,2025-06-15,Dust2,1,-1,-42.0,-0.7333333333333334,42.0,0,-8,-1.25,-1.25,-0.22222222222222227,0.14930555555555552,-2.525728644308255,52.5,0.9166666666666667,-1764.0
3688,956,2025-06-15,Anubis,1,-1,-42.0,-0.7333333333333334,42.0,0,-8,-1.368421052631579,-1.368421052631579,-0.1074561403508772,0.10307017543859642,-2.3025850929940455,57.473684210526315,1.0035087719298246,-1764.0
3689,957,2025-06-15,Inferno,1,-1,0.0,-0.8,-15.200000000000001,0,-4,-1.0476190476190477,-1.0476190476190477,-0.03968253968253971,0.22023809523809518,-0.6931471805599452,-0.0,0.8380952380952382,-0.0
3690,957,2025-06-15,Train,1,1,0.0,-0.8,-15.200000000000001,0,-4,-0.3333333333333333,-0.3333333333333333,-0.0625,-0.09791666666666665,-1.1631508098056809,-0.0,0.26666666666666666,-0.0
3691,957,2025-06-15,Ancient,1,-1,0.0,-0.8,-15.200000000000001,0,-4,-0.9393939393939393,-0.9393939393939393,-0.09280303030303028,0.13888888888888895,-0.5389965007326871,-0.0,0.7515151515151515,-0.0
3681,954,2025-06-15,Inferno,1,-1,-365.0,0.0,129.79999999999998,0,5,0.4242424242424242,0.4242424242424242,0.1111111111111111,-0.07323232323232326,-0.18232155679395445,-154.84848484848484,0.0,-47376.99999999999
3665,950,2025-06-16,Mirage,1,-1,-74.0,-0.4,318.0,0,-1,-0.09090909090909091,-0.09090909090909091,-0.061553030303030276,0.03125,0.8754687373539001,6.7272727272727275,0.03636363636363637,-23532.0
3667,950,2025-06-16,Dust2,1,-1,-74.0,-0.4,318.0,0,-1,0.09090909090909091,0.09090909090909091,0.0666035353535353,-0.016098484848484862,0.08004270767353638,-6.7272727272727275,-0.03636363636363637,-23532.0
3666,950,2025-06-16,Inferno,1,1,-74.0,-0.4,318.0,0,-1,1.0,1.0,0.07407407407407407,-0.21990740740740738,-0.35667494393873267,-74.0,-0.4,-23532.0
3669,2043,2025-06-16,Inferno,0,1,0.0,1.2,0.0,0,4,1.1428571428571428,1.1428571428571428,-0.0357142857142857,-0.23809523809523803,1.3862943611198904,0.0,1.3714285714285712,0.0
3670,2044,2025-06-16,Ancient,0,-1,371.0,0.2,-132.3,0,3,0.4533333333333333,0.4533333333333333,0.09666666666666662,0.0188888888888889,1.8718021769015916,168.18666666666667,0.09066666666666667,-49083.3
3671,2044,2025-06-16,Mirage,0,1,371.0,0.2,-132.3,0,3,0.1523809523809524,0.1523809523809524,0.014682539682539686,-0.07182539682539674,1.299282984130261,56.53333333333334,0.03047619047619048,-49083.3
3668,2043,2025-06-16,Dust2,0,1,0.0,1.2,0.0,0,4,1.2,1.2,0.35000000000000003,-0.20833333333333331,1.0986122886681096,0.0,1.44,0.0
3672,2044,2025-06-16,Anubis,0,1,371.0,0.2,-132.3,0,3,1.2727272727272727,1.2727272727272727,0.17424242424242425,-0.19318181818181823,1.0986122886681098,472.1818181818182,0.2545454545454546,-49083.3
3664,2042,2025-06-17,Train,0,-1,-371.0,-0.6,193.9,0,-3,-0.5714285714285714,-0.5714285714285714,-0.09523809523809529,0.035714285714285754,-0.6286086594223743,212.0,0.3428571428571428,-71936.90000000001
3663,2042,2025-06-17,Mirage,0,-1,-371.0,-0.6,193.9,0,-3,-0.5555555555555556,-0.5555555555555556,-0.125,0.0406144781144781,-0.8329091229351038,206.11111111111111,0.3333333333333333,-71936.90000000001
3662,2041,2025-06-17,Anubis,0,-1,0.0,-0.8,95.2,0,-4,-2.0,-2.0,-0.11111111111111105,0.31250000000000006,0.2876820724517808,-0.0,1.6,0.0
3661,2041,2025-06-17,Dust2,0,-1,0.0,-0.8,95.2,0,-4,-0.9333333333333333,-0.9333333333333333,-0.21111111111111114,0.17638888888888898,-0.15415067982725827,-0.0,0.7466666666666667,0.0
3660,2041,2025-06-17,Inferno,0,1,0.0,-0.8,95.2,0,-4,1.0,1.0,0.052083333333333315,-0.02604166666666663,-1.0986122886681098,0.0,-0.8,0.0
3652,949,2025-06-19,Mirage,1,1,-87.0,0.0,45.0,0,-2,-0.25,-0.25,-0.06944444444444442,-0.03819444444444442,-0.3677247801253172,21.75,-0.0,-3915.0
3653,949,2025-06-19,Dust2,1,-1,-87.0,0.0,45.0,0,-2,0.14545454545454545,0.14545454545454545,0.051136363636363646,-0.07007575757575757,-0.08701137698962969,-12.654545454545454,0.0,-3915.0
3654,949,2025-06-19,Nuke,1,-1,-87.0,0.0,45.0,0,-2,0.09523809523809523,0.09523809523809523,0.020833333333333315,-0.03125,-0.485507815781701,-8.285714285714285,0.0,-3915.0
3656,2039,2025-06-19,Inferno,0,1,-371.0,0.0,74.2,0,-5,0.20202020202020202,0.20202020202020202,0.02398989898989895,-0.007154882154882136,-0.18232155679395445,-74.94949494949495,0.0,-27528.2
3657,2040,2025-06-19,Anubis,0,-1,0.0,0.0,-174.5,0,4,0.1111111111111111,0.1111111111111111,-0.01620370370370361,-0.0625,0.35667494393873267,0.0,0.0,-0.0
3658,2040,2025-06-19,Mirage,0,1,0.0,0.0,-174.5,0,4,0.711111111111111,0.711111111111111,0.02870370370370373,-0.0759259259259259,0.5108256237659909,0.0,0.0,-0.0
3659,2040,2025-06-19,Inferno,0,1,0.0,0.0,-174.5,0,4,0.75,0.75,0.11979166666666669,-0.1875,1.0986122886681098,0.0,0.0,-0.0
3655,2039,2025-06-19,Ancient,0,1,-371.0,0.0,74.2,0,-5,-0.16783216783216784,-0.16783216783216784,-0.11188811188811187,-0.019376456876456838,-0.8109302162163288,62.26573426573427,-0.0,-27528.2
3642,948,2025-06-20,Inferno,1,-1,487.0,0.0,-100.0,0,-2,-0.04999999999999999,-0.04999999999999999,-0.10000000000000003,-0.021875000000000033,-0.2006706954621511,-24.349999999999994,-0.0,-48700.0
3638,947,2025-06-20,Mirage,1,-1,-570.0,-0.8,127.69999999999999,0,0,-0.2222222222222222,-0.2222222222222222,-0.038194444444444475,0.0057870370370369795,-0.26236426446749084,126.66666666666666,0.17777777777777778,-72789.0
3639,947,2025-06-20,Nuke,1,-1,-570.0,-0.8,127.69999999999999,0,0,-1.8181818181818183,-1.8181818181818183,-0.045454545454545525,0.22916666666666663,-1.3862943611198906,1036.3636363636365,1.4545454545454548,-72789.0
3640,948,2025-06-20,Nuke,1,1,487.0,0.0,-100.0,0,-2,0.4444444444444444,0.4444444444444444,0.07407407407407407,-0.037037037037037035,0.0,216.44444444444443,0.0,-48700.0
3641,948,2025-06-20,Anubis,1,-1,487.0,0.0,-100.0,0,-2,0.47619047619047616,0.47619047619047616,0.04960317460317465,-0.07341269841269848,0.7621400520468968,231.9047619047619,0.0,-48700.0
3643,2035,2025-06-20,Mirage,0,1,0.0,0.0,-8.399999999999991,0,-1,0.8666666666666667,0.8666666666666667,0.0625,-0.1527777777777778,0.8266785731844679,0.0,0.0,-0.0
3650,2038,2025-06-20,Inferno,0,-1,42.0,0.4,-177.2,0,8,-1.5,-1.5,-0.10069444444444436,0.3784722222222222,1.8718021769015913,-63.0,-0.6000000000000001,-7442.4
3645,2035,2025-06-20,Dust2,0,1,0.0,0.0,-8.399999999999991,0,-1,0.0,0.0,-0.11574074074074081,-0.00925925925925919,0.9162907318741553,0.0,0.0,-0.0
3646,2036,2025-06-20,Mirage,0,1,371.0,1.2,-218.0,0,6,1.0434782608695652,1.0434782608695652,0.02807971014492755,-0.13677536231884052,2.079441541679836,387.1304347826087,1.2521739130434781,-80878.0
3647,2036,2025-06-20,Dust2,0,1,371.0,1.2,-218.0,0,6,1.5652173913043477,1.5652173913043477,0.10054347826086957,-0.2563405797101449,2.079441541679836,580.695652173913,1.8782608695652172,-80878.0
3648,2037,2025-06-20,Ancient,0,1,0.0,0.6000000000000001,-104.1,0,5,0.6666666666666666,0.6666666666666666,0.05208333333333337,-0.020833333333333315,1.1786549963416462,0.0,0.4,-0.0
3649,2037,2025-06-20,Inferno,0,1,0.0,0.6000000000000001,-104.1,0,5,1.7777777777777777,1.7777777777777777,0.3101851851851851,-0.2407407407407407,0.6931471805599456,0.0,1.0666666666666669,-0.0
3651,2038,2025-06-20,Dust2,0,-1,42.0,0.4,-177.2,0,8,0.2,0.2,0.02416666666666667,-0.028749999999999942,1.6486586255873819,8.4,0.08000000000000002,-7442.4
3644,2035,2025-06-20,Nuke,0,-1,0.0,0.0,-8.399999999999991,0,-1,-1.0,-1.0,-0.052083333333333315,0.034722222222222265,0.2231435513142097,-0.0,-0.0,-0.0
3630,945,2025-06-21,Train,1,-1,-548.0,-0.39999999999999997,232.4,0,1,-0.9142857142857144,-0.9142857142857144,-0.10833333333333334,0.0976190476190476,-0.2876820724517808,501.02857142857147,0.3657142857142857,-127355.2
3628,945,2025-06-21,Mirage,1,-1,-548.0,-0.39999999999999997,232.4,0,1,0.0,0.0,0.04487179487179482,0.06730769230769229,0.0,-0.0,-0.0,-127355.2
3631,946,2025-06-21,Mirage,1,-1,-72.0,0.0,-14.300000000000011,0,4,-1.2527472527472527,-1.2527472527472527,-0.048534798534798584,0.19917582417582425,-0.5596157879354227,90.19780219780219,-0.0,1029.6000000000008
3629,945,2025-06-21,Inferno,1,1,-548.0,-0.39999999999999997,232.4,0,1,-0.45454545454545453,-0.45454545454545453,-0.027462121212121215,0.10037878787878785,0.08004270767353638,249.0909090909091,0.1818181818181818,-127355.2
3633,2033,2025-06-21,Ancient,0,1,0.0,0.6000000000000001,-46.5,0,2,0.5,0.5,-0.059027777777777735,-0.09374999999999994,0.9555114450274365,0.0,0.30000000000000004,-0.0
3634,2033,2025-06-21,Inferno,0,1,0.0,0.6000000000000001,-46.5,0,2,0.09090909090909091,0.09090909090909091,-0.049242424242424254,0.08333333333333337,1.3862943611198906,0.0,0.05454545454545456,-0.0
3637,2034,2025-06-21,Inferno,0,-1,-43.0,1.0,-63.70000000000002,0,3,-0.9090909090909091,-0.9090909090909091,-0.09090909090909088,0.0,1.791759469228055,39.090909090909086,-0.9090909090909091,2739.100000000001
3635,2034,2025-06-21,Train,0,1,-43.0,1.0,-63.70000000000002,0,3,0.5,0.5,0.1840277777777778,-0.062499999999999944,0.2231435513142097,-21.5,0.5,2739.100000000001
3636,2034,2025-06-21,Mirage,0,-1,-43.0,1.0,-63.70000000000002,0,3,0.7916666666666666,0.7916666666666666,0.12065972222222221,-0.09375,0.8873031950009029,-34.041666666666664,0.7916666666666666,2739.100000000001
3632,946,2025-06-21,Anubis,1,-1,-72.0,0.0,-14.300000000000011,0,4,0.4727272727272727,0.4727272727272727,0.04053030303030303,-0.1333333333333333,0.08701137698962969,-34.03636363636364,0.0,1029.6000000000008
3610,943,2025-06-22,Mirage,1,-1,704.0,0.19999999999999996,-109.60000000000002,0,-1,-0.3142857142857143,-0.3142857142857143,0.022420634920634896,0.06706349206349205,-0.06453852113757108,-221.25714285714287,-0.06285714285714285,-77158.40000000002
3611,943,2025-06-22,Dust2,1,1,704.0,0.19999999999999996,-109.60000000000002,0,-1,0.45714285714285713,0.45714285714285713,0.04702380952380952,-0.17738095238095236,0.3184537311185349,321.8285714285714,0.0914285714285714,-77158.40000000002
3612,943,2025-06-22,Inferno,1,1,704.0,0.19999999999999996,-109.60000000000002,0,-1,0.3888888888888889,0.3888888888888889,-0.01504629629629628,-0.11458333333333331,0.26236426446749084,273.77777777777777,0.07777777777777777,-77158.40000000002
3613,944,2025-06-22,Mirage,1,-1,-222.0,-0.2,-170.3,0,1,-0.8,-0.8,-0.04722222222222222,0.12777777777777777,-0.9808292530117262,177.60000000000002,0.16000000000000003,37806.600000000006
3614,944,2025-06-22,Anubis,1,-1,-222.0,-0.2,-170.3,0,1,-0.33766233766233766,-0.33766233766233766,-0.06439393939393939,0.038961038961038974,-0.4054651081081646,74.96103896103897,0.06753246753246754,37806.600000000006
3615,2028,2025-06-22,Dust2,0,-1,0.0,-1.4,0.0,0,-3,-1.4285714285714286,-1.4285714285714286,-0.20238095238095238,0.20833333333333331,-1.3862943611198904,-0.0,2.0,0.0
3616,2028,2025-06-22,Ancient,0,-1,0.0,-1.4,0.0,0,-3,-0.6666666666666667,-0.6666666666666667,-0.013888888888888895,0.0,-0.6931471805599453,-0.0,0.9333333333333333,0.0
3617,2029,2025-06-22,Ancient,0,1,0.0,-0.39999999999999997,3.9000000000000004,0,7,0.18461538461538463,0.18461538461538463,-0.05512820512820521,-0.03717948717948716,0.8472978603872034,0.0,-0.07384615384615384,0.0
3627,2032,2025-06-22,Train,0,-1,55.0,-0.4,75.5,0,-6,-0.5441176470588236,-0.5441176470588236,-0.0689338235294118,-0.04473039215686275,-0.693147180559945,-29.926470588235297,0.21764705882352944,4152.5
3619,2029,2025-06-22,Mirage,0,-1,0.0,-0.39999999999999997,3.9000000000000004,0,7,-0.2,-0.2,0.020833333333333315,0.1166666666666667,0.6061358035703157,-0.0,0.08,0.0
3618,2029,2025-06-22,Train,0,-1,0.0,-0.39999999999999997,3.9000000000000004,0,7,-0.20588235294117646,-0.20588235294117646,-0.0716911764705882,-0.08026960784313719,1.2809338454620642,-0.0,0.08235294117647057,0.0
3625,2032,2025-06-22,Dust2,0,-1,55.0,-0.4,75.5,0,-6,-0.6,-0.6,-0.11249999999999993,0.09583333333333338,-0.6061358035703157,-33.0,0.24,4152.5
3624,2031,2025-06-22,Inferno,0,-1,-55.0,0.2,-68.1,0,2,-0.6,-0.6,-0.05486111111111114,0.11874999999999997,0.7731898882334818,33.0,-0.12,3745.4999999999995
3626,2032,2025-06-22,Inferno,0,1,55.0,-0.4,75.5,0,-6,0.0,0.0,-0.012499999999999956,-0.016666666666666663,-0.6061358035703157,0.0,-0.0,4152.5
3622,2030,2025-06-22,Train,0,-1,-371.0,-0.5333333333333333,371.0,0,-7,-1.2,-1.2,-0.14722222222222225,0.10277777777777775,-2.0794415416798357,445.2,0.64,-137641.0
3623,2031,2025-06-22,Nuke,0,-1,-55.0,0.2,-68.1,0,2,-1.2,-1.2,-0.09999999999999998,0.125,0.6931471805599452,66.0,-0.24,3745.4999999999995
3620,2030,2025-06-22,Dust2,0,-1,-371.0,-0.5333333333333333,371.0,0,-7,-1.5833333333333335,-1.5833333333333335,-0.03993055555555558,0.18923611111111105,-2.525728644308255,587.4166666666667,0.8444444444444446,-137641.0
3621,2030,2025-06-22,Anubis,0,1,-371.0,-0.5333333333333333,371.0,0,-7,0.8333333333333334,0.8333333333333334,0.045138888888888895,-0.027777777777777735,-1.8718021769015913,-309.1666666666667,-0.4444444444444445,-137641.0
3608,2027,2025-06-23,Ancient,0,1,-371.0,0.3333333333333333,371.0,0,-7,0.962962962962963,0.962962962962963,0.04012345679012341,-0.17746913580246915,-2.6390573296152584,-357.2592592592593,0.32098765432098764,-137641.0
3607,2027,2025-06-23,Dust2,0,-1,-371.0,0.3333333333333333,371.0,0,-7,-1.6,-1.6,0.036666666666666625,0.3066666666666666,-2.5649493574615367,593.6,-0.5333333333333333,-137641.0
3606,2026,2025-06-23,Anubis,0,-1,0.0,-0.5333333333333333,0.0,0,-4,-1.5,-1.5,-0.26041666666666663,0.20833333333333331,-0.916290731874155,-0.0,0.8,0.0
3605,2026,2025-06-23,Mirage,0,-1,0.0,-0.5333333333333333,0.0,0,-4,-2.0,-2.0,-0.16666666666666663,0.16666666666666663,-0.6931471805599453,-0.0,1.0666666666666667,0.0
3604,2026,2025-06-23,Ancient,0,1,0.0,-0.5333333333333333,0.0,0,-4,1.5,1.5,0.31249999999999994,0.02083333333333337,-0.916290731874155,0.0,-0.8,0.0
3603,2025,2025-06-23,Nuke,0,1,53.0,0.5333333333333333,-53.0,0,0,1.3333333333333333,1.3333333333333333,0.19444444444444448,-0.18055555555555552,0.8472978603872034,70.66666666666666,0.711111111111111,-2809.0
3601,2025,2025-06-23,Dust2,0,1,53.0,0.5333333333333333,-53.0,0,0,1.6666666666666665,1.6666666666666665,0.2152777777777778,-0.26388888888888884,0.8472978603872034,88.33333333333333,0.8888888888888888,-2809.0
3600,2024,2025-06-23,Anubis,0,1,0.0,0.0,193.9,0,-4,-0.75,-0.75,-0.08333333333333331,0.16145833333333337,0.5877866649021193,-0.0,-0.0,0.0
3599,2024,2025-06-23,Dust2,0,1,0.0,0.0,193.9,0,-4,-0.4207792207792208,-0.34285714285714286,-0.08124999999999993,0.09895833333333331,-0.4054651081081646,-0.0,-0.0,0.0
3598,2024,2025-06-23,Inferno,0,-1,0.0,0.0,193.9,0,-4,-1.0804597701149425,-1.0,-0.3078703703703704,0.12037037037037035,-1.2039728043259361,-0.0,-0.0,0.0
3609,2027,2025-06-23,Mirage,0,1,-371.0,0.3333333333333333,371.0,0,-7,1.0,1.0,0.04861111111111105,-0.3038194444444444,-2.525728644308255,-371.0,0.3333333333333333,-137641.0
3602,2025,2025-06-23,Inferno,0,-1,53.0,0.5333333333333333,-53.0,0,0,-1.0,-1.0,-0.12499999999999994,0.11458333333333331,0.5108256237659905,-53.0,-0.5333333333333333,-2809.0
3597,2023,2025-06-24,Inferno,0,-1,561.0,0.45,-120.375,0,4,-1.3333333333333333,-1.3333333333333333,-0.18981481481481477,0.33333333333333337,1.6094379124341005,-748.0,-0.6,-67530.375
3596,2023,2025-06-24,Nuke,0,-1,561.0,0.45,-120.375,0,4,-0.1333333333333333,-0.1333333333333333,0.0222222222222222,0.024999999999999967,1.01160091167848,-74.79999999999998,-0.05999999999999999,-67530.375
3595,2023,2025-06-24,Anubis,0,1,561.0,0.45,-120.375,0,4,1.2,1.2,0.08333333333333331,-0.14444444444444443,2.0794415416798357,673.1999999999999,0.54,-67530.375
3592,2022,2025-06-25,Ancient,0,-1,53.0,0.2,-31.8,0,1,-1.0,-1.0,-0.08333333333333331,0.0,0.4054651081081645,-53.0,-0.2,-1685.4
3594,2022,2025-06-25,Dust2,0,-1,53.0,0.2,-31.8,0,1,0.42857142857142855,0.42857142857142855,0.1428571428571429,-0.18452380952380953,0.980829253011726,22.71428571428571,0.08571428571428572,-1685.4
3593,2022,2025-06-25,Train,0,1,53.0,0.2,-31.8,0,1,2.0,2.0,0.16666666666666663,-0.16666666666666663,0.0,106.0,0.4,-1685.4
3591,2021,2025-06-27,Default,0,1,53.0,1.2,-53.0,0,2,2.0,2.0,0.041666666666666664,-0.041666666666666664,0.0,106.0,2.4,-2809.0
3590,2021,2025-06-27,Mirage,0,1,53.0,1.2,-53.0,0,2,1.0,1.0,0.28125,-0.23958333333333331,0.916290731874155,53.0,1.2,-2809.0
3589,942,2025-06-27,Anubis,1,-1,0.0,-0.05714285714285716,0.0,0,5,-0.8,-0.8,-0.04999999999999993,-0.041666666666666685,1.0986122886681096,-0.0,0.045714285714285735,0.0
3588,942,2025-06-27,Inferno,1,-1,0.0,-0.05714285714285716,0.0,0,5,-0.0309278350515464,-0.1111111111111111,0.08333333333333337,-0.004166666666666652,1.2992829841302609,-0.0,0.006349206349206351,0.0
3587,942,2025-06-27,Nuke,1,1,0.0,-0.05714285714285716,0.0,0,5,1.5,1.5,0.19791666666666669,-0.20833333333333331,0.5108256237659905,0.0,-0.08571428571428574,0.0
3586,942,2025-06-27,Dust2,1,1,0.0,-0.05714285714285716,0.0,0,5,1.3103448275862069,1.25,0.2453703703703704,-0.19444444444444436,1.6094379124341005,0.0,-0.07142857142857145,0.0
3585,942,2025-06-27,Ancient,1,-1,0.0,-0.05714285714285716,0.0,0,5,-1.6,-1.6,-0.0666666666666666,0.13333333333333336,1.0986122886681096,-0.0,0.09142857142857147,0.0
3581,941,2025-06-28,Mirage,1,1,0.0,1.2,23.9,0,5,1.1764705882352942,1.1764705882352942,0.196078431372549,-0.16421568627450978,2.197224577336219,0.0,1.411764705882353,0.0
3582,941,2025-06-28,Nuke,1,1,0.0,1.2,23.9,0,5,1.0,1.0,0.0,-0.08333333333333331,1.252762968495368,0.0,1.2,0.0
3584,2020,2025-06-28,Nuke,0,1,53.0,0.7617021276595746,-190.31914893617025,0,2,0.3876689189189189,0.26666666666666666,0.11309523809523808,-0.005952380952380931,0.47000362924573547,20.5464527027027,0.20312056737588655,-10086.914893617024
3583,2020,2025-06-28,Mirage,0,1,53.0,0.7617021276595746,-190.31914893617025,0,2,1.2765957446808511,1.5,0.0527777777777777,-0.22499999999999998,0.4054651081081644,67.65957446808511,1.1425531914893619,-10086.914893617024
3580,2019,2025-07-01,Inferno,0,1,0.0,1.0,37.9,0,0,0.851063829787234,1.0,-0.016666666666666663,-0.09166666666666662,1.7047480922384253,0.0,1.0,0.0
3579,2019,2025-07-01,Nuke,0,1,0.0,1.0,37.9,0,0,1.36,1.5,0.02777777777777779,-0.2268518518518518,1.6094379124341005,0.0,1.5,0.0
3578,2018,2025-07-01,Nuke,0,1,-53.0,-0.4,53.0,0,-4,0.676056338028169,0.4,0.02083333333333326,0.03125,-1.5040773967762742,-35.83098591549296,-0.16000000000000003,-2809.0
3577,2018,2025-07-01,Mirage,0,1,-53.0,-0.4,53.0,0,-4,0.9473684210526315,0.8,0.13194444444444436,0.10416666666666663,-1.252762968495368,-50.21052631578947,-0.32000000000000006,-2809.0
3576,2018,2025-07-01,Dust2,0,-1,-53.0,-0.4,53.0,0,-4,-1.4805194805194806,-1.4285714285714286,-0.33333333333333337,0.26041666666666663,-1.0986122886681098,78.46753246753246,0.5714285714285715,-2809.0
3571,2016,2025-07-02,Dust2,0,-1,0.0,0.65,-7.024999999999999,0,0,0.8985507246376814,0.7878787878787878,0.24166666666666664,-0.10555555555555557,1.3862943611198906,0.0,0.5121212121212121,-0.0
3572,2016,2025-07-02,Mirage,0,1,0.0,0.65,-7.024999999999999,0,0,0.6136363636363638,0.6666666666666666,0.004166666666666652,-0.16666666666666669,1.2992829841302609,0.0,0.43333333333333335,-0.0
3573,2016,2025-07-02,Nuke,0,1,0.0,0.65,-7.024999999999999,0,0,0.43529411764705883,0.6,0.09166666666666667,-0.0708333333333333,1.2992829841302609,0.0,0.39,-0.0
3574,2017,2025-07-02,Nuke,0,-1,561.0,-0.23296703296703297,-297.6901098901099,0,0,-0.13636363636363635,-0.2424242424242424,0.001515151515151525,0.037878787878787845,0.6931471805599454,-76.5,0.05647685647685647,-167004.15164835166
3575,2017,2025-07-02,Anubis,0,-1,561.0,-0.23296703296703297,-297.6901098901099,0,0,0.10828025477707007,0.06666666666666667,-0.0078125,-0.03125,1.7346010553881064,60.74522292993631,-0.015531135531135531,-167004.15164835166
3570,2015,2025-07-03,Anubis,0,1,0.0,0.6000000000000001,-182.3,0,2,1.2982456140350878,1.2,0.11111111111111105,-0.13611111111111107,-0.15415067982725827,0.0,0.7200000000000001,-0.0
3569,2015,2025-07-03,Dust2,0,1,0.0,0.6000000000000001,-182.3,0,2,1.5862068965517242,1.4545454545454546,0.21354166666666669,-0.16145833333333331,1.0414538748281612,0.0,0.8727272727272729,-0.0
3568,2014,2025-07-07,Dust2,0,-1,0.0,-0.6,0.0,0,4,-0.5369127516778524,-0.8,-0.12009803921568629,-0.1446078431372549,2.197224577336219,-0.0,0.48,0.0
3567,2014,2025-07-07,Inferno,0,-1,0.0,-0.6,0.0,0,4,-1.161904761904762,-1.1428571428571428,-0.11111111111111105,0.24305555555555555,1.8718021769015913,-0.0,0.6857142857142856,0.0
3566,2013,2025-07-07,Inferno,0,1,0.0,0.575257731958763,-300.1030927835052,0,1,-0.16190476190476194,-0.14285714285714285,-0.027777777777777735,0.09722222222222221,1.466337068793427,-0.0,-0.08217967599410898,-0.0
3565,2013,2025-07-07,Anubis,0,1,0.0,0.575257731958763,-300.1030927835052,0,1,1.3333333333333333,1.3333333333333333,0.11111111111111105,-0.11805555555555558,0.5596157879354227,0.0,0.7670103092783506,-0.0
3558,940,2025-07-09,Ancient,1,-1,74.0,-0.5333333333333333,153.5,0,0,-2.0,-2.0,-0.22916666666666663,0.0625,0.4054651081081645,-148.0,1.0666666666666667,11359.0
3559,940,2025-07-09,Anubis,1,1,74.0,-0.5333333333333333,153.5,0,0,0.75,0.75,-0.17187500000000006,-0.17187499999999994,1.5040773967762742,55.5,-0.4,11359.0
3562,2011,2025-07-09,Inferno,0,1,-561.0,1.6,553.6,0,-2,1.4230769230769231,1.3333333333333333,0.21969696969696967,-0.38257575757575757,-1.791759469228055,-798.3461538461539,2.1333333333333333,-310569.60000000003
3561,2011,2025-07-09,Nuke,0,1,-561.0,1.6,553.6,0,-2,0.9743589743589743,0.9090909090909091,0.12499999999999994,-0.2986111111111111,-1.8718021769015913,-546.6153846153846,1.4545454545454546,-310569.60000000003
3563,2012,2025-07-09,Inferno,0,-1,561.0,-1.6,-553.6,0,2,-1.4230769230769231,-1.3333333333333333,-0.21969696969696967,0.25757575757575757,1.791759469228055,-798.3461538461539,2.1333333333333333,-310569.60000000003
3564,2012,2025-07-09,Anubis,0,-1,561.0,-1.6,-553.6,0,2,-0.8987341772151899,-0.7692307692307692,-0.10539215686274506,0.2058823529411765,2.197224577336219,-504.1898734177215,1.2307692307692308,-310569.60000000003
3560,940,2025-07-09,Inferno,1,-1,74.0,-0.5333333333333333,153.5,0,0,-1.2673267326732673,-1.25,-0.09469696969696967,0.3522727272727273,1.791759469228055,-93.78217821782178,0.6666666666666666,11359.0
3550,2008,2025-07-10,Train,0,-1,42.0,0.8,-25.2,0,0,-1.3701657458563536,-1.375,-0.13377192982456138,0.030701754385964897,2.3025850929940455,-57.546961325966855,-1.1,-1058.3999999999999
3548,939,2025-07-10,Ancient,1,1,-74.0,1.4,-153.5,0,-1,2.0,2.0,0.18055555555555552,-0.375,-0.6931471805599453,-148.0,2.8,11359.0
3549,939,2025-07-10,Anubis,1,1,-74.0,1.4,-153.5,0,-1,1.3333333333333333,1.3333333333333333,0.1435185185185185,-0.20833333333333331,-1.6094379124341005,-98.66666666666666,1.8666666666666665,11359.0
3551,2008,2025-07-10,Mirage,0,1,42.0,0.8,-25.2,0,0,1.3014084507042252,1.3125,0.35923423423423423,-0.12950450450450451,2.9444389791664403,54.659154929577454,1.05,-1058.3999999999999
3552,2008,2025-07-10,Dust2,0,1,42.0,0.8,-25.2,0,0,1.245136186770428,1.28,0.1314102564102564,-0.14423076923076922,2.197224577336219,52.295719844357976,1.024,-1058.3999999999999
3553,2009,2025-07-10,Ancient,0,1,53.0,1.4,-26.5,0,2,1.2592592592592593,1.0,0.2777777777777778,-0.22222222222222215,0.6931471805599453,66.74074074074075,1.4,-1404.5
3554,2009,2025-07-10,Dust2,0,1,53.0,1.4,-26.5,0,2,1.5061728395061729,1.3333333333333333,0.14814814814814814,-0.24999999999999994,1.6094379124341005,79.82716049382717,1.8666666666666665,-1404.5
3555,2010,2025-07-10,Anubis,0,1,0.0,0.06666666666666671,0.0,0,0,1.2913385826771653,1.25,0.20673076923076922,-0.12019230769230765,2.6026896854443837,0.0,0.08333333333333338,0.0
3557,2010,2025-07-10,Dust2,0,-1,0.0,0.06666666666666671,0.0,0,0,-0.7282608695652173,-0.7058823529411764,-0.05043859649122806,-0.015350877192982448,2.3025850929940455,-0.0,-0.04705882352941179,0.0
3556,2010,2025-07-10,Ancient,0,-1,0.0,0.06666666666666671,0.0,0,0,-1.0350877192982457,-0.9,-0.09548611111111105,0.22395833333333331,2.525728644308255,-0.0,-0.06000000000000004,0.0
3538,2004,2025-07-11,Anubis,0,1,0.0,-0.2,0.0,0,-5,0.3125,0.4,0.011904761904761862,0.07738095238095238,-1.3862943611198904,0.0,-0.08000000000000002,0.0
3539,2004,2025-07-11,Inferno,0,-1,0.0,-0.2,0.0,0,-5,-0.02400000000000001,-0.1111111111111111,0.011904761904761918,-0.041666666666666685,-1.6094379124341003,-0.0,0.022222222222222223,0.0
3540,2004,2025-07-11,Dust2,0,-1,0.0,-0.2,0.0,0,-5,-0.49685534591194974,-0.2727272727272727,-0.04629629629629628,0.14814814814814808,-1.8458266904983305,-0.0,0.05454545454545454,0.0
3541,2005,2025-07-11,Dust2,0,1,371.0,0.5333333333333333,-371.0,0,0,1.5918367346938775,1.5238095238095237,0.1314102564102564,-0.18108974358974356,2.6026896854443837,590.5714285714286,0.8126984126984126,-137641.0
3542,2005,2025-07-11,Ancient,0,-1,371.0,0.5333333333333333,-371.0,0,0,-1.011070110701107,-1.04,-0.044642857142857095,0.09672619047619047,2.6741486494265287,-375.10701107011073,-0.5546666666666666,-137641.0
3543,2005,2025-07-11,Inferno,0,1,371.0,0.5333333333333333,-371.0,0,0,1.0,1.0,0.18055555555555558,-0.14930555555555552,1.8718021769015913,371.0,0.5333333333333333,-137641.0
3544,2006,2025-07-11,Inferno,0,1,0.0,1.4,-17.666666666666668,0,4,1.024,1.1111111111111112,0.1964285714285714,-0.12499999999999994,1.6094379124341003,0.0,1.5555555555555556,-0.0
3545,2006,2025-07-11,Nuke,0,1,0.0,1.4,-17.666666666666668,0,4,1.4947368421052634,1.6666666666666665,0.13446969696969696,-0.18749999999999994,1.3862943611198906,0.0,2.333333333333333,-0.0
3546,2007,2025-07-11,Dust2,0,1,-53.0,-0.2,245.6,0,-1,-0.16418875242404646,0.8571428571428572,0.02083333333333337,0.16250000000000003,-1.2992829841302609,8.702003878474462,-0.17142857142857146,-13016.8
3547,2007,2025-07-11,Mirage,0,1,-53.0,-0.2,245.6,0,-1,-0.25551470588235287,0.2,-0.008928571428571397,0.11904761904761907,-0.47000362924573547,13.542279411764701,-0.04000000000000001,-13016.8
3530,2000,2025-07-12,Dust2,0,-1,-42.0,-0.6000000000000001,85.3,0,-1,-1.2734082397003745,-1.3076923076923077,-0.21759259259259256,0.1435185185185185,-2.2335922215070942,53.48314606741573,0.7846153846153847,-3582.6
3531,2000,2025-07-12,Mirage,0,-1,-42.0,-0.6000000000000001,85.3,0,-1,-0.8020294266869608,-1.3333333333333333,-0.1524122807017544,0.06652046783625737,-2.2772672850097555,33.68523592085235,0.8,-3582.6
3532,2001,2025-07-12,Inferno,0,-1,508.0,-1.2000000000000002,-101.60000000000001,0,-2,-0.8440545808966862,-0.9,-0.14583333333333331,0.14930555555555552,0.6190392084062235,-428.7797270955166,1.0800000000000003,-51612.8
3536,2003,2025-07-12,Nuke,0,1,53.0,1.4,59.2,0,5,1.4545454545454546,1.6666666666666665,0.10833333333333334,-0.13333333333333325,1.7047480922384253,77.0909090909091,2.333333333333333,3137.6000000000004
3534,2002,2025-07-12,Inferno,0,1,371.0,1.2,-371.0,0,1,1.0769230769230769,1.0769230769230769,0.3557692307692308,-0.17307692307692302,1.945910149055313,399.53846153846155,1.2923076923076922,-137641.0
3535,2002,2025-07-12,Mirage,0,1,371.0,1.2,-371.0,0,1,1.0689655172413794,1.1578947368421053,0.30750000000000005,-0.08166666666666667,2.1594842493533726,396.5862068965518,1.3894736842105264,-137641.0
3537,2003,2025-07-12,Inferno,0,1,53.0,1.4,59.2,0,5,1.3703703703703702,1.5,0.125,-0.18055555555555552,1.252762968495368,72.62962962962962,2.0999999999999996,3137.6000000000004
3533,2001,2025-07-12,Nuke,0,-1,508.0,-1.2000000000000002,-101.60000000000001,0,-2,-0.5351906158357772,-0.7575757575757576,-0.12115384615384622,0.024358974358974328,0.24116205681688774,-271.87683284457484,0.9090909090909092,-51612.8
3518,1996,2025-07-13,Inferno,0,1,371.0,0.2,-198.1,0,2,0.06666666666666667,0.06666666666666667,-0.061111111111111116,-0.07222222222222219,1.1631508098056809,24.733333333333334,0.013333333333333334,-73495.09999999999
3519,1996,2025-07-13,Mirage,0,-1,371.0,0.2,-198.1,0,2,0.3968253968253968,0.47619047619047616,0.06481481481481483,-0.06018518518518523,1.9459101490553132,147.2222222222222,0.09523809523809523,-73495.09999999999
3520,1996,2025-07-13,Ancient,0,-1,371.0,0.2,-198.1,0,2,-0.02083333333333334,-0.07692307692307693,0.04930555555555555,0.04097222222222219,1.824549292051046,-7.729166666666669,-0.015384615384615385,-73495.09999999999
3522,1997,2025-07-13,Ancient,0,1,53.0,0.4461538461538462,76.32307692307693,0,5,1.4594594594594594,1.3333333333333333,0.08333333333333331,-0.19791666666666663,0.916290731874155,77.35135135135135,0.5948717948717949,4045.123076923077
3521,1997,2025-07-13,Mirage,0,-1,53.0,0.4461538461538462,76.32307692307693,0,5,-0.6869369369369369,-1.3333333333333333,-0.11284722222222227,-0.015625,0.810930216216329,-36.40765765765766,-0.5948717948717949,4045.123076923077
3524,1998,2025-07-13,Mirage,0,-1,-42.0,0.0,198.1,0,-1,-0.6719999999999998,-0.6862745098039216,-0.05662393162393159,0.10897435897435909,-2.302585092994046,28.223999999999993,-0.0,-8320.199999999999
3525,1998,2025-07-13,Inferno,0,1,-42.0,0.0,198.1,0,-1,0.5041322314049588,0.4,0.0608974358974359,-0.04807692307692307,-1.0296194171811581,-21.173553719008268,0.0,-8320.199999999999
3526,1998,2025-07-13,Ancient,0,1,-42.0,0.0,198.1,0,-1,-0.5031055900621118,-0.42857142857142855,-0.06188725490196073,0.06188725490196073,-1.2809338454620642,21.130434782608695,-0.0,-8320.199999999999
3527,1999,2025-07-13,Inferno,0,1,-371.0,-0.4,164.2,0,-3,0.26666666666666666,0.26666666666666666,0.07500000000000007,-0.05277777777777781,-1.3862943611198906,-98.93333333333334,-0.10666666666666667,-60918.2
3528,1999,2025-07-13,Ancient,0,-1,-371.0,-0.4,164.2,0,-3,-0.6609848484848484,-0.9230769230769231,-0.06388888888888888,0.07361111111111113,-1.6422277352570913,245.22537878787875,0.36923076923076925,-60918.2
3529,1999,2025-07-13,Mirage,0,-1,-371.0,-0.4,164.2,0,-3,-0.06349206349206349,-0.14285714285714285,-0.057870370370370405,0.04629629629629628,-1.7227665977411035,23.555555555555554,0.05714285714285714,-60918.2
3523,1997,2025-07-13,Train,0,1,53.0,0.4461538461538462,76.32307692307693,0,5,2.0,2.0,0.16666666666666663,-0.16666666666666663,0.4054651081081645,106.0,0.8923076923076924,4045.123076923077
3508,1992,2025-07-14,Dust2,0,1,42.0,1.0,-35.8,0,3,-0.033694344163658185,0.0,-0.02976190476190471,0.037698412698412676,1.9810014688665836,-1.4151624548736437,0.0,-1503.6
3505,1991,2025-07-14,Mirage,0,1,371.0,0.2,-111.3,0,3,0.09286083171433487,0.17142857142857143,0.03869047619047622,0.006324404761904712,0.534082485930258,34.45136856601824,0.03428571428571429,-41292.299999999996
3506,1991,2025-07-14,Anubis,0,-1,371.0,0.2,-111.3,0,3,-0.28428351309707245,-0.39111111111111113,-0.0014245014245014564,-0.004392212725546074,-0.6931471805599454,-105.46918335901388,-0.07822222222222223,-41292.299999999996
3507,1991,2025-07-14,Ancient,0,1,371.0,0.2,-111.3,0,3,0.10131502045587376,-0.05263157894736842,0.05698924731182792,-0.012956989247311812,0.2076393647782444,37.58787258912916,-0.010526315789473684,-41292.299999999996
3509,1992,2025-07-14,Mirage,0,1,42.0,1.0,-35.8,0,3,1.3558441558441559,1.3714285714285714,-0.21354166666666669,-0.3791666666666666,3.0204248861443626,56.945454545454545,1.3714285714285714,-1503.6
3510,1993,2025-07-14,Anubis,0,1,0.0,0.5333333333333333,16.5,0,0,1.148936170212766,1.0,-0.11249999999999999,-0.23333333333333328,1.7047480922384253,0.0,0.5333333333333333,0.0
3511,1993,2025-07-14,Inferno,0,-1,0.0,0.5333333333333333,16.5,0,0,-0.5346534653465345,-0.5,-0.07575757575757575,0.09469696969696972,1.791759469228055,-0.0,-0.26666666666666666,0.0
3512,1993,2025-07-14,Mirage,0,1,0.0,0.5333333333333333,16.5,0,0,1.0654205607476634,1.0,0.10606060606060608,-0.09469696969696967,1.791759469228055,0.0,0.5333333333333333,0.0
3513,1994,2025-07-14,Nuke,0,-1,70.0,-0.19999999999999996,183.20000000000002,0,0,-1.4594594594594594,-1.3333333333333333,-0.19791666666666663,0.07291666666666669,0.5108256237659905,-102.16216216216216,0.2666666666666666,12824.000000000002
3514,1994,2025-07-14,Mirage,0,1,70.0,-0.19999999999999996,183.20000000000002,0,0,0.008668242710796026,0.25,0.10694444444444445,0.09583333333333333,-0.45198512374305744,0.6067769897557218,-0.04999999999999999,12824.000000000002
3515,1994,2025-07-14,Inferno,0,-1,70.0,-0.19999999999999996,183.20000000000002,0,0,-1.1666666666666665,-1.1666666666666665,-0.041666666666666685,0.09375000000000006,0.33647223662121295,-81.66666666666666,0.23333333333333325,12824.000000000002
3516,1995,2025-07-14,Ancient,0,1,53.0,1.0,-63.39999999999999,0,5,0.574468085106383,0.5,-0.10416666666666663,-0.05833333333333335,0.6931471805599452,30.446808510638302,0.5,-3360.1999999999994
3517,1995,2025-07-14,Nuke,0,1,53.0,1.0,-63.39999999999999,0,5,0.05074462217319364,0.380952380952381,0.02651515151515149,-0.04261363636363641,0.8754687373539001,2.689464975179263,0.380952380952381,-3360.1999999999994
3485,935,2025-07-15,Dust2,1,1,-561.0,1.0,101.60000000000001,0,-4,-0.31481481481481494,-0.25,-0.048611111111111105,0.07291666666666663,-0.9555114450274365,176.61111111111117,-0.25,-56997.600000000006
3484,935,2025-07-15,Anubis,1,1,-561.0,1.0,101.60000000000001,0,-4,0.42374517374517373,0.19047619047619047,0.14004629629629622,0.057870370370370405,-1.33500106673234,-237.72104247104247,0.19047619047619047,-56997.600000000006
3483,934,2025-07-15,Anubis,1,1,-37.0,0.0,14.100000000000001,0,0,0.40169133192389017,0.9230769230769231,0.02546296296296291,-0.008838383838383812,-0.4595323293784399,-14.862579281183937,0.0,-521.7
3482,934,2025-07-15,Train,1,1,-37.0,0.0,14.100000000000001,0,0,0.3890006706908115,0.34285714285714286,-0.046874999999999944,-0.19270833333333331,-0.10536051565782634,-14.393024815560025,0.0,-521.7
3481,934,2025-07-15,Nuke,1,-1,-37.0,0.0,14.100000000000001,0,0,-0.9074074074074074,-1.75,-0.09027777777777779,0.031250000000000056,-1.1786549963416462,33.574074074074076,-0.0,-521.7
3478,932,2025-07-15,Nuke,1,-1,72.0,-0.6000000000000001,-12.0,0,0,-0.14285714285714285,-0.14285714285714285,0.02976190476190471,0.09821428571428575,-0.47000362924573547,-10.285714285714285,0.08571428571428573,-864.0
3479,933,2025-07-15,Inferno,1,-1,-49.0,-0.8,308.9,0,0,-0.17142857142857143,-0.17142857142857143,-0.010714285714285787,-0.09166666666666667,0.2876820724517808,8.4,0.13714285714285715,-15136.099999999999
3486,936,2025-07-15,Inferno,1,1,74.0,0.19999999999999996,29.700000000000003,0,2,0.8468468468468469,0.8888888888888888,0.22569444444444445,-0.055555555555555525,1.466337068793427,62.666666666666664,0.17777777777777773,2197.8
3477,932,2025-07-15,Mirage,1,1,72.0,-0.6000000000000001,-12.0,0,0,0.35723598435462844,0.27807486631016043,0.048611111111111105,-0.0011574074074074403,-0.3794896217049035,25.720990873533246,-0.16684491978609628,-864.0
3476,932,2025-07-15,Dust2,1,-1,72.0,-0.6000000000000001,-12.0,0,0,0.2551181102362205,0.2,-0.055128205128205154,-0.12532051282051287,0.24116205681688774,18.368503937007876,-0.12000000000000002,-864.0
3475,931,2025-07-15,Ancient,1,1,244.0,0.4,42.0,0,0,0.843915343915344,0.7142857142857143,0.058531746031746046,-0.17311507936507936,0.485507815781701,205.91534391534393,0.28571428571428575,10248.0
3474,931,2025-07-15,Nuke,1,1,244.0,0.4,42.0,0,0,0.7037037037037037,0.8333333333333333,0.12499999999999994,-0.06250000000000006,0.0,171.7037037037037,0.3333333333333333,10248.0
3480,933,2025-07-15,Anubis,1,-1,-49.0,-0.8,308.9,0,0,-0.3333333333333333,-0.3333333333333333,0.038194444444444364,0.052083333333333315,0.2231435513142097,16.333333333333332,0.26666666666666666,-15136.099999999999
3487,936,2025-07-15,Dust2,1,1,74.0,0.19999999999999996,29.700000000000003,0,2,1.0526315789473684,1.2,0.2638888888888889,-0.08680555555555552,0.9555114450274365,77.89473684210526,0.23999999999999994,2197.8
3496,1987,2025-07-15,Ancient,0,-1,-42.0,-0.2,19.4,0,-3,-0.2432748538011696,0.1333333333333333,-0.06157407407407406,0.042592592592592626,-0.17185025692665912,10.217543859649123,-0.02666666666666666,-814.8
3489,937,2025-07-15,Ancient,1,1,75.0,0.6,340.0,0,0,0.07823129251700686,1.1428571428571428,-0.017676767676767735,-0.06060606060606066,1.0986122886681098,5.867346938775515,0.6857142857142856,25500.0
3504,1990,2025-07-15,Ancient,0,-1,-371.0,-1.0,371.0,0,-6,-1.0662251655629138,-1.0769230769230769,-0.08333333333333331,0.07942708333333331,-2.803360380906535,395.56953642384104,1.0769230769230769,-137641.0
3488,937,2025-07-15,Inferno,1,-1,75.0,0.6,340.0,0,0,-0.5961538461538461,-0.6111111111111112,-0.0018939393939393923,0.12594696969696972,-0.2876820724517808,-44.71153846153846,-0.3666666666666667,25500.0
3502,1989,2025-07-15,Mirage,0,-1,0.0,0.2,-84.19999999999999,0,1,0.4001240694789082,0.46464646464646464,0.03875291375291373,-0.013694638694638661,0.15415067982725805,0.0,0.09292929292929293,-0.0
3501,1989,2025-07-15,Ancient,0,-1,0.0,0.2,-84.19999999999999,0,1,0.9555555555555555,1.2666666666666666,0.13055555555555554,-0.10555555555555557,0.8266785731844679,0.0,0.25333333333333335,-0.0
3500,1989,2025-07-15,Inferno,0,1,0.0,0.2,-84.19999999999999,0,1,0.3135135135135136,0.35555555555555557,0.09722222222222227,-0.1166666666666667,0.7731898882334818,0.0,0.07111111111111111,-0.0
3499,1988,2025-07-15,Dust2,0,-1,42.0,-0.39999999999999997,-12.6,0,5,-0.04389021333822357,0.08571428571428569,-0.03735632183908044,0.028735632183908066,1.4552872326068422,-1.84338896020539,-0.034285714285714274,-529.1999999999999
3498,1988,2025-07-15,Train,0,1,42.0,-0.39999999999999997,-12.6,0,5,-0.4984293193717278,-0.49411764705882355,-0.18124999999999997,-0.11875000000000008,1.252762968495368,-20.93403141361257,0.1976470588235294,-529.1999999999999
3503,1990,2025-07-15,Inferno,0,-1,-371.0,-1.0,371.0,0,-6,-1.125,-1.125,-0.028645833333333315,0.15364583333333331,-2.1400661634962708,417.375,1.125,-137641.0
3495,1987,2025-07-15,Mirage,0,-1,-42.0,-0.2,19.4,0,-3,-0.4189167662285941,-0.44226044226044225,-0.06234737484737485,0.05250305250305254,-1.122142786078304,17.59450418160095,0.08845208845208846,-814.8
3494,1986,2025-07-15,Train,0,-1,371.0,0.0,-264.9,0,6,-0.019066040342636092,0.14285714285714285,0.03750000000000003,0.061979166666666696,1.0414538748281612,-7.07350096711799,0.0,-98277.9
3493,1986,2025-07-15,Mirage,0,-1,371.0,0.0,-264.9,0,6,-0.23436640381441404,-0.7619047619047619,0.019252873563218365,-0.02528735632183915,1.6094379124341005,-86.94993581514761,-0.0,-98277.9
3492,938,2025-07-15,Anubis,1,-1,111.0,0.0,42.900000000000006,0,0,-0.12021857923497267,0.16666666666666669,-0.08730158730158727,0.08531746031746024,0.6931471805599452,-13.344262295081966,0.0,4761.900000000001
3491,938,2025-07-15,Dust2,1,-1,111.0,0.0,42.900000000000006,0,0,0.3891891891891892,0.2,0.04375000000000001,0.08020833333333338,0.4054651081081646,43.2,0.0,4761.900000000001
3490,937,2025-07-15,Dust2,1,1,75.0,0.6,340.0,0,0,1.4893617021276597,1.75,0.22499999999999998,-0.21249999999999997,-1.7047480922384253,111.70212765957447,1.05,25500.0
3497,1988,2025-07-15,Mirage,0,-1,42.0,-0.39999999999999997,-12.6,0,5,-0.03209876543209883,-0.14864864864864863,0.06448412698412698,0.07837301587301593,1.8152899666382492,-1.3481481481481508,0.05945945945945945,-529.1999999999999
3457,925,2025-07-16,Anubis,1,1,-35.0,0.0,19.0,0,0,-0.09767441860465115,-0.3230769230769231,0.005043859649122684,0.051315789473684204,0.5978370007556202,3.41860465116279,-0.0,-665.0
3456,925,2025-07-16,Ancient,1,1,-35.0,0.0,19.0,0,0,-0.05465949820788532,0.2424242424242424,0.0035612535612535856,0.03169515669515666,-0.3364722366212125,1.9130824372759863,0.0,-665.0
3455,925,2025-07-16,Nuke,1,-1,-35.0,0.0,19.0,0,0,0.08695652173913049,0.3,0.007692307692307776,-0.008333333333333304,0.8472978603872034,-3.043478260869567,0.0,-665.0
3454,924,2025-07-16,Inferno,1,1,-195.0,0.4,-86.49999999999999,0,0,0.624413145539906,0.4666666666666666,0.08854166666666669,-0.041666666666666685,-0.25131442828090633,-121.76056338028167,0.18666666666666665,16867.499999999996
3450,923,2025-07-16,Train,1,1,0.0,0.0,-6.5,0,0,1.087179487179487,0.8,0.02777777777777779,-0.18981481481481477,0.5108256237659909,0.0,0.0,-0.0
3452,924,2025-07-16,Mirage,1,1,-195.0,0.4,-86.49999999999999,0,0,0.7941176470588236,1.0,0.06770833333333331,-0.0625,-0.5877866649021193,-154.8529411764706,0.4,16867.499999999996
3451,923,2025-07-16,Nuke,1,1,0.0,0.0,-6.5,0,0,-0.08108108108108109,-0.3333333333333333,-0.00520833333333337,0.0625,-0.5877866649021193,-0.0,-0.0,-0.0
3449,923,2025-07-16,Dust2,1,-1,0.0,0.0,-6.5,0,0,-0.39611790079079784,-1.0,-0.028138528138528185,-0.03625541125541121,-0.4054651081081646,-0.0,-0.0,-0.0
3458,926,2025-07-16,Train,1,-1,0.0,-0.6000000000000001,62.50000000000003,0,0,-0.902127659574468,-1.2,-0.041666666666666685,0.033333333333333326,0.0,-0.0,0.7200000000000001,0.0
3453,924,2025-07-16,Nuke,1,-1,-195.0,0.4,-86.49999999999999,0,0,-1.46875,-1.6,-0.21428571428571425,0.10119047619047616,-1.3862943611198904,286.40625,-0.6400000000000001,16867.499999999996
3459,926,2025-07-16,Mirage,1,-1,0.0,-0.6000000000000001,62.50000000000003,0,0,-0.32962962962962966,-0.2,0.011805555555555514,0.06180555555555556,0.7731898882334818,-0.0,0.12000000000000002,0.0
3468,930,2025-07-16,Inferno,1,-1,-561.0,-0.20000000000000007,155.4,0,-4,0.3278116826503924,0.1616161616161616,0.04487179487179488,-0.10229700854700852,-0.07410797215372167,-183.90235396687012,-0.03232323232323233,-87179.40000000001
3461,927,2025-07-16,Nuke,1,-1,-74.0,0.4,130.0,0,-2,-1.0,-1.0,-0.10833333333333334,0.16250000000000003,-0.45198512374305744,74.0,-0.4,-9620.0
3472,1985,2025-07-16,Anubis,0,-1,329.0,0.2,-98.7,0,2,-0.5128435863874348,-0.8470588235294119,-0.027976190476190488,-0.005952380952380931,-0.33647223662121295,-168.72553992146604,-0.16941176470588237,-32472.3
3471,1985,2025-07-16,Dust2,0,1,329.0,0.2,-98.7,0,2,0.391053391053391,0.2824302134646962,0.04706790123456789,-0.04521604938271606,-0.10178269430994247,128.65656565656565,0.05648604269293925,-32472.3
3470,1984,2025-07-16,Inferno,0,-1,-371.0,-0.6000000000000001,156.8,0,-6,-0.17647058823529413,-0.17647058823529413,-0.06209150326797386,0.0731209150326797,-0.9444616088408513,65.47058823529412,0.1058823529411765,-58172.8
3469,1984,2025-07-16,Mirage,0,-1,-371.0,-0.6000000000000001,156.8,0,-6,-0.6422578184591915,-0.8727272727272727,-0.11388888888888893,0.04652777777777778,-0.8690378470236095,238.27765064836004,0.5236363636363637,-58172.8
3473,1985,2025-07-16,Ancient,0,1,329.0,0.2,-98.7,0,2,-0.35135996600085,-0.2638888888888889,-0.0009303561935140037,0.08333333333333331,0.5306282510621707,-115.59742881427965,-0.052777777777777785,-32472.3
3460,927,2025-07-16,Dust2,1,1,-74.0,0.4,130.0,0,-2,0.03225806451612903,-0.09090909090909091,0.027777777777777735,-0.04487179487179482,-0.6931471805599452,-2.3870967741935485,-0.03636363636363637,-9620.0
3466,929,2025-07-16,Ancient,1,1,111.0,0.5802197802197804,109.46373626373627,0,0,-0.08852755194218612,0.0,0.02916666666666662,-0.0722222222222223,0.15415067982725827,-9.826558265582658,0.0,12150.474725274726
3465,929,2025-07-16,Dust2,1,1,111.0,0.5802197802197804,109.46373626373627,0,0,1.2857142857142856,1.1428571428571428,0.25462962962962965,-0.07314814814814818,0.5108256237659909,142.7142857142857,0.6631083202511775,12150.474725274726
3464,928,2025-07-16,Ancient,1,1,75.0,0.2,116.99999999999999,0,0,1.2952380952380953,1.1428571428571428,0.07013888888888892,-0.21597222222222223,0.7731898882334818,97.14285714285715,0.22857142857142856,8774.999999999998
3463,928,2025-07-16,Nuke,1,1,75.0,0.2,116.99999999999999,0,0,-0.1232951445717403,0.09090909090909091,-0.04236111111111113,-0.04305555555555557,0.7731898882334818,-9.247135842880523,0.018181818181818184,8774.999999999998
3462,927,2025-07-16,Anubis,1,1,-74.0,0.4,130.0,0,-2,0.9,0.9,0.08958333333333335,-0.21249999999999997,-0.7884573603642704,-66.60000000000001,0.36000000000000004,-9620.0
3467,930,2025-07-16,Train,1,-1,-561.0,-0.20000000000000007,155.4,0,-4,-0.443298969072165,-0.5555555555555556,-0.09166666666666662,0.26666666666666666,-1.2992829841302609,248.69072164948454,0.11111111111111115,-87179.40000000001
3432,922,2025-07-17,Nuke,1,1,37.0,0.4,126.39999999999999,0,-2,-0.2141909814323608,-0.1388888888888889,-0.044612794612794604,0.05934343434343442,-0.18232155679395445,-7.925066312997349,-0.05555555555555556,4676.799999999999
3431,922,2025-07-17,Ancient,1,1,37.0,0.4,126.39999999999999,0,-2,0.9375,1.2,0.0625,-0.18005952380952378,0.47000362924573547,34.6875,0.48,4676.799999999999
3430,921,2025-07-17,Inferno,1,-1,561.0,-0.4,-284.9,0,3,-0.4029850746268657,-0.3333333333333333,-0.09077380952380953,0.005952380952380931,1.0986122886681098,-226.07462686567166,0.13333333333333333,-159828.9
3429,921,2025-07-17,Train,1,1,561.0,-0.4,-284.9,0,3,1.4953271028037383,1.6,0.18181818181818177,-0.24242424242424238,0.6931471805599454,838.8785046728972,-0.6400000000000001,-159828.9
3426,920,2025-07-17,Mirage,1,-1,-244.0,-0.6000000000000001,106.2,0,0,0.09333333333333332,0.0,-0.0717592592592593,0.04166666666666663,-0.35667494393873267,-22.77333333333333,-0.0,-25912.8
3427,920,2025-07-17,Nuke,1,-1,-244.0,-0.6000000000000001,106.2,0,0,-0.969111969111969,-1.0952380952380951,-0.1183035714285714,0.08110119047619052,-0.11778303565638382,236.46332046332043,0.6571428571428571,-25912.8
3425,919,2025-07-17,Nuke,1,1,37.0,0.0,-11.100000000000001,0,0,0.4220354808590104,0.5396825396825397,0.07804232804232808,0.033068783068783025,0.40546510810816416,15.615312791783385,0.0,-410.70000000000005
3424,919,2025-07-17,Dust2,1,1,37.0,0.0,-11.100000000000001,0,0,0.34529914529914535,0.7575757575757576,-0.013573232323232265,-0.08428030303030304,-0.08004270767353638,12.776068376068379,0.0,-410.70000000000005
3433,1978,2025-07-17,Nuke,0,1,-53.0,-1.2,146.1,0,-5,0.1507392715470609,-0.05555555555555558,-0.007692307692307776,0.02307692307692305,-0.8472978603872034,-7.989181391994228,0.0666666666666667,-7743.299999999999
3428,921,2025-07-17,Ancient,1,-1,561.0,-0.4,-284.9,0,3,0.5490196078431371,0.0,0.00694444444444442,-0.11111111111111105,0.0,307.9999999999999,-0.0,-159828.9
3434,1978,2025-07-17,Ancient,0,-1,-53.0,-1.2,146.1,0,-5,-0.9824561403508771,-0.9333333333333333,-0.02083333333333337,0.09722222222222227,-0.5596157879354227,52.070175438596486,1.1199999999999999,-7743.299999999999
3423,919,2025-07-17,Mirage,1,-1,37.0,0.0,-11.100000000000001,0,0,-0.45597277119016255,-1.1764705882352942,-0.01553362573099415,0.04623538011695916,-0.4307829160924541,-16.870992534036013,-0.0,-410.70000000000005
3436,1979,2025-07-17,Mirage,0,1,0.0,-0.6272727272727273,22.28409090909091,0,-5,0.1751918158567774,0.8,0.04356060606060608,0.06439393939393939,-0.8754687373539001,0.0,-0.5018181818181818,0.0
3435,1978,2025-07-17,Inferno,0,-1,-53.0,-1.2,146.1,0,-5,-0.9502314814814814,-1.6,0.001984126984126977,0.1527777777777778,-0.6931471805599452,50.36226851851851,1.92,-7743.299999999999
3447,1983,2025-07-17,Dust2,0,1,53.0,1.6,-26.5,0,5,1.405940594059406,1.25,0.2537878787878788,-0.24242424242424238,1.3862943611198906,74.51485148514853,2.0,-1404.5
3448,1983,2025-07-17,Nuke,0,1,53.0,1.6,-26.5,0,5,1.4237288135593222,1.5555555555555556,0.14102564102564108,-0.17307692307692307,1.2527629684953678,75.45762711864408,2.488888888888889,-1404.5
3446,1982,2025-07-17,Nuke,0,1,0.0,0.7333333333333334,0.0,0,6,1.582608695652174,1.75,0.0,-0.2692307692307692,1.945910149055313,0.0,1.2833333333333334,0.0
3444,1982,2025-07-17,Train,0,1,0.0,0.7333333333333334,0.0,0,6,0.5405405405405406,0.6666666666666667,0.23958333333333334,-0.08333333333333331,0.916290731874155,0.0,0.488888888888889,0.0
3443,1981,2025-07-17,Dust2,0,1,371.0,0.4,-338.09999999999997,0,9,1.0313510019392371,1.1925465838509317,0.1474137931034482,-0.08908045977011492,1.0033021088637848,382.63122171945696,0.4770186335403727,-125435.09999999999
3445,1982,2025-07-17,Dust2,0,-1,0.0,0.7333333333333334,0.0,0,6,-0.6024096385542168,-0.9090909090909091,-0.006578947368421018,0.06798245614035092,2.3025850929940455,-0.0,-0.6666666666666667,0.0
3441,1981,2025-07-17,Ancient,0,-1,371.0,0.4,-338.09999999999997,0,9,-0.5870110057753078,-0.5285714285714286,-0.04289215686274506,0.07189542483660127,1.6094379124341003,-217.7810831426392,-0.21142857142857144,-125435.09999999999
3440,1980,2025-07-17,Mirage,0,1,-371.0,0.39999999999999997,74.2,0,-9,0.3918269230769231,0.3826086956521739,-0.04550691244239635,-0.10099846390168965,-1.3862943611198908,-145.36778846153845,0.15304347826086956,-27528.2
3439,1980,2025-07-17,Dust2,0,1,-371.0,0.39999999999999997,74.2,0,-9,-0.15583845478489894,-0.1449275362318841,0.00020525451559938457,-0.006157635467980316,-1.3217558399823197,57.81606672519751,-0.05797101449275363,-27528.2
3438,1979,2025-07-17,Nuke,0,-1,0.0,-0.6272727272727273,22.28409090909091,0,-5,-0.9992753623188408,-1.75,-0.16666666666666663,0.15811965811965817,-1.2527629684953678,-0.0,1.0977272727272729,0.0
3437,1979,2025-07-17,Anubis,0,-1,0.0,-0.6272727272727273,22.28409090909091,0,-5,-1.7058823529411766,-1.5,-0.19791666666666669,0.16666666666666663,-1.5040773967762742,-0.0,0.9409090909090909,0.0
3442,1981,2025-07-17,Train,0,1,371.0,0.4,-338.09999999999997,0,9,0.23555840821566112,0.4,0.038398692810457546,0.036356209150326724,0.9444616088408513,87.39216944801028,0.16000000000000003,-125435.09999999999
3413,917,2025-07-18,Anubis,1,-1,0.0,-0.2,-279.5,0,-1,-0.04545454545454519,0.16666666666666669,-0.04236111111111107,-0.005555555555555591,0.7731898882334818,-0.0,-0.03333333333333334,-0.0
3408,915,2025-07-18,Dust2,1,1,38.0,0.0,54.99999999999999,0,-1,0.9142857142857143,0.5714285714285714,0.08680555555555552,-0.1423611111111111,-1.466337068793427,34.74285714285714,0.0,2089.9999999999995
3409,915,2025-07-18,Ancient,1,-1,38.0,0.0,54.99999999999999,0,-1,-0.061293743372216325,-0.5,-0.047115384615384615,-0.08461538461538459,0.24116205681688774,-2.3291622481442205,-0.0,2089.9999999999995
3410,915,2025-07-18,Mirage,1,-1,38.0,0.0,54.99999999999999,0,-1,-0.1318105223740872,0.23809523809523808,-0.014277389277389252,0.033216783216783174,-0.15415067982725805,-5.008799850215313,0.0,2089.9999999999995
3412,916,2025-07-18,Dust2,1,-1,-244.0,-0.6,114.60000000000001,0,-1,0.0879120879120879,-0.34285714285714286,0.00925925925925919,-0.1031746031746032,-0.22314355131421015,-21.45054945054945,0.2057142857142857,-27962.4
3414,917,2025-07-18,Inferno,1,1,0.0,-0.2,-279.5,0,-1,0.15774647887323945,0.0,0.06770833333333331,-0.08020833333333338,0.4054651081081646,0.0,-0.0,-0.0
3411,916,2025-07-18,Nuke,1,-1,-244.0,-0.6,114.60000000000001,0,-1,-1.5952380952380953,-1.7142857142857144,-0.24867724867724866,0.1746031746031747,-0.22314355131421015,389.23809523809524,1.0285714285714287,-27962.4
3416,918,2025-07-18,Ancient,1,1,-62.0,0.6000000000000001,77.6,0,-1,0.6891891891891891,0.5,0.10937500000000006,0.046875,-0.5877866649021193,-42.729729729729726,0.30000000000000004,-4811.2
3417,918,2025-07-18,Inferno,1,1,-62.0,0.6000000000000001,77.6,0,-1,0.9024045261669025,1.2142857142857144,0.07305194805194809,-0.12283549783549785,-0.4054651081081646,-55.94908062234796,0.7285714285714288,-4811.2
3418,1976,2025-07-18,Dust2,0,1,-53.0,-0.5333333333333333,53.0,0,-9,0.7207207207207207,0.8888888888888888,0.04861111111111105,0.055555555555555525,-1.8718021769015913,-38.1981981981982,-0.47407407407407404,-2809.0
3419,1976,2025-07-18,Train,0,-1,-53.0,-0.5333333333333333,53.0,0,-9,-2.0,-2.0,-0.08333333333333331,0.1388888888888889,-0.6931471805599453,106.0,1.0666666666666667,-2809.0
3420,1976,2025-07-18,Nuke,0,-1,-53.0,-0.5333333333333333,53.0,0,-9,-1.3623188405797102,-1.4545454545454546,-0.175,0.1277777777777777,-2.0794415416798357,72.20289855072464,0.7757575757575758,-2809.0
3421,1977,2025-07-18,Nuke,0,1,-53.0,0.2,10.6,0,-3,0.25368115942029,0.32323232323232326,0.033333333333333326,-0.018055555555555602,-0.06453852113757108,-13.44510144927537,0.06464646464646466,-561.8
3422,1977,2025-07-18,Inferno,0,1,-53.0,0.2,10.6,0,-3,-0.1739739739739739,-0.1333333333333333,-0.005555555555555536,0.018055555555555602,0.5753641449035616,9.220620620620616,-0.02666666666666666,-561.8
3415,917,2025-07-18,Nuke,1,-1,0.0,-0.2,-279.5,0,-1,-0.5748413587159388,-0.7,-0.06944444444444442,0.023611111111111138,-0.15415067982725827,-0.0,0.13999999999999999,-0.0
3394,911,2025-07-19,Mirage,1,1,207.0,0.39999999999999997,-73.4,0,1,0.27899159663865547,0.9142857142857144,0.0220238095238095,-0.02380952380952378,-0.3101549283038394,57.75126050420168,0.3657142857142857,-15193.800000000001
3395,911,2025-07-19,Nuke,1,1,207.0,0.39999999999999997,-73.4,0,1,0.4637745974955277,0.5277777777777778,0.03989898989898999,-0.10732323232323226,-0.2876820724517808,96.00134168157423,0.2111111111111111,-15193.800000000001
3396,912,2025-07-19,Nuke,1,1,49.0,0.8,-90.5,0,-1,-0.1044776119402985,0.0,-0.0714285714285714,0.008928571428571397,-0.980829253011726,-5.119402985074626,0.0,-4434.5
3397,912,2025-07-19,Inferno,1,1,49.0,0.8,-90.5,0,-1,1.0833333333333333,1.0833333333333333,0.10937499999999994,-0.11458333333333331,0.25131442828090633,53.08333333333333,0.8666666666666667,-4434.5
3398,913,2025-07-19,Nuke,1,1,-75.0,1.0,63.9,0,-3,1.0551181102362204,1.0,0.08333333333333331,-0.3044871794871795,-1.945910149055313,-79.13385826771653,1.0,-4792.5
3399,913,2025-07-19,Train,1,1,-75.0,1.0,63.9,0,-3,0.851063829787234,1.0,0.16666666666666663,-0.3,-1.0986122886681096,-63.829787234042556,1.0,-4792.5
3400,914,2025-07-19,Train,1,1,244.0,0.9333333333333333,-231.7,0,5,1.170731707317073,1.0,0.275,-0.16666666666666663,1.0986122886681096,285.6585365853658,0.9333333333333333,-56534.799999999996
3402,914,2025-07-19,Nuke,1,1,244.0,0.9333333333333333,-231.7,0,5,1.6730769230769231,1.7777777777777777,0.33712121212121215,-0.1628787878787878,1.791759469228055,408.2307692307692,1.6592592592592592,-56534.799999999996
3403,1974,2025-07-19,Train,0,1,-87.0,0.6000000000000001,-243.7,0,7,0.851063829787234,1.0,0.1333333333333333,-0.10833333333333328,1.0986122886681096,-74.04255319148936,0.6000000000000001,21201.899999999998
3404,1974,2025-07-19,Mirage,0,-1,-87.0,0.6000000000000001,-243.7,0,7,-0.7254901960784313,-1.0,-0.06597222222222221,0.06250000000000006,1.1786549963416462,63.11764705882353,-0.6000000000000001,21201.899999999998
3405,1974,2025-07-19,Nuke,0,1,-87.0,0.6000000000000001,-243.7,0,7,0.4881944444444446,0.6000000000000001,-0.0071428571428571175,-0.059523809523809534,0.6931471805599454,-42.47291666666668,0.3600000000000001,21201.899999999998
3406,1975,2025-07-19,Ancient,0,1,-53.0,0.37073170731707317,117.75609756097562,0,-10,0.5970149253731343,0.6666666666666667,-0.005952380952380931,-0.059523809523809534,-1.3862943611198904,-31.641791044776117,0.24715447154471548,-6241.073170731708
3407,1975,2025-07-19,Train,0,1,-53.0,0.37073170731707317,117.75609756097562,0,-10,0.5,0.5,0.03125,-0.020833333333333315,-0.916290731874155,-26.5,0.18536585365853658,-6241.073170731708
3401,914,2025-07-19,Dust2,1,-1,244.0,0.9333333333333333,-231.7,0,5,-1.3181818181818181,-1.0,-0.09583333333333333,0.1375,1.7047480922384253,-321.6363636363636,-0.9333333333333333,-56534.799999999996
3384,909,2025-07-20,Ancient,1,1,-195.0,0.6,141.6,0,-3,0.4571428571428571,0.45714285714285713,0.06964285714285717,0.0452380952380953,-0.9162907318741551,-89.14285714285712,0.27428571428571424,-27612.0
3381,909,2025-07-20,Inferno,1,-1,-195.0,0.6,141.6,0,-3,0.4273504273504274,0.35555555555555557,0.06944444444444453,-0.03240740740740744,0.0,-83.33333333333334,0.21333333333333335,-27612.0
3382,909,2025-07-20,Nuke,1,1,-195.0,0.6,141.6,0,-3,-0.19298245614035098,-0.26666666666666666,0.0,0.038194444444444475,-1.1786549963416462,37.63157894736844,-0.16,-27612.0
3383,909,2025-07-20,Mirage,1,1,-195.0,0.6,141.6,0,-3,0.7619047619047619,0.7428571428571429,0.07986111111111105,-0.03125,-0.7731898882334818,-148.57142857142856,0.44571428571428573,-27612.0
3385,910,2025-07-20,Mirage,1,-1,244.0,-0.3333333333333333,-217.0,0,7,-1.161904761904762,-1.1428571428571428,-0.07986111111111105,0.11458333333333337,1.8718021769015913,-283.50476190476195,0.38095238095238093,-52948.0
3392,1973,2025-07-20,Mirage,0,1,-87.0,0.6000000000000001,-95.2,0,7,-0.16071428571428564,-0.35714285714285715,0.04326923076923078,-0.01522435897435892,1.0296194171811581,13.98214285714285,-0.21428571428571433,8282.4
3387,910,2025-07-20,Dust2,1,-1,244.0,-0.3333333333333333,-217.0,0,7,-1.3877551020408163,-1.1428571428571428,-0.10227272727272724,0.1780303030303031,1.791759469228055,-338.61224489795916,0.38095238095238093,-52948.0
3388,1972,2025-07-20,Dust2,0,-1,42.0,-0.5333333333333333,71.8,0,7,0.17263843648208468,0.2,0.04435483870967738,-0.020833333333333315,2.367123614131617,7.250814332247557,-0.10666666666666667,3015.6
3389,1972,2025-07-20,Mirage,0,1,42.0,-0.5333333333333333,71.8,0,7,1.3542168674698796,1.368421052631579,0.28779069767441856,-0.127906976744186,3.0910424533583156,56.87710843373494,-0.7298245614035088,3015.6
3390,1972,2025-07-20,Ancient,0,-1,42.0,-0.5333333333333333,71.8,0,7,-0.6282722513089005,-0.7058823529411764,-0.04791666666666666,0.04999999999999999,2.3513752571634776,-26.387434554973822,0.37647058823529406,3015.6
3391,1973,2025-07-20,Train,0,-1,-87.0,0.6000000000000001,-95.2,0,7,-0.2982456140350877,-0.2,0.013888888888888895,-0.00694444444444442,0.8472978603872034,25.94736842105263,-0.12000000000000002,8282.4
3386,910,2025-07-20,Ancient,1,1,244.0,-0.3333333333333333,-217.0,0,7,1.1428571428571428,1.1428571428571428,0.038690476190476164,-0.13690476190476192,2.0149030205422647,278.85714285714283,-0.38095238095238093,-52948.0
3393,1973,2025-07-20,Nuke,0,-1,-87.0,0.6000000000000001,-95.2,0,7,0.2607642124883505,0.30303030303030304,-0.02604166666666663,-0.01822916666666663,0.6359887667199966,-22.686486486486494,0.18181818181818185,8282.4
3380,1971,2025-07-21,Inferno,0,-1,371.0,-0.2,-107.1,0,11,-0.2222222222222222,-0.2222222222222222,-0.002314814814814825,-0.030092592592592615,1.5581446180465497,-82.44444444444444,0.044444444444444446,-39734.1
3362,901,2025-07-23,Mirage,1,1,-4.0,0.2,182.0,0,-4,0.022988505747126464,0.6666666666666666,0.0843253968253968,0.06646825396825395,0.13353139262452252,-0.09195402298850586,0.13333333333333333,-728.0
3363,901,2025-07-23,Dust2,1,1,-4.0,0.2,182.0,0,-4,-0.12279511533242875,-0.3333333333333333,-0.02738095238095245,-0.008928571428571397,-0.9162907318741551,0.491180461329715,-0.06666666666666667,-728.0
3364,902,2025-07-23,Nuke,1,-1,-17.0,0.4,-6.0,0,-2,0.0,0.0,-0.01388888888888895,-0.09027777777777785,-0.5596157879354227,-0.0,0.0,102.0
3365,902,2025-07-23,Overpass,1,1,-17.0,0.4,-6.0,0,-2,2.0,2.0,0.16666666666666663,-0.16666666666666663,0.0,-34.0,0.8,102.0
3366,902,2025-07-23,Ancient,1,1,-17.0,0.4,-6.0,0,-2,0.3549818475191609,0.3333333333333333,-0.010416666666666685,-0.026785714285714246,-1.0986122886681098,-6.034691407825735,0.13333333333333333,102.0
3367,903,2025-07-23,Inferno,1,1,224.0,0.8,140.2,0,-3,0.40211353475138867,0.0,0.0897435897435897,0.02243589743589741,-0.5596157879354227,90.07343178431105,0.0,31404.799999999996
3368,903,2025-07-23,Ancient,1,1,224.0,0.8,140.2,0,-3,0.41325051759834375,0.42857142857142855,0.10336538461538453,0.024038461538461564,-0.07410797215372167,92.568115942029,0.34285714285714286,31404.799999999996
3369,904,2025-07-23,Train,1,1,111.0,0.8,-140.0,0,1,1.0,1.0,0.16666666666666663,-0.09027777777777773,-1.252762968495368,111.0,0.8,-15540.0
3378,908,2025-07-23,Inferno,1,-1,49.0,0.8,-22.000000000000014,0,3,-0.15844155844155838,-0.3142857142857143,-0.018749999999999933,0.08854166666666669,0.2006706954621511,-7.763636363636361,-0.25142857142857145,-1078.0000000000007
3371,905,2025-07-23,Inferno,1,-1,-561.0,-0.4,197.4,0,-6,0.4139892904953147,0.13986013986013987,0.10833333333333328,-0.07748538011695916,0.2231435513142097,-232.24799196787154,-0.05594405594405595,-110741.40000000001
3372,905,2025-07-23,Dust2,1,1,-561.0,-0.4,197.4,0,-6,-0.12970561998215882,-0.1111111111111111,-0.04662004662004665,0.0037878787878787845,-0.15415067982725805,72.7648528099911,0.044444444444444446,-110741.40000000001
3373,905,2025-07-23,Mirage,1,-1,-561.0,-0.4,197.4,0,-6,-0.0365045200172191,-0.25,-0.005244755244755317,-0.04807692307692302,0.15415067982725805,20.479035729659916,0.1,-110741.40000000001
3374,906,2025-07-23,Mirage,1,1,179.0,0.4,-188.0,0,8,-0.5001219016659894,-0.07692307692307693,-0.0037179487179487825,0.04320512820512823,-0.6190392084062237,-89.5218203982121,-0.03076923076923077,-33652.0
3375,906,2025-07-23,Inferno,1,1,179.0,0.4,-188.0,0,8,-0.0005753739930955404,-0.05128205128205132,0.010784313725490158,0.047058823529411764,-0.49247648509779385,-0.10299194476410173,-0.02051282051282053,-33652.0
3376,907,2025-07-23,Inferno,1,1,75.0,0.2,-11.299999999999999,0,1,-0.2051282051282051,-0.1333333333333333,-0.032407407407407385,0.02314814814814825,0.0,-15.384615384615381,-0.02666666666666666,-847.4999999999999
3377,907,2025-07-23,Nuke,1,1,75.0,0.2,-11.299999999999999,0,1,0.37037037037037035,0.5,-0.02182539682539686,-0.08829365079365087,0.7621400520468968,27.777777777777775,0.1,-847.4999999999999
3370,904,2025-07-23,Ancient,1,1,111.0,0.8,-140.0,0,1,0.688977688977689,0.9142857142857144,0.05613425925925919,-0.1736111111111111,0.10536051565782634,76.47652347652347,0.7314285714285715,-15540.0
3379,908,2025-07-23,Overpass,1,-1,49.0,0.8,-22.000000000000014,0,3,-2.0,-2.0,-0.33333333333333326,0.33333333333333326,0.0,-98.0,-1.6,-1078.0000000000007
3349,897,2025-07-24,Dust2,1,-1,65.0,-0.39999999999999997,-41.5,0,0,-0.18259441707717572,-0.23376623376623376,-0.017361111111111105,0.03819444444444442,0.2682639865946794,-11.868637110016422,0.0935064935064935,-2697.5
3348,896,2025-07-24,Ancient,1,-1,-72.0,-0.6,106.6,0,1,-0.9367816091954024,-0.8269230769230769,-0.13611111111111107,0.13518518518518524,-0.47000362924573524,67.44827586206898,0.4961538461538461,-7675.2
3350,897,2025-07-24,Mirage,1,1,65.0,-0.39999999999999997,-41.5,0,0,0.6890135746606334,0.6324786324786325,0.0666208791208791,-0.03983516483516486,0.5877866649021191,44.78588235294117,-0.252991452991453,-2697.5
3346,895,2025-07-24,Nuke,1,1,154.0,0.6000000000000001,-24.30000000000001,0,-1,0.7178683385579937,0.6666666666666666,0.20833333333333331,-0.044047619047619,0.2876820724517808,110.55172413793103,0.4,-3742.2000000000016
3345,895,2025-07-24,Inferno,1,-1,154.0,0.6000000000000001,-24.30000000000001,0,-1,0.5579146520916544,0.1333333333333333,0.09077380952380953,-0.03720238095238093,0.11778303565638382,85.91885642211477,0.07999999999999999,-3742.2000000000016
3344,895,2025-07-24,Mirage,1,1,154.0,0.6000000000000001,-24.30000000000001,0,-1,-0.04769475357710651,-0.3333333333333333,-0.026041666666666685,-0.02083333333333326,0.0,-7.344992050874402,-0.2,-3742.2000000000016
3347,896,2025-07-24,Train,1,-1,-72.0,-0.6,106.6,0,1,-1.1428571428571428,-1.1428571428571428,-0.28452380952380957,0.059523809523809534,0.2876820724517808,82.28571428571428,0.6857142857142856,-7675.2
3351,897,2025-07-24,Inferno,1,-1,65.0,-0.39999999999999997,-41.5,0,0,0.01666666666666669,0.38461538461538464,-0.007407407407407474,0.008333333333333304,-0.10008345855698275,1.0833333333333348,-0.15384615384615385,-2697.5
3355,899,2025-07-24,Inferno,1,-1,-49.0,-0.6000000000000001,-67.89999999999999,0,-2,-0.6818181818181819,-0.7878787878787878,-0.07121212121212117,0.03598484848484845,-0.08701137698962969,33.409090909090914,0.4727272727272728,3327.0999999999995
3353,898,2025-07-24,Dust2,1,-1,56.0,-0.2,-8.199999999999996,0,4,0.49242424242424243,0.3333333333333333,0.10138888888888892,0.041666666666666685,0.45198512374305744,27.575757575757578,-0.06666666666666667,-459.19999999999976
3354,899,2025-07-24,Overpass,1,1,-49.0,-0.6000000000000001,-67.89999999999999,0,-2,2.0,2.0,0.20833333333333331,-0.08333333333333331,-0.4054651081081645,-98.0,-1.2000000000000002,3327.0999999999995
3356,899,2025-07-24,Ancient,1,-1,-49.0,-0.6000000000000001,-67.89999999999999,0,-2,-0.7634408602150538,-1.6666666666666665,-0.048611111111111105,-0.01909722222222221,0.25131442828090633,37.40860215053763,1.0,3327.0999999999995
3357,900,2025-07-24,Dust2,1,1,75.0,0.6000000000000001,-38.3,0,2,1.0892857142857142,1.1428571428571428,0.07692307692307693,-0.15491452991452992,-1.2527629684953678,81.69642857142857,0.6857142857142858,-2872.5
3358,900,2025-07-24,Ancient,1,1,75.0,0.6000000000000001,-38.3,0,2,0.85234093637455,0.5714285714285714,0.04626623376623373,-0.12418831168831163,0.2231435513142097,63.92557022809125,0.3428571428571429,-2872.5
3359,1969,2025-07-24,Overpass,0,1,0.0,0.5333333333333333,0.0,0,1,2.0,2.0,0.375,-0.375,0.0,0.0,1.0666666666666667,0.0
3360,1969,2025-07-24,Inferno,0,-1,0.0,0.5333333333333333,0.0,0,1,-1.1214953271028039,-1.2,-0.06439393939393934,-0.015151515151515138,1.791759469228055,-0.0,-0.64,0.0
3361,1969,2025-07-24,Mirage,0,1,0.0,0.5333333333333333,0.0,0,1,2.0,2.0,0.33333333333333326,-0.20833333333333331,0.916290731874155,0.0,1.0666666666666667,0.0
3352,898,2025-07-24,Nuke,1,-1,56.0,-0.2,-8.199999999999996,0,4,-0.8617021276595745,-0.75,-0.0979166666666666,0.13125000000000003,0.7884573603642704,-48.255319148936174,0.15000000000000002,-459.19999999999976
3329,889,2025-07-25,Nuke,1,1,170.0,0.4,52.69999999999999,0,5,0.5284063553201734,0.5909090909090909,0.06318681318681324,-0.048992673992673985,0.06899287148695166,89.82908040442949,0.2363636363636364,8958.999999999998
3330,889,2025-07-25,Ancient,1,-1,170.0,0.4,52.69999999999999,0,5,0.7209302325581395,0.6666666666666666,0.07222222222222219,-0.11388888888888887,0.8266785731844679,122.55813953488371,0.26666666666666666,8958.999999999998
3331,889,2025-07-25,Inferno,1,1,170.0,0.4,52.69999999999999,0,5,0.41549744897959184,0.42857142857142855,0.012175324675324672,-0.044913419913419905,-0.2231435513142097,70.63456632653062,0.17142857142857143,8958.999999999998
3332,890,2025-07-25,Inferno,1,1,62.0,0.4,-50.00000000000001,0,-1,-0.3888888888888889,-0.5833333333333333,-0.034722222222222265,0.08680555555555558,0.0,-24.11111111111111,-0.2333333333333333,-3100.0000000000005
3333,890,2025-07-25,Ancient,1,1,62.0,0.4,-50.00000000000001,0,-1,-0.36038961038961037,-0.09523809523809523,-0.07440476190476197,-0.07261904761904758,0.3184537311185349,-22.344155844155843,-0.0380952380952381,-3100.0000000000005
3334,891,2025-07-25,Overpass,1,-1,-72.0,-0.8,21.4,0,0,0.0,0.0,-0.020833333333333315,-0.0625,0.0,-0.0,-0.0,-1540.8
3337,892,2025-07-25,Dust2,1,1,-70.0,-0.2,131.7,0,-1,0.6051529790660226,0.75,0.12126068376068377,-0.07478632478632485,0.6931471805599452,-42.36070853462158,-0.15000000000000002,-9219.0
3336,892,2025-07-25,Nuke,1,-1,-70.0,-0.2,131.7,0,-1,-0.7407407407407407,-1.0,0.06944444444444442,0.17361111111111105,0.0,51.85185185185185,0.2,-9219.0
3338,892,2025-07-25,Ancient,1,-1,-70.0,-0.2,131.7,0,-1,-0.6265590608950844,-0.5833333333333333,-0.022619047619047594,-0.009523809523809545,0.3184537311185349,43.85913426265591,0.11666666666666665,-9219.0
3339,893,2025-07-25,Ancient,1,1,-74.0,-0.19999999999999996,-31.30000000000001,0,-1,0.6906666666666667,0.7777777777777777,0.041666666666666685,-0.08432539682539686,0.7621400520468968,-51.10933333333333,-0.1555555555555555,2316.2000000000007
3340,893,2025-07-25,Nuke,1,-1,-74.0,-0.19999999999999996,-31.30000000000001,0,-1,-0.11935483870967742,-0.1090909090909091,-0.04038461538461535,0.02243589743589741,-0.24116205681688774,8.832258064516129,0.021818181818181816,2316.2000000000007
3341,893,2025-07-25,Inferno,1,-1,-74.0,-0.19999999999999996,-31.30000000000001,0,-1,-0.020395992366412236,-0.09090909090909091,-0.04761904761904756,-0.04464285714285715,0.0,1.5093034351145054,0.018181818181818177,2316.2000000000007
3342,894,2025-07-25,Nuke,1,-1,-317.0,-0.4,113.3,0,5,0.4477611940298508,0.5,0.09821428571428575,-0.047619047619047616,0.0,-141.9402985074627,-0.2,-35916.1
3343,894,2025-07-25,Dust2,1,-1,-317.0,-0.4,113.3,0,5,-0.7100694444444448,-0.45,-0.0629960317460318,0.13839285714285715,-0.14310084364067333,225.092013888889,0.18000000000000002,-35916.1
3335,891,2025-07-25,Mirage,1,-1,-72.0,-0.8,21.4,0,0,-0.7992987377279104,-0.8863636363636364,-0.07051282051282054,0.11858974358974356,0.0,57.549509116409546,0.7090909090909091,-1540.8
3318,884,2025-07-26,Ancient,1,-1,206.0,-0.2,188.0,0,-2,-0.9969309462915601,-1.5,-0.11698717948717957,0.012019230769230727,-1.0296194171811581,-205.36777493606138,0.30000000000000004,38728.0
3320,884,2025-07-26,Nuke,1,1,206.0,-0.2,188.0,0,-2,-0.3333333333333333,-0.3333333333333333,0.050347222222222265,0.034722222222222265,-0.810930216216329,-68.66666666666666,0.06666666666666667,38728.0
3321,885,2025-07-26,Nuke,1,1,756.0,0.6,6.899999999999977,0,-11,0.5194444444444446,0.6153846153846154,0.03680555555555565,-0.015277777777777779,-0.2076393647782444,392.7000000000001,0.36923076923076925,5216.399999999983
3319,884,2025-07-26,Mirage,1,1,206.0,-0.2,188.0,0,-2,0.7765567765567766,0.8571428571428571,0.061111111111111116,-0.11620370370370375,0.09531017980432477,159.97069597069597,-0.17142857142857143,38728.0
3322,885,2025-07-26,Overpass,1,1,756.0,0.6,6.899999999999977,0,-11,2.0,2.0,0.20833333333333331,-0.20833333333333331,0.0,1512.0,1.2,5216.399999999983
3324,886,2025-07-26,Ancient,1,1,185.0,0.8,311.0,0,-7,0.34418711304746624,0.35714285714285715,0.09848484848484845,0.05303030303030304,0.0,63.67461591378125,0.28571428571428575,57535.0
3325,887,2025-07-26,Dust2,1,1,-371.0,0.0,270.3,0,-6,0.1860869565217392,0.020202020202020193,0.05615079365079356,0.012301587301587313,-0.06453852113757108,-69.03826086956525,0.0,-100281.3
3326,887,2025-07-26,Inferno,1,1,-371.0,0.0,270.3,0,-6,0.7077922077922079,0.7142857142857142,0.15567129629629634,-0.05526620370370372,-0.5306282510621703,-262.5909090909091,0.0,-100281.3
3327,888,2025-07-26,Nuke,1,1,365.0,0.0,233.6,0,-6,0.03399470899470901,-0.42857142857142855,0.04572649572649573,-0.010683760683760757,-0.13353139262452274,12.408068783068789,-0.0,85264.0
3328,888,2025-07-26,Mirage,1,1,365.0,0.0,233.6,0,-6,0.5182194616977226,0.9142857142857144,0.04135101010101011,0.008838383838383757,-0.08004270767353638,189.15010351966876,0.0,85264.0
3323,886,2025-07-26,Nuke,1,1,185.0,0.8,311.0,0,-7,0.3541114058355439,0.6666666666666666,0.04004329004329005,-0.09036796536796532,-0.4054651081081646,65.51061007957563,0.5333333333333333,57535.0
3302,876,2025-07-27,Inferno,1,1,317.0,0.8,-317.5,0,-6,-0.45347786811201457,-0.45,-0.0841503267973856,0.004493464052287566,0.3254224004346278,-143.75248419150861,-0.36000000000000004,-100647.5
3303,876,2025-07-27,Dust2,1,1,317.0,0.8,-317.5,0,-6,0.7212551534585434,0.5,0.08393429487179482,-0.1450320512820512,0.19415601444095776,228.63788364635826,0.4,-100647.5
3304,878,2025-07-27,Overpass,1,1,-36.0,0.0,18.799999999999997,0,-1,2.0,2.0,0.29166666666666663,-0.29166666666666663,0.0,-72.0,0.0,-676.8
3306,878,2025-07-27,Dust2,1,-1,-36.0,0.0,18.799999999999997,0,-1,0.2551020408163265,0.35714285714285715,0.09185606060606066,-0.0804924242424242,-0.8754687373539001,-9.183673469387752,0.0,-676.8
3307,880,2025-07-27,Dust2,1,-1,144.0,-0.8,-166.7,0,0,-0.09443546525051946,-0.6,-0.03125,-0.140625,0.5108256237659905,-13.598706996074803,0.48,-24004.8
3308,880,2025-07-27,Mirage,1,-1,144.0,-0.8,-166.7,0,0,-0.6992685475444096,-1.0181818181818183,-0.036458333333333315,0.1293402777777778,-0.2682639865946794,-100.69467084639498,0.8145454545454547,-24004.8
3305,878,2025-07-27,Inferno,1,-1,-36.0,0.0,18.799999999999997,0,-1,-0.4485324514262093,-0.3888888888888889,-0.07692307692307693,-0.06730769230769235,-0.24116205681688774,16.147168251343533,-0.0,-676.8
3310,882,2025-07-27,Train,1,1,382.0,0.2,268.5,0,-4,1.0526315789473684,1.2,0.18750000000000003,-0.12499999999999994,0.8472978603872034,402.10526315789474,0.24,102567.0
3311,883,2025-07-27,Train,1,1,0.0,1.2,178.1,0,7,0.37037037037037035,0.5,0.25,-0.0763888888888889,1.252762968495368,0.0,0.6,0.0
3312,883,2025-07-27,Ancient,1,1,0.0,1.2,178.1,0,7,0.6557377049180328,1.0,-0.29166666666666674,-0.27976190476190466,1.3862943611198904,0.0,1.2,0.0
3317,1968,2025-07-27,Ancient,0,1,0.0,0.6,155.8,0,2,1.4117647058823528,1.0,0.26041666666666663,-0.19791666666666663,0.5108256237659905,0.0,0.6,0.0
3313,1966,2025-07-27,Dust2,0,1,53.0,0.8,-53.0,0,7,1.3388429752066116,1.2,0.28846153846153844,-0.23076923076923073,1.945910149055313,70.9586776859504,0.96,-2809.0
3314,1967,2025-07-27,Dust2,0,-1,0.0,-1.2,0.0,0,1,-0.7872340425531914,-0.75,-0.0666666666666666,0.07500000000000001,1.7047480922384253,-0.0,0.8999999999999999,0.0
3315,1967,2025-07-27,Nuke,0,-1,0.0,-1.2,0.0,0,1,-0.7234042553191489,-0.5,-0.008333333333333304,-0.033333333333333326,1.0986122886681096,-0.0,0.6,0.0
3316,1968,2025-07-27,Dust2,0,1,0.0,0.6,155.8,0,2,0.7157894736842105,0.6666666666666667,0.21212121212121215,-0.10227272727272724,1.3862943611198906,0.0,0.4,0.0
3309,882,2025-07-27,Inferno,1,1,382.0,0.2,268.5,0,-4,0.5442052221713238,0.4444444444444444,0.05048076923076922,-0.08413461538461536,0.44183275227903884,207.8863948694457,0.08888888888888889,102567.0
3297,869,2025-07-28,Train,1,1,-121.0,-0.6000000000000001,-25.100000000000023,0,-5,-0.3213675213675214,-0.12121212121212122,-0.04166666666666663,0.07638888888888884,-0.3677247801253172,38.88547008547009,0.07272727272727274,3037.1000000000026
3298,869,2025-07-28,Mirage,1,-1,-121.0,-0.6000000000000001,-25.100000000000023,0,-5,-0.09223902801884457,-0.2222222222222222,0.02857905982905984,0.032051282051282104,0.07410797215372167,11.160922390280193,0.13333333333333336,3037.1000000000026
3300,870,2025-07-28,Ancient,1,-1,-79.0,-0.4,-225.8,0,7,-0.3355119825708061,0.0,-0.03125,-0.015625,0.3677247801253172,26.505446623093682,-0.0,17838.2
3301,870,2025-07-28,Inferno,1,-1,-79.0,-0.4,-225.8,0,7,-0.4724069148936171,-0.7,-0.032142857142857084,0.12261904761904768,0.3101549283038394,37.32014627659575,0.27999999999999997,17838.2
3299,869,2025-07-28,Dust2,1,-1,-121.0,-0.6000000000000001,-25.100000000000023,0,-5,-0.14211737629459148,-0.3418803418803419,-0.05277777777777781,-0.013398692810457469,-0.11778303565638337,17.196202531645568,0.20512820512820515,3037.1000000000026
3286,865,2025-07-29,Mirage,1,1,87.0,-0.4,131.89999999999998,0,0,0.23988768974291488,0.022727272727272707,0.0443121693121693,0.01223544973544971,0.40546510810816416,20.870229007633593,-0.009090909090909084,11475.299999999997
3281,863,2025-07-29,Dust2,1,-1,-371.0,-0.4,110.60000000000002,0,-5,-0.06216931216931215,-0.2857142857142857,0.02824074074074079,0.05046296296296293,-0.17185025692665912,23.06481481481481,0.11428571428571428,-41032.600000000006
3282,863,2025-07-29,Inferno,1,-1,-371.0,-0.4,110.60000000000002,0,-5,0.48386383731211324,0.4583333333333333,0.1378367003367003,-0.034932659932659926,-0.4595323293784399,-179.513483642794,-0.18333333333333335,-41032.600000000006
3283,864,2025-07-29,Ancient,1,-1,-206.0,-0.2,-92.5,0,2,0.5232727272727273,0.6666666666666666,0.0630952380952381,0.05714285714285716,0.9162907318741551,-107.79418181818183,-0.13333333333333333,19055.0
3284,864,2025-07-29,Inferno,1,-1,-206.0,-0.2,-92.5,0,2,-0.6638447971781307,-1.0476190476190477,-0.07060185185185192,0.053240740740740755,-0.26236426446749084,136.75202821869493,0.20952380952380956,19055.0
3285,865,2025-07-29,Ancient,1,-1,87.0,-0.4,131.89999999999998,0,0,-1.081081081081081,-1.3333333333333333,-0.08333333333333331,0.10416666666666669,0.0,-94.05405405405403,0.5333333333333333,11475.299999999997
3287,865,2025-07-29,Overpass,1,-1,87.0,-0.4,131.89999999999998,0,0,-2.0,-2.0,-0.29166666666666663,0.29166666666666663,0.0,-174.0,0.8,11475.299999999997
3291,867,2025-07-29,Inferno,1,-1,-375.0,0.2,-155.7,0,0,-0.342857142857143,-0.380952380952381,-0.13541666666666669,-0.07638888888888884,-0.6190392084062235,128.57142857142864,-0.0761904761904762,58387.49999999999
3289,866,2025-07-29,Inferno,1,-1,-704.0,-0.39999999999999997,285.20000000000005,0,0,-0.5370992643719917,-0.5428571428571429,-0.005448717948717929,0.12403846153846154,-0.24116205681688774,378.1178821178822,0.21714285714285717,-200780.80000000005
3290,867,2025-07-29,Nuke,1,1,-375.0,0.2,-155.7,0,0,1.1,1.1,0.03750000000000003,-0.10625000000000001,0.18232155679395468,-412.50000000000006,0.22000000000000003,58387.49999999999
3296,1963,2025-07-29,Inferno,0,1,0.0,1.0,0.0,0,3,0.9743589743589743,0.9090909090909091,0.2743055555555556,-0.11805555555555552,1.8718021769015913,0.0,0.9090909090909091,0.0
3292,867,2025-07-29,Train,1,-1,-375.0,0.2,-155.7,0,0,-0.9074074074074074,-1.1666666666666665,0.01620370370370372,0.020833333333333315,0.6931471805599456,340.27777777777777,-0.2333333333333333,58387.49999999999
3293,1962,2025-07-29,Inferno,0,-1,42.0,-0.4,28.700000000000003,0,3,-1.0419847328244276,-0.9545454545454546,-0.028273809523809534,0.0714285714285714,1.0986122886681098,-43.76335877862596,0.38181818181818183,1205.4
3294,1962,2025-07-29,Mirage,0,-1,42.0,-0.4,28.700000000000003,0,3,0.6871951219512193,0.49411764705882355,0.04856601731601734,-0.13122294372294374,1.7272209480904839,28.862195121951213,-0.19764705882352943,1205.4
3295,1963,2025-07-29,Overpass,0,1,0.0,1.0,0.0,0,3,2.0,2.0,0.4583333333333333,-0.41666666666666663,0.4054651081081645,0.0,2.0,0.0
3288,866,2025-07-29,Mirage,1,-1,-704.0,-0.39999999999999997,285.20000000000005,0,0,0.22795698924731167,0.3333333333333333,-0.037418300653594805,-0.040686274509803944,0.11778303565638337,-160.48172043010743,-0.1333333333333333,-200780.80000000005
3280,1961,2025-07-30,Inferno,0,1,0.0,1.2,65.9,0,7,0.8955223880597015,1.0,0.2678571428571429,-0.08928571428571425,1.3862943611198904,0.0,1.2,0.0
3279,1961,2025-07-30,Nuke,0,1,0.0,1.2,65.9,0,7,1.23943661971831,1.2,0.10937500000000006,0.0,1.5040773967762742,0.0,1.44,0.0
3274,1959,2025-07-31,Mirage,0,-1,42.0,0.39999999999999997,49.0,0,1,-0.7004830917874397,-0.6666666666666667,-0.2861111111111111,-0.2777777777777778,3.1354942159291497,-29.42028985507247,-0.26666666666666666,2058.0
3273,1959,2025-07-31,Dust2,0,1,42.0,0.39999999999999997,49.0,0,1,1.1832797427652733,1.1724137931034484,0.00520833333333337,-0.12369791666666663,2.803360380906535,49.69774919614148,0.4689655172413793,2058.0
3276,1960,2025-07-31,Nuke,0,1,0.0,0.3333333333333333,134.7,0,2,1.2592592592592593,1.0,0.34259259259259256,-0.0925925925925925,1.6094379124341005,0.0,0.3333333333333333,0.0
3277,1960,2025-07-31,Inferno,0,-1,0.0,0.3333333333333333,134.7,0,2,-1.1428571428571428,-1.4285714285714286,-0.2788461538461538,-0.14102564102564102,1.945910149055313,-0.0,-0.47619047619047616,0.0
3278,1960,2025-07-31,Train,0,1,0.0,0.3333333333333333,134.7,0,2,1.3333333333333333,1.3333333333333333,0.09722222222222227,-0.055555555555555525,0.6931471805599453,0.0,0.4444444444444444,0.0
3275,1959,2025-07-31,Ancient,0,1,42.0,0.39999999999999997,49.0,0,1,1.3870967741935485,1.2307692307692308,0.3293650793650794,-0.1686507936507936,2.3978952727983707,58.25806451612904,0.4923076923076923,2058.0
3246,860,2025-08-01,Train,1,1,-109.0,-0.2,137.40000000000003,0,-3,-0.00984251968503938,0.26666666666666666,-0.004120879120879106,0.0966117216117216,-0.5596157879354227,1.0728346456692925,-0.05333333333333334,-14976.600000000004
3247,860,2025-08-01,Mirage,1,-1,-109.0,-0.2,137.40000000000003,0,-3,0.2014080195898378,0.0,0.15384615384615385,0.050427350427350415,0.13353139262452274,-21.95347413529232,-0.0,-14976.600000000004
3257,1952,2025-08-01,Ancient,0,1,-53.0,0.3058823529411765,77.37647058823529,0,-4,0.7792207792207793,0.8571428571428572,0.05729166666666663,-0.23958333333333334,-1.0986122886681098,-41.2987012987013,0.26218487394957984,-4100.952941176471
3249,861,2025-08-01,Inferno,1,-1,-134.0,-0.6,408.50000000000006,0,-1,-0.8330606973740854,-1.0,-0.09149184149184159,0.047494172494172426,-0.15415067982725805,111.63013344812744,0.6,-54739.00000000001
3250,861,2025-08-01,Ancient,1,-1,-134.0,-0.6,408.50000000000006,0,-1,0.17171717171717168,0.2,0.06597222222222221,0.06944444444444442,0.6190392084062235,-23.010101010101007,-0.12,-54739.00000000001
3251,862,2025-08-01,Mirage,1,1,0.0,1.2,152.7,0,3,0.8787878787878788,0.6666666666666667,0.125,-0.13055555555555548,2.0794415416798357,0.0,0.8,0.0
3252,862,2025-08-01,Dust2,1,1,0.0,1.2,152.7,0,3,1.3278688524590165,1.5,0.425595238095238,-0.1696428571428571,2.0149030205422647,0.0,1.7999999999999998,0.0
3253,1951,2025-08-01,Mirage,0,1,0.0,1.4,62.8,0,3,1.3781512605042017,1.1428571428571428,0.11011904761904762,-0.1904761904761904,2.0149030205422647,0.0,1.5999999999999999,0.0
3254,1951,2025-08-01,Dust2,0,1,0.0,1.4,62.8,0,3,1.473053892215569,1.3333333333333333,0.20208333333333334,-0.14374999999999993,2.3513752571634776,0.0,1.8666666666666665,0.0
3255,1952,2025-08-01,Nuke,0,1,-53.0,0.3058823529411765,77.37647058823529,0,-4,0.14639639639639646,0.6666666666666667,-0.042534722222222265,-0.08854166666666669,-1.4469189829363256,-7.759009009009012,0.203921568627451,-4100.952941176471
3256,1952,2025-08-01,Train,0,-1,-53.0,0.3058823529411765,77.37647058823529,0,-4,-0.6,-0.6,0.02083333333333337,0.07500000000000001,-0.6931471805599452,31.799999999999997,-0.18352941176470589,-4100.952941176471
3258,1953,2025-08-01,Train,0,-1,0.0,0.023529411764705882,15.6,0,4,-1.0,-1.0,-0.10416666666666663,0.041666666666666685,0.916290731874155,-0.0,-0.023529411764705882,0.0
3248,860,2025-08-01,Inferno,1,1,-109.0,-0.2,137.40000000000003,0,-3,0.45224518888096943,0.6764705882352942,0.061873433583959914,-0.03853383458646614,-0.2876820724517808,-49.29472558802567,-0.13529411764705884,-14976.600000000004
3260,1954,2025-08-01,Mirage,0,1,0.0,1.0,8.4,0,0,0.976,0.8888888888888888,0.27380952380952384,-0.09226190476190471,2.0149030205422647,0.0,0.8888888888888888,0.0
3259,1953,2025-08-01,Inferno,0,-1,0.0,0.023529411764705882,15.6,0,4,-0.3895853423336548,-1.5,0.059523809523809534,0.05654761904761907,1.6094379124341003,-0.0,-0.03529411764705882,0.0
3271,1958,2025-08-01,Dust2,0,1,-52.0,0.23529411764705885,7.129411764705882,0,4,0.065359477124183,1.2,-0.0625,0.04861111111111105,0.9555114450274365,-3.398692810457516,0.2823529411764706,-370.72941176470584
3269,1957,2025-08-01,Nuke,0,-1,70.0,-0.5333333333333333,65.19999999999999,0,5,-1.375,-1.2,-0.29761904761904756,-0.11904761904761912,1.3862943611198904,-96.25,0.64,4563.999999999999
3268,1957,2025-08-01,Mirage,0,1,70.0,-0.5333333333333333,65.19999999999999,0,5,0.7692307692307693,1.2,0.38888888888888895,-0.03703703703703698,1.6094379124341005,53.84615384615385,-0.64,4563.999999999999
3267,1957,2025-08-01,Dust2,0,-1,70.0,-0.5333333333333333,65.19999999999999,0,5,-1.46875,-1.6,-0.20833333333333331,0.19047619047619047,1.3862943611198904,-102.8125,0.8533333333333334,4563.999999999999
3270,1958,2025-08-01,Nuke,0,-1,-52.0,0.23529411764705885,7.129411764705882,0,4,-0.8791208791208791,-1.1428571428571428,-0.008333333333333304,0.08333333333333331,1.7047480922384253,45.714285714285715,-0.2689075630252101,-370.72941176470584
3265,1956,2025-08-01,Nuke,0,1,0.0,0.4,-35.7,0,4,-0.10407239819004516,0.2,0.06481481481481477,0.08564814814814814,0.6931471805599456,-0.0,0.08000000000000002,-0.0
3264,1955,2025-08-01,Mirage,0,1,0.0,0.5333333333333333,0.0,0,4,2.0,2.0,0.12499999999999994,-0.1916666666666666,1.0986122886681096,0.0,1.0666666666666667,0.0
3263,1955,2025-08-01,Overpass,0,1,0.0,0.5333333333333333,0.0,0,4,2.0,2.0,0.20833333333333331,-0.3472222222222222,0.6931471805599453,0.0,1.0666666666666667,0.0
3262,1955,2025-08-01,Dust2,0,-1,0.0,0.5333333333333333,0.0,0,4,-0.9038461538461539,-0.8888888888888888,-0.07575757575757575,0.007575757575757569,1.791759469228055,-0.0,-0.47407407407407404,0.0
3261,1954,2025-08-01,Train,0,1,0.0,1.0,8.4,0,0,1.3454545454545455,1.3846153846153846,0.14814814814814814,-0.055555555555555525,2.251291798606495,0.0,1.3846153846153846,0.0
3266,1956,2025-08-01,Inferno,0,1,0.0,0.4,-35.7,0,4,-0.11891891891891893,0.1333333333333333,0.022916666666666696,-0.03125,0.4054651081081646,-0.0,0.05333333333333332,-0.0
3272,1958,2025-08-01,Overpass,0,1,-52.0,0.23529411764705885,7.129411764705882,0,4,2.0,2.0,0.20833333333333331,-0.20833333333333331,0.0,-104.0,0.4705882352941177,-370.72941176470584
3235,1946,2025-08-02,Dust2,0,1,0.0,0.8,17.0,0,3,1.4942528735632186,1.3333333333333333,0.181547619047619,-0.14087301587301587,1.1451323043030028,0.0,1.0666666666666667,0.0
3229,858,2025-08-02,Mirage,1,-1,548.0,0.0,-159.40000000000003,0,-1,-0.060344827586206906,0.1590909090909091,-0.08333333333333331,-0.08072916666666663,0.0,-33.06896551724139,0.0,-87351.20000000001
3230,858,2025-08-02,Train,1,-1,548.0,0.0,-159.40000000000003,0,-1,0.08526836695850776,-0.4666666666666666,0.0,-0.08333333333333331,0.0,46.727065093262254,-0.0,-87351.20000000001
3231,859,2025-08-02,Mirage,1,1,-65.0,-0.2,213.2,0,-2,0.09855985598559855,0.08333333333333331,0.06136363636363634,0.055681818181818166,-0.08701137698962969,-6.406390639063906,-0.016666666666666663,-13858.0
3232,859,2025-08-02,Nuke,1,-1,-65.0,-0.2,213.2,0,-2,0.4394366197183099,0.4,-0.007291666666666696,-0.03437499999999993,0.4054651081081646,-28.563380281690144,-0.08000000000000002,-13858.0
3233,859,2025-08-02,Ancient,1,1,-65.0,-0.2,213.2,0,-2,0.8380681818181818,1.2,0.09166666666666662,-0.03333333333333338,-0.2876820724517808,-54.47443181818181,-0.24,-13858.0
3234,1946,2025-08-02,Train,0,-1,0.0,0.8,17.0,0,3,-0.6342592592592592,-0.2,-0.009920634920634885,0.033730158730158666,0.6931471805599452,-0.0,-0.16000000000000003,0.0
3236,1946,2025-08-02,Overpass,0,1,0.0,0.8,17.0,0,3,2.0,2.0,0.20833333333333331,-0.20833333333333331,0.0,0.0,1.6,0.0
3238,1947,2025-08-02,Train,0,-1,561.0,-1.0,-255.39999999999998,0,7,-0.8321167883211679,-0.7692307692307692,-0.08928571428571425,0.2023809523809524,2.0149030205422647,-466.8175182481752,0.7692307692307692,-143279.4
3239,1948,2025-08-02,Train,0,1,0.0,-0.4,-7.9,0,1,0.18285714285714283,0.22857142857142854,0.06578947368421056,0.02763157894736845,1.203972804325936,0.0,-0.09142857142857141,-0.0
3240,1948,2025-08-02,Inferno,0,-1,0.0,-0.4,-7.9,0,1,-0.6115702479338843,-0.6,-0.07692307692307693,-0.025641025641025605,1.945910149055313,-0.0,0.24,-0.0
3241,1948,2025-08-02,Ancient,0,-1,0.0,-0.4,-7.9,0,1,-0.07616066770996346,0.4,0.056423611111111105,0.0,1.4469189829363256,-0.0,-0.16000000000000003,-0.0
3242,1949,2025-08-02,Mirage,0,-1,42.0,-0.6000000000000001,-239.4,0,3,0.41780409474106767,0.29411764705882354,-0.02608695652173909,-0.14764492753623187,2.0583881324820035,17.547771979124843,-0.17647058823529416,-10054.800000000001
3243,1949,2025-08-02,Inferno,0,-1,42.0,-0.6000000000000001,-239.4,0,3,-1.1199226305609284,-0.8333333333333333,0.0,0.11111111111111122,0.9808292530117262,-47.036750483559,0.5,-10054.800000000001
3244,1950,2025-08-02,Overpass,0,1,0.0,0.0,140.5,0,-5,1.0,1.0,0.12499999999999994,-0.14583333333333331,-0.4054651081081645,0.0,0.0,0.0
3245,1950,2025-08-02,Ancient,0,1,0.0,0.0,140.5,0,-5,0.9090909090909092,1.3333333333333333,0.12499999999999994,-0.09166666666666662,-0.4054651081081644,0.0,0.0,0.0
3237,1947,2025-08-02,Mirage,0,-1,561.0,-1.0,-255.39999999999998,0,7,-1.0229007633587786,-1.0909090909090908,-0.11011904761904756,0.0029761904761904656,2.0149030205422647,-573.8473282442748,1.0909090909090908,-143279.4
3217,855,2025-08-03,Ancient,1,1,0.0,1.2585365853658534,-5.792682926829265,0,5,1.0,1.0,0.20833333333333331,-0.14236111111111105,1.8718021769015913,0.0,1.2585365853658534,-0.0
3218,855,2025-08-03,Inferno,1,1,0.0,1.2585365853658534,-5.792682926829265,0,5,1.2444444444444445,1.2727272727272727,0.06150793650793651,-0.13293650793650785,1.9924301646902063,0.0,1.6017738359201772,-0.0
3219,856,2025-08-03,Mirage,1,1,-87.0,0.6,-105.39999999999998,0,-1,0.08031599736668862,0.42857142857142855,-0.014483065953654228,-0.030303030303030276,-0.40546510810816416,-6.987491770901911,0.2571428571428571,9169.799999999997
3220,856,2025-08-03,Ancient,1,1,-87.0,0.6,-105.39999999999998,0,-1,1.4428684003152088,2.0,0.08888888888888896,-0.1291666666666667,0.15415067982725827,-125.52955082742317,1.2,9169.799999999997
3221,856,2025-08-03,Nuke,1,1,-87.0,0.6,-105.39999999999998,0,-1,0.1069182389937107,0.1333333333333333,0.029202279202279247,-0.043091168091168086,-0.3364722366212125,-9.30188679245283,0.07999999999999997,9169.799999999997
3225,1944,2025-08-03,Dust2,0,-1,0.0,0.4,-11.9,0,5,0.558213716108453,0.9333333333333333,0.04583333333333328,-0.024999999999999967,-0.15415067982725827,0.0,0.37333333333333335,-0.0
3223,857,2025-08-03,Ancient,1,-1,0.0,-1.2585365853658534,-27.5,0,-5,-1.0,-1.0,-0.04166666666666663,0.20486111111111105,-1.466337068793427,-0.0,1.2585365853658534,-0.0
3224,1944,2025-08-03,Nuke,0,1,0.0,0.4,-11.9,0,5,1.3863636363636365,1.3333333333333333,0.3125,-0.04583333333333328,1.2992829841302609,0.0,0.5333333333333333,-0.0
3226,1944,2025-08-03,Ancient,0,-1,0.0,0.4,-11.9,0,5,-0.8712241653418124,-0.3333333333333333,0.041666666666666685,0.22916666666666669,0.5877866649021193,-0.0,-0.13333333333333333,-0.0
3227,1945,2025-08-03,Overpass,0,1,87.0,0.0,46.900000000000006,0,-2,1.0,1.0,0.14583333333333331,-0.1875,-0.4054651081081645,87.0,0.0,4080.3000000000006
3228,1945,2025-08-03,Inferno,0,1,87.0,0.0,46.900000000000006,0,-2,0.3598605651561225,0.2222222222222222,0.09687499999999999,-0.05937500000000001,-0.4353180712578455,31.30786916858266,0.0,4080.3000000000006
3222,857,2025-08-03,Dust2,1,-1,0.0,-1.2585365853658534,-27.5,0,-5,-0.555258467023173,-1.5555555555555556,-0.13888888888888895,0.10277777777777775,-1.6739764335716714,-0.0,1.957723577235772,-0.0
3212,1941,2025-08-04,Train,0,-1,-7.0,-0.45882352941176474,-25.241176470588233,0,3,-0.5309679427326487,-1.4285714285714286,-0.08928571428571425,0.1875,1.9924301646902063,3.7167755991285407,0.6554621848739497,176.68823529411762
3216,1943,2025-08-04,Ancient,0,1,53.0,1.0,-31.8,0,4,1.3103448275862069,1.25,0.26157407407407407,-0.11574074074074076,1.2039728043259361,69.44827586206897,1.25,-1685.4
3214,1941,2025-08-04,Ancient,0,-1,-7.0,-0.45882352941176474,-25.241176470588233,0,3,-0.6836734693877551,-0.8571428571428572,-0.05681818181818177,0.08901515151515149,2.0368819272610397,4.785714285714286,0.3932773109243698,176.68823529411762
3213,1941,2025-08-04,Mirage,0,1,-7.0,-0.45882352941176474,-25.241176470588233,0,3,1.2857142857142856,1.3142857142857143,0.21631205673758863,-0.10904255319148931,3.1780538303479458,-9.0,-0.6030252100840336,176.68823529411762
3215,1943,2025-08-04,Nuke,0,1,53.0,1.0,-31.8,0,4,1.303225806451613,1.3333333333333333,0.14644607843137258,-0.16115196078431365,1.2809338454620642,69.07096774193549,1.3333333333333333,-1685.4
3211,1939,2025-08-05,Train,0,-1,0.0,-0.3333333333333333,0.0,0,6,-2.0,-2.0,-0.20833333333333331,0.20833333333333331,0.0,-0.0,0.6666666666666666,0.0
3210,1939,2025-08-05,Inferno,0,1,0.0,-0.3333333333333333,0.0,0,6,1.0551181102362204,1.0,0.11217948717948717,-0.12179487179487175,1.945910149055313,0.0,-0.3333333333333333,0.0
3209,1939,2025-08-05,Overpass,0,-1,0.0,-0.3333333333333333,0.0,0,6,-0.5,-0.5,-0.09374999999999994,0.11458333333333334,0.916290731874155,-0.0,0.16666666666666666,0.0
3208,1937,2025-08-05,Ancient,0,-1,-70.0,-0.2,-63.800000000000004,0,-5,-0.5810810810810811,-0.8333333333333333,-0.08854166666666663,0.02083333333333337,-0.5877866649021193,40.67567567567568,0.16666666666666666,4466.0
3207,1937,2025-08-05,Train,0,-1,-70.0,-0.2,-63.800000000000004,0,-5,0.3333333333333333,0.3333333333333333,0.02083333333333337,-0.1597222222222222,0.5596157879354227,-23.333333333333332,-0.06666666666666667,4466.0
3206,1935,2025-08-05,Dust2,0,-1,-53.0,-1.2,26.5,0,-4,-1.4080000000000001,-1.3333333333333333,-0.09226190476190471,0.2797619047619047,-1.6094379124341003,74.62400000000001,1.5999999999999999,-1404.5
3205,1935,2025-08-05,Nuke,0,-1,-53.0,-1.2,26.5,0,-4,-1.3454545454545455,-1.3846153846153846,-0.3680555555555556,0.14583333333333331,-2.251291798606495,71.30909090909091,1.6615384615384614,-1404.5
3204,1933,2025-08-05,Ancient,0,-1,-187.0,-0.2,-127.30000000000001,0,-6,-0.26250880902043705,-0.22222222222222227,-0.018181818181818243,-0.008333333333333304,-0.2876820724517808,49.08914728682173,0.04444444444444445,23805.100000000002
3203,1933,2025-08-05,Mirage,0,-1,-187.0,-0.2,-127.30000000000001,0,-6,0.07236665773251127,-0.5238095238095237,-0.002777777777777768,-0.07777777777777783,0.3746934494414105,-13.532564995979609,0.10476190476190475,23805.100000000002
3199,1927,2025-08-06,Ancient,0,-1,-244.0,-0.5938144329896908,-285.8814432989691,0,-5,-0.4556354916067146,-0.4444444444444444,-0.140625,0.0954861111111111,-0.8873031950009029,111.17505995203837,0.26391752577319594,69755.07216494846
3202,1932,2025-08-06,Ancient,0,-1,53.0,0.13617021276595742,-36.085106382978736,0,6,-0.8247422680412371,-0.8888888888888888,-0.07500000000000001,0.1875,1.7047480922384253,-43.71134020618557,-0.12104018912529547,-1912.5106382978731
3201,1932,2025-08-06,Dust2,0,-1,53.0,0.13617021276595742,-36.085106382978736,0,6,0.22262262262262272,-0.1333333333333333,0.12430555555555556,-0.07777777777777783,1.1631508098056809,11.798998998999004,-0.01815602836879432,-1912.5106382978731
3200,1927,2025-08-06,Overpass,0,-1,-244.0,-0.5938144329896908,-285.8814432989691,0,-5,-1.0,-1.0,-0.1875,0.14583333333333331,-0.4054651081081645,244.0,0.5938144329896908,69755.07216494846
3186,1921,2025-08-07,Ancient,0,-1,-87.0,-0.6000000000000001,26.1,0,1,0.19617224880382772,-0.06060606060606061,-0.0009803921568627416,0.04901960784313725,1.0986122886681096,-17.066985645933013,0.03636363636363637,-2270.7000000000003
3187,1921,2025-08-07,Inferno,0,1,-87.0,-0.6000000000000001,26.1,0,1,0.16953855140186924,0.2,-0.048701298701298634,-0.024621212121212155,0.2231435513142097,-14.749853971962624,-0.12000000000000002,-2270.7000000000003
3188,1921,2025-08-07,Mirage,0,-1,-87.0,-0.6000000000000001,26.1,0,1,-0.6962962962962963,-0.8,-0.0222222222222222,0.08888888888888885,0.9808292530117262,60.577777777777776,0.4800000000000001,-2270.7000000000003
3189,1922,2025-08-07,Ancient,0,-1,-19.0,0.0,91.10000000000001,0,1,0.5775075987841944,0.42857142857142855,0.04285714285714287,-0.05833333333333335,-0.2876820724517808,-10.972644376899694,0.0,-1730.9
3190,1922,2025-08-07,Dust2,0,1,-19.0,0.0,91.10000000000001,0,1,0.006079027355623101,-0.14285714285714285,-0.009126984126984206,0.003968253968253954,-0.6931471805599454,-0.11550151975683892,-0.0,-1730.9
3193,1923,2025-08-07,Ancient,0,-1,37.0,-1.0,108.69999999999999,0,-6,0.23076923076923073,-0.2,-0.0671296296296296,-0.1400462962962964,0.26236426446749084,8.538461538461537,0.2,4021.8999999999996
3192,1923,2025-08-07,Nuke,0,-1,37.0,-1.0,108.69999999999999,0,-6,-0.32116004296455436,-0.2857142857142857,-0.0641571969696969,-0.002604166666666685,0.3483066942682158,-11.882921589688511,0.2857142857142857,4021.8999999999996
3194,1924,2025-08-07,Nuke,0,1,-452.0,-0.6,-205.39999999999998,0,-6,0.8793103448275862,1.0,0.08630952380952378,-0.1696428571428571,-1.3217558399823195,-397.44827586206895,-0.6,92840.79999999999
3195,1924,2025-08-07,Inferno,0,-1,-452.0,-0.6,-205.39999999999998,0,-6,-1.2727272727272727,-1.5555555555555556,-0.275,0.1388888888888889,-0.9808292530117262,575.2727272727273,0.9333333333333333,92840.79999999999
3196,1924,2025-08-07,Mirage,0,-1,-452.0,-0.6,-205.39999999999998,0,-6,-1.2727272727272727,-1.0769230769230769,-0.35416666666666663,0.05787037037037035,-2.251291798606495,575.2727272727273,0.6461538461538461,92840.79999999999
3197,1926,2025-08-07,Inferno,0,-1,-561.0,-0.6,-27.299999999999983,0,-6,-0.024742268041237137,-0.0888888888888889,0.002083333333333326,0.002083333333333326,-0.27193371548364187,13.880412371134033,0.053333333333333344,15315.29999999999
3198,1926,2025-08-07,Dust2,0,-1,-561.0,-0.6,-27.299999999999983,0,-6,-0.5421592574499269,-0.3333333333333333,-0.03964237516869101,0.14389338731443996,-0.35667494393873245,304.151343429409,0.19999999999999998,15315.29999999999
3191,1922,2025-08-07,Nuke,0,-1,-19.0,0.0,91.10000000000001,0,1,0.3104325699745547,0.2424242424242424,0.05158730158730157,-0.027777777777777735,-0.7621400520468968,-5.898218829516539,0.0,-1730.9
3172,1915,2025-08-08,Nuke,0,-1,0.0,-1.2,-48.099999999999994,0,0,-0.531986531986532,-0.2727272727272727,-0.035353535353535304,-0.0063131313131313815,1.0986122886681098,-0.0,0.3272727272727272,-0.0
3171,1915,2025-08-08,Dust2,0,-1,0.0,-1.2,-48.099999999999994,0,0,-0.07876923076923084,-0.4444444444444444,-0.05952380952380959,-0.06622023809523814,0.5108256237659905,-0.0,0.5333333333333333,-0.0
3170,1914,2025-08-08,Overpass,0,1,0.0,1.2,-14.7,0,-7,0.8,0.8,0.14999999999999997,-0.16666666666666666,-1.0986122886681096,0.0,0.96,-0.0
3169,1914,2025-08-08,Nuke,0,1,0.0,1.2,-14.7,0,-7,0.8059701492537313,0.6666666666666667,0.05357142857142855,-0.2023809523809524,-1.3862943611198904,0.0,0.8,-0.0
3166,1913,2025-08-08,Train,0,1,-72.0,-0.8,34.8,0,-3,-0.02247728359636514,0.16666666666666669,-0.08194444444444438,-0.07500000000000001,0.45198512374305744,1.61836441893829,-0.13333333333333336,-2505.6
3167,1913,2025-08-08,Ancient,0,-1,-72.0,-0.8,34.8,0,-3,-0.38398692810457513,-0.75,-0.033275462962962965,0.03038194444444442,-0.5306282510621703,27.64705882352941,0.6000000000000001,-2505.6
3165,1912,2025-08-08,Overpass,0,1,0.0,0.4,-69.1,0,3,2.0,2.0,0.16666666666666663,-0.16666666666666663,0.0,0.0,0.8,-0.0
3164,1912,2025-08-08,Mirage,0,1,0.0,0.4,-69.1,0,3,0.5330293530920491,0.509090909090909,0.058092948717948734,-0.04046474358974361,0.19415601444095776,0.0,0.20363636363636362,-0.0
3168,1913,2025-08-08,Overpass,0,-1,-72.0,-0.8,34.8,0,-3,-0.3333333333333333,-0.3333333333333333,0.013888888888888895,0.05555555555555558,-0.2876820724517808,24.0,0.26666666666666666,-2505.6
3173,1916,2025-08-08,Mirage,0,-1,-948.0,-0.4989010989010989,-40.30769230769229,0,-3,-1.3286713286713288,-1.5,-0.29166666666666663,0.13725490196078433,-2.197224577336219,1259.5804195804196,0.7483516483516484,38211.69230769229
3175,1917,2025-08-08,Inferno,0,-1,-382.0,0.6000000000000001,-201.9,0,2,0.3056617295747731,0.05714285714285716,0.03333333333333338,-0.06704545454545452,0.737598943130779,-116.76278069756333,0.0342857142857143,77125.8
3176,1917,2025-08-08,Nuke,0,-1,-382.0,0.6000000000000001,-201.9,0,2,-1.4166666666666667,-2.0,-0.10515873015873017,0.22023809523809523,0.6931471805599452,541.1666666666667,-1.2000000000000002,77125.8
3174,1916,2025-08-08,Dust2,0,-1,-948.0,-0.4989010989010989,-40.30769230769229,0,-3,-1.077922077922078,-2.0,-0.16363636363636358,0.0757575757575758,-0.6931471805599454,1021.8701298701299,0.9978021978021978,38211.69230769229
3184,1920,2025-08-08,Dust2,0,1,-296.0,-0.4,-185.00000000000003,0,-3,0.1151818485151819,-0.1333333333333333,0.016898148148148107,-0.11851851851851852,0.7419373447293771,-34.093827160493845,0.05333333333333332,54760.00000000001
3183,1920,2025-08-08,Mirage,0,-1,-296.0,-0.4,-185.00000000000003,0,-3,-0.6516754850088182,-0.8095238095238095,-0.016339869281045805,0.07570806100217858,-0.054067221270275745,192.8959435626102,0.3238095238095238,54760.00000000001
3182,1919,2025-08-08,Ancient,0,1,371.0,0.2,-123.9,0,-1,-0.07250304919365769,0.043478260869565216,0.016666666666666663,0.0357142857142857,1.791759469228055,-26.898631250847004,0.008695652173913044,-45966.9
3185,1920,2025-08-08,Nuke,0,-1,-296.0,-0.4,-185.00000000000003,0,-3,-0.24208144796380093,-0.8333333333333333,-0.002604166666666685,0.0390625,0.6359887667199966,71.65610859728508,0.3333333333333333,54760.00000000001
3180,1919,2025-08-08,Dust2,0,1,371.0,0.2,-123.9,0,-1,1.2784090909090908,1.1555555555555554,0.14384920634920634,-0.13511904761904758,1.3545456628053105,474.2897727272727,0.2311111111111111,-45966.9
3179,1918,2025-08-08,Nuke,0,-1,49.0,0.11358024691358026,10.448148148148153,0,-5,-1.1940298507462686,-1.3333333333333333,-0.27976190476190477,0.13095238095238088,-1.3862943611198904,-58.50746268656716,-0.15144032921810702,511.9592592592595
3178,1918,2025-08-08,Train,0,-1,49.0,0.11358024691358026,10.448148148148153,0,-5,-0.25925925925925924,0.0,0.034722222222222265,-0.09027777777777779,0.2876820724517808,-12.703703703703702,0.0,511.9592592592595
3177,1918,2025-08-08,Mirage,0,1,49.0,0.11358024691358026,10.448148148148153,0,-5,-0.6666666666666666,-0.6666666666666666,-0.06944444444444442,-0.00694444444444442,-0.8472978603872034,-32.666666666666664,-0.07572016460905351,511.9592592592595
3181,1919,2025-08-08,Mirage,0,-1,371.0,0.2,-123.9,0,-1,-0.16994928647246138,-0.2777777777777778,0.06101190476190471,-0.03887648809523808,1.4170660197866445,-63.051185281283175,-0.05555555555555556,-45966.9
3150,1906,2025-08-09,Mirage,0,-1,-371.0,0.0,231.0,0,2,-0.33564814814814814,-0.2631578947368421,-0.03977272727272724,0.1395202020202021,-1.5804503755608483,124.52546296296296,-0.0,-85701.0
3143,1904,2025-08-09,Mirage,0,-1,-491.0,0.2,102.1,0,-3,-0.39064558629776025,-0.09090909090909091,0.002777777777777768,0.06666666666666665,-0.3746934494414105,191.80698287220028,-0.018181818181818184,-50131.1
3144,1904,2025-08-09,Train,0,1,-491.0,0.2,102.1,0,-3,-0.08843537414965986,-0.14285714285714285,0.10277777777777775,0.2236111111111111,-1.1631508098056809,43.421768707483,-0.02857142857142857,-50131.1
3145,1904,2025-08-09,Dust2,0,1,-491.0,0.2,102.1,0,-3,-0.5575043128234618,-0.5833333333333333,-0.13437499999999997,0.0625,-0.8472978603872034,273.73461759631977,-0.11666666666666665,-50131.1
3146,1905,2025-08-09,Mirage,0,-1,-175.0,-0.6,18.899999999999977,0,-1,-0.4112044817927172,-0.7619047619047619,-0.09722222222222215,-0.052083333333333315,-0.6190392084062235,71.96078431372551,0.4571428571428571,-3307.499999999996
3147,1905,2025-08-09,Ancient,0,1,-175.0,-0.6,18.899999999999977,0,-1,-0.18875000000000003,-0.6,-0.020502645502645522,0.004629629629629595,0.22314355131421015,33.03125000000001,0.36,-3307.499999999996
3148,1905,2025-08-09,Dust2,0,-1,-175.0,-0.6,18.899999999999977,0,-1,-0.4909525435302152,-0.8409090909090909,-0.007102272727272707,0.13731060606060608,0.3483066942682158,85.91669511778767,0.5045454545454545,-3307.499999999996
3149,1906,2025-08-09,Ancient,0,-1,-371.0,0.0,231.0,0,2,-0.3558324679820007,-0.043478260869565216,-0.07060185185185186,0.0,-2.224623551524334,132.01384562132225,-0.0,-85701.0
3151,1907,2025-08-09,Overpass,0,1,-224.0,0.0,-116.0,0,-4,1.3333333333333333,1.3333333333333333,0.05555555555555558,-0.15277777777777773,0.6931471805599453,-298.66666666666663,0.0,25984.0
3152,1907,2025-08-09,Ancient,0,-1,-224.0,0.0,-116.0,0,-4,-1.041582830315225,-1.0285714285714285,-0.08854166666666669,0.0390625,-0.2682639865946794,233.31455399061042,-0.0,25984.0
3153,1907,2025-08-09,Inferno,0,1,-224.0,0.0,-116.0,0,-4,0.7455590386624871,1.4166666666666665,0.04305555555555557,-0.15000000000000002,-0.09531017980432477,-167.00522466039712,0.0,25984.0
3162,1911,2025-08-09,Nuke,0,-1,0.0,-0.39999999999999997,79.39999999999999,0,-7,-0.7592592592592593,-0.5,-0.15277777777777773,0.013888888888888895,-1.1786549963416462,-0.0,0.19999999999999998,0.0
3161,1910,2025-08-09,Nuke,0,1,-186.0,-0.4,210.60000000000002,0,-4,0.722943722943723,0.7619047619047619,0.08680555555555552,-0.1015625,0.8873031950009029,-134.46753246753246,-0.3047619047619048,-39171.600000000006
3160,1910,2025-08-09,Inferno,0,1,-186.0,-0.4,210.60000000000002,0,-4,-0.3332173913043479,-0.3055555555555556,-0.10760073260073261,-0.016254578754578752,-0.06899287148695166,61.97843478260871,0.12222222222222223,-39171.600000000006
3159,1910,2025-08-09,Dust2,0,-1,-186.0,-0.4,210.60000000000002,0,-4,-0.46273684210526334,-1.5555555555555556,0.06666666666666665,0.10059523809523802,0.9162907318741551,86.06905263157898,0.6222222222222222,-39171.600000000006
3163,1911,2025-08-09,Ancient,0,-1,0.0,-0.39999999999999997,79.39999999999999,0,-7,-0.02020202020202022,-0.8333333333333333,-0.0527777777777777,-0.14722222222222225,-0.45198512374305744,-0.0,0.33333333333333326,0.0
3157,1909,2025-08-09,Nuke,0,1,0.0,0.2,58.0,0,1,-0.4831932773109243,-0.14285714285714285,-0.07965686274509809,0.0870098039215686,1.2809338454620642,-0.0,-0.02857142857142857,0.0
3156,1909,2025-08-09,Mirage,0,-1,0.0,0.2,58.0,0,1,-0.13333333333333336,-0.25,0.0763888888888889,-0.00694444444444442,1.8458266904983305,-0.0,-0.05,0.0
3155,1908,2025-08-09,Overpass,0,-1,0.0,-0.8,-13.500000000000002,0,-4,-2.0,-2.0,-0.16666666666666663,0.16666666666666663,-0.4054651081081645,-0.0,1.6,-0.0
3154,1908,2025-08-09,Dust2,0,-1,0.0,-0.8,-13.500000000000002,0,-4,-0.3719298245614035,-0.2,-0.1363636363636364,0.06376262626262619,-0.5389965007326871,-0.0,0.16000000000000003,-0.0
3158,1909,2025-08-09,Ancient,0,-1,0.0,0.2,58.0,0,1,-0.19420325302678249,-0.2564102564102564,-0.04807692307692307,0.009615384615384581,1.6863989535702288,-0.0,-0.05128205128205128,0.0
3128,1895,2025-08-10,Overpass,0,1,37.0,-0.39999999999999997,36.19999999999999,0,2,2.0,2.0,0.29166666666666663,-0.04166666666666663,-0.4054651081081645,74.0,-0.7999999999999999,1339.3999999999996
3120,1889,2025-08-10,Train,0,-1,0.0,-0.06382978723404258,-49.491489361702136,0,9,-1.3333333333333333,-1.3333333333333333,-0.1875,0.16666666666666669,0.2876820724517808,-0.0,0.08510638297872343,-0.0
3121,1889,2025-08-10,Overpass,0,1,0.0,-0.06382978723404258,-49.491489361702136,0,9,1.4285714285714286,1.4285714285714286,-0.08928571428571425,-0.3154761904761904,1.3862943611198904,0.0,-0.09118541033434654,-0.0
3122,1889,2025-08-10,Inferno,0,-1,0.0,-0.06382978723404258,-49.491489361702136,0,9,-0.35523114355231145,-0.41025641025641024,-0.02380952380952378,-0.015873015873015817,1.3217558399823195,-0.0,0.026186579378068748,-0.0
3123,1891,2025-08-10,Mirage,0,1,158.0,1.6,-91.1,0,-2,1.3233082706766917,1.7142857142857144,0.11979166666666663,-0.28645833333333337,-2.1400661634962708,209.08270676691728,2.7428571428571433,-14393.8
3124,1892,2025-08-10,Mirage,0,-1,-913.0,-0.39999999999999997,-26.19999999999999,0,-2,-0.03921568627450983,-0.22222222222222227,-0.043981481481481455,0.00694444444444442,-0.998528830111127,35.80392156862747,0.08888888888888889,23920.59999999999
3125,1892,2025-08-10,Dust2,0,-1,-913.0,-0.39999999999999997,-26.19999999999999,0,-2,-0.7933723196881093,-1.2,-0.09375,0.09027777777777785,-0.6190392084062235,724.3489278752438,0.4799999999999999,23920.59999999999
3126,1893,2025-08-10,Dust2,0,-1,-42.0,-0.2,297.2,0,-5,-0.7374508879459376,-0.9642857142857143,-0.12121212121212116,0.05429292929292928,-1.0414538748281612,30.97293729372938,0.19285714285714287,-12482.4
3127,1894,2025-08-10,Nuke,0,-1,0.0,0.4,-70.00000000000001,0,-1,-0.2927927927927928,-0.16666666666666666,-0.02430555555555558,0.055555555555555525,-0.9555114450274365,-0.0,-0.06666666666666667,-0.0
3129,1896,2025-08-10,Mirage,0,1,42.0,0.5,4.199999999999999,0,6,1.2922374429223744,1.2941176470588236,0.2170138888888889,-0.11197916666666663,3.198673117550681,54.273972602739725,0.6470588235294118,176.39999999999998
3133,1899,2025-08-10,Inferno,0,1,0.0,-0.2,128.2,0,-6,-0.6190476190476191,-0.8095238095238095,-0.212962962962963,0.08796296296296297,-0.35667494393873267,-0.0,0.1619047619047619,0.0
3131,1898,2025-08-10,Overpass,0,-1,-310.0,0.0,-165.6,0,0,-1.0,-1.0,-0.15624999999999994,0.3854166666666667,0.916290731874155,310.0,-0.0,51336.0
3141,1903,2025-08-10,Dust2,0,1,0.0,1.0,14.7,0,9,1.1754385964912282,1.2,0.05555555555555558,-0.15624999999999994,1.8718021769015913,0.0,1.2,0.0
3130,1897,2025-08-10,Mirage,0,1,0.0,0.6,156.8,0,3,1.2138728323699421,1.2727272727272727,0.07916666666666666,-0.14791666666666664,2.3513752571634776,0.0,0.7636363636363636,0.0
3139,1902,2025-08-10,Mirage,0,1,371.0,0.39999999999999997,-100.3,0,-2,0.18217605248769822,0.4298245614035088,0.06127450980392157,-0.02696078431372545,0.664976303593249,67.58731547293604,0.1719298245614035,-37211.299999999996
3138,1901,2025-08-10,Ancient,0,-1,-222.0,-0.2,-195.9,0,-3,-0.7477064220183487,-0.8333333333333333,-0.1117788461538462,0.04366987179487186,-0.44183275227903884,165.99082568807341,0.16666666666666666,43489.8
3137,1901,2025-08-10,Dust2,0,-1,-222.0,-0.2,-195.9,0,-3,-0.4580452659922859,-0.5054945054945055,-0.06666666666666665,-0.03593750000000007,0.4353180712578455,101.68604905028747,0.1010989010989011,43489.8
3140,1902,2025-08-10,Ancient,0,1,371.0,0.39999999999999997,-100.3,0,-2,0.09710930442637758,-0.03623188405797101,0.08095595595595595,0.025525525525525505,0.6931471805599454,36.02755194218608,-0.014492753623188403,-37211.299999999996
3135,1900,2025-08-10,Ancient,0,-1,-387.0,-0.8,-183.3,0,-6,0.9235087719298247,0.9333333333333333,0.11645299145299148,0.02457264957264954,0.6931471805599452,-357.39789473684215,-0.7466666666666667,70937.1
3134,1899,2025-08-10,Ancient,0,1,0.0,-0.2,128.2,0,-6,0.4602692140686062,0.35714285714285715,-0.02954545454545454,-0.11212121212121212,-0.6931471805599454,0.0,-0.07142857142857144,0.0
3142,1903,2025-08-10,Overpass,0,1,0.0,1.0,14.7,0,9,1.4285714285714286,1.4285714285714286,0.20238095238095238,-0.1904761904761904,1.3862943611198904,0.0,1.4285714285714286,0.0
3132,1898,2025-08-10,Dust2,0,-1,-310.0,0.0,-165.6,0,0,-0.3080348107670512,-1.0833333333333333,-0.09722222222222227,-0.07242063492063489,0.40546510810816416,95.49079133778586,-0.0,51336.0
3136,1900,2025-08-10,Train,0,-1,-387.0,-0.8,-183.3,0,-6,-0.8969258589511753,-1.7142857142857144,-0.011111111111111072,0.10601851851851846,0.09531017980432477,347.11030741410485,1.3714285714285717,70937.1
3104,1883,2025-08-11,Ancient,0,-1,-42.0,-0.05555555555555554,113.26666666666665,0,-8,-1.3140096618357489,-1.2307692307692308,0.09722222222222227,0.40798611111111105,-2.120263536200091,55.18840579710145,0.06837606837606836,-4757.199999999999
3105,1883,2025-08-11,Mirage,0,1,-42.0,-0.05555555555555554,113.26666666666665,0,-8,0.1582397003745319,0.7647058823529411,0.02522675736961455,0.054138321995464866,-2.5257286443082556,-6.646067415730339,-0.042483660130718935,-4757.199999999999
3106,1883,2025-08-11,Dust2,0,1,-42.0,-0.05555555555555554,113.26666666666665,0,-8,-0.3666666666666666,0.8,-0.008333333333333304,0.13452380952380943,-2.197224577336219,15.399999999999997,-0.04444444444444443,-4757.199999999999
3107,1884,2025-08-11,Ancient,0,1,37.0,-0.6000000000000001,66.5,0,4,1.0943396226415094,1.2,0.02564102564102566,-0.06730769230769224,1.945910149055313,40.490566037735846,-0.7200000000000001,2460.5
3108,1884,2025-08-11,Dust2,0,-1,37.0,-0.6000000000000001,66.5,0,4,-1.1,-1.3333333333333333,-0.11217948717948711,0.2532051282051282,1.5404450409471486,-40.7,0.8,2460.5
3109,1884,2025-08-11,Nuke,0,1,37.0,-0.6000000000000001,66.5,0,4,0.1714285714285714,0.14285714285714285,0.15563725490196073,-0.022058823529411742,1.7917594692280547,6.342857142857142,-0.08571428571428573,2460.5
3110,1885,2025-08-11,Train,0,-1,75.0,0.2,-20.799999999999997,0,-4,0.23942208462332298,-0.1333333333333333,-0.13194444444444442,-0.06944444444444453,0.0,17.956656346749224,-0.02666666666666666,-1559.9999999999998
3112,1885,2025-08-11,Inferno,0,1,75.0,0.2,-20.799999999999997,0,-4,0.005317485142320999,0.1333333333333333,0.047821969696969724,-0.020123106060606077,-0.3483066942682158,0.3988113856740749,0.02666666666666666,-1559.9999999999998
3113,1886,2025-08-11,Ancient,0,1,30.0,0.2,57.6,0,-5,-0.09483157964396799,-0.3418803418803419,0.004084967320261479,0.032986111111111105,-0.32850406697203605,-2.8449473893190396,-0.06837606837606838,1728.0
3114,1886,2025-08-11,Dust2,0,-1,30.0,0.2,57.6,0,-5,-0.41212121212121205,-0.9777777777777779,-0.06944444444444442,0.015079365079365026,-0.8109302162163288,-12.363636363636362,-0.1955555555555556,1728.0
3115,1886,2025-08-11,Overpass,0,1,30.0,0.2,57.6,0,-5,1.2,1.2,0.20833333333333334,-0.12499999999999994,1.0986122886681096,36.0,0.24,1728.0
3116,1887,2025-08-11,Train,0,1,0.0,0.8,65.0,0,4,0.6097627987910982,0.8846153846153846,-0.028273809523809534,-0.10446428571428579,0.9650808960435873,0.0,0.7076923076923077,0.0
3117,1887,2025-08-11,Dust2,0,1,0.0,0.8,65.0,0,4,0.33837535014005604,1.1428571428571428,0.027777777777777735,-0.0034722222222222654,0.9555114450274365,0.0,0.9142857142857143,0.0
3118,1888,2025-08-11,Ancient,0,1,0.0,1.0,163.0,0,2,0.935064935064935,1.1428571428571428,0.08024691358024688,-0.05709876543209874,2.6390573296152584,0.0,1.1428571428571428,0.0
3119,1888,2025-08-11,Mirage,0,1,0.0,1.0,163.0,0,2,0.9375,0.8888888888888888,0.1853070175438597,-0.09429824561403505,1.897119984885881,0.0,0.8888888888888888,0.0
3111,1885,2025-08-11,Nuke,0,1,75.0,0.2,-20.799999999999997,0,-4,0.2955174322080797,0.5641025641025641,0.0649038461538462,-0.005809294871794823,0.19415601444095776,22.163807415605977,0.11282051282051282,-1559.9999999999998
3086,854,2025-08-12,Inferno,1,-1,561.0,-0.3375,-231.83125,0,5,-0.22222222222222227,-0.17647058823529413,-0.0029761904761904656,-0.047619047619047616,1.9924301646902063,-124.66666666666669,0.059558823529411775,-130057.33125
3087,854,2025-08-12,Ancient,1,-1,561.0,-0.3375,-231.83125,0,5,-1.2131147540983607,-1.5,-0.07738095238095238,0.16666666666666669,1.3862943611198904,-680.5573770491803,0.5062500000000001,-130057.33125
3092,1878,2025-08-12,Train,0,1,0.0,0.3333333333333333,22.5,0,5,0.8955223880597015,1.0,0.34523809523809534,-0.07738095238095238,1.3862943611198904,0.0,0.3333333333333333,0.0
3088,1876,2025-08-12,Default,0,1,53.0,1.2,-37.1,0,4,2.0,2.0,0.041666666666666664,-0.041666666666666664,0.4054651081081645,106.0,2.4,-1966.3000000000002
3089,1877,2025-08-12,Ancient,0,1,0.0,-0.5333333333333333,126.3,0,-4,1.1176470588235294,1.0,0.08630952380952378,-0.06994047619047616,-2.2686835413183646,0.0,-0.5333333333333333,0.0
3090,1877,2025-08-12,Dust2,0,-1,0.0,-0.5333333333333333,126.3,0,-4,-1.3005464480874318,-1.1666666666666667,-0.24603174603174605,0.1547619047619047,-1.9924301646902063,-0.0,0.6222222222222222,0.0
3091,1877,2025-08-12,Nuke,0,-1,0.0,-0.5333333333333333,126.3,0,-4,-1.0416666666666667,-1.3333333333333333,0.01157407407407407,0.09953703703703703,-2.251291798606495,-0.0,0.711111111111111,0.0
3093,1878,2025-08-12,Ancient,0,-1,0.0,0.3333333333333333,22.5,0,5,-1.0317460317460319,-0.8571428571428572,-0.12222222222222218,-0.008333333333333304,2.0794415416798357,-0.0,-0.2857142857142857,0.0
3100,1881,2025-08-12,Ancient,0,-1,42.0,0.0,-184.9,0,9,-0.7465437788018432,-0.8571428571428572,-0.065,0.11916666666666664,2.1594842493533726,-31.354838709677413,-0.0,-7765.8
3095,1879,2025-08-12,Overpass,0,1,0.0,1.0,-7.4,0,-7,2.0,2.0,0.08333333333333331,-0.08333333333333331,0.0,0.0,2.0,-0.0
3096,1879,2025-08-12,Train,0,1,0.0,1.0,-7.4,0,-7,1.6721311475409837,1.5,0.22023809523809518,-0.22619047619047622,-1.3862943611198904,0.0,1.5,-0.0
3097,1880,2025-08-12,Inferno,0,-1,-371.0,-1.2,152.1,0,-2,-0.3763502927352189,-0.5833333333333333,-0.07832080200501251,0.08364661654135341,-0.9162907318741551,139.62595860476623,0.6999999999999998,-56429.1
3098,1880,2025-08-12,Mirage,0,-1,-371.0,-1.2,152.1,0,-2,-0.7171978476821192,-0.9684210526315788,-0.13392857142857145,0.07678571428571429,-0.8754687373538999,266.08040149006627,1.1621052631578945,-56429.1
3099,1881,2025-08-12,Dust2,0,1,42.0,0.0,-184.9,0,9,1.2339181286549707,1.2666666666666666,-0.09027777777777773,-0.2546296296296296,2.512305623976115,51.824561403508774,0.0,-7765.8
3101,1881,2025-08-12,Mirage,0,1,42.0,0.0,-184.9,0,9,0.2699115044247787,0.23529411764705882,0.0658333333333333,0.07583333333333331,2.833213344056216,11.336283185840704,0.0,-7765.8
3102,1882,2025-08-12,Overpass,0,-1,0.0,-0.8,76.4,0,4,-2.0,-2.0,-0.16666666666666663,0.16666666666666663,0.0,-0.0,1.6,0.0
3103,1882,2025-08-12,Inferno,0,-1,0.0,-0.8,76.4,0,4,-0.8723404255319148,-0.8888888888888888,-0.0688405797101449,0.09239130434782611,2.4849066497880004,-0.0,0.7111111111111111,0.0
3094,1878,2025-08-12,Mirage,0,1,0.0,0.3333333333333333,22.5,0,5,1.277777777777778,1.4545454545454546,0.24999999999999997,-0.15674603174603174,2.3978952727983707,0.0,0.48484848484848486,0.0
3067,1868,2025-08-13,Dust2,0,1,-42.0,0.6631578947368422,255.13157894736844,0,-11,-0.3811513463324047,0.7741935483870968,-0.1425438596491228,0.0800438596491228,-2.2772672850097555,16.008356545960996,0.5134125636672326,-10715.526315789475
3066,1868,2025-08-13,Ancient,0,1,-42.0,0.6631578947368422,255.13157894736844,0,-11,0.4007077718796788,1.0,0.023533950617283916,-0.06211419753086417,-1.7227665977411035,-16.82972641894651,0.6631578947368422,-10715.526315789475
3065,1867,2025-08-13,Nuke,0,1,0.0,1.0,4.9,0,8,1.2987012987012987,1.4285714285714286,0.11979166666666669,-0.13541666666666663,1.5040773967762742,0.0,1.4285714285714286,0.0
3064,1867,2025-08-13,Overpass,0,1,0.0,1.0,4.9,0,8,1.5,1.5,0.08854166666666669,-0.18749999999999994,1.5040773967762742,0.0,1.5,0.0
3063,1866,2025-08-13,Inferno,0,-1,0.0,-0.4,7.4,0,7,-1.148936170212766,-1.0,-0.10416666666666663,0.1166666666666667,1.7047480922384253,-0.0,0.4,0.0
3058,853,2025-08-13,Inferno,1,1,0.0,0.23711340206185566,1.0082474226804088,0,4,0.26371891038294515,1.2,-0.04044117647058826,0.004901960784313708,1.7917594692280547,0.0,0.2845360824742268,0.0
3061,1865,2025-08-13,Ancient,0,-1,0.0,0.4,10.799999999999999,0,6,0.3658088235294118,0.6,0.030505952380952384,-0.026413690476190466,0.7537718023763804,0.0,0.24,0.0
3059,1865,2025-08-13,Overpass,0,1,0.0,0.4,10.799999999999999,0,6,2.0,2.0,0.12499999999999994,-0.08333333333333331,-0.4054651081081645,0.0,0.8,0.0
3068,1869,2025-08-13,Mirage,0,1,0.0,0.6,-145.70000000000002,0,3,0.41770862276558296,0.2,0.01785714285714285,-0.13492063492063489,1.0116009116784803,0.0,0.12,-0.0
3057,853,2025-08-13,Nuke,1,-1,0.0,0.23711340206185566,1.0082474226804088,0,4,0.4842767295597485,0.6363636363636364,0.09143518518518517,-0.12268518518518517,1.33500106673234,0.0,0.15089034676663543,0.0
3056,853,2025-08-13,Mirage,1,1,0.0,0.23711340206185566,1.0082474226804088,0,4,0.0815508021390374,-0.3333333333333333,-0.05416666666666664,-0.08906249999999993,1.0414538748281612,0.0,-0.07903780068728522,0.0
3062,1866,2025-08-13,Ancient,0,-1,0.0,-0.4,7.4,0,7,-1.2592592592592593,-1.0,-0.01388888888888884,0.14583333333333337,1.466337068793427,-0.0,0.4,0.0
3069,1869,2025-08-13,Dust2,0,1,0.0,0.6,-145.70000000000002,0,3,0.6378947368421053,0.3333333333333333,-0.015782828282828343,-0.20244107744107742,0.8329091229351038,0.0,0.19999999999999998,-0.0
3060,1865,2025-08-13,Dust2,0,-1,0.0,0.4,10.799999999999999,0,6,-0.186833203226646,-0.14285714285714285,0.098015873015873,0.06904761904761908,0.6931471805599454,-0.0,-0.05714285714285714,0.0
3071,1870,2025-08-13,Train,0,1,-371.0,-0.6000000000000001,185.5,0,1,0.3051146384479718,0.26190476190476186,0.05026455026455029,0.02083333333333337,0.1466034741918758,-113.19753086419755,-0.15714285714285714,-68820.5
3070,1870,2025-08-13,Ancient,0,-1,-371.0,-0.6000000000000001,185.5,0,1,-0.19365892431334447,-0.13043478260869565,-0.08881578947368418,-0.015350877192982504,-0.6678293725756554,71.8474609202508,0.0782608695652174,-68820.5
3085,1875,2025-08-13,Dust2,0,1,0.0,0.7142857142857143,2.2571428571428562,0,2,1.5217391304347827,1.4,0.1470959595959596,-0.18560606060606066,1.749199854809259,0.0,1.0,0.0
3084,1875,2025-08-13,Nuke,0,1,0.0,0.7142857142857143,2.2571428571428562,0,2,1.4842767295597485,1.6363636363636362,0.24768518518518517,-0.1018518518518518,1.8458266904983305,0.0,1.1688311688311688,0.0
3082,1874,2025-08-13,Train,0,1,0.0,0.41666666666666663,15.6,0,4,1.2,1.2,0.16666666666666663,-0.08333333333333331,1.0986122886681096,0.0,0.49999999999999994,0.0
3081,1874,2025-08-13,Nuke,0,1,0.0,0.41666666666666663,15.6,0,4,0.6245874587458746,1.0,0.25631313131313127,-0.020202020202020166,1.0986122886681098,0.0,0.41666666666666663,0.0
3080,1873,2025-08-13,Train,0,1,-42.0,0.6000000000000001,23.4,0,-4,0.42589571232787327,0.6095238095238096,0.11789772727272729,-0.08001893939393934,-0.9382696385929301,-17.887619917770678,0.3657142857142858,-982.8
3079,1873,2025-08-13,Mirage,0,1,-42.0,0.6000000000000001,23.4,0,-4,0.07831670679967903,0.32352941176470584,-0.03215983363042185,-0.06287136066547833,-0.8157495026522779,-3.289301685586519,0.19411764705882353,-982.8
3083,1875,2025-08-13,Mirage,0,-1,0.0,0.7142857142857143,2.2571428571428562,0,2,0.30882352941176466,0.0,0.02083333333333337,0.002604166666666685,1.7346010553881064,0.0,0.0,0.0
3077,1872,2025-08-13,Mirage,0,1,-37.0,0.8,-8.4,0,2,0.44407569831298643,0.95,0.05252100840336127,-0.021825396825396803,0.20067069546215155,-16.4308008375805,0.76,310.8
3076,1872,2025-08-13,Nuke,0,-1,-37.0,0.8,-8.4,0,2,-0.2526406926406926,-0.10714285714285715,-0.07517056530214428,-0.017909356725146153,0.05129329438755059,9.347705627705627,-0.08571428571428573,310.8
3075,1871,2025-08-13,Ancient,0,-1,42.0,-0.4,-106.19318181818181,0,11,0.5294975067126965,0.0,0.12081128747795411,-0.0881834215167549,1.252762968495368,22.238895281933253,-0.0,-4460.113636363636
3074,1871,2025-08-13,Overpass,0,-1,42.0,-0.4,-106.19318181818181,0,11,-2.0,-2.0,-0.2708333333333333,0.20833333333333331,0.4054651081081645,-84.0,0.8,-4460.113636363636
3073,1871,2025-08-13,Dust2,0,1,42.0,-0.4,-106.19318181818181,0,11,0.626249385548091,0.22580645161290322,0.048793859649122806,-0.13212719298245618,2.054123733695546,26.30247419301982,-0.0903225806451613,-4460.113636363636
3072,1870,2025-08-13,Mirage,0,-1,-371.0,-0.6000000000000001,185.5,0,1,-0.30606060606060603,-0.6307692307692307,-0.06481481481481483,0.04282407407407407,-0.6664789334777841,113.54848484848483,0.3784615384615385,-68820.5
3078,1872,2025-08-13,Ancient,0,1,-37.0,0.8,-8.4,0,2,-0.07258064516129033,0.06666666666666667,0.0029761904761904656,-0.006465517241379337,0.6931471805599454,2.685483870967742,0.05333333333333334,310.8
3041,1856,2025-08-14,Overpass,0,1,0.0,0.6,-8.4,0,-7,1.0,1.0,0.08333333333333331,-0.08333333333333331,0.0,0.0,0.6,-0.0
3040,1855,2025-08-14,Ancient,0,1,371.0,0.6,-235.2,0,7,0.37681159420289856,0.3666666666666667,0.08760683760683757,-0.0023504273504273976,1.8971199848858813,139.79710144927537,0.22,-87259.2
3039,1855,2025-08-14,Inferno,0,-1,371.0,0.6,-235.2,0,7,-0.061702127659574474,0.04999999999999999,-0.06458333333333327,-0.041666666666666685,1.252762968495368,-22.89148936170213,0.029999999999999992,-87259.2
3036,852,2025-08-14,Nuke,1,1,208.0,0.4,-260.3,0,3,-0.10144927536231879,-0.14285714285714285,-0.03888888888888892,0.06552287581699345,-0.11778303565638337,-21.10144927536231,-0.05714285714285714,-54142.4
3037,852,2025-08-14,Mirage,1,1,208.0,0.4,-260.3,0,3,0.4502857142857143,0.25396825396825395,0.1149749373433584,0.03853383458646614,0.2876820724517808,93.65942857142858,0.10158730158730159,-54142.4
3035,850,2025-08-14,Mirage,1,1,-86.0,0.2,49.0,0,1,0.986330857819395,1.2,0.08662280701754388,-0.11366959064327492,1.0498221244986776,-84.82445377246798,0.24,-4214.0
3034,850,2025-08-14,Dust2,1,1,-86.0,0.2,49.0,0,1,0.29376564030029384,0.35714285714285715,-0.019696969696969713,0.015909090909090873,0.08701137698962969,-25.26384506582527,0.07142857142857144,-4214.0
3042,1856,2025-08-14,Mirage,0,-1,0.0,0.6,-8.4,0,-7,-1.35,-1.5384615384615383,-0.25724637681159424,0.17934782608695649,-2.4849066497880004,-0.0,-0.9230769230769229,-0.0
3038,1855,2025-08-14,Mirage,0,1,371.0,0.6,-235.2,0,7,0.6925465838509317,0.9285714285714286,0.013795045045045085,-0.15653153153153154,2.028148247292285,256.9347826086957,0.5571428571428572,-87259.2
3043,1856,2025-08-14,Train,0,1,0.0,0.6,-8.4,0,-7,1.0804597701149425,1.0,0.046296296296296224,-0.1435185185185185,-1.2039728043259361,0.0,0.6,-0.0
3048,1860,2025-08-14,Nuke,0,-1,0.0,0.9333333333333332,-145.81666666666666,0,10,-1.0853658536585367,-1.0,-0.11249999999999993,0.16041666666666665,2.3513752571634776,-0.0,-0.9333333333333332,-0.0
3045,1857,2025-08-14,Overpass,0,1,2.0,0.6166666666666667,-32.37499999999999,0,6,2.0,2.0,0.3333333333333333,-0.062499999999999944,0.4054651081081645,4.0,1.2333333333333334,-64.74999999999999
3046,1859,2025-08-14,Nuke,0,-1,0.0,-0.548936170212766,182.17021276595747,0,-9,-1.3793103448275863,-1.5,-0.33333333333333337,0.16666666666666663,-1.2039728043259361,-0.0,0.823404255319149,0.0
3047,1859,2025-08-14,Mirage,0,-1,0.0,-0.548936170212766,182.17021276595747,0,-9,-0.9735449735449735,-0.7142857142857143,-0.2579365079365079,0.18055555555555564,-0.6931471805599452,-0.0,0.39209726443769,0.0
3049,1860,2025-08-14,Dust2,0,1,0.0,0.9333333333333332,-145.81666666666666,0,10,1.3900000000000001,1.3846153846153846,0.29166666666666663,-0.1594202898550724,2.4849066497880004,0.0,1.2923076923076922,-0.0
3050,1860,2025-08-14,Mirage,0,1,0.0,0.9333333333333332,-145.81666666666666,0,10,1.16751269035533,1.3333333333333333,0.1376811594202899,-0.12137681159420283,2.079441541679836,0.0,1.2444444444444442,-0.0
3051,1861,2025-08-14,Ancient,0,1,0.0,0.42926829268292677,-129.5829268292683,0,9,-0.20173945925505762,0.125,-0.01388888888888895,0.08750000000000008,1.6422277352570913,-0.0,0.053658536585365846,-0.0
3052,1861,2025-08-14,Mirage,0,1,0.0,0.42926829268292677,-129.5829268292683,0,9,0.5841793570219966,1.3333333333333333,0.09601449275362323,-0.05193236714975846,1.7917594692280552,0.0,0.5723577235772357,-0.0
3053,1862,2025-08-14,Inferno,0,-1,0.0,-0.5333333333333333,76.4,0,5,-0.9292929292929293,-1.0,-0.07465277777777773,0.09722222222222227,2.525728644308255,-0.0,0.5333333333333333,0.0
3054,1862,2025-08-14,Mirage,0,1,0.0,-0.5333333333333333,76.4,0,5,0.9558823529411764,0.75,0.0078125,-0.13020833333333331,2.1400661634962708,0.0,-0.4,0.0
3055,1862,2025-08-14,Overpass,0,-1,0.0,-0.5333333333333333,76.4,0,5,-2.0,-2.0,-0.29166666666666663,0.41666666666666663,0.4054651081081645,-0.0,1.0666666666666667,0.0
3044,1857,2025-08-14,Dust2,0,1,2.0,0.6166666666666667,-32.37499999999999,0,6,1.0,1.0,-0.020833333333333315,-0.08035714285714285,2.0149030205422647,2.0,0.6166666666666667,-64.74999999999999
3021,849,2025-08-15,Train,1,1,930.0,0.6,-176.9,0,0,0.6871794871794872,0.4,-0.04166666666666663,-0.2416666666666667,0.5108256237659909,639.0769230769231,0.24,-164517.0
3022,849,2025-08-15,Nuke,1,1,930.0,0.6,-176.9,0,0,1.3273839877613463,1.3333333333333333,0.1578525641025641,-0.10136217948717957,0.44183275227903884,1234.467108618052,0.7999999999999999,-164517.0
3023,1849,2025-08-15,Default,0,-1,0.0,0.0,1.4999999999999982,0,5,-2.0,-2.0,-0.041666666666666664,0.041666666666666664,0.0,-0.0,-0.0,0.0
3024,1850,2025-08-15,Nuke,0,-1,0.0,-0.4272727272727273,75.6,0,-7,-0.03361344537815131,-0.8571428571428572,0.19345238095238093,0.14583333333333331,-1.6094379124341003,-0.0,0.3662337662337663,0.0
3025,1850,2025-08-15,Train,0,-1,0.0,-0.4272727272727273,75.6,0,-7,-1.0309278350515465,-1.1111111111111112,-0.125,0.11249999999999993,-1.7047480922384253,-0.0,0.4747474747474748,0.0
3026,1851,2025-08-15,Overpass,0,-1,37.0,-0.2,-185.9,0,-1,-0.6666666666666667,-0.6666666666666667,0.01388888888888895,0.1388888888888889,0.0,-24.666666666666668,0.13333333333333336,-6878.3
3028,1852,2025-08-15,Inferno,0,1,0.0,-0.1333333333333333,0.0,0,9,1.0476190476190477,1.0,0.022222222222222254,-0.11111111111111105,2.0794415416798357,0.0,-0.1333333333333333,0.0
3029,1852,2025-08-15,Train,0,-1,0.0,-0.1333333333333333,0.0,0,9,-1.5,-1.5,-0.09374999999999994,0.4375,0.916290731874155,-0.0,0.19999999999999996,0.0
3030,1852,2025-08-15,Mirage,0,-1,0.0,-0.1333333333333333,0.0,0,9,-0.5,-0.5,-0.062499999999999944,-0.015625,1.5040773967762742,-0.0,0.06666666666666665,0.0
3031,1853,2025-08-15,Default,0,-1,-13.0,-0.6,-179.3,0,10,-2.0,-2.0,-0.041666666666666664,0.041666666666666664,0.6931471805599453,26.0,1.2,2330.9
3032,1854,2025-08-15,Overpass,0,-1,0.0,-0.19999999999999998,102.54117647058823,0,-4,-0.3333333333333333,-0.3333333333333333,0.0,0.0,-0.2876820724517808,-0.0,0.06666666666666665,0.0
3027,1851,2025-08-15,Train,0,-1,37.0,-0.2,-185.9,0,-1,-0.552762568442011,-1.0714285714285714,-0.011363636363636354,0.03825757575757577,-0.737598943130779,-20.452215032354406,0.2142857142857143,-6878.3
3033,1854,2025-08-15,Dust2,0,-1,0.0,-0.19999999999999998,102.54117647058823,0,-4,-0.9622641509433962,-1.2,-0.0352564102564103,0.11217948717948711,-1.0296194171811581,-0.0,0.23999999999999996,0.0
3012,1842,2025-08-16,Ancient,0,1,-371.0,0.0,111.3,0,4,-0.1174957118353345,0.16666666666666669,-0.0342069892473118,0.013709677419354804,-0.2478361639045814,43.5909090909091,0.0,-41292.299999999996
3013,1842,2025-08-16,Dust2,0,-1,-371.0,0.0,111.3,0,4,-0.2784431683529303,-0.2692307692307692,-0.02368951612903225,0.025985663082437327,-0.24686007793152598,103.30241545893715,-0.0,-41292.299999999996
3014,1842,2025-08-16,Mirage,0,-1,-371.0,0.0,111.3,0,4,-0.10575635876840692,-0.22377622377622375,-0.0460526315789474,0.0053910818713450714,-0.44468582126144574,39.235609103078964,-0.0,-41292.299999999996
3018,1846,2025-08-16,Dust2,0,1,0.0,0.9333333333333333,-76.4,0,-5,0.7058823529411764,0.5,0.07812499999999994,-0.033854166666666685,-2.1400661634962708,0.0,0.4666666666666667,-0.0
3016,1846,2025-08-16,Mirage,0,-1,0.0,0.9333333333333333,-76.4,0,-5,-1.0273972602739727,-0.8888888888888888,-0.3897058823529412,0.15196078431372545,-2.197224577336219,-0.0,-0.8296296296296296,-0.0
3015,1844,2025-08-16,Default,0,1,53.0,1.6,-53.0,0,8,2.0,2.0,0.041666666666666664,-0.041666666666666664,0.6931471805599453,106.0,3.2,-2809.0
3020,1848,2025-08-16,Nuke,0,1,53.0,0.7428571428571429,-15.142857142857142,0,8,1.3828571428571428,1.4285714285714286,0.20394736842105265,-0.15131578947368418,2.3025850929940455,73.29142857142857,1.0612244897959184,-802.5714285714286
3019,1848,2025-08-16,Inferno,0,1,53.0,0.7428571428571429,-15.142857142857142,0,8,0.6666666666666667,0.6666666666666666,0.050925925925925875,-0.041666666666666685,0.9162907318741553,35.333333333333336,0.49523809523809526,-802.5714285714286
3017,1846,2025-08-16,Nuke,0,1,0.0,0.9333333333333333,-76.4,0,-5,2.0,2.0,0.18229166666666663,-0.38020833333333326,-1.5040773967762742,0.0,1.8666666666666667,-0.0
3011,1835,2025-08-17,Overpass,0,1,0.0,0.0,42.3,0,-7,0.5,0.5,0.02083333333333326,0.052083333333333315,-0.916290731874155,0.0,0.0,0.0
3010,1835,2025-08-17,Mirage,0,1,0.0,0.0,42.3,0,-7,-0.025581395348837216,0.03076923076923077,0.08552631578947367,0.02456140350877195,-1.203972804325936,-0.0,0.0,0.0
3009,1835,2025-08-17,Inferno,0,-1,0.0,0.0,42.3,0,-7,-0.4637681159420291,-0.45454545454545453,0.011111111111111072,0.10277777777777775,-0.8266785731844679,-0.0,-0.0,0.0
3008,1834,2025-08-17,Default,0,1,-53.0,-0.8769230769230769,8.153846153846153,0,-9,0.5,0.5,0.010416666666666664,-0.010416666666666666,-0.916290731874155,-26.5,-0.43846153846153846,-432.15384615384613
3007,1832,2025-08-17,Mirage,0,1,0.0,0.2,-21.2,0,5,0.6894977168949772,0.4444444444444444,-0.009803921568627416,-0.16830065359477125,1.504077396776274,0.0,0.08888888888888889,-0.0
3006,1832,2025-08-17,Dust2,0,-1,0.0,0.2,-21.2,0,5,0.16670322439131408,-0.2272727272727273,0.13079710144927542,-0.012681159420289911,1.3862943611198908,0.0,-0.04545454545454546,-0.0
3005,1832,2025-08-17,Inferno,0,1,0.0,0.2,-21.2,0,5,1.1446540880503144,1.2727272727272727,0.027777777777777735,-0.12037037037037035,1.8458266904983305,0.0,0.2545454545454546,-0.0
3004,844,2025-08-17,Ancient,1,1,69.0,0.6000000000000001,123.69999999999999,0,1,0.3782696177062375,0.45714285714285713,0.003720238095238082,-0.07663690476190471,-0.5108256237659905,26.10060362173039,0.2742857142857143,8535.3
3003,844,2025-08-17,Mirage,1,1,69.0,0.6000000000000001,123.69999999999999,0,1,-0.08645439827307061,0.06666666666666665,0.07227564102564105,0.0806089743589744,-0.4054651081081646,-5.9653534808418724,0.039999999999999994,8535.3
3002,844,2025-08-17,Nuke,1,1,69.0,0.6000000000000001,123.69999999999999,0,1,0.39274546591619763,-0.2,0.05601851851851852,0.0,0.09531017980432477,27.099437148217635,-0.12000000000000002,8535.3
2997,1829,2025-08-18,Inferno,0,1,53.0,1.0,-37.1,0,7,0.9948287007110537,1.4285714285714286,0.11041666666666672,-0.17708333333333331,0.7884573603642704,52.725921137685845,1.4285714285714286,-1966.3000000000002
2996,1828,2025-08-18,Default,0,-1,42.0,-0.6,-122.6,0,9,-2.0,-2.0,-0.041666666666666664,0.041666666666666664,0.916290731874155,-84.0,1.2,-5149.2
2999,1830,2025-08-18,Mirage,0,-1,0.0,0.9454545454545455,-69.36363636363637,0,9,0.5925925925925926,0.3333333333333333,0.06944444444444453,-0.1203703703703704,0.9162907318741553,0.0,0.3151515151515152,-0.0
3000,1830,2025-08-18,Dust2,0,1,0.0,0.9454545454545455,-69.36363636363637,0,9,1.2419354838709677,1.2727272727272727,0.2900641025641026,-0.17307692307692302,1.5404450409471486,0.0,1.203305785123967,-0.0
3001,1830,2025-08-18,Inferno,0,1,0.0,0.9454545454545455,-69.36363636363637,0,9,0.6566673515512637,1.0666666666666667,-0.005208333333333315,-0.16145833333333337,1.2237754316221159,0.0,1.0084848484848485,-0.0
2998,1829,2025-08-18,Train,0,1,53.0,1.0,-37.1,0,7,0.6666666666666666,0.6666666666666666,0.08333333333333331,-0.00347222222222221,0.33647223662121295,35.33333333333333,0.6666666666666666,-1966.3000000000002
2995,1827,2025-08-19,Inferno,0,-1,0.0,-1.2,0.0,0,3,-0.9951219512195122,-1.2,-0.08499999999999991,0.16416666666666668,2.1594842493533726,-0.0,1.44,0.0
2994,1827,2025-08-19,Mirage,0,-1,0.0,-1.2,0.0,0,3,-0.03846153846153847,-0.2,-0.06481481481481483,0.06481481481481483,1.8458266904983305,-0.0,0.24,0.0
2977,841,2025-08-20,Inferno,1,-1,-195.0,-0.2,-138.7,0,-3,-0.11737598265112506,-0.33766233766233766,0.051282051282051266,0.02037545787545786,-0.06899287148695166,22.888316616969387,0.06753246753246754,27046.499999999996
2976,840,2025-08-20,Dust2,1,1,930.0,0.8,-422.09999999999997,0,2,1.0898550724637683,1.3333333333333333,0.15776353276353267,-0.129985754985755,0.3364722366212125,1013.5652173913046,1.0666666666666667,-392552.99999999994
2975,840,2025-08-20,Mirage,1,1,930.0,0.8,-422.09999999999997,0,2,0.7877551020408164,0.6984126984126984,0.06778309409888356,-0.09908293460925038,0.5108256237659905,732.6122448979593,0.5587301587301587,-392552.99999999994
2974,839,2025-08-20,Mirage,1,-1,293.0,0.4,14.099999999999994,0,2,-0.2857142857142858,-0.28571428571428575,0.05654761904761907,0.08630952380952384,0.0,-83.71428571428574,-0.11428571428571431,4131.299999999998
2971,838,2025-08-20,Overpass,1,-1,-158.0,-0.6000000000000001,22.0,0,-2,-2.0,-2.0,-0.18749999999999994,0.35416666666666663,0.0,316.0,1.2000000000000002,-3476.0
2972,839,2025-08-20,Ancient,1,1,293.0,0.4,14.099999999999994,0,2,0.3935802469135803,0.6666666666666666,0.025462962962962965,-0.0532407407407407,-0.6418538861723944,115.31901234567903,0.26666666666666666,4131.299999999998
2970,838,2025-08-20,Mirage,1,-1,-158.0,-0.6000000000000001,22.0,0,-2,-0.21846419327006053,0.16666666666666669,-0.00378787878787884,0.08603896103896103,0.4054651081081646,34.51734253666957,-0.10000000000000002,-3476.0
2969,838,2025-08-20,Inferno,1,1,-158.0,-0.6000000000000001,22.0,0,-2,0.24648137196924894,-0.3333333333333333,0.049242424242424254,-0.030303030303030276,0.0,-38.944056771141334,0.2,-3476.0
2978,841,2025-08-20,Overpass,1,1,-195.0,-0.2,-138.7,0,-3,0.0,0.0,0.01388888888888884,0.013888888888888895,0.0,-0.0,-0.0,27046.499999999996
2973,839,2025-08-20,Nuke,1,-1,293.0,0.4,14.099999999999994,0,2,-0.24697077690662864,-0.7,-0.05573593073593075,-0.012445887445887427,0.4054651081081646,-72.36243763364219,-0.27999999999999997,4131.299999999998
2980,842,2025-08-20,Ancient,1,1,319.0,0.0,-3.0999999999999943,0,2,0.2248622167789345,0.2,0.006009615384615419,-0.009615384615384581,-0.44183275227903884,71.7310471524801,0.0,-988.8999999999982
2979,841,2025-08-20,Train,1,1,-195.0,-0.2,-138.7,0,-3,0.3333333333333333,0.3333333333333333,0.027777777777777735,0.027777777777777846,-0.5596157879354227,-65.0,-0.06666666666666667,27046.499999999996
2993,1821,2025-08-20,Default,0,-1,0.0,-0.6,0.0,0,-5,-2.0,-2.0,-0.041666666666666664,0.041666666666666664,0.0,-0.0,1.2,0.0
2981,842,2025-08-20,Inferno,1,-1,319.0,0.0,-3.0999999999999943,0,2,0.4300144300144302,0.5396825396825397,0.0666666666666666,-0.055555555555555636,0.0,137.17460317460322,0.0,-988.8999999999982
2992,1820,2025-08-20,Dust2,0,-1,-43.0,0.12087912087912087,41.43846153846154,0,12,0.25,0.09090909090909091,0.023333333333333373,-0.0633333333333333,1.6486586255873819,-10.75,0.010989010989010988,-1781.8538461538462
2991,1820,2025-08-20,Mirage,0,-1,-43.0,0.12087912087912087,41.43846153846154,0,12,0.37025266168758936,-0.19047619047619047,0.1038095238095238,-0.03428571428571425,1.1786549963416464,-15.920864452566342,-0.02302459445316588,-1781.8538461538462
2989,1819,2025-08-20,Mirage,0,-1,0.0,-0.39240506329113917,-68.98987341772151,0,12,-0.7142857142857143,-0.5714285714285714,-0.08680555555555552,0.20312500000000003,2.120263536200091,-0.0,0.2242314647377938,-0.0
2988,1819,2025-08-20,Overpass,0,1,0.0,-0.39240506329113917,-68.98987341772151,0,12,1.3333333333333333,1.3333333333333333,0.1111111111111111,-0.08333333333333331,0.6931471805599453,0.0,-0.5232067510548521,-0.0
2990,1819,2025-08-20,Train,0,-1,0.0,-0.39240506329113917,-68.98987341772151,0,12,-0.6138076575218572,-1.0,-0.03882575757575757,-0.018939393939393923,0.8754687373539001,-0.0,0.39240506329113917,-0.0
2986,1818,2025-08-20,Ancient,0,1,37.0,0.7744680851063832,-43.170212765957444,0,5,0.13818860877684408,0.47619047619047616,-0.016666666666666607,0.05277777777777776,0.8266785731844679,5.112978524743231,0.36879432624113484,-1597.2978723404253
2985,1817,2025-08-20,Default,0,-1,0.0,0.0,-189.5,0,7,-2.0,-2.0,-0.041666666666666664,0.041666666666666664,0.4054651081081645,-0.0,-0.0,-0.0
2984,843,2025-08-20,Inferno,1,-1,-221.0,-0.8,-35.19999999999999,0,-4,-0.215686274509804,0.3333333333333333,-0.09027777777777785,-0.020833333333333315,0.0,47.66666666666668,-0.26666666666666666,7779.199999999997
2983,843,2025-08-20,Overpass,1,-1,-221.0,-0.8,-35.19999999999999,0,-4,-1.0,-1.0,-0.12499999999999994,0.10416666666666663,0.4054651081081645,221.0,0.8,7779.199999999997
2982,842,2025-08-20,Nuke,1,-1,319.0,0.0,-3.0999999999999943,0,2,-0.14372581536760637,-0.3333333333333333,0.03273809523809529,-0.02579365079365087,-0.485507815781701,-45.84853510226643,-0.0,-988.8999999999982
2987,1818,2025-08-20,Nuke,0,1,37.0,0.7744680851063832,-43.170212765957444,0,5,0.7564814814814815,1.3333333333333333,-0.028508771929824483,-0.13669590643274854,1.6094379124341003,27.989814814814817,1.0326241134751775,-1597.2978723404253
2957,836,2025-08-21,Inferno,1,-1,452.0,1.0,-170.39999999999998,0,2,-0.4609060004743458,-0.380952380952381,-0.07916666666666672,0.0864583333333333,0.4353180712578455,-208.3295122144043,-0.380952380952381,-77020.79999999999
2952,834,2025-08-21,Inferno,1,-1,-951.0,-1.2,229.79999999999998,0,-4,-0.4417408754546596,-0.42857142857142855,0.011904761904761862,0.13988095238095233,0.0,420.0955725573813,0.5142857142857142,-218539.8
2953,834,2025-08-21,Nuke,1,-1,-951.0,-1.2,229.79999999999998,0,-4,-0.8761061946902656,-1.0,-0.09375,0.059523809523809534,-1.0986122886681098,833.1769911504426,1.2,-218539.8
2954,835,2025-08-21,Ancient,1,1,185.0,0.4,-36.60000000000002,0,5,0.4573023255813955,0.3611111111111111,0.07182539682539685,0.02658730158730155,0.06453852113757108,84.60093023255817,0.14444444444444446,-6771.000000000005
2955,835,2025-08-21,Inferno,1,-1,185.0,0.4,-36.60000000000002,0,5,-0.295020120724346,-0.7142857142857143,-0.0004006410256410242,-0.0366586538461538,-0.19415601444095776,-54.57872233400401,-0.28571428571428575,-6771.000000000005
2956,835,2025-08-21,Nuke,1,1,185.0,0.4,-36.60000000000002,0,5,0.390215716486903,0.4444444444444444,0.05897435897435899,-0.1076923076923077,-0.24116205681688774,72.18990755007705,0.17777777777777778,-6771.000000000005
2958,836,2025-08-21,Mirage,1,1,452.0,1.0,-170.39999999999998,0,2,0.6405333082953854,0.5054945054945055,0.15863095238095243,-0.05684523809523806,0.33647223662121295,289.5210553495142,0.5054945054945055,-77020.79999999999
2963,1814,2025-08-21,Ancient,0,-1,0.0,-0.6000000000000001,-16.89999999999999,0,5,-0.4984808389689307,-0.676923076923077,-0.09722222222222227,-0.030555555555555614,1.0986122886681098,-0.0,0.40615384615384625,-0.0
2960,837,2025-08-21,Ancient,1,-1,-250.0,-0.4,107.5,0,1,-0.4472458207728145,-0.5,-0.07954545454545453,0.0318181818181818,-0.08701137698962969,111.81145519320363,0.2,-26875.0
2961,837,2025-08-21,Train,1,-1,-250.0,-0.4,107.5,0,1,-1.2222222222222223,-2.0,-0.1388888888888889,0.15740740740740738,-1.6094379124341005,305.5555555555556,0.8,-26875.0
2962,1814,2025-08-21,Inferno,0,-1,0.0,-0.6000000000000001,-16.89999999999999,0,5,0.7678499394917305,0.6666666666666666,0.18117559523809523,-0.12090773809523808,0.7537718023763804,0.0,-0.4,-0.0
2964,1815,2025-08-21,Inferno,0,-1,0.0,-0.7617021276595746,68.65957446808511,0,-8,-0.5783433133732535,-1.125,-0.15441176470588236,0.013888888888888895,-1.504077396776274,-0.0,0.8569148936170214,0.0
2966,1816,2025-08-21,Train,0,1,-37.0,-0.8,18.1,0,-7,0.1316595223515003,0.39999999999999997,0.04214015151515149,0.05492424242424243,-0.2876820724517808,-4.871402327005511,-0.32,-669.7
2967,1816,2025-08-21,Nuke,0,-1,-37.0,-0.8,18.1,0,-7,-0.8660341555977231,-1.4,-0.08749999999999997,0.02083333333333337,-1.4350845252893227,32.04326375711575,1.1199999999999999,-669.7
2968,1816,2025-08-21,Overpass,0,-1,-37.0,-0.8,18.1,0,-7,-1.5,-1.5,-0.13541666666666669,0.062499999999999944,-0.916290731874155,55.5,1.2000000000000002,-669.7
2959,836,2025-08-21,Overpass,1,1,452.0,1.0,-170.39999999999998,0,2,0.0,0.0,-0.0625,0.05208333333333337,-0.5108256237659905,0.0,0.0,-77020.79999999999
2965,1815,2025-08-21,Nuke,0,-1,0.0,-0.7617021276595746,68.65957446808511,0,-8,-1.443298969072165,-1.5555555555555556,-0.2958333333333333,0.1833333333333333,-1.7047480922384253,-0.0,1.1848699763593382,0.0
2944,833,2025-08-22,Dust2,1,-1,-310.0,-0.6000000000000001,119.69999999999999,0,0,-0.3139458030403173,-0.75,-0.11032196969696967,-0.05894886363636359,0.3483066942682158,97.32319894249835,0.45000000000000007,-37107.0
2943,833,2025-08-22,Mirage,1,-1,-310.0,-0.6000000000000001,119.69999999999999,0,0,0.4728682170542638,0.5,0.05659722222222219,-0.01076388888888885,0.5753641449035616,-146.58914728682177,-0.30000000000000004,-37107.0
2945,1811,2025-08-22,Mirage,0,-1,6.0,-0.7752577319587629,23.853608247422677,0,-8,-0.13071895424836588,0.5555555555555556,-0.09085648148148145,0.03182870370370372,-0.7472144018302207,-0.7843137254901953,-0.4306987399770905,143.12164948453608
2946,1811,2025-08-22,Nuke,0,-1,6.0,-0.7752577319587629,23.853608247422677,0,-8,-1.2842105263157895,-1.3333333333333333,0.15340909090909083,0.3200757575757575,-2.4423470353692043,-7.705263157894737,1.033676975945017,143.12164948453608
2947,1812,2025-08-22,Nuke,0,-1,37.0,0.8,-85.10000000000001,0,8,0.4331466965285555,0.3333333333333333,0.08825757575757581,0.021590909090909105,1.3437347467010947,16.026427771556552,0.26666666666666666,-3148.7000000000003
2948,1812,2025-08-22,Ancient,0,1,37.0,0.8,-85.10000000000001,0,8,0.3601735776277724,0.75,-0.008184523809523836,0.02083333333333337,0.7537718023763804,13.32642237222758,0.6000000000000001,-3148.7000000000003
2949,1812,2025-08-22,Train,0,1,37.0,0.8,-85.10000000000001,0,8,-0.11145510835913315,-0.5333333333333333,-0.03125,-0.11805555555555552,0.6190392084062235,-4.123839009287926,-0.4266666666666667,-3148.7000000000003
2950,1813,2025-08-22,Overpass,0,1,0.0,1.2,0.0,0,5,1.5,1.5,0.02083333333333337,-0.11458333333333331,0.916290731874155,0.0,1.7999999999999998,0.0
2951,1813,2025-08-22,Ancient,0,1,0.0,1.2,0.0,0,5,1.2592592592592593,1.0,0.0625,-0.17361111111111105,0.8472978603872034,0.0,1.2,0.0
2942,1809,2025-08-24,Overpass,0,1,0.0,-0.2,15.8,0,-4,0.6666666666666667,0.6666666666666667,0.09722222222222221,-0.08333333333333331,-1.6094379124341005,0.0,-0.13333333333333336,0.0
2941,1809,2025-08-24,Mirage,0,1,0.0,-0.2,15.8,0,-4,-0.2,-0.2,-0.04166666666666663,0.041666666666666685,-0.7884573603642704,-0.0,0.04000000000000001,0.0
2940,830,2025-08-24,Nuke,1,-1,560.0,0.6,-387.0,0,4,0.5646987310994608,0.3333333333333333,0.021428571428571352,-0.02916666666666662,0.06453852113757108,316.23128941569803,0.19999999999999998,-216720.0
2939,830,2025-08-24,Train,1,-1,560.0,0.6,-387.0,0,4,0.0735666418466121,-0.8,0.020833333333333315,0.033333333333333326,0.0,41.19731943410278,-0.48,-216720.0
2938,830,2025-08-24,Inferno,1,1,560.0,0.6,-387.0,0,4,0.886276814575375,1.3333333333333333,0.04974747474747476,-0.18156565656565654,0.2876820724517808,496.31501616221,0.7999999999999999,-216720.0
2937,829,2025-08-24,Nuke,1,1,-86.0,0.6000000000000001,6.300000000000011,0,3,0.20000000000000004,0.6666666666666666,0.052083333333333315,-0.030303030303030276,0.8754687373539001,-17.200000000000003,0.4,-541.800000000001
2936,829,2025-08-24,Dust2,1,1,-86.0,0.6000000000000001,6.300000000000011,0,3,0.3826839826839828,0.6285714285714286,-0.00694444444444442,0.0034722222222221544,0.0,-32.91082251082252,0.37714285714285717,-541.800000000001
2935,829,2025-08-24,Mirage,1,1,-86.0,0.6000000000000001,6.300000000000011,0,3,0.6569407603890364,0.7555555555555555,0.04497354497354494,-0.04629629629629639,0.7884573603642702,-56.496905393457126,0.45333333333333337,-541.800000000001
2931,1807,2025-08-25,Inferno,0,1,0.0,1.0,0.0,0,-7,0.8556149732620321,0.8888888888888888,0.05482456140350872,0.015350877192982448,-2.3025850929940455,0.0,0.8888888888888888,0.0
2932,1807,2025-08-25,Dust2,0,1,0.0,1.0,0.0,0,-7,0.7916666666666666,0.7692307692307692,0.06111111111111106,0.08611111111111108,-2.0794415416798357,0.0,0.7692307692307692,0.0
2933,1808,2025-08-25,Inferno,0,1,0.0,0.6,0.0,0,8,0.14438502673796794,0.1111111111111111,0.2160087719298246,-0.09868421052631576,1.897119984885881,0.0,0.06666666666666667,0.0
2934,1808,2025-08-25,Dust2,0,1,0.0,0.6,0.0,0,8,1.2083333333333333,1.2307692307692308,0.23055555555555557,-0.1694444444444444,2.0794415416798357,0.0,0.7384615384615385,0.0
2930,1806,2025-08-26,Dust2,0,-1,0.0,0.0,65.6,0,-10,-0.533677863910422,-0.09090909090909091,-0.10897435897435898,0.08440170940170943,-1.349926716949016,-0.0,-0.0,0.0
2929,1806,2025-08-26,Mirage,0,-1,0.0,0.0,65.6,0,-10,-0.44940476190476186,-0.6190476190476191,0.09722222222222227,0.1677350427350427,-1.9095425048844386,-0.0,-0.0,0.0
2910,1798,2025-08-27,Train,0,1,430.0,0.4,49.0,0,-5,0.16670109481512074,0.033333333333333326,-0.06884057971014496,-0.035869565217391264,-1.3862943611198908,71.68147077050192,0.01333333333333333,21070.0
2911,1798,2025-08-27,Mirage,0,1,430.0,0.4,49.0,0,-5,0.3914973914973915,0.4857142857142857,0.08263888888888893,-0.047222222222222276,-0.4795730802618863,168.34387834387834,0.19428571428571428,21070.0
2912,1799,2025-08-27,Overpass,0,-1,0.0,0.25,-119.9,0,-9,-0.6666666666666667,-0.6666666666666667,-0.12499999999999994,0.29166666666666663,0.6931471805599453,-0.0,-0.16666666666666669,-0.0
2914,1799,2025-08-27,Mirage,0,-1,0.0,0.25,-119.9,0,-9,-1.1538461538461537,-1.3333333333333333,-0.12808641975308643,0.11111111111111105,-2.2335922215070942,-0.0,-0.3333333333333333,-0.0
2915,1801,2025-08-27,Mirage,0,1,-37.0,-0.4,48.0,0,-8,0.11927102129195244,0.6,0.0446820175438597,0.08908991228070179,-0.7985076962177713,-4.41302778780224,-0.24,-1776.0
2916,1801,2025-08-27,Nuke,0,-1,-37.0,-0.4,48.0,0,-8,-0.22909090909090918,-0.717948717948718,-0.031159420289855022,-0.010869565217391297,-1.3862943611198908,8.47636363636364,0.2871794871794872,-1776.0
2917,1801,2025-08-27,Train,0,-1,-37.0,-0.4,48.0,0,-8,-1.0357142857142858,-0.8571428571428572,-0.028846153846153855,0.11378205128205121,-1.5404450409471486,38.32142857142858,0.3428571428571429,-1776.0
2918,1802,2025-08-27,Overpass,0,-1,224.0,0.6,26.0,0,-1,-1.0,-1.0,-0.10416666666666669,0.062499999999999944,0.2876820724517808,-224.0,-0.6,5824.0
2913,1799,2025-08-27,Dust2,0,1,0.0,0.25,-119.9,0,-9,0.7822222222222222,1.0,0.0586419753086419,0.06481481481481477,-2.6390573296152584,0.0,0.25,-0.0
2920,1802,2025-08-27,Inferno,0,1,224.0,0.6,26.0,0,-1,0.10476190476190476,-0.14285714285714285,-0.04861111111111105,-0.05208333333333337,1.466337068793427,23.46666666666667,-0.0857142857142857,5824.0
2921,1803,2025-08-27,Dust2,0,1,75.0,0.4,-139.7,0,-1,0.8035398230088495,1.2,0.1476190476190476,-0.04583333333333334,-0.9162907318741551,60.26548672566371,0.48,-10477.5
2922,1803,2025-08-27,Ancient,0,1,75.0,0.4,-139.7,0,-1,1.0365695792880263,1.1,0.057264957264957284,-0.13098290598290596,0.13353139262452274,77.74271844660197,0.44000000000000006,-10477.5
2923,1804,2025-08-27,Overpass,0,-1,1000.0,0.6127659574468085,-251.32765957446816,0,5,-0.3333333333333333,-0.3333333333333333,-0.1527777777777778,0.11805555555555552,-0.2876820724517808,-333.3333333333333,-0.20425531914893616,-251327.65957446815
2928,1805,2025-08-27,Dust2,0,-1,-53.0,-0.6,26.5,0,-7,-0.29909255898366605,-0.0727272727272727,-0.1171875,0.10416666666666669,-0.8873031950009029,15.8519056261343,0.04363636363636362,-1404.5
2924,1804,2025-08-27,Dust2,0,1,1000.0,0.6127659574468085,-251.32765957446816,0,5,1.7647058823529413,2.0,0.22559523809523802,-0.181547619047619,0.9162907318741551,1764.7058823529414,1.225531914893617,-251327.65957446815
2925,1804,2025-08-27,Inferno,0,1,1000.0,0.6127659574468085,-251.32765957446816,0,5,1.1423720591802087,1.4285714285714286,0.03385416666666663,-0.11979166666666669,1.2237754316221159,1142.3720591802087,0.8753799392097265,-251327.65957446815
2926,1805,2025-08-27,Nuke,0,-1,-53.0,-0.6,26.5,0,-7,-0.7495495495495497,-0.8,-0.06736111111111104,0.12222222222222229,-1.6582280766035324,39.72612612612613,0.48,-1404.5
2927,1805,2025-08-27,Ancient,0,1,-53.0,-0.6,26.5,0,-7,0.9345794392523364,1.0,0.0871212121212121,-0.15530303030303028,-1.3862943611198906,-49.532710280373834,-0.6,-1404.5
2919,1802,2025-08-27,Dust2,0,1,224.0,0.6,26.0,0,-1,0.6036363636363636,1.3333333333333333,0.12243589743589745,-0.09038461538461545,0.8472978603872034,135.21454545454546,0.7999999999999999,5824.0
2895,1790,2025-08-28,Inferno,0,1,474.0,0.0,-321.2,0,1,-0.3535020168683536,-0.375,-0.10037878787878785,0.052714646464646464,0.5705448584676129,-167.5599559955996,-0.0,-152248.8
2896,1790,2025-08-28,Nuke,0,-1,474.0,0.0,-321.2,0,1,-0.43410852713178305,-0.5833333333333333,-0.1574074074074075,0.020370370370370372,0.47000362924573524,-205.76744186046517,-0.0,-152248.8
2897,1790,2025-08-28,Mirage,0,1,474.0,0.0,-321.2,0,1,0.04831932773109246,0.35714285714285715,0.016741071428571397,-0.0074404761904762196,0.7537718023763804,22.903361344537824,0.0,-152248.8
2898,1791,2025-08-28,Train,0,-1,-371.0,-0.2,119.4,0,-2,-1.1948051948051948,-1.4285714285714286,-0.15131578947368424,0.10087719298245607,-1.897119984885881,443.27272727272725,0.28571428571428575,-44297.4
2900,1792,2025-08-28,Nuke,0,1,-12.0,0.8127659574468085,-8.3872340425532,0,8,1.3523809523809525,1.4285714285714286,0.328125,-0.08506944444444436,2.120263536200091,-16.228571428571428,1.1610942249240122,100.6468085106384
2901,1792,2025-08-28,Mirage,0,1,-12.0,0.8127659574468085,-8.3872340425532,0,8,0.08477842003853556,-0.12121212121212122,0.10555555555555551,0.0006944444444443865,1.6582280766035324,-1.0173410404624268,-0.0985170857511283,100.6468085106384
2899,1791,2025-08-28,Mirage,0,-1,-371.0,-0.2,119.4,0,-2,-0.5773809523809523,-0.8571428571428572,-0.0641025641025641,0.10363247863247865,-2.302585092994046,214.20833333333331,0.17142857142857146,-44297.4
2903,1794,2025-08-28,Mirage,0,1,365.0,0.8,75.4,0,-1,0.4440956864983119,0.7,0.1570175438596491,0.06096491228070172,-0.2231435513142097,162.09492557188383,0.5599999999999999,27521.000000000004
2904,1794,2025-08-28,Dust2,0,1,365.0,0.8,75.4,0,-1,0.4422799422799424,0.17142857142857143,0.07577614379084968,-0.07536764705882354,-0.3254224004346278,161.43217893217897,0.13714285714285715,27521.000000000004
2905,1795,2025-08-28,Train,0,1,120.0,0.2,-271.49999999999994,0,-1,0.2982456140350877,0.2,-0.09027777777777773,-0.16666666666666663,-0.8472978603872034,35.78947368421053,0.04000000000000001,-32579.999999999993
2906,1795,2025-08-28,Inferno,0,1,120.0,0.2,-271.49999999999994,0,-1,0.8800000000000001,0.8333333333333333,0.1608796296296296,-0.11111111111111122,0.26236426446749084,105.60000000000001,0.16666666666666666,-32579.999999999993
2907,1797,2025-08-28,Overpass,0,-1,452.0,0.8,-73.8,0,-2,-0.6666666666666666,-0.6666666666666666,-0.15277777777777773,0.18055555555555552,0.0,-301.3333333333333,-0.5333333333333333,-33357.6
2908,1797,2025-08-28,Mirage,0,1,452.0,0.8,-73.8,0,-2,0.11786600496277927,0.23076923076923078,0.08730158730158727,0.042658730158730174,0.1466034741918758,53.27543424317623,0.18461538461538463,-33357.6
2909,1797,2025-08-28,Nuke,0,1,452.0,0.8,-73.8,0,-2,-0.1633669973750946,-0.35714285714285715,-0.060169956140350866,-0.0024671052631579093,-0.1625189294977747,-73.84188281354277,-0.28571428571428575,-33357.6
2902,1793,2025-08-28,Default,0,1,0.0,0.2,-26.199999999999996,0,-8,1.1764705882352942,2.0,0.020833333333333332,-0.020833333333333332,-0.4054651081081645,0.0,0.4,-0.0
2876,827,2025-08-29,Train,1,1,-16.0,0.39999999999999997,147.70000000000002,0,3,1.0280898876404496,1.5,0.048295454545454475,-0.13920454545454553,-0.8754687373539001,-16.449438202247194,0.6,-2363.2000000000003
2875,827,2025-08-29,Overpass,1,-1,-16.0,0.39999999999999997,147.70000000000002,0,3,-1.2,-1.2,-0.11666666666666664,0.08333333333333331,1.0986122886681096,19.2,-0.4799999999999999,-2363.2000000000003
2874,827,2025-08-29,Mirage,1,1,-16.0,0.39999999999999997,147.70000000000002,0,3,0.19638648860958374,0.6,0.0679012345679012,0.03780864197530864,-1.3862943611198906,-3.14218381775334,0.23999999999999996,-2363.2000000000003
2873,826,2025-08-29,Ancient,1,1,0.0,1.2,0.0,0,9,1.0236220472440944,1.2,0.2578125,-0.08593749999999994,2.803360380906535,0.0,1.44,0.0
2872,825,2025-08-29,Dust2,1,1,0.0,1.2,0.0,0,9,1.3138075313807533,1.3333333333333333,0.028735632183908066,-0.14511494252873558,2.70805020110221,0.0,1.5999999999999999,0.0
2867,823,2025-08-29,Nuke,1,-1,-7.0,-1.0,-13.099999999999998,0,1,-0.35555555555555546,-0.6666666666666667,0.1597222222222222,0.0,0.5596157879354227,2.488888888888888,0.6666666666666667,91.69999999999999
2869,824,2025-08-29,Nuke,1,1,62.0,0.4,-112.10000000000002,0,0,0.06956521739130433,0.2909090909090909,-0.030555555555555503,0.016666666666666663,0.9808292530117262,4.313043478260869,0.11636363636363636,-6950.200000000002
2877,828,2025-08-29,Dust2,1,1,111.0,0.4,44.5,0,3,0.5541125541125542,0.47619047619047616,0.0920138888888889,0.060763888888888895,0.3677247801253172,61.50649350649352,0.19047619047619047,4939.5
2866,822,2025-08-29,Mirage,1,1,0.0,-0.2,86.0,0,-2,-0.19444558563740189,-0.325,-0.031520562770562754,0.018127705627705604,-0.23180161405732447,-0.0,0.065,0.0
2865,822,2025-08-29,Train,1,1,0.0,-0.2,86.0,0,-2,0.34272300469483563,1.4666666666666668,0.03435672514619881,-0.008315058479532067,0.2231435513142097,0.0,-0.2933333333333334,0.0
2864,822,2025-08-29,Dust2,1,-1,0.0,-0.2,86.0,0,-2,-0.2495873478945147,-0.3333333333333333,-0.01591511936339518,0.01690981432360744,-0.762140052046897,-0.0,0.06666666666666667,0.0
2871,824,2025-08-29,Inferno,1,1,62.0,0.4,-112.10000000000002,0,0,0.1301169590643275,0.16783216783216784,0.02663398692810459,0.02140522875816997,0.11778303565638337,8.067251461988304,0.06713286713286713,-6950.200000000002
2878,828,2025-08-29,Nuke,1,1,111.0,0.4,44.5,0,3,0.8695652173913043,1.0909090909090908,0.10902777777777783,-0.08124999999999993,0.5753641449035616,96.52173913043478,0.43636363636363634,4939.5
2868,823,2025-08-29,Train,1,-1,-7.0,-1.0,-13.099999999999998,0,1,-0.48314293675118425,-0.7878787878787878,-0.1168478260869566,0.08197463768115948,1.5686159179138455,3.38200055725829,0.7878787878787878,91.69999999999999
2880,1783,2025-08-29,Dust2,0,1,-206.0,0.4,49.29999999999998,0,0,0.6007575757575758,0.5,0.12400793650793651,-0.11706349206349198,0.7621400520468968,-123.75606060606061,0.2,-10155.799999999996
2894,1789,2025-08-29,Overpass,0,1,0.0,0.45714285714285713,0.0,0,4,0.6,0.6,0.1166666666666667,0.04999999999999999,0.6931471805599452,0.0,0.27428571428571424,0.0
2879,1783,2025-08-29,Mirage,0,1,-206.0,0.4,49.29999999999998,0,0,-0.3594582787243338,-0.14285714285714285,-0.05715811965811968,0.07772435897435892,-0.07410797215372167,74.04840541721276,-0.05714285714285714,-10155.799999999996
2893,1789,2025-08-29,Inferno,0,1,0.0,0.45714285714285713,0.0,0,4,-0.43410852713178294,-0.5833333333333333,-0.07500000000000001,0.04166666666666663,1.3862943611198906,-0.0,-0.2666666666666666,0.0
2892,1788,2025-08-29,Mirage,0,-1,0.0,-0.6,-7.700000000000003,0,-4,-0.07746068724519513,-0.875,-0.005681818181818177,-0.015151515151515138,-2.0368819272610397,-0.0,0.525,-0.0
2891,1788,2025-08-29,Ancient,0,-1,0.0,-0.6,-7.700000000000003,0,-4,-0.222832303820636,-0.4230769230769231,-0.047619047619047616,0.030158730158730107,-1.299282984130261,-0.0,0.25384615384615383,-0.0
2890,1787,2025-08-29,Train,0,1,0.0,1.2,0.0,0,7,0.8,0.8,0.3416666666666666,-0.033333333333333326,1.0986122886681096,0.0,0.96,0.0
2889,1787,2025-08-29,Mirage,0,1,0.0,1.2,0.0,0,7,1.2727272727272727,1.2727272727272727,0.2992424242424242,-0.16666666666666663,1.791759469228055,0.0,1.5272727272727271,0.0
2888,1786,2025-08-29,Mirage,0,1,0.0,0.4,104.6,0,-1,0.4611152788197051,1.5,0.08958333333333335,0.009722222222222188,-1.1631508098056809,0.0,0.6000000000000001,0.0
2870,824,2025-08-29,Overpass,1,-1,62.0,0.4,-112.10000000000002,0,0,-0.8,-0.8,-0.11249999999999999,0.08333333333333331,-0.6931471805599452,-49.6,-0.32000000000000006,-6950.200000000002
2887,1786,2025-08-29,Dust2,0,1,0.0,0.4,104.6,0,-1,-0.3613369467028003,0.16666666666666663,-0.07777777777777778,0.009722222222222243,-0.8266785731844679,-0.0,0.06666666666666665,0.0
2886,1786,2025-08-29,Overpass,0,-1,0.0,0.4,104.6,0,-1,-0.2,-0.2,-0.06875000000000003,0.0,-0.18232155679395468,-0.0,-0.08000000000000002,0.0
2885,1785,2025-08-29,Nuke,0,1,925.0,0.2,-199.79999999999998,0,5,0.795455792766588,0.7142857142857143,0.08287377450980388,-0.06755514705882348,-0.05715841383994835,735.7966083090938,0.14285714285714288,-184814.99999999997
2884,1785,2025-08-29,Inferno,0,-1,925.0,0.2,-199.79999999999998,0,5,0.675178032976198,0.25,0.057126696832579205,-0.09200603318250383,0.2513144282809061,624.5396805029832,0.05,-184814.99999999997
2883,1785,2025-08-29,Train,0,1,925.0,0.2,-199.79999999999998,0,5,0.7074410163339384,1.3333333333333333,0.09469696969696972,-0.06818181818181818,0.4054651081081646,654.3829401088931,0.26666666666666666,-184814.99999999997
2882,1784,2025-08-29,Inferno,0,-1,-371.0,-0.8,93.7,0,-2,-0.2461799660441426,-0.5846153846153846,-0.045634920634920695,0.07738095238095244,-1.1451323043030028,91.3327674023769,0.46769230769230774,-34762.700000000004
2881,1784,2025-08-29,Mirage,0,-1,-371.0,-0.8,93.7,0,-2,-0.5735882614495331,-0.7454545454545454,-0.0603009259259259,0.11516203703703709,-1.410986973710262,212.8012449977768,0.5963636363636363,-34762.700000000004
2842,819,2025-08-30,Inferno,1,1,-65.0,0.0,7.6000000000000085,0,-1,0.09110473457675758,1.0,-0.0020833333333333814,-0.01666666666666672,-1.9459101490553132,-5.921807747489242,0.0,-494.00000000000057
2841,819,2025-08-30,Dust2,1,-1,-65.0,0.0,7.6000000000000085,0,-1,-0.36143971809715586,-0.25,-0.0315904139433551,0.026143790849673276,-0.5877866649021186,23.49358167631513,-0.0,-494.00000000000057
2840,819,2025-08-30,Ancient,1,1,-65.0,0.0,7.6000000000000085,0,-1,-0.38181818181818195,0.0,-0.08035714285714285,-0.10416666666666669,-1.6094379124341003,24.818181818181827,0.0,-494.00000000000057
2839,818,2025-08-30,Overpass,1,-1,42.0,-0.6000000000000001,3.200000000000001,0,-2,-0.6666666666666667,-0.6666666666666667,-0.16666666666666663,0.06944444444444436,0.0,-28.000000000000004,0.4000000000000001,134.40000000000003
2838,818,2025-08-30,Ancient,1,-1,42.0,-0.6000000000000001,3.200000000000001,0,-2,0.3066635104746124,-0.08571428571428569,0.061755952380952384,-0.058035714285714246,1.1700712526502546,12.87986743993372,0.05142857142857142,134.40000000000003
2837,817,2025-08-30,Overpass,1,-1,55.0,-0.8,128.9,0,-12,-1.0,-1.0,-0.16666666666666663,0.2708333333333333,0.0,-55.0,0.8,7089.5
2836,817,2025-08-30,Nuke,1,1,55.0,-0.8,128.9,0,-12,0.46375855528984905,0.2222222222222222,0.08387445887445893,-0.05032467532467533,-1.056052674249314,25.506720540941696,-0.17777777777777778,7089.5
2833,816,2025-08-30,Mirage,1,-1,50.0,-1.6,-26.5,0,-12,-1.1647509578544062,-1.2941176470588236,-0.0847222222222222,0.11388888888888882,-2.740840023925201,-58.23754789272031,2.070588235294118,-1325.0
2834,816,2025-08-30,Nuke,1,-1,50.0,-1.6,-26.5,0,-12,-0.9392265193370166,-1.1111111111111112,-0.26136363636363635,0.09848484848484845,-2.4423470353692043,-46.96132596685083,1.777777777777778,-1325.0
2843,820,2025-08-30,Mirage,1,1,0.0,-0.9,-14.7,0,-8,0.09009009009009007,0.1111111111111111,0.02430555555555558,0.03993055555555558,-2.120263536200091,0.0,-0.09999999999999999,-0.0
2831,815,2025-08-30,Train,1,1,0.0,0.8,14.4,0,8,0.31546854942233626,-0.5,0.08749999999999997,0.039583333333333304,1.252762968495368,0.0,-0.4,0.0
2830,814,2025-08-30,Train,1,-1,49.0,-0.6000000000000001,1.1000000000000014,0,-6,-0.6253310199981736,-0.5294117647058824,-0.0955128205128205,0.009294871794871817,-1.5040773967762742,-30.64121997991051,0.31764705882352945,53.90000000000007
2829,814,2025-08-30,Mirage,1,-1,49.0,-0.6000000000000001,1.1000000000000014,0,-6,-0.40990990990990994,-0.3888888888888889,-0.059027777777777735,0.029513888888888895,-1.6094379124341003,-20.085585585585587,0.23333333333333336,53.90000000000007
2828,814,2025-08-30,Overpass,1,1,49.0,-0.6000000000000001,1.1000000000000014,0,-6,0.8,0.8,0.04999999999999993,-0.05833333333333335,-1.0986122886681096,39.2,-0.4800000000000001,53.90000000000007
2835,817,2025-08-30,Mirage,1,-1,55.0,-0.8,128.9,0,-12,-1.1647509578544062,-1.2941176470588236,-0.1680555555555555,0.11388888888888882,-2.740840023925201,-64.06130268199234,1.035294117647059,7089.5
2844,820,2025-08-30,Train,1,-1,0.0,-0.9,-14.7,0,-8,-1.4763948497854076,-1.5294117647058822,-0.11217948717948717,0.10096153846153844,-2.6026896854443837,-0.0,1.3764705882352941,-0.0
2832,815,2025-08-30,Dust2,1,1,0.0,0.8,14.4,0,8,0.6274509803921571,0.8333333333333333,0.1659722222222222,-0.08923611111111113,1.2367626271489267,0.0,0.6666666666666666,0.0
2846,821,2025-08-30,Inferno,1,-1,-65.0,-0.8,-40.099999999999994,0,-2,-1.0853658536585367,-1.0,-0.2520833333333333,0.1291666666666666,-2.3513752571634776,70.54878048780488,0.8,2606.4999999999995
2845,820,2025-08-30,Dust2,1,-1,0.0,-0.9,-14.7,0,-8,-1.1724137931034484,-1.3333333333333333,-0.3511904761904762,0.14880952380952378,-2.0149030205422647,-0.0,1.2,-0.0
2862,1782,2025-08-30,Train,0,-1,-53.0,-0.8,15.9,0,-9,-1.7142857142857144,-1.7142857142857144,-0.11904761904761912,0.11011904761904756,-0.980829253011726,90.85714285714286,1.3714285714285717,-842.7
2861,1781,2025-08-30,Nuke,0,-1,-70.0,0.39999999999999997,-337.5,0,3,0.6041500399042299,0.5274725274725275,0.09953703703703709,-0.045370370370370394,0.7419373447293771,-42.29050279329609,0.210989010989011,23625.0
2860,1781,2025-08-30,Train,0,1,-70.0,0.39999999999999997,-337.5,0,3,0.2137958854376765,0.3333333333333333,-0.0401785714285714,-0.14211309523809523,0.11778303565638382,-14.965711980637355,0.1333333333333333,23625.0
2858,1780,2025-08-30,Nuke,0,1,37.0,0.2,-75.5,0,5,0.290909090909091,0.8,0.004999999999999893,0.04166666666666663,1.4663370687934272,10.763636363636367,0.16000000000000003,-2793.5
2863,1782,2025-08-30,Nuke,0,-1,-53.0,-0.8,15.9,0,-9,-0.6734265734265734,-0.8333333333333333,-0.10000000000000003,0.17539682539682544,-1.299282984130261,35.69160839160839,0.6666666666666666,-842.7
2857,1780,2025-08-30,Train,0,1,37.0,0.2,-75.5,0,5,1.1147540983606559,1.0,0.1825396825396825,-0.05952380952380948,1.3217558399823195,41.24590163934427,0.2,-2793.5
2856,1780,2025-08-30,Ancient,0,-1,37.0,0.2,-75.5,0,5,-0.4240441627479043,-0.5555555555555556,-0.057072829131652736,0.0423669467787115,0.8109302162163288,-15.68963402167246,-0.11111111111111112,-2793.5
2859,1781,2025-08-30,Dust2,0,-1,-70.0,0.39999999999999997,-337.5,0,3,0.55936220642103,0.30952380952380953,0.10902777777777767,-0.05694444444444435,0.8209805520698299,-39.1553544494721,0.1238095238095238,23625.0
2854,1779,2025-08-30,Nuke,0,-1,-87.0,0.2,-269.20000000000005,0,4,-1.4065934065934067,-1.4285714285714286,-0.22962962962962963,0.19583333333333336,-0.09531017980432477,122.37362637362638,-0.28571428571428575,23420.400000000005
2853,1779,2025-08-30,Mirage,0,1,-87.0,0.2,-269.20000000000005,0,4,-0.01734104046242775,-0.09090909090909091,-0.008333333333333304,-0.04583333333333334,0.8472978603872034,1.5086705202312143,-0.018181818181818184,23420.400000000005
2852,1778,2025-08-30,Default,0,1,37.0,0.6000000000000001,-2.299999999999999,0,4,2.0,2.0,0.041666666666666664,-0.041666666666666664,0.0,74.0,1.2000000000000002,-85.09999999999997
2851,1777,2025-08-30,Mirage,0,1,262.0,1.0,-271.2,0,2,0.6942294159042928,1.2857142857142856,0.11228354978354982,0.0029761904761904656,1.056052674249314,181.8881069669247,1.2857142857142856,-71054.4
2850,1777,2025-08-30,Ancient,0,1,262.0,1.0,-271.2,0,2,-0.23750811161583388,-0.1333333333333333,0.0037878787878787845,0.02110389610389607,-0.4054651081081646,-62.227125243348475,-0.1333333333333333,-71054.4
2849,1776,2025-08-30,Nuke,0,-1,-196.0,0.2,102.5,0,2,0.10001410636196925,-0.2222222222222222,0.050347222222222265,-0.005208333333333315,-0.2682639865946794,-19.602764846945973,-0.044444444444444446,-20090.0
2848,1776,2025-08-30,Mirage,0,-1,-196.0,0.2,102.5,0,2,0.019611707893958802,-0.22222222222222227,0.09589460784313725,0.04733455882352944,-0.05715841383994835,-3.8438947472159253,-0.04444444444444445,-20090.0
2855,1779,2025-08-30,Inferno,0,1,-87.0,0.2,-269.20000000000005,0,4,-0.04700991365526066,-0.3111111111111111,-0.030448717948718007,0.02884615384615391,0.6567795363890707,4.089862488007677,-0.06222222222222223,23420.400000000005
2847,821,2025-08-30,Mirage,1,-1,-65.0,-0.8,-40.099999999999994,0,-2,-1.4786729857819905,-1.2,-0.18452380952380953,0.1592261904761904,-2.6741486494265287,96.11374407582937,0.96,2606.4999999999995
2812,1769,2025-08-31,Mirage,0,-1,-190.0,-0.4,-128.29999999999998,0,2,0.01719704275152685,0.33333333333333337,-0.06150793650793651,0.007688492063492092,0.8938178760220965,-3.2674381227901015,-0.13333333333333336,24376.999999999996
2811,1768,2025-08-31,Ancient,0,1,371.0,0.8,-86.3,0,-1,0.46898263027295284,0.3111111111111111,0.11009485094850952,-0.03071364046973807,1.4350845252893225,173.9925558312655,0.2488888888888889,-32017.3
2810,1768,2025-08-31,Dust2,0,1,371.0,0.8,-86.3,0,-1,0.9967826849956127,1.1384615384615384,0.1611689814814815,-0.12557870370370372,1.1939224684724343,369.80637613337234,0.9107692307692308,-32017.3
2809,813,2025-08-31,Train,1,1,62.0,0.8,-161.7,0,0,0.8,0.8,0.1333333333333333,0.016666666666666663,-0.6931471805599452,49.6,0.6400000000000001,-10025.4
2805,811,2025-08-31,Overpass,1,1,-49.0,0.6,27.4,0,5,0.3333333333333333,0.3333333333333333,0.020833333333333315,-0.027777777777777735,0.8472978603872034,-16.333333333333332,0.19999999999999998,-1342.6
2807,812,2025-08-31,Nuke,1,-1,-49.0,0.4,24.199999999999996,0,7,-0.10994764397905761,0.0,0.011322463768115965,-0.09375000000000006,1.5686159179138455,5.387434554973823,0.0,-1185.7999999999997
2806,812,2025-08-31,Mirage,1,-1,-49.0,0.4,24.199999999999996,0,7,0.44527363184079605,0.5098039215686274,0.05689964157706101,-0.06160394265232977,1.5198257537444133,-21.818407960199007,0.20392156862745098,-1185.7999999999997
2804,811,2025-08-31,Mirage,1,1,-49.0,0.6,27.4,0,5,0.30276564774381365,0.3333333333333333,0.03555555555555556,-0.03638888888888886,1.312186388966169,-14.835516739446868,0.19999999999999998,-1342.6
2813,1769,2025-08-31,Ancient,0,-1,-190.0,-0.4,-128.29999999999998,0,2,-0.22654061624649863,-0.14285714285714285,-0.01949786324786329,-0.016826923076923017,0.07410797215372167,43.04271708683474,0.05714285714285714,24376.999999999996
2808,813,2025-08-31,Nuke,1,1,62.0,0.8,-161.7,0,0,0.27927927927927926,0.5,-0.025173611111111105,0.00347222222222221,0.8873031950009029,17.315315315315313,0.4,-10025.4
2814,1770,2025-08-31,Nuke,0,1,37.0,1.0,-29.300000000000004,0,8,0.7790660225442834,1.0,0.13354700854700857,-0.016559829059829,1.349926716949016,28.825442834138485,1.0,-1084.1000000000001
2820,1772,2025-08-31,Inferno,0,1,-430.0,0.2,350.9,0,-1,-0.5236728837876614,-0.25,-0.07500000000000001,-0.016145833333333304,-1.0414538748281612,225.1793400286944,-0.05,-150887.0
2816,1771,2025-08-31,Dust2,0,-1,-295.0,-0.8,233.6,0,-1,-0.9554001271686805,-0.9166666666666666,-0.11858974358974356,0.16754079254079257,-0.15415067982725805,281.84303751476074,0.7333333333333334,-68912.0
2827,1775,2025-08-31,Overpass,0,-1,0.0,0.8592592592592592,0.0,0,2,0.3333333333333333,0.3333333333333333,-0.0625,0.05555555555555558,0.8472978603872034,0.0,0.2864197530864197,0.0
2815,1770,2025-08-31,Mirage,0,1,37.0,1.0,-29.300000000000004,0,8,-0.4132886315147821,-0.7307692307692308,-0.007102272727272707,0.058238636363636354,0.9382696385929301,-15.291679366046939,-0.7307692307692308,-1084.1000000000001
2825,1774,2025-08-31,Ancient,0,1,-75.0,0.8,-319.7,0,6,-0.27708250298923875,-0.41025641025641024,-0.03290719696969696,0.0546875,0.3022808718729335,20.781187724192907,-0.3282051282051282,23977.5
2824,1774,2025-08-31,Train,0,1,-75.0,0.8,-319.7,0,6,0.8740196078431373,1.5294117647058822,0.14390432098765432,-0.027391975308641958,1.1349799328389842,-65.55147058823529,1.223529411764706,23977.5
2823,1773,2025-08-31,Dust2,0,-1,158.0,-0.6,-26.4,0,-9,-1.0833333333333333,-1.2,-0.027777777777777735,0.08333333333333331,-2.0794415416798357,-171.16666666666666,0.72,-4171.2
2826,1775,2025-08-31,Nuke,0,-1,0.0,0.8592592592592592,0.0,0,2,-0.8952380952380953,-1.1428571428571428,-0.13194444444444442,-0.09722222222222221,1.8718021769015913,-0.0,-0.9820105820105819,0.0
2821,1773,2025-08-31,Mirage,0,-1,158.0,-0.6,-26.4,0,-9,0.11917098445595856,0.23076923076923078,0.022727272727272707,-0.07386363636363635,-2.0368819272610397,18.82901554404145,-0.13846153846153847,-4171.2
2819,1772,2025-08-31,Train,0,-1,-430.0,0.2,350.9,0,-1,-1.6491228070175439,-1.6,-0.18055555555555558,0.13194444444444436,-1.252762968495368,709.1228070175439,-0.32000000000000006,-150887.0
2818,1772,2025-08-31,Ancient,0,1,-430.0,0.2,350.9,0,-1,1.0864197530864197,1.0,0.11574074074074076,-0.11805555555555558,-0.6931471805599456,-467.16049382716045,0.2,-150887.0
2817,1771,2025-08-31,Mirage,0,-1,-295.0,-0.8,233.6,0,-1,-0.759880686055183,-0.65,-0.11601307189542476,0.05310457516339878,-0.3254224004346278,224.16480238627898,0.52,-68912.0
2822,1773,2025-08-31,Overpass,0,1,158.0,-0.6,-26.4,0,-9,0.8,0.8,0.07500000000000001,-0.3666666666666667,-1.0986122886681096,126.4,-0.48,-4171.2
2793,1763,2025-09-01,Mirage,0,-1,-334.0,-0.39999999999999997,158.70000000000002,0,6,-0.44301483414504805,-0.8311688311688311,-0.08987274655355243,0.019353128313891854,-0.5596157879354227,147.96695460444604,0.3324675324675324,-53005.8
2788,1762,2025-09-01,Mirage,0,1,175.0,0.0,-67.49999999999997,0,0,0.563618771165941,1.0545454545454545,0.08796296296296297,0.043981481481481455,0.6418538861723944,98.63328495403967,0.0,-11812.499999999995
2789,1762,2025-09-01,Dust2,0,-1,175.0,0.0,-67.49999999999997,0,0,0.2907440348402136,0.42857142857142855,0.011204481792717047,-0.1111694677871149,-0.18232155679395445,50.88020609703738,0.0,-11812.499999999995
2790,1762,2025-09-01,Ancient,0,-1,175.0,0.0,-67.49999999999997,0,0,0.19230769230769232,0.2857142857142857,-0.013782051282051233,-0.0099358974358974,-0.24116205681688774,33.65384615384615,0.0,-11812.499999999995
2791,1763,2025-09-01,Ancient,0,1,-334.0,-0.39999999999999997,158.70000000000002,0,6,5.551115123125783e-17,0.1473684210526316,-0.029761904761904823,0.026124338624338606,-0.8167611365271221,-1.8540724511240114e-14,-0.05894736842105263,-53005.8
2792,1763,2025-09-01,Train,0,-1,-334.0,-0.39999999999999997,158.70000000000002,0,6,-0.19951063429324303,-0.5396825396825397,0.034722222222222265,0.046527777777777724,-0.27193371548364187,66.63655185394317,0.21587301587301586,-53005.8
2794,1764,2025-09-01,Inferno,0,-1,-109.0,-0.2,-46.30000000000001,0,2,0.20411663807890226,0.3088235294117647,0.023124467178175623,-0.01928815004262574,-0.28768207245178123,-22.248713550600346,-0.061764705882352944,5046.700000000002
2797,1765,2025-09-01,Train,0,-1,0.0,-0.2,-289.5,0,6,0.43199999999999994,0.4444444444444444,0.052083333333333315,-0.11309523809523808,2.2686835413183646,0.0,-0.08888888888888889,-0.0
2796,1765,2025-09-01,Ancient,0,-1,0.0,-0.2,-289.5,0,6,-1.064039408866995,-1.1428571428571428,-0.11775362318840571,0.1253623188405797,1.3862943611198908,-0.0,0.22857142857142856,-0.0
2803,1767,2025-09-01,Dust2,0,-1,53.0,0.4,-37.1,0,4,0.07048627828598936,-0.16666666666666666,0.0913865546218488,-0.09488795518207277,0.8109302162163288,3.735772749157436,-0.06666666666666667,-1966.3000000000002
2795,1764,2025-09-01,Mirage,0,-1,-109.0,-0.2,-46.30000000000001,0,2,0.054642768235001304,-0.39999999999999997,0.09681964573268925,0.014593397745571668,0.2336148511815055,-5.956061737615142,0.08,5046.700000000002
2801,1767,2025-09-01,Nuke,0,-1,53.0,0.4,-37.1,0,4,0.37560975609756103,0.4117647058823529,0.018939393939393978,0.004734848484848453,1.5260563034950494,19.907317073170734,0.16470588235294117,-1966.3000000000002
2802,1767,2025-09-01,Ancient,0,1,53.0,0.4,-37.1,0,4,-0.188034188034188,-0.2424242424242424,0.059027777777777846,0.045138888888888895,1.1786549963416462,-9.965811965811964,-0.09696969696969697,-1966.3000000000002
2799,1766,2025-09-01,Nuke,0,1,776.0,0.2,-328.7,0,3,0.9355710955710956,1.25,0.06290849673202609,-0.06753812636165574,0.5877866649021186,726.0031701631702,0.25,-255071.19999999998
2800,1766,2025-09-01,Inferno,0,1,776.0,0.2,-328.7,0,3,0.5076442171071329,0.5833333333333333,0.003383190883190834,-0.14102564102564108,0.30538164955118186,393.93191247513516,0.11666666666666665,-255071.19999999998
2798,1766,2025-09-01,Mirage,0,-1,776.0,0.2,-328.7,0,3,0.4879979172090603,0.3333333333333333,0.06891025641025644,-0.0943910256410257,0.4054651081081646,378.68638375423075,0.06666666666666667,-255071.19999999998
2785,1761,2025-09-02,Dust2,0,1,0.0,0.3333333333333333,0.0,0,-6,0.8701298701298701,0.8571428571428572,0.06510416666666663,0.033854166666666685,-2.1400661634962708,0.0,0.2857142857142857,0.0
2787,1761,2025-09-02,Nuke,0,1,0.0,0.3333333333333333,0.0,0,-6,0.7115384615384615,0.6666666666666667,0.0492424242424242,0.0,-1.791759469228055,0.0,0.22222222222222224,0.0
2786,1761,2025-09-02,Overpass,0,-1,0.0,0.3333333333333333,0.0,0,-6,-1.4,-1.4,-0.07916666666666666,0.16666666666666663,-1.7047480922384253,-0.0,-0.4666666666666666,0.0
2784,1760,2025-09-04,Mirage,0,1,0.0,1.2,0.0,0,6,1.2982456140350878,1.2,0.22222222222222227,-0.17708333333333331,1.8718021769015913,0.0,1.44,0.0
2783,1760,2025-09-04,Inferno,0,1,0.0,1.2,0.0,0,6,1.2,1.2,0.23958333333333331,-0.14791666666666664,2.3513752571634776,0.0,1.44,0.0
2782,1759,2025-09-04,Overpass,0,-1,0.0,-0.7333333333333334,0.0,0,-1,-1.5,-1.5,-0.25,0.13541666666666663,-0.916290731874155,-0.0,1.1,0.0
2781,1759,2025-09-04,Nuke,0,1,0.0,-0.7333333333333334,0.0,0,-1,1.152317880794702,1.2307692307692308,0.11458333333333331,-0.2109375,-2.1400661634962708,0.0,-0.9025641025641027,0.0
2780,1759,2025-09-04,Mirage,0,-1,0.0,-0.7333333333333334,0.0,0,-1,-1.3076923076923077,-1.4545454545454546,-0.0625,0.16833333333333328,-2.1594842493533726,-0.0,1.0666666666666669,0.0
2779,1758,2025-09-04,Nuke,0,1,0.0,1.4,0.0,0,1,0.847682119205298,0.7692307692307692,0.3020833333333333,-0.08072916666666663,2.1400661634962708,0.0,1.0769230769230766,0.0
2778,1758,2025-09-04,Dust2,0,1,0.0,1.4,0.0,0,1,0.7941176470588236,1.0,0.0078125,-0.01302083333333326,2.1400661634962708,0.0,1.4,0.0
2765,809,2025-09-05,Inferno,1,-1,34.0,-0.4,172.3,0,-1,-0.46485714285714297,-0.7619047619047619,-0.06684981684981689,0.09134615384615385,0.06899287148695166,-15.805142857142862,0.3047619047619048,5858.200000000001
2766,809,2025-09-05,Dust2,1,-1,34.0,-0.4,172.3,0,-1,-0.1061224489795918,0.05714285714285716,-0.044907407407407396,-0.0851851851851852,-0.17185025692665912,-3.6081632653061213,-0.022857142857142868,5858.200000000001
2767,810,2025-09-05,Ancient,1,1,452.0,0.0,-114.40000000000003,0,0,-0.6685906685906686,-0.6428571428571428,-0.05208333333333337,0.10416666666666663,0.25131442828090633,-302.20298220298224,-0.0,-51708.80000000002
2768,810,2025-09-05,Mirage,1,-1,452.0,0.0,-114.40000000000003,0,0,-0.030036133694670175,-0.875,0.05208333333333337,-0.0402777777777778,1.4271163556401456,-13.57633242999092,-0.0,-51708.80000000002
2769,810,2025-09-05,Inferno,1,1,452.0,0.0,-114.40000000000003,0,0,0.48366013071895425,0.6666666666666666,0.02546296296296291,-0.0625,0.998528830111127,218.6143790849673,0.0,-51708.80000000002
2773,1756,2025-09-05,Dust2,0,-1,0.0,0.8426229508196721,-6.885245901639344,0,6,-0.9565217391304348,-1.0,-0.0735294117647059,0.05882352941176472,2.197224577336219,-0.0,-0.8426229508196721,-0.0
2771,1755,2025-09-05,Train,0,1,0.0,0.8,18.9,0,11,1.2435897435897436,1.3333333333333333,0.2271825396825397,-0.09920634920634919,1.9924301646902063,0.0,1.0666666666666667,0.0
2772,1756,2025-09-05,Overpass,0,1,0.0,0.8426229508196721,-6.885245901639344,0,6,1.4545454545454546,1.4545454545454546,0.12878787878787884,-0.17045454545454547,1.791759469228055,0.0,1.2256333830104322,-0.0
2775,1757,2025-09-05,Dust2,0,-1,0.0,-0.41276595744680855,-12.895744680851063,0,-12,-1.0179115853658536,-1.3846153846153846,-0.06559139784946233,0.16424731182795693,-1.6739764335716716,-0.0,0.5715220949263503,-0.0
2776,1757,2025-09-05,Overpass,0,1,0.0,-0.41276595744680855,-12.895744680851063,0,-12,0.6666666666666667,0.6666666666666667,0.04166666666666663,0.06944444444444448,-0.2876820724517808,0.0,-0.27517730496453907,-0.0
2777,1757,2025-09-05,Nuke,0,-1,0.0,-0.41276595744680855,-12.895744680851063,0,-12,-0.9658536585365853,-1.0,-0.23833333333333337,0.10333333333333333,-2.1594842493533726,-0.0,0.41276595744680855,-0.0
2770,1755,2025-09-05,Nuke,0,1,0.0,0.8,18.9,0,11,0.5874752801582068,1.0,-0.011666666666666603,-0.14500000000000007,1.6486586255873819,0.0,0.8,0.0
2774,1756,2025-09-05,Inferno,0,1,0.0,0.8426229508196721,-6.885245901639344,0,6,1.2604166666666667,1.3333333333333333,0.0753968253968254,-0.1468253968253968,2.3978952727983707,0.0,1.1234972677595627,-0.0
2758,807,2025-09-06,Mirage,1,-1,371.0,-0.39999999999999997,-84.19999999999999,0,-2,0.28504928806133634,0.7878787878787878,-0.017105263157894735,0.04276315789473689,0.5978370007556202,105.75328587075578,-0.3151515151515151,-31238.199999999997
2755,806,2025-09-06,Train,1,1,0.0,1.6,0.0,0,2,1.2982456140350878,1.2,0.47222222222222227,-0.1597222222222222,1.252762968495368,0.0,1.92,0.0
2756,806,2025-09-06,Ancient,1,1,0.0,1.6,0.0,0,2,1.375,1.2,0.2857142857142857,-0.20238095238095238,1.3862943611198904,0.0,1.92,0.0
2757,807,2025-09-06,Inferno,1,-1,371.0,-0.39999999999999997,-84.19999999999999,0,-2,-0.5957761039728254,-0.6111111111111112,-0.12326388888888895,0.06770833333333331,0.5108256237659905,-221.03293457391823,0.24444444444444444,-31238.199999999997
2761,1752,2025-09-06,Default,0,1,0.0,-0.3333333333333333,0.0,0,9,1.0,1.0,0.020833333333333332,-0.020833333333333332,0.4054651081081645,0.0,-0.3333333333333333,0.0
2760,808,2025-09-06,Inferno,1,1,548.0,0.4,-170.1,0,1,0.4662576687116565,0.2,0.0482456140350877,-0.07675438596491235,0.0,255.50920245398777,0.08000000000000002,-93214.8
2764,1754,2025-09-06,Inferno,0,1,0.0,-0.14285714285714285,18.0,0,-9,-0.19801980198019806,-0.25,-0.13636363636363635,0.09848484848484845,-2.0368819272610397,-0.0,0.03571428571428571,0.0
2759,808,2025-09-06,Mirage,1,1,548.0,0.4,-170.1,0,1,0.11454427278636076,0.3411764705882353,-0.01984126984126977,-0.030396825396825422,-0.16705408466316607,62.7702614869257,0.13647058823529412,-93214.8
2763,1754,2025-09-06,Dust2,0,1,0.0,-0.14285714285714285,18.0,0,-9,0.0175438596491228,0.06666666666666667,0.03240740740740744,0.09953703703703703,-1.8458266904983305,0.0,-0.009523809523809523,0.0
2762,1753,2025-09-06,Default,0,1,0.0,0.5,0.0,0,-9,1.0,1.0,0.020833333333333332,-0.020833333333333332,-0.4054651081081645,0.0,0.5,0.0
2754,805,2025-09-07,Inferno,1,1,0.0,0.5414634146341464,4.536585365853658,0,5,0.5483870967741936,1.0,-0.044270833333333315,-0.13020833333333331,1.2237754316221159,0.0,0.5414634146341464,0.0
2743,802,2025-09-07,Dust2,1,1,0.0,-0.6000000000000001,10.2,0,-5,-0.5578272810497404,-0.5333333333333333,0.01785714285714285,0.06845238095238093,-0.6286086594223743,-0.0,0.32000000000000006,0.0
2744,802,2025-09-07,Mirage,1,-1,0.0,-0.6000000000000001,10.2,0,-5,-1.1764705882352942,-2.0,-0.12500000000000006,-0.08333333333333337,-0.4054651081081645,-0.0,1.2000000000000002,0.0
2745,803,2025-09-07,Dust2,1,-1,810.0,-0.39999999999999997,-440.9,0,-1,0.2775885054066066,0.5,-0.017251461988304073,-0.07295321637426899,-0.2231435513142097,224.84668937935137,-0.19999999999999998,-357129.0
2746,803,2025-09-07,Mirage,1,1,810.0,-0.39999999999999997,-440.9,0,-1,0.5429444505074759,0.8831168831168831,0.07575757575757575,0.007575757575757569,0.6505875661411493,439.78500491105547,-0.3532467532467532,-357129.0
2742,802,2025-09-07,Ancient,1,-1,0.0,-0.6000000000000001,10.2,0,-5,-1.1454311454311452,-1.4285714285714286,0.00694444444444442,0.1782407407407408,-0.6931471805599456,-0.0,0.8571428571428573,0.0
2748,803,2025-09-07,Inferno,1,-1,810.0,-0.39999999999999997,-440.9,0,-1,-0.028201086004554232,-0.2828282828282829,-0.05138888888888887,-0.03333333333333327,0.27193371548364187,-22.84287966368893,0.11313131313131314,-357129.0
2749,803,2025-09-07,Train,1,-1,810.0,-0.39999999999999997,-440.9,0,-1,-0.03809523809523807,-0.19047619047619047,-0.00694444444444442,0.027777777777777735,1.1786549963416462,-30.857142857142836,0.07619047619047618,-357129.0
2750,804,2025-09-07,Overpass,1,1,55.0,-0.2,58.400000000000006,0,-4,0.3333333333333333,0.3333333333333333,0.00868055555555558,-0.03993055555555558,-0.810930216216329,18.333333333333332,-0.06666666666666667,3212.0000000000005
2751,804,2025-09-07,Nuke,1,1,55.0,-0.2,58.400000000000006,0,-4,0.44278363146287675,0.6285714285714286,0.009214743589743613,-0.08733974358974361,-0.44183275227903884,24.353099730458222,-0.12571428571428572,3212.0000000000005
2752,805,2025-09-07,Overpass,1,-1,0.0,0.5414634146341464,4.536585365853658,0,5,-1.0,-1.0,-0.11979166666666663,-0.015625,1.5040773967762742,-0.0,-0.5414634146341464,0.0
2753,805,2025-09-07,Ancient,1,1,0.0,0.5414634146341464,4.536585365853658,0,5,1.5238095238095237,1.4285714285714286,0.09722222222222227,-0.19907407407407407,1.2039728043259361,0.0,0.7735191637630663,0.0
2747,803,2025-09-07,Overpass,1,1,810.0,-0.39999999999999997,-440.9,0,-1,1.3333333333333333,1.3333333333333333,0.15277777777777773,-0.16666666666666663,0.6931471805599453,1080.0,-0.5333333333333332,-357129.0
2733,1749,2025-09-08,Train,0,-1,0.0,0.2,6.459090909090909,0,13,-0.8313253012048192,-1.0,-0.18371212121212116,0.08585858585858586,1.749199854809259,-0.0,-0.2,0.0
2734,1749,2025-09-08,Dust2,0,1,0.0,0.2,6.459090909090909,0,13,1.3834586466165413,1.4285714285714286,0.20052083333333331,-0.15755208333333331,2.11021320034659,0.0,0.28571428571428575,0.0
2735,1749,2025-09-08,Overpass,0,1,0.0,0.2,6.459090909090909,0,13,1.5,1.5,0.07291666666666663,-0.29166666666666663,0.5108256237659905,0.0,0.30000000000000004,0.0
2736,1750,2025-09-08,Dust2,0,-1,0.0,0.5333333333333333,29.7,0,8,-0.9206349206349206,-0.8571428571428572,-0.07777777777777778,0.11111111111111105,2.0794415416798357,-0.0,-0.4571428571428572,0.0
2738,1750,2025-09-08,Mirage,0,1,0.0,0.5333333333333333,29.7,0,8,1.0125523012552302,1.0526315789473684,-0.09455128205128205,-0.20673076923076922,2.6026896854443837,0.0,0.5614035087719298,0.0
2739,1751,2025-09-08,Overpass,0,1,0.0,0.3333333333333333,0.0,0,9,1.5,1.5,0.09375,-0.1701388888888889,1.8718021769015913,0.0,0.5,0.0
2741,1751,2025-09-08,Nuke,0,1,0.0,0.3333333333333333,0.0,0,9,1.3333333333333335,1.3333333333333333,0.03819444444444442,-0.1597222222222222,1.8718021769015913,0.0,0.4444444444444444,0.0
2737,1750,2025-09-08,Train,0,1,0.0,0.5333333333333333,29.7,0,8,1.4538461538461538,1.4736842105263157,0.2399425287356322,-0.09770114942528735,2.70805020110221,0.0,0.7859649122807018,0.0
2740,1751,2025-09-08,Dust2,0,-1,0.0,0.3333333333333333,0.0,0,9,-1.0561797752808988,-1.0666666666666667,-0.09868421052631576,0.40789473684210525,2.3025850929940455,-0.0,-0.3555555555555555,0.0
2716,1742,2025-09-09,Nuke,0,1,-16.0,-0.2,155.1,0,4,0.11453243057599843,0.16666666666666669,0.052133655394524914,0.04770531400966177,0.15415067982725805,-1.832518889215975,-0.03333333333333334,-2481.6
2722,1744,2025-09-09,Default,0,-1,42.0,-1.3333333333333333,-10.2,0,2,-2.0,-2.0,-0.041666666666666664,0.041666666666666664,1.0986122886681096,-84.0,2.6666666666666665,-428.4
2718,1742,2025-09-09,Dust2,0,-1,-16.0,-0.2,155.1,0,4,-0.3090909090909091,-0.23076923076923078,-0.04774305555555558,0.11168981481481483,-0.1112256351102241,4.945454545454545,0.046153846153846156,-2481.6
2719,1743,2025-09-09,Nuke,0,1,0.0,-0.2,78.4,0,-9,0.30579254602604383,0.7272727272727273,-0.016369047619047616,0.0401785714285714,-1.0986122886681098,0.0,-0.14545454545454548,0.0
2720,1743,2025-09-09,Dust2,0,-1,0.0,-0.2,78.4,0,-9,-0.39240506329113917,-0.3333333333333333,0.04375000000000001,0.18541666666666667,-0.6466271649250523,-0.0,0.06666666666666667,0.0
2721,1743,2025-09-09,Mirage,0,-1,0.0,-0.2,78.4,0,-9,-0.8548387096774195,-0.7727272727272727,-0.0452724358974359,0.2055288461538462,-0.44183275227903884,-0.0,0.15454545454545454,0.0
2717,1742,2025-09-09,Train,0,-1,-16.0,-0.2,155.1,0,4,-0.7941176470588236,-1.0,-0.05729166666666663,0.005208333333333315,0.6359887667199966,12.705882352941178,0.2,-2481.6
2725,1745,2025-09-09,Inferno,0,-1,0.0,-1.0,0.0,0,-2,-0.06184728061847286,0.08333333333333331,0.04968805704099821,0.002450980392156854,-0.40546510810816416,-0.0,-0.08333333333333331,0.0
2724,1745,2025-09-09,Train,0,-1,0.0,-1.0,0.0,0,-2,-0.7869634340222575,-0.8333333333333333,-0.17881944444444442,0.057291666666666685,-0.3677247801253172,-0.0,0.8333333333333333,0.0
2732,1748,2025-09-09,Default,0,-1,0.0,-0.8,-137.1,0,-3,-2.0,-2.0,-0.041666666666666664,0.041666666666666664,-0.4054651081081645,-0.0,1.6,-0.0
2731,1747,2025-09-09,Ancient,0,-1,-371.0,-1.0,174.8,0,-3,-0.565519945114182,-0.7578947368421052,-0.14195736434108525,0.03536821705426363,-1.8382794848629478,209.80789963736154,0.7578947368421052,-64850.8
2730,1747,2025-09-09,Train,0,1,-371.0,-1.0,174.8,0,-3,-0.07147498375568553,-0.25,0.07341269841269843,0.09722222222222221,-0.7884573603642702,26.517218973359334,0.25,-64850.8
2723,1745,2025-09-09,Nuke,0,1,0.0,-1.0,0.0,0,-2,0.7473418254553111,0.8412698412698413,0.13838612368024128,0.0182880844645551,-0.2513144282809061,0.0,-0.8412698412698413,0.0
2728,1746,2025-09-09,Overpass,0,-1,0.0,0.25,-15.75,0,9,-0.6153846153846154,-0.6153846153846154,-0.08012820512820512,0.009615384615384581,1.945910149055313,-0.0,-0.15384615384615385,-0.0
2727,1746,2025-09-09,Train,0,-1,0.0,0.25,-15.75,0,9,-1.3333333333333333,-1.3333333333333333,-0.11111111111111105,0.15972222222222227,0.8472978603872034,-0.0,-0.3333333333333333,-0.0
2729,1747,2025-09-09,Dust2,0,-1,-371.0,-1.0,174.8,0,-3,-1.1219309196837286,-1.6666666666666665,-0.14583333333333337,0.08017676767676774,-1.5804503755608483,416.2363712026633,1.6666666666666665,-64850.8
2726,1746,2025-09-09,Nuke,0,1,0.0,0.25,-15.75,0,9,1.2824427480916032,1.2727272727272727,0.19345238095238093,-0.1547619047619047,2.0149030205422647,0.0,0.3181818181818182,-0.0
2700,1734,2025-09-10,Mirage,0,-1,0.0,-0.8,-138.1,0,-1,-0.2092181846783074,0.0,-0.040692007797270946,-0.005847953216374213,-0.693147180559945,-0.0,-0.0,-0.0
2701,1734,2025-09-10,Overpass,0,-1,0.0,-0.8,-138.1,0,-1,-1.5,-1.5,-0.09375,0.20833333333333331,-0.916290731874155,-0.0,1.2000000000000002,-0.0
2702,1735,2025-09-10,Dust2,0,1,0.0,1.2,0.0,0,11,1.0505050505050506,1.0588235294117647,-0.005952380952380931,-0.13690476190476192,2.3978952727983707,0.0,1.2705882352941176,0.0
2703,1735,2025-09-10,Mirage,0,1,0.0,1.2,0.0,0,11,1.4444444444444446,1.3846153846153846,0.3611111111111111,-0.18888888888888883,2.0794415416798357,0.0,1.6615384615384614,0.0
2705,1737,2025-09-10,Train,0,-1,0.0,0.2,-197.1,0,13,-0.01248137108792842,-0.2,0.02173913043478265,0.040372670807453326,1.09861228866811,-0.0,-0.04000000000000001,-0.0
2706,1737,2025-09-10,Dust2,0,1,0.0,0.2,-197.1,0,13,0.9815546772068513,1.4666666666666668,0.1464646464646464,-0.0883838383838384,0.9614111671546248,0.0,0.2933333333333334,-0.0
2704,1736,2025-09-10,Default,0,-1,42.0,-1.3333333333333333,10.633333333333333,0,2,-2.0,-2.0,-0.041666666666666664,0.041666666666666664,1.252762968495368,-84.0,2.6666666666666665,446.59999999999997
2708,1738,2025-09-10,Inferno,0,1,0.0,-0.9142857142857144,0.0,0,-10,-0.14150943396226418,-0.17647058823529413,-0.05706521739130438,0.14945652173913043,-2.079441541679836,-0.0,0.1613445378151261,0.0
2709,1738,2025-09-10,Overpass,0,-1,0.0,-0.9142857142857144,0.0,0,-10,-1.4285714285714286,-1.4285714285714286,-0.16369047619047622,0.20833333333333331,-1.6094379124341003,-0.0,1.306122448979592,0.0
2710,1738,2025-09-10,Mirage,0,-1,0.0,-0.9142857142857144,0.0,0,-10,-1.4444444444444446,-1.3846153846153846,-0.02777777777777779,0.18888888888888883,-2.0794415416798357,-0.0,1.265934065934066,0.0
2711,1740,2025-09-10,Train,0,1,0.0,1.2,11.0,0,6,1.4029850746268657,1.3333333333333333,0.48214285714285715,-0.21428571428571425,1.3862943611198904,0.0,1.5999999999999999,0.0
2712,1740,2025-09-10,Mirage,0,1,0.0,1.2,11.0,0,6,1.4814814814814814,2.0,0.5277777777777778,-0.11111111111111105,0.6931471805599453,0.0,2.4,0.0
2713,1741,2025-09-10,Nuke,0,1,0.0,-0.06666666666666671,85.4,0,0,0.7384615384615385,0.6666666666666667,0.109375,-0.04166666666666663,1.5040773967762742,0.0,-0.044444444444444474,0.0
2714,1741,2025-09-10,Ancient,0,-1,0.0,-0.06666666666666671,85.4,0,0,-1.8292682926829271,-2.0,-0.1833333333333333,0.10000000000000003,1.7047480922384253,-0.0,0.13333333333333341,0.0
2715,1741,2025-09-10,Inferno,0,1,0.0,-0.06666666666666671,85.4,0,0,1.263157894736842,2.0,0.375,-0.04166666666666663,1.0986122886681096,0.0,-0.13333333333333341,0.0
2707,1737,2025-09-10,Ancient,0,-1,0.0,0.2,-197.1,0,13,-0.7854406130268199,-1.0,-0.08982683982683981,0.04545454545454547,1.4469189829363258,-0.0,-0.2,-0.0
2689,1729,2025-09-11,Mirage,0,-1,0.0,-1.0,68.0,0,-6,-0.4385724717050019,-0.43333333333333335,-0.01728395061728394,0.08379629629629626,-0.9343092373768331,-0.0,0.43333333333333335,0.0
2684,1727,2025-09-11,Ancient,0,-1,0.0,0.0,21.0,0,-13,-1.011070110701107,-1.0909090909090908,-0.05514705882352944,0.08088235294117646,-2.862200880929468,-0.0,-0.0,0.0
2685,1727,2025-09-11,Dust2,0,1,0.0,0.0,21.0,0,-13,-0.35664335664335667,-0.375,-0.037990196078431404,0.17034313725490197,-2.456735772821304,-0.0,-0.0,0.0
2686,1727,2025-09-11,Train,0,1,0.0,0.0,21.0,0,-13,0.956989247311828,1.3333333333333333,0.06597222222222221,-0.1840277777777778,-2.120263536200091,0.0,0.0,0.0
2687,1728,2025-09-11,Inferno,0,-1,87.0,-0.8,194.3,0,-1,-0.3427120795430506,-1.2666666666666666,0.04088345864661652,-0.007205513784461159,-0.2876820724517808,-29.815950920245403,1.0133333333333334,16904.100000000002
2688,1728,2025-09-11,Mirage,0,-1,87.0,-0.8,194.3,0,-1,-0.5661987338287917,-0.7012987012987013,-0.057870370370370405,0.06041666666666662,-0.7419373447293771,-49.25928984310488,0.5610389610389611,16904.100000000002
2690,1729,2025-09-11,Train,0,-1,0.0,-1.0,68.0,0,-6,-1.474074074074074,-1.5,-0.08750000000000002,0.1430555555555556,-2.0476928433652555,-0.0,1.5,0.0
2694,1731,2025-09-11,Ancient,0,1,-318.0,0.2,63.599999999999994,0,-2,0.08216364258815481,0.06666666666666665,-0.020687645687645695,-0.04538170163170169,-1.1676051601550612,-26.12803834303323,0.01333333333333333,-20224.8
2692,1730,2025-09-11,Train,0,1,0.0,0.2,-85.3,0,1,1.1570247933884297,1.4,0.1875,-0.13141025641025633,1.0296194171811581,0.0,0.27999999999999997,-0.0
2693,1730,2025-09-11,Inferno,0,-1,0.0,0.2,-85.3,0,1,-0.10148067894546775,-0.6000000000000001,0.060185185185185175,0.02314814814814814,0.7472144018302207,-0.0,-0.12000000000000002,-0.0
2695,1731,2025-09-11,Train,0,1,-318.0,0.2,63.599999999999994,0,-2,0.6838551258440762,0.6666666666666667,0.09217171717171713,0.023358585858585856,-0.8329091229351038,-217.4659300184162,0.13333333333333336,-20224.8
2696,1732,2025-09-11,Mirage,0,-1,0.0,-1.4,-64.1,0,-6,-1.0,-1.0,-0.1117424242424242,0.13825757575757575,-2.4423470353692043,-0.0,1.4,-0.0
2697,1732,2025-09-11,Dust2,0,-1,0.0,-1.4,-64.1,0,-6,-1.3125,-1.5555555555555556,-0.08333333333333331,0.168859649122807,-2.3025850929940455,-0.0,2.1777777777777776,-0.0
2698,1733,2025-09-11,Inferno,0,1,0.0,1.4,64.1,0,6,1.0833333333333333,0.8888888888888888,0.00462962962962965,-0.10802469135802467,2.6390573296152584,0.0,1.2444444444444442,0.0
2699,1733,2025-09-11,Dust2,0,1,0.0,1.4,64.1,0,6,1.3125,1.5555555555555556,0.16666666666666663,-0.168859649122807,1.897119984885881,0.0,2.1777777777777776,0.0
2691,1730,2025-09-11,Nuke,0,-1,0.0,0.2,-85.3,0,1,-0.5107212475633529,-0.3333333333333333,-0.10648148148148151,0.09490740740740744,0.998528830111127,-0.0,-0.06666666666666667,-0.0
2667,801,2025-09-12,Inferno,1,-1,26.0,-0.4,249.39999999999998,0,-1,-0.35509879627526686,-0.14285714285714285,-0.07328869047619047,-0.002232142857142849,-0.1251631429540061,-9.232568703156938,0.05714285714285714,6484.4
2666,800,2025-09-12,Nuke,1,-1,185.0,-0.19999999999999996,75.39999999999999,0,-3,0.06553493880773788,0.1333333333333333,0.024918300653594794,-0.08353758169934639,-0.3254224004346278,12.123963679431508,-0.026666666666666655,13948.999999999998
2665,800,2025-09-12,Ancient,1,1,185.0,-0.19999999999999996,75.39999999999999,0,-3,0.5537037037037038,0.45,0.08906249999999993,0.003645833333333348,0.06062462181643502,102.4351851851852,-0.08999999999999998,13948.999999999998
2664,800,2025-09-12,Inferno,1,-1,185.0,-0.19999999999999996,75.39999999999999,0,-3,-0.46596799639395997,-1.0,-0.01157407407407407,-0.005291005291005235,-0.2363887780642302,-86.2040793328826,0.19999999999999996,13948.999999999998
2660,798,2025-09-12,Dust2,1,1,138.0,0.4,-84.5,0,0,0.7133872416891287,0.9142857142857144,0.08504273504273507,-0.05833333333333335,-0.13353139262452274,98.44743935309977,0.36571428571428577,-11661.0
2662,799,2025-09-12,Mirage,1,1,440.0,1.0,267.70000000000005,0,-1,0.46153846153846156,1.0,0.07775297619047616,-0.054687500000000056,-0.1251631429540061,203.0769230769231,1.0,117788.00000000001
2661,798,2025-09-12,Overpass,1,1,138.0,0.4,-84.5,0,0,1.5,1.5,0.15624999999999994,-0.21875,-0.2231435513142097,207.0,0.6000000000000001,-11661.0
2659,798,2025-09-12,Nuke,1,-1,138.0,0.4,-84.5,0,0,-0.5727272727272728,-0.717948717948718,-0.1106481481481481,0.05740740740740741,-1.1526795099383853,-79.03636363636365,-0.2871794871794872,-11661.0
2668,801,2025-09-12,Ancient,1,-1,26.0,-0.4,249.39999999999998,0,-1,-0.34969818913480893,-0.45714285714285713,-0.07199754901960786,-0.03492647058823528,0.693147180559945,-9.092152917505032,0.18285714285714286,6484.4
2663,799,2025-09-12,Ancient,1,1,440.0,1.0,267.70000000000005,0,-1,1.4343434343434347,2.0,0.1572420634920635,-0.13095238095238093,-0.14310084364067333,631.1111111111113,2.0,117788.00000000001
2669,1720,2025-09-12,Nuke,0,1,0.0,-0.2,7.4,0,-11,-0.19752597723899062,-0.40909090909090906,0.031089743589743646,0.09935897435897434,-1.5040773967762742,-0.0,0.08181818181818182,0.0
2681,1725,2025-09-12,Inferno,0,-1,0.0,-0.8,-34.5,0,-1,-1.4166666666666665,-2.0,-0.18749999999999994,0.062499999999999944,-0.8472978603872034,-0.0,1.6,-0.0
2671,1720,2025-09-12,Mirage,0,-1,0.0,-0.2,7.4,0,-11,-0.3618181818181818,-0.5098039215686274,-0.10390624999999998,0.036458333333333315,-1.7047480922384253,-0.0,0.10196078431372549,0.0
2670,1720,2025-09-12,Ancient,0,-1,0.0,-0.2,7.4,0,-11,-0.25937809929409017,-0.6666666666666666,-0.021428571428571463,-0.00833333333333336,-1.5040773967762742,-0.0,0.13333333333333333,0.0
2682,1726,2025-09-12,Dust2,0,1,561.0,1.4,-342.2,0,3,1.3107344632768363,1.2,0.2876984126984127,-0.1547619047619047,2.3978952727983707,735.3220338983051,1.68,-191974.19999999998
2680,1725,2025-09-12,Overpass,0,-1,0.0,-0.8,-34.5,0,-1,-2.0,-2.0,-0.125,0.125,0.0,-0.0,1.6,-0.0
2679,1724,2025-09-12,Nuke,0,1,0.0,1.4,11.0,0,7,1.120689655172414,1.0,0.34226190476190477,-0.11011904761904756,2.0149030205422647,0.0,1.4,0.0
2678,1724,2025-09-12,Train,0,1,0.0,1.4,11.0,0,7,1.4805194805194806,1.4285714285714286,0.28125,-0.22916666666666663,1.5040773967762742,0.0,2.0,0.0
2683,1726,2025-09-12,Inferno,0,1,561.0,1.4,-342.2,0,3,0.8820960698689957,0.8888888888888888,0.36166666666666664,-0.11499999999999994,2.5649493574615367,494.8558951965066,1.2444444444444442,-191974.19999999998
2676,1723,2025-09-12,Overpass,0,1,0.0,0.8,-46.7,0,-6,2.0,2.0,0.22222222222222215,-0.08333333333333331,-0.6931471805599453,0.0,1.6,-0.0
2675,1722,2025-09-12,Train,0,1,35.0,-0.2,34.55882352941177,0,-13,1.25,1.25,0.10416666666666663,-0.11458333333333331,-1.5040773967762742,43.75,-0.25,1209.558823529412
2674,1722,2025-09-12,Dust2,0,1,35.0,-0.2,34.55882352941177,0,-13,0.0,0.0,0.05113636363636359,0.04734848484848486,-2.0368819272610397,0.0,-0.0,1209.558823529412
2673,1721,2025-09-12,Train,0,-1,0.0,-0.6000000000000001,5.6,0,-12,0.5833333333333333,0.5833333333333333,0.020833333333333315,-0.07291666666666663,-0.810930216216329,0.0,-0.35000000000000003,0.0
2672,1721,2025-09-12,Mirage,0,-1,0.0,-0.6000000000000001,5.6,0,-12,-1.4805194805194806,-1.4285714285714286,-0.26041666666666663,0.19010416666666663,-1.7346010553881064,-0.0,0.8571428571428573,0.0
2677,1723,2025-09-12,Mirage,0,1,0.0,0.8,-46.7,0,-6,1.0515463917525774,1.0909090909090908,0.13949275362318836,-0.03442028985507245,-2.4849066497880004,0.0,0.8727272727272727,-0.0
2641,795,2025-09-13,Dust2,1,1,190.0,1.0,498.70000000000005,0,5,0.7644124168514415,0.5833333333333333,0.12708333333333327,-0.03541666666666665,0.6466271649250523,145.23835920177387,0.5833333333333333,94753.00000000001
2640,794,2025-09-13,Dust2,1,1,0.0,0.6000000000000001,94.1,0,-10,-0.7313915857605179,-0.8333333333333333,-0.12856125356125359,0.059294871794871806,-0.9718605830289659,-0.0,-0.5,0.0
2639,794,2025-09-13,Train,1,1,0.0,0.6000000000000001,94.1,0,-10,0.3043217286914766,0.9285714285714286,0.01208333333333328,-0.09895833333333331,-1.0608719606852626,0.0,0.5571428571428573,0.0
2638,793,2025-09-13,Mirage,1,1,150.0,0.6000000000000001,269.5,0,2,0.3770491803278688,0.75,0.059523809523809534,0.011904761904761973,0.6286086594223743,56.557377049180324,0.45000000000000007,40425.0
2637,793,2025-09-13,Nuke,1,1,150.0,0.6000000000000001,269.5,0,2,0.07936507936507939,0.14285714285714285,0.03611111111111115,0.030555555555555614,-0.3746934494414105,11.904761904761909,0.08571428571428573,40425.0
2634,792,2025-09-13,Dust2,1,-1,491.0,0.4,-175.10000000000002,0,3,0.3072946042489191,0.0,0.04393115942028991,-0.07533212560386476,0.613104472886409,150.88165068621927,0.0,-85974.1
2635,792,2025-09-13,Inferno,1,1,491.0,0.4,-175.10000000000002,0,3,0.5288702928870294,0.5473684210526315,0.041987179487179505,-0.0887820512820513,0.8979415932059585,259.67531380753144,0.2189473684210526,-85974.1
2633,791,2025-09-13,Dust2,1,-1,0.0,-1.2000000000000002,18.5,0,-2,0.38482613277133826,0.2222222222222222,0.003370098039215619,-0.1268382352941177,-0.693147180559945,0.0,-0.2666666666666667,0.0
2632,791,2025-09-13,Train,1,-1,0.0,-1.2000000000000002,18.5,0,-2,-0.43448879989988737,-0.9545454545454546,0.008928571428571508,0.193452380952381,-0.6286086594223743,-0.0,1.1454545454545457,0.0
2642,795,2025-09-13,Inferno,1,1,190.0,1.0,498.70000000000005,0,5,0.8033769063180829,0.75,0.11458333333333331,-0.0642361111111111,1.4469189829363256,152.64161220043576,0.75,94753.00000000001
2636,792,2025-09-13,Train,1,1,491.0,0.4,-175.10000000000002,0,3,0.5632262474367737,0.2857142857142857,-0.018229166666666685,-0.21354166666666663,0.6359887667199966,276.5440874914559,0.11428571428571428,-85974.1
2643,796,2025-09-13,Train,1,-1,0.0,0.6,0.0,0,7,-0.5765124555160142,-0.631578947368421,-0.01432291666666663,0.06380208333333331,2.803360380906535,-0.0,-0.3789473684210526,0.0
2651,1716,2025-09-13,Nuke,0,-1,-195.0,-0.5428571428571429,37.35714285714286,0,10,-1.1199999999999999,-1.1666666666666667,-0.09722222222222221,-0.012345679012345623,2.6390573296152584,218.39999999999998,0.6333333333333334,-7284.642857142858
2645,796,2025-09-13,Dust2,1,1,0.0,0.6,0.0,0,7,1.2054794520547945,1.3333333333333333,-0.17892156862745096,-0.37499999999999994,2.197224577336219,0.0,0.7999999999999999,0.0
2644,796,2025-09-13,Ancient,1,1,0.0,0.6,0.0,0,7,0.9714285714285714,0.8571428571428572,-0.06597222222222227,-0.2222222222222222,2.525728644308255,0.0,0.5142857142857143,0.0
2657,1719,2025-09-13,Dust2,0,-1,561.0,-1.0,-456.8,0,5,-0.8223350253807106,-1.0,-0.0706521739130434,0.35869565217391297,2.4849066497880004,-461.32994923857865,1.0,-256264.80000000002
2656,1718,2025-09-13,Default,0,-1,0.0,-0.3111111111111111,7.0,0,-12,-1.3333333333333333,-1.3333333333333333,-0.027777777777777776,0.027777777777777776,-0.6931471805599453,-0.0,0.4148148148148148,0.0
2654,1718,2025-09-13,Overpass,0,-1,0.0,-0.3111111111111111,7.0,0,-12,-1.4666666666666668,-1.4666666666666668,-0.022222222222222254,0.14166666666666666,-2.0794415416798357,-0.0,0.45629629629629637,0.0
2653,1717,2025-09-13,Train,0,1,0.0,0.6422535211267606,-28.690140845070424,0,8,1.4234875444839858,1.368421052631579,0.23567708333333331,-0.10286458333333331,2.803360380906535,0.0,0.8788732394366198,-0.0
2652,1717,2025-09-13,Dust2,0,1,0.0,0.6422535211267606,-28.690140845070424,0,8,0.46473871131405375,0.3333333333333333,0.08496732026143794,-0.05555555555555558,1.504077396776274,0.0,0.2140845070422535,-0.0
2655,1718,2025-09-13,Inferno,0,1,0.0,-0.3111111111111111,7.0,0,-12,0.9099099099099099,0.8888888888888888,0.1701388888888889,0.11805555555555552,-2.525728644308255,0.0,-0.2765432098765432,0.0
2650,1716,2025-09-13,Mirage,0,-1,-195.0,-0.5428571428571429,37.35714285714286,0,10,-0.23859649122807017,-0.2222222222222222,-0.030303030303030276,0.10606060606060608,2.1400661634962708,46.526315789473685,0.12063492063492065,-7284.642857142858
2649,1716,2025-09-13,Dust2,0,1,-195.0,-0.5428571428571429,37.35714285714286,0,10,1.3333333333333333,1.3333333333333333,0.09490740740740744,-0.14583333333333331,2.512305623976115,-260.0,-0.7238095238095239,-7284.642857142858
2648,797,2025-09-13,Dust2,1,-1,-15.0,0.0,86.6,0,-2,-0.39592944369063765,-1.0,-0.0626750700280112,0.03746498599439779,0.8109302162163288,5.938941655359565,-0.0,-1299.0
2647,797,2025-09-13,Mirage,1,-1,-15.0,0.0,86.6,0,-2,0.41816049589545995,0.45,0.046354166666666696,-0.039583333333333304,0.4353180712578455,-6.272407438431899,0.0,-1299.0
2646,797,2025-09-13,Nuke,1,1,-15.0,0.0,86.6,0,-2,0.300074128984433,0.6,-0.02083333333333326,0.030776515151515138,-0.2876820724517808,-4.501111934766494,0.0,-1299.0
2658,1719,2025-09-13,Nuke,0,-1,561.0,-1.0,-456.8,0,5,-1.1095890410958904,-1.3333333333333333,-0.15196078431372545,0.4068627450980392,2.197224577336219,-622.4794520547945,1.3333333333333333,-256264.80000000002
2606,782,2025-09-14,Overpass,1,1,371.0,0.0,-590.3,0,-1,2.0,2.0,0.24999999999999994,-0.02083333333333326,-0.4054651081081645,742.0,0.0,-219001.3
2611,784,2025-09-14,Ancient,1,-1,0.0,-1.4,-15.0,0,-3,-0.847457627118644,-1.1111111111111112,-0.27884615384615385,-0.01602564102564108,-1.945910149055313,-0.0,1.5555555555555556,-0.0
2610,784,2025-09-14,Train,1,-1,0.0,-1.4,-15.0,0,-3,-0.6818181818181819,-1.0,-0.2375,0.09583333333333333,-1.7047480922384253,-0.0,1.4,-0.0
2609,783,2025-09-14,Train,1,1,0.0,0.0,111.3,0,-3,0.11014618613402813,-0.19047619047619047,0.07803030303030306,0.08131313131313128,-0.2876820724517808,0.0,-0.0,0.0
2608,783,2025-09-14,Dust2,1,-1,0.0,0.0,111.3,0,-3,-0.5543517515348501,-1.2,-0.09432870370370372,-0.010416666666666685,-0.7472144018302207,-0.0,-0.0,0.0
2607,783,2025-09-14,Nuke,1,1,0.0,0.0,111.3,0,-3,0.12208597224093795,0.375,0.03771929824561404,-0.015350877192982448,-1.203972804325936,0.0,0.0,0.0
2605,782,2025-09-14,Inferno,1,1,371.0,0.0,-590.3,0,-1,-0.4664686141827584,-0.5555555555555556,-0.10357661583151784,0.03313362381989837,0.4418327522790393,-173.05985586180338,-0.0,-219001.3
2598,779,2025-09-14,Train,1,-1,0.0,0.4,-111.3,0,6,0.15861081274615096,0.30158730158730157,-0.0277777777777779,-0.05050505050505055,1.0414538748281612,0.0,0.12063492063492064,-0.0
2603,781,2025-09-14,Mirage,1,-1,-2.0,0.0,55.599999999999994,0,0,0.4949110722730544,0.2,0.07107843137254899,-0.055759803921568596,0.693147180559945,-0.9898221445461088,0.0,-111.19999999999999
2602,781,2025-09-14,Dust2,1,1,-2.0,0.0,55.599999999999994,0,0,0.13373015873015878,-0.23809523809523808,-0.0209694989106754,-0.04289215686274511,0.054067221270275745,-0.26746031746031756,-0.0,-111.19999999999999
2601,780,2025-09-14,Train,1,1,-50.0,1.0,15.0,0,3,0.6818181818181819,1.0,-0.09583333333333333,-0.09583333333333333,1.7047480922384253,-34.09090909090909,1.0,-750.0
2600,780,2025-09-14,Inferno,1,-1,-50.0,1.0,15.0,0,3,-1.3333333333333335,-1.3333333333333333,-0.11458333333333331,0.17361111111111105,1.8718021769015913,66.66666666666667,-1.3333333333333333,-750.0
2599,780,2025-09-14,Nuke,1,1,-50.0,1.0,15.0,0,3,1.608695652173913,1.6363636363636362,0.2722222222222222,-0.08888888888888885,1.6739764335716714,-80.43478260869566,1.6363636363636362,-750.0
2597,779,2025-09-14,Inferno,1,-1,0.0,0.4,-111.3,0,6,-0.09843400447427289,-0.3333333333333333,-0.08088235294117646,-0.12254901960784315,1.504077396776274,-0.0,-0.13333333333333333,-0.0
2596,779,2025-09-14,Dust2,1,1,0.0,0.4,-111.3,0,6,0.8866795544508883,1.5555555555555556,0.11747685185185186,-0.06597222222222221,0.7472144018302207,0.0,0.6222222222222222,-0.0
2604,781,2025-09-14,Nuke,1,-1,-2.0,0.0,55.599999999999994,0,0,0.33333333333333337,0.3333333333333333,0.07118055555555558,0.017361111111111105,-0.5306282510621703,-0.6666666666666667,0.0,-111.19999999999999
2612,785,2025-09-14,Dust2,1,1,5.0,0.2,67.5,0,0,0.8700564971751412,0.7777777777777777,0.19284188034188038,-0.1127136752136752,-0.6931471805599452,4.350282485875706,0.15555555555555556,337.5
2614,786,2025-09-14,Nuke,1,1,0.0,1.4,15.0,0,3,1.608695652173913,1.6363636363636362,0.48055555555555557,-0.08888888888888885,2.0794415416798357,0.0,2.2909090909090906,0.0
2615,786,2025-09-14,Dust2,1,1,0.0,1.4,15.0,0,3,1.0588235294117647,1.3333333333333333,0.2986111111111111,-0.12499999999999994,1.252762968495368,0.0,1.8666666666666665,0.0
2631,1715,2025-09-14,Nuke,0,1,0.0,2.0,0.0,0,8,1.1904761904761905,1.1428571428571428,0.5111111111111112,-0.1388888888888889,2.0794415416798357,0.0,2.2857142857142856,0.0
2630,1715,2025-09-14,Mirage,0,1,0.0,2.0,0.0,0,8,1.6216216216216215,2.0,0.5208333333333334,-0.20833333333333331,0.916290731874155,0.0,4.0,0.0
2629,1714,2025-09-14,Nuke,0,-1,53.0,0.6000000000000001,58.8,0,3,0.5866666666666667,0.5964912280701754,0.08159722222222227,0.0,1.83258146374831,31.093333333333334,0.3578947368421053,3116.3999999999996
2613,785,2025-09-14,Inferno,1,1,5.0,0.2,67.5,0,0,0.4793145654834763,0.6666666666666666,0.04671717171717171,-0.09116161616161611,0.2876820724517808,2.3965728274173816,0.13333333333333333,337.5
2627,1714,2025-09-14,Ancient,0,-1,53.0,0.6000000000000001,58.8,0,3,-0.8759124087591241,-0.9230769230769231,-0.10119047619047616,0.32738095238095244,2.0149030205422647,-46.42335766423358,-0.553846153846154,3116.3999999999996
2626,1713,2025-09-14,Inferno,0,1,0.0,2.0,0.0,0,8,1.0714285714285714,1.1428571428571428,0.11029411764705876,-0.14705882352941174,2.197224577336219,0.0,2.2857142857142856,0.0
2625,1713,2025-09-14,Ancient,0,1,0.0,2.0,0.0,0,8,1.5744680851063833,1.5,0.3125,-0.21666666666666662,1.7047480922384253,0.0,3.0,0.0
2624,790,2025-09-14,Ancient,1,1,296.0,1.0,6.799999999999983,0,0,0.5735449735449735,0.42857142857142855,0.1111111111111111,-0.0106209150326797,1.504077396776274,169.76931216931214,0.42857142857142855,2012.799999999995
2628,1714,2025-09-14,Dust2,0,1,53.0,0.6000000000000001,58.8,0,3,1.3485714285714285,1.2857142857142856,0.09978070175438603,-0.21765350877192974,1.3862943611198906,71.47428571428571,0.7714285714285715,3116.3999999999996
2622,789,2025-09-14,Dust2,1,-1,-113.0,0.2,-210.50000000000003,0,-1,-0.0815329979283812,-0.5,0.005809294871794879,0.15584935897435898,-0.19415601444095776,9.213228765907076,-0.1,23786.500000000004
2621,789,2025-09-14,Ancient,1,-1,-113.0,0.2,-210.50000000000003,0,-1,-0.7969796123835893,-0.9393939393939393,-0.10692401960784315,0.006740196078431404,-0.05715841383994835,90.05869619934559,-0.18787878787878787,23786.500000000004
2620,789,2025-09-14,Nuke,1,1,-113.0,0.2,-210.50000000000003,0,-1,0.18561872909699,0.6000000000000001,-0.05197811447811446,-0.0018939393939393367,0.4595323293784399,-20.974916387959873,0.12000000000000002,23786.500000000004
2619,788,2025-09-14,Train,1,-1,-244.0,-0.6000000000000001,-22.69999999999999,0,0,-0.8807471264367815,-1.3333333333333333,-0.12797619047619047,0.08234126984126983,-0.13353139262452252,214.9022988505747,0.8,5538.799999999997
2618,788,2025-09-14,Ancient,1,-1,-244.0,-0.6000000000000001,-22.69999999999999,0,0,-0.9637469586374698,-1.3333333333333333,-0.08333333333333331,0.12352941176470589,-0.11778303565638337,235.15425790754264,0.8,5538.799999999997
2617,787,2025-09-14,Ancient,1,1,0.0,0.6000000000000001,-78.4,0,6,-0.47231478199220134,-0.47619047619047616,-0.1085416666666667,0.012708333333333321,1.0608719606852626,-0.0,-0.28571428571428575,-0.0
2616,787,2025-09-14,Mirage,1,1,0.0,0.6000000000000001,-78.4,0,6,0.078125,0.1,-0.034722222222222265,-0.048611111111111105,1.421385680931161,0.0,0.06000000000000001,-0.0
2623,790,2025-09-14,Dust2,1,1,296.0,1.0,6.799999999999983,0,0,0.8418367346938778,0.8571428571428571,0.08012820512820512,0.00874125874125875,0.15415067982725805,249.18367346938783,0.8571428571428571,2012.799999999995
2580,775,2025-09-15,Overpass,1,1,36.0,0.2,26.30000000000001,0,0,0.0,0.0,-0.041666666666666685,0.06944444444444448,0.0,0.0,0.0,946.8000000000004
2579,774,2025-09-15,Ancient,1,-1,-103.0,-0.6000000000000001,-470.0,0,-4,-0.6025910364145659,-0.42857142857142855,-0.07043650793650802,0.012896825396825351,-0.7621400520468968,62.06687675070029,0.2571428571428572,48410.0
2578,774,2025-09-15,Train,1,-1,-103.0,-0.6000000000000001,-470.0,0,-4,-0.8333333333333333,-0.8333333333333333,-0.1597222222222222,0.1840277777777778,-0.2231435513142097,85.83333333333333,0.5,48410.0
2577,773,2025-09-15,Dust2,1,1,216.0,0.8,164.79999999999995,0,-3,0.027507092635993574,-0.5333333333333333,-0.029718137254901966,-0.002297794117647023,-0.05715841383994835,5.941532009374612,-0.4266666666666667,35596.79999999999
2573,771,2025-09-15,Inferno,1,-1,170.0,-0.2,-35.80000000000001,0,0,0.21743240688220844,-0.08333333333333331,-0.008333333333333415,-0.047222222222222276,0.0,36.96350916997544,0.016666666666666663,-6086.000000000002
2575,772,2025-09-15,Dust2,1,1,-179.0,0.2,153.20000000000002,0,-5,0.05164084624354495,0.41025641025641024,0.044394841269841334,0.09077380952380953,-0.5108256237659905,-9.243711477594546,0.08205128205128205,-27422.800000000003
2574,772,2025-09-15,Inferno,1,1,-179.0,0.2,153.20000000000002,0,-5,-0.05264250425540749,0.38095238095238093,0.03125,0.041666666666666685,-0.8023464725249374,9.423008261717941,0.0761904761904762,-27422.800000000003
2581,775,2025-09-15,Inferno,1,-1,36.0,0.2,26.30000000000001,0,0,0.2666366906474821,0.2222222222222222,0.0753837719298246,0.05756578947368424,0.1625189294977747,9.598920863309354,0.044444444444444446,946.8000000000004
2576,773,2025-09-15,Nuke,1,1,216.0,0.8,164.79999999999995,0,-3,0.45923632610939125,1.3333333333333333,0.031250000000000056,-0.04722222222222222,0.2076393647782444,99.19504643962851,1.0666666666666667,35596.79999999999
2582,775,2025-09-15,Dust2,1,-1,36.0,0.2,26.30000000000001,0,0,-0.6218487394957983,-0.8571428571428572,-0.0892857142857143,0.15773809523809523,0.6286086594223743,-22.386554621848738,-0.17142857142857146,946.8000000000004
2572,771,2025-09-15,Mirage,1,-1,170.0,-0.2,-35.80000000000001,0,0,-0.08109719737626722,-0.04999999999999999,0.0,-0.0222222222222222,0.47000362924573524,-13.786523553965427,0.009999999999999998,-6086.000000000002
2584,776,2025-09-15,Dust2,1,-1,-2.0,0.0,170.39999999999998,0,0,-0.1617288961038962,0.22857142857142854,-0.012844611528822047,0.05310150375939848,-0.2876820724517808,0.3234577922077924,0.0,-340.79999999999995
2595,1712,2025-09-15,Ancient,0,-1,0.0,0.35,0.0,0,8,-0.5769230769230769,-0.6666666666666667,-0.06818181818181818,-0.07196969696969696,1.791759469228055,-0.0,-0.23333333333333334,0.0
2583,776,2025-09-15,Ancient,1,1,-2.0,0.0,170.39999999999998,0,0,0.4942279942279942,1.1428571428571428,0.01437621832358671,-0.01315789473684209,-0.693147180559945,-0.9884559884559884,0.0,-340.79999999999995
2593,1712,2025-09-15,Inferno,0,1,0.0,0.35,0.0,0,8,0.3925925925925926,0.25,0.10416666666666674,-0.02777777777777779,1.5581446180465497,0.0,0.0875,0.0
2592,1711,2025-09-15,Dust2,0,1,0.0,0.7333333333333334,-7.0,0,13,0.36589147286821705,0.3333333333333333,0.022342995169082114,-0.10809178743961356,1.7917594692280552,0.0,0.24444444444444446,-0.0
2591,1711,2025-09-15,Default,0,1,0.0,0.7333333333333334,-7.0,0,13,1.5,1.5,0.03125,-0.03125,0.916290731874155,0.0,1.1,-0.0
2594,1712,2025-09-15,Dust2,0,-1,0.0,0.35,0.0,0,8,-1.1707317073170733,-1.0,-0.1916666666666666,0.2777777777777778,2.0794415416798357,-0.0,-0.35,0.0
2589,778,2025-09-15,Dust2,1,1,0.0,0.19999999999999996,16.500000000000014,0,0,0.3387096774193549,0.0,0.019965277777777735,-0.013020833333333315,0.2682639865946794,0.0,0.0,0.0
2588,777,2025-09-15,Ancient,1,-1,-247.0,-0.6000000000000001,34.900000000000006,0,-1,-0.026666666666666672,-0.16666666666666669,-0.011574074074074014,0.01388888888888895,-0.6418538861723944,6.586666666666668,0.10000000000000002,-8620.300000000001
2587,777,2025-09-15,Overpass,1,-1,-247.0,-0.6000000000000001,34.900000000000006,0,-1,-1.3333333333333333,-1.3333333333333333,-0.11805555555555552,0.11805555555555558,0.8472978603872034,329.3333333333333,0.8,-8620.300000000001
2586,777,2025-09-15,Mirage,1,1,-247.0,-0.6000000000000001,34.900000000000006,0,-1,0.3248396293656449,0.6,0.05113636363636359,0.0135281385281385,-1.056052674249314,-80.2353884533143,-0.36000000000000004,-8620.300000000001
2585,776,2025-09-15,Mirage,1,1,-2.0,0.0,170.39999999999998,0,0,-0.474415853297841,0.14285714285714285,-0.04469373219373218,0.06659544159544156,-0.30538164955118186,0.948831706595682,0.0,-340.79999999999995
2590,778,2025-09-15,Train,1,1,0.0,0.19999999999999996,16.500000000000014,0,0,0.5862068965517242,0.6666666666666667,-0.035714285714285754,-0.05952380952380948,1.3862943611198904,0.0,0.13333333333333333,0.0
2560,767,2025-09-16,Mirage,1,-1,-21.0,-0.2,-16.5,0,-1,0.7211267605633804,0.4888888888888889,0.0691964285714286,-0.05654761904761907,-0.5108256237659905,-15.143661971830989,-0.09777777777777778,346.5
2554,765,2025-09-16,Mirage,1,1,157.0,0.8,43.29999999999998,0,0,0.03154399557277256,0.2222222222222222,0.0018939393939393923,-0.04379734848484845,0.3483066942682158,4.952407304925291,0.17777777777777778,6798.099999999998
2555,765,2025-09-16,Nuke,1,1,157.0,0.8,43.29999999999998,0,0,0.24560224089635851,0.42857142857142855,-0.019919590643274865,-0.0316154970760234,0.4307829160924541,38.55955182072829,0.34285714285714286,6798.099999999998
2556,766,2025-09-16,Inferno,1,1,487.0,0.4,-106.80000000000001,0,3,0.05668446208457947,-0.14285714285714285,-0.0448096264367816,-0.07929238505747122,0.5679840376059393,27.605333035190203,-0.05714285714285714,-52011.600000000006
2557,766,2025-09-16,Dust2,1,1,487.0,0.4,-106.80000000000001,0,3,0.5490454246214616,0.7142857142857143,0.05435185185185187,-0.0771296296296296,0.3136575588550419,267.3851217906518,0.28571428571428575,-52011.600000000006
2558,767,2025-09-16,Ancient,1,-1,-21.0,-0.2,-16.5,0,-1,-0.47172339855266693,-0.8571428571428572,-0.004166666666666652,0.033333333333333326,0.0,9.906191369606006,0.17142857142857146,346.5
2559,767,2025-09-16,Inferno,1,1,-21.0,-0.2,-16.5,0,-1,0.8280892103676916,0.7912087912087913,0.1129493464052288,-0.08210784313725494,0.3254224004346278,-17.389873417721525,-0.15824175824175826,346.5
2561,768,2025-09-16,Mirage,1,-1,-72.0,-0.4,120.80000000000001,0,1,-0.6105904404873478,-0.3434343434343434,-0.03442028985507245,0.10265700483091794,-0.4054651081081646,43.96251171508904,0.13737373737373737,-8697.6
2569,770,2025-09-16,Inferno,1,1,115.0,0.4,138.0,0,3,0.6152985716744106,0.6,0.10675381263616551,-0.042619825708061,0.054067221270275745,70.75933574255721,0.24,15870.0
2563,768,2025-09-16,Ancient,1,-1,-72.0,-0.4,120.80000000000001,0,1,-0.053061224489796,-0.12698412698412703,-0.02290448343079926,0.03228557504873292,-0.05129329438755059,3.820408163265312,0.050793650793650814,-8697.6
2564,769,2025-09-16,Train,1,-1,111.0,0.0,-50.8,0,0,0.5392156862745098,0.3333333333333333,0.19618055555555552,0.034722222222222265,-0.810930216216329,59.85294117647059,0.0,-5638.799999999999
2565,769,2025-09-16,Inferno,1,1,111.0,0.0,-50.8,0,0,-0.1777493606138107,0.2,0.0009469696969697239,0.12613636363636366,0.5596157879354227,-19.730179028132987,0.0,-5638.799999999999
2566,769,2025-09-16,Dust2,1,-1,111.0,0.0,-50.8,0,0,0.0823788036561379,-0.04999999999999999,0.02598039215686282,0.0326797385620915,-0.11778303565638337,9.144047205831306,-0.0,-5638.799999999999
2567,770,2025-09-16,Overpass,1,-1,115.0,0.4,138.0,0,3,-1.0,-1.0,-0.14236111111111105,0.16666666666666669,-0.2231435513142097,-115.0,-0.4,15870.0
2568,770,2025-09-16,Ancient,1,1,115.0,0.4,138.0,0,3,0.27100775193798465,0.5,0.054166666666666696,-0.0310185185185185,-0.17185025692665912,31.165891472868235,0.2,15870.0
2570,1710,2025-09-16,Mirage,0,1,0.0,0.0309278350515464,119.07216494845363,0,-15,-0.21951219512195133,-0.3333333333333333,-0.02450980392156865,0.11225490196078436,-1.0986122886681096,-0.0,-0.010309278350515465,0.0
2562,768,2025-09-16,Inferno,1,1,-72.0,-0.4,120.80000000000001,0,1,0.3160173160173161,0.6031746031746033,-0.01666666666666672,-0.005555555555555536,0.0,-22.753246753246756,-0.2412698412698413,-8697.6
2571,1710,2025-09-16,Inferno,0,1,0.0,0.0309278350515464,119.07216494845363,0,-15,0.4557522123893805,0.4411764705882353,0.02583333333333332,-0.06374999999999997,-1.6486586255873819,0.0,0.013644633110976353,0.0
2545,762,2025-09-17,Dust2,1,1,74.0,0.2,78.3,0,0,-0.1604741684359519,-0.16666666666666669,-0.02595029239766078,-0.02838693957115007,0.05129329438755059,-11.875088464260442,-0.03333333333333334,5794.2
2546,762,2025-09-17,Mirage,1,-1,74.0,0.2,78.3,0,0,0.11579296615792967,0.3333333333333333,0.04607843137254902,-0.0431372549019608,-0.49247648509779385,8.568679495686796,0.06666666666666667,5794.2
2548,763,2025-09-17,Overpass,1,1,169.0,0.4,-29.5,0,0,0.0,0.0,-0.04999999999999993,0.00833333333333336,0.0,0.0,0.0,-4985.5
2547,762,2025-09-17,Inferno,1,1,74.0,0.2,78.3,0,0,-0.28150281091457563,0.25,-0.018382352941176516,0.12908496732026148,0.3254224004346278,-20.831208007678597,0.05,5794.2
2550,764,2025-09-17,Ancient,1,-1,154.0,-0.6000000000000001,128.0,0,1,-0.43450567709775695,-0.75,-0.023125996810207328,0.05023923444976075,0.5108256237659905,-66.91387427305457,0.45000000000000007,19712.0
2551,764,2025-09-17,Dust2,1,-1,154.0,-0.6000000000000001,128.0,0,1,0.27113526570048313,0.09090909090909091,0.06944444444444453,-0.08333333333333337,0.17185025692665912,41.7548309178744,-0.05454545454545456,19712.0
2552,1709,2025-09-17,Inferno,0,-1,0.0,-0.23636363636363633,-236.09090909090907,0,15,-1.0,-1.0,-0.049679487179487114,0.016025641025641024,2.6026896854443837,-0.0,0.23636363636363633,-0.0
2553,1709,2025-09-17,Train,0,-1,0.0,-0.23636363636363633,-236.09090909090907,0,15,-1.3333333333333333,-1.3333333333333333,-0.1342592592592592,0.2870370370370371,1.2039728043259361,-0.0,0.31515151515151507,-0.0
2549,763,2025-09-17,Nuke,1,1,169.0,0.4,-29.5,0,0,0.5318624747196177,0.6095238095238096,0.05717592592592585,-0.08194444444444443,0.10008345855698275,89.8847582276154,0.24380952380952384,-4985.5
2531,1703,2025-09-18,Inferno,0,1,0.0,-0.1752577319587629,-3.0309278350515463,0,4,0.2692307692307693,0.0,-0.01388888888888895,-0.16898148148148145,1.8458266904983305,0.0,-0.0,-0.0
2524,759,2025-09-18,Ancient,1,-1,430.0,0.4,-170.5,0,0,-0.08925221120343073,-0.6428571428571428,0.012500000000000067,-0.020833333333333315,0.0,-38.37845081747521,-0.2571428571428571,-73315.0
2525,759,2025-09-18,Nuke,1,1,430.0,0.4,-170.5,0,0,-0.12400502723083365,0.8571428571428572,0.015625,-0.062499999999999944,0.5877866649021193,-53.32216170925847,0.3428571428571429,-73315.0
2526,759,2025-09-18,Inferno,1,1,430.0,0.4,-170.5,0,0,0.9198156682027651,1.1428571428571428,0.10416666666666663,-0.08333333333333331,1.2809338454620642,395.52073732718895,0.45714285714285713,-73315.0
2527,760,2025-09-18,Inferno,1,1,-8.0,0.11428571428571432,13.3,0,1,-0.5118110236220472,-0.6,0.0859375,0.07291666666666663,1.7346010553881064,4.094488188976378,-0.06857142857142859,-106.4
2528,760,2025-09-18,Train,1,1,-8.0,0.11428571428571432,13.3,0,1,0.6666666666666667,0.6666666666666667,-0.027777777777777735,-0.03645833333333326,2.120263536200091,-5.333333333333334,0.07619047619047623,-106.4
2529,761,2025-09-18,Train,1,-1,-306.0,-0.4,54.2,0,-2,-0.6760466712422788,-1.1111111111111112,-0.01328502415458932,0.10084541062801938,-0.613104472886409,206.87028140013732,0.4444444444444445,-16585.2
2530,761,2025-09-18,Inferno,1,-1,-306.0,-0.4,54.2,0,-2,-0.24229220307651686,-1.0545454545454545,-0.00027056277056275446,0.028499278499278524,-0.04445176257083361,74.14141414141416,0.4218181818181818,-16585.2
2532,1703,2025-09-18,Dust2,0,-1,0.0,-0.1752577319587629,-3.0309278350515463,0,4,-0.2790274937514201,-0.6,0.005116959064327464,-0.07017543859649122,1.6094379124341003,-0.0,0.10515463917525773,-0.0
2535,1704,2025-09-18,Nuke,0,1,37.0,0.45,117.95,0,-1,0.44939271255060736,0.5294117647058824,0.14880952380952384,0.06101190476190471,2.2686835413183646,16.627530364372472,0.23823529411764707,4364.150000000001
2534,1704,2025-09-18,Mirage,0,1,37.0,0.45,117.95,0,-1,0.9178743961352658,0.9230769230769231,0.2586805555555556,-0.11979166666666663,2.525728644308255,33.96135265700483,0.4153846153846154,4364.150000000001
2536,1705,2025-09-18,Train,0,1,0.0,0.2,3.7,0,-14,0.06666666666666671,0.06666666666666671,-0.047222222222222276,0.0,-1.01160091167848,0.0,0.013333333333333343,0.0
2537,1705,2025-09-18,Overpass,0,1,0.0,0.2,3.7,0,-14,0.625,0.625,0.062499999999999944,-0.033854166666666685,-1.7346010553881064,0.0,0.125,0.0
2538,1706,2025-09-18,Overpass,0,1,0.0,0.24761904761904763,0.0,0,9,0.4444444444444444,0.4444444444444444,0.060185185185185175,-0.009259259259259245,0.9162907318741553,0.0,0.11005291005291006,0.0
2539,1706,2025-09-18,Dust2,0,-1,0.0,0.24761904761904763,0.0,0,9,-1.2330827067669172,-1.1428571428571428,-0.18749999999999994,0.03385416666666663,2.1400661634962708,-0.0,-0.28299319727891153,0.0
2540,1706,2025-09-18,Ancient,0,-1,0.0,0.24761904761904763,0.0,0,9,0.5575048732943471,0.2,0.03125,-0.11111111111111116,1.1786549963416462,0.0,0.049523809523809526,0.0
2541,1707,2025-09-18,Nuke,0,-1,561.0,-1.0,-417.8,0,7,-1.1666666666666667,-1.4,-0.1504629629629629,0.037037037037037035,2.251291798606495,-654.5,1.4,-234385.80000000002
2542,1707,2025-09-18,Train,0,-1,561.0,-1.0,-417.8,0,7,-0.993006993006993,-1.25,-0.10049019607843135,0.009803921568627416,2.197224577336219,-557.0769230769231,1.25,-234385.80000000002
2543,1708,2025-09-18,Mirage,0,1,0.0,0.8,14.9,0,2,0.17241379310344826,0.3333333333333333,-0.10912698412698424,-0.0267857142857143,0.13353139262452252,0.0,0.26666666666666666,0.0
2533,1703,2025-09-18,Train,0,-1,0.0,-0.1752577319587629,-3.0309278350515463,0,4,-0.6440677966101696,-0.631578947368421,-0.018382352941176405,0.11151960784313725,2.169053700369523,-0.0,0.11068909386869236,-0.0
2544,1708,2025-09-18,Ancient,0,1,0.0,0.8,14.9,0,2,0.3695652173913043,0.4,0.020833333333333315,-0.007575757575757569,1.3862943611198906,0.0,0.32000000000000006,0.0
2507,757,2025-09-19,Ancient,1,-1,65.0,0.2,6.5,0,0,-0.37756362737830484,-2.0,-0.015277777777777835,0.11215277777777777,0.5753641449035616,-24.541635779589814,-0.4,422.5
2506,756,2025-09-19,Inferno,1,-1,312.0,-0.8,130.7,0,-3,0.3265512874630647,0.5,0.05769230769230771,-0.03205128205128199,0.0,101.88400168847619,-0.4,40778.399999999994
2505,756,2025-09-19,Mirage,1,-1,312.0,-0.8,130.7,0,-3,-0.08888888888888884,-0.4,-0.011111111111111127,-0.02777777777777779,-0.3746934494414105,-27.733333333333317,0.32000000000000006,40778.399999999994
2504,755,2025-09-19,Ancient,1,-1,316.0,-0.6000000000000001,-54.900000000000006,0,2,-0.21505376344086025,-0.17543859649122806,0.02777777777777779,0.017592592592592604,1.8827312474337818,-67.95698924731184,0.10526315789473685,-17348.4
2503,755,2025-09-19,Train,1,-1,316.0,-0.6000000000000001,-54.900000000000006,0,2,0.2858969441247922,0.3333333333333333,0.006250000000000033,0.03749999999999998,0.8209805520698299,90.34343434343434,-0.2,-17348.4
2498,752,2025-09-19,Ancient,1,1,366.0,0.8,122.40000000000003,0,-3,1.2602298850574716,1.5,0.1542022792022792,-0.14387464387464377,0.3364722366212125,461.2441379310346,1.2000000000000002,44798.400000000016
2500,753,2025-09-19,Inferno,1,-1,-388.0,-0.6,52.599999999999994,0,2,-0.9506467661691543,-0.85,-0.1029411764705882,0.03662854030501089,-0.054067221270275745,368.8509452736319,0.51,-20408.8
2499,753,2025-09-19,Train,1,-1,-388.0,-0.6,52.599999999999994,0,2,-1.1378387420541987,-1.4285714285714286,-0.07880952380952383,0.11976190476190479,1.1786549963416464,441.48143191702906,0.8571428571428571,-20408.8
2497,752,2025-09-19,Inferno,1,1,366.0,0.8,122.40000000000003,0,-3,-0.062222222222222234,0.0,-0.00694444444444442,-0.01736111111111116,-0.3794896217049035,-22.773333333333337,0.0,44798.400000000016
2508,757,2025-09-19,Mirage,1,1,65.0,0.2,6.5,0,0,0.9954128440366973,0.7,0.02442528735632188,-0.17600574712643674,1.7917594692280552,64.70183486238533,0.13999999999999999,422.5
2502,754,2025-09-19,Nuke,1,1,317.0,0.0,18.599999999999994,0,3,-0.4601541607676578,-0.775,-0.099624060150376,0.059941520467836296,-0.09531017980432521,-145.86886896334752,-0.0,5896.199999999998
2509,757,2025-09-19,Inferno,1,1,65.0,0.2,6.5,0,0,0.27728085867620744,-0.5333333333333333,0.1369949494949495,-0.03240740740740744,0.8329091229351038,18.023255813953483,-0.10666666666666667,422.5
2501,754,2025-09-19,Train,1,1,317.0,0.0,18.599999999999994,0,3,0.07189542483660132,-0.1111111111111111,-0.021990740740740755,-0.04282407407407407,0.7472144018302207,22.79084967320262,-0.0,5896.199999999998
2511,758,2025-09-19,Dust2,1,1,-106.0,-0.4,102.0,0,3,0.15990796663790618,0.25,0.0575396825396825,-0.06051587301587302,0.382992252256106,-16.950244463618056,-0.1,-10812.0
2523,1702,2025-09-19,Default,0,1,0.0,1.2,38.0,0,5,2.0,2.0,0.041666666666666664,-0.041666666666666664,0.6931471805599453,0.0,2.4,0.0
2522,1701,2025-09-19,Default,0,1,0.0,1.2,0.0,0,10,2.0,2.0,0.041666666666666664,-0.041666666666666664,0.4054651081081645,0.0,2.4,0.0
2521,1700,2025-09-19,Ancient,0,-1,0.0,-0.575257731958763,-59.27319587628868,0,7,0.3436426116838488,0.41025641025641024,0.017361111111111105,-0.042824074074074125,1.6650077635889111,0.0,-0.23600317208564633,-0.0
2520,1700,2025-09-19,Mirage,0,-1,0.0,-0.575257731958763,-59.27319587628868,0,7,-0.2757062146892655,-0.2807017543859649,-0.026143790849673276,0.012254901960784326,1.6094379124341003,-0.0,0.1614758545849159,-0.0
2519,1699,2025-09-19,Train,0,1,0.0,0.45274725274725275,-22.384615384615387,0,3,1.1920529801324504,1.3846153846153846,0.09114583333333337,-0.18749999999999994,1.7346010553881064,0.0,0.6268808114961961,-0.0
2518,1699,2025-09-19,Nuke,0,1,0.0,0.45274725274725275,-22.384615384615387,0,3,-0.03629536921151438,0.75,-0.11666666666666664,0.039583333333333304,1.9459101490553132,-0.0,0.3395604395604396,-0.0
2510,758,2025-09-19,Mirage,1,-1,-106.0,-0.4,102.0,0,3,-0.719047619047619,-0.9285714285714286,-0.046875,0.006944444444444475,-0.6539264674066638,76.21904761904761,0.37142857142857144,-10812.0
2516,1698,2025-09-19,Ancient,0,1,0.0,0.2,0.0,0,-7,1.0535714285714286,1.2857142857142856,0.3429487179487179,0.25000000000000006,-2.6026896854443837,0.0,0.2571428571428571,0.0
2515,1697,2025-09-19,Mirage,0,1,0.0,0.8705882352941177,152.76470588235293,0,-15,-0.1338742393509128,0.75,-0.15740740740740744,0.02314814814814814,-1.8458266904983305,-0.0,0.6529411764705882,0.0
2514,1697,2025-09-19,Nuke,0,-1,0.0,0.8705882352941177,152.76470588235293,0,-15,-1.3333333333333335,-1.3333333333333333,-0.1972222222222222,0.1611111111111111,-2.0794415416798357,-0.0,-1.16078431372549,0.0
2513,1697,2025-09-19,Train,0,1,0.0,0.8705882352941177,152.76470588235293,0,-15,1.4545454545454546,1.4545454545454546,0.15530303030303022,-0.30934343434343436,-1.0986122886681098,0.0,1.2663101604278075,0.0
2517,1698,2025-09-19,Overpass,0,1,0.0,0.2,0.0,0,-7,-0.14285714285714285,-0.14285714285714285,-0.03869047619047622,-0.1547619047619047,-0.980829253011726,-0.0,-0.02857142857142857,0.0
2512,758,2025-09-19,Ancient,1,-1,-106.0,-0.4,102.0,0,3,-0.16910706728734676,-0.26666666666666666,-0.03489583333333329,-0.03229166666666672,-0.21130909366720685,17.925349132458756,0.10666666666666667,-10812.0
2480,747,2025-09-20,Nuke,1,-1,-375.0,-0.2,145.0,0,0,0.3579638752052546,0.10714285714285715,0.04629629629629628,-0.05555555555555558,0.0,-134.23645320197048,-0.021428571428571432,-54375.0
2479,746,2025-09-20,Nuke,1,1,121.0,-0.39999999999999997,-143.8,0,6,-0.21331344396792842,-0.7727272727272727,-0.09166666666666662,0.017187499999999967,0.21130909366720685,-25.81092672011934,0.3090909090909091,-17399.800000000003
2478,746,2025-09-20,Train,1,1,121.0,-0.39999999999999997,-143.8,0,6,-0.017233059902116182,-0.5,0.011363636363636354,0.003987240829346039,0.5108256237659905,-2.085200248156058,0.19999999999999998,-17399.800000000003
2477,745,2025-09-20,Overpass,1,-1,-53.0,-0.548936170212766,-36.493617021276584,0,-4,-2.0,-2.0,-0.24999999999999994,0.24999999999999994,0.0,106.0,1.097872340425532,1934.161702127659
2475,745,2025-09-20,Train,1,-1,-53.0,-0.548936170212766,-36.493617021276584,0,-4,-1.1333333333333333,-1.1333333333333333,-0.03888888888888886,0.07083333333333325,-1.01160091167848,60.06666666666666,0.6221276595744681,1934.161702127659
2474,744,2025-09-20,Ancient,1,-1,-15.0,-0.4,41.599999999999994,0,0,-0.29032258064516125,0.5,-0.028645833333333315,-0.1015625,-1.7346010553881064,4.354838709677419,-0.2,-623.9999999999999
2473,744,2025-09-20,Mirage,1,-1,-15.0,-0.4,41.599999999999994,0,0,-1.5175438596491226,-1.3333333333333333,-0.23472222222222222,0.16388888888888886,-2.0476928433652555,22.76315789473684,0.5333333333333333,-623.9999999999999
2472,744,2025-09-20,Inferno,1,1,-15.0,-0.4,41.599999999999994,0,0,0.510989010989011,0.9285714285714286,-0.006793478260869512,-0.005434782608695621,-1.5686159179138455,-7.664835164835164,-0.37142857142857144,-623.9999999999999
2481,747,2025-09-20,Inferno,1,-1,-375.0,-0.2,145.0,0,0,-0.3352459016393444,-0.3333333333333333,-0.14285714285714285,-0.07236842105263158,-0.9162907318741551,125.71721311475416,0.06666666666666667,-54375.0
2476,745,2025-09-20,Inferno,1,-1,-53.0,-0.548936170212766,-36.493617021276584,0,-4,-0.6418171228887597,-1.5,-0.16856060606060602,-0.01704545454545453,-1.3862943611198906,34.016307513104266,0.823404255319149,1934.161702127659
2482,748,2025-09-20,Dust2,1,1,226.0,-0.2,-74.6,0,-1,0.5630630630630632,0.5,0.10069444444444442,-0.004340277777777735,-0.06062462181643502,127.25225225225228,-0.1,-16859.6
2490,1694,2025-09-20,Dust2,0,1,0.0,0.7333333333333334,0.0,0,5,0.9938650306748467,1.2,0.3530701754385965,-0.06140350877192974,2.3025850929940455,0.0,0.88,0.0
2484,748,2025-09-20,Ancient,1,1,226.0,-0.2,-74.6,0,-1,-0.06274509803921569,-0.030303030303030276,0.03918650793650791,-0.010416666666666685,0.5260930958967793,-14.180392156862744,0.006060606060606055,-16859.6
2496,1696,2025-09-20,Inferno,0,-1,0.0,-1.2,0.0,0,-11,-1.1875,-1.3333333333333333,0.0,0.15131578947368418,-2.3025850929940455,-0.0,1.5999999999999999,0.0
2495,1696,2025-09-20,Dust2,0,-1,0.0,-1.2,0.0,0,-11,-0.8531468531468531,-1.0,-0.03186274509803927,0.0980392156862745,-2.197224577336219,-0.0,1.2,0.0
2494,1695,2025-09-20,Nuke,0,1,37.0,1.0,-32.3,0,2,0.2115578613633089,0.5555555555555556,0.010536398467432928,0.006226053639846685,2.014903020542265,7.827640870442429,0.5555555555555556,-1195.1
2483,748,2025-09-20,Mirage,1,-1,226.0,-0.2,-74.6,0,-1,0.4562837064879883,0.06060606060606061,0.025000000000000022,-0.05041666666666672,0.42488319396526597,103.12011766628537,-0.012121212121212123,-16859.6
2492,1694,2025-09-20,Mirage,0,1,0.0,0.7333333333333334,0.0,0,5,1.349056603773585,1.6,0.0032051282051281937,-0.16506410256410253,2.6026896854443837,0.0,1.1733333333333336,0.0
2493,1695,2025-09-20,Train,0,1,37.0,1.0,-32.3,0,2,0.5528209890875319,0.8888888888888888,0.1265318627450981,-0.0018382352941176405,0.693147180559945,20.454376596238678,0.8888888888888888,-1195.1
2489,750,2025-09-20,Ancient,1,1,-321.0,0.0,89.6,0,-1,-0.08900523560209421,-0.1,-0.0018115942028985033,-0.05434782608695654,-2.7515353130419484,28.570680628272243,-0.0,-28761.6
2488,750,2025-09-20,Inferno,1,1,-321.0,0.0,89.6,0,-1,0.33248730964467,0.16666666666666669,-0.0031702898550723946,0.019927536231884035,-1.5686159179138455,-106.72842639593907,0.0,-28761.6
2487,750,2025-09-20,Mirage,1,-1,-321.0,0.0,89.6,0,-1,-1.2763532763532763,-1.4736842105263157,-0.2609126984126985,0.13194444444444436,-2.374905754573672,409.7094017094017,-0.0,-28761.6
2486,749,2025-09-20,Dust2,1,1,23.0,0.8,-11.400000000000006,0,-1,-0.04867724867724871,0.19047619047619047,-0.026353276353276334,0.023682336182336172,-0.744440474947496,-1.1195767195767203,0.1523809523809524,-262.20000000000016
2485,749,2025-09-20,Train,1,1,23.0,0.8,-11.400000000000006,0,-1,-1.1102230246251565e-16,0.0,0.07692307692307698,0.03044871794871795,-0.6567795363890707,-2.55351295663786e-15,0.0,-262.20000000000016
2491,1694,2025-09-20,Nuke,0,-1,0.0,0.7333333333333334,0.0,0,5,-1.2525252525252526,-1.2941176470588236,-0.12103174603174599,0.14682539682539686,2.3978952727983707,-0.0,-0.9490196078431373,0.0
2456,1688,2025-09-21,Nuke,0,-1,37.0,0.0,-11.1,0,2,-0.6353790613718411,-0.6,-0.025537634408602128,0.1518817204301075,2.079441541679836,-23.50902527075812,-0.0,-410.7
2455,743,2025-09-21,Dust2,1,1,-10.0,0.0,224.79999999999998,0,0,0.09018567639257291,1.0,-0.027686403508771884,0.022203947368421018,-0.7985076962177713,-0.9018567639257291,0.0,-2248.0
2454,743,2025-09-21,Train,1,1,-10.0,0.0,224.79999999999998,0,0,0.40481580572134196,0.9333333333333333,0.005411255411255478,-0.12959956709956705,-0.2231435513142097,-4.04815805721342,0.0,-2248.0
2453,742,2025-09-21,Inferno,1,1,375.0,0.39999999999999997,-228.79999999999998,0,-1,0.6565338276181649,1.4,0.14062499999999994,0.04999999999999999,0.8472978603872034,246.20018535681186,0.5599999999999999,-85800.0
2447,741,2025-09-21,Mirage,1,-1,-265.0,-0.4,54.69999999999999,0,-3,0.06894664842681253,-0.509090909090909,0.025160256410256376,-0.015865384615384615,0.2513144282809061,-18.27086183310532,0.20363636363636362,-14495.499999999996
2450,741,2025-09-21,Overpass,1,1,-265.0,-0.4,54.69999999999999,0,-3,1.0,1.0,0.02083333333333326,-0.2013888888888889,0.2876820724517808,-265.0,-0.4,-14495.499999999996
2449,741,2025-09-21,Nuke,1,-1,-265.0,-0.4,54.69999999999999,0,-3,-0.041178766588602644,0.30952380952380953,0.02457264957264954,-0.04441391941391937,-0.45198512374305766,10.9123731459797,-0.12380952380952381,-14495.499999999996
2448,741,2025-09-21,Inferno,1,1,-265.0,-0.4,54.69999999999999,0,-3,-0.12220769314590824,-0.42857142857142855,0.07447916666666665,0.06475694444444446,-0.6007738604289301,32.385038683665684,0.17142857142857143,-14495.499999999996
2457,1688,2025-09-21,Ancient,0,1,37.0,0.0,-11.1,0,2,0.2272727272727273,0.3333333333333333,-0.11041666666666672,-0.16041666666666665,1.9459101490553132,8.40909090909091,0.0,-410.7
2452,742,2025-09-21,Nuke,1,1,375.0,0.39999999999999997,-228.79999999999998,0,-1,-0.0851063829787234,0.25,-0.01666666666666672,0.025000000000000022,0.0,-31.914893617021274,0.09999999999999999,-85800.0
2458,1688,2025-09-21,Mirage,0,-1,37.0,0.0,-11.1,0,2,-0.12442396313364057,-0.14285714285714285,-0.042083333333333306,0.020416666666666694,1.6486586255873819,-4.603686635944701,-0.0,-410.7
2451,741,2025-09-21,Dust2,1,-1,-265.0,-0.4,54.69999999999999,0,-3,0.10546581824114859,0.26666666666666666,-0.007211538461538491,0.07752403846153849,-0.46262352194811296,-27.948441833904376,-0.10666666666666667,-14495.499999999996
2460,1689,2025-09-21,Mirage,0,1,0.0,0.4,11.1,0,-4,-0.2882882882882883,-0.45454545454545453,0.021219135802469147,0.023533950617283972,-1.7227665977411035,-0.0,-0.18181818181818182,0.0
2459,1689,2025-09-21,Nuke,0,1,0.0,0.4,11.1,0,-4,1.278048780487805,1.2941176470588236,0.12689393939393934,-0.19128787878787878,-1.749199854809259,0.0,0.5176470588235295,0.0
2471,1693,2025-09-21,Nuke,0,1,0.0,1.2,-24.6,0,3,0.9066666666666667,1.0,0.20370370370370372,-0.07870370370370366,1.2039728043259361,0.0,1.2,-0.0
2470,1693,2025-09-21,Train,0,1,0.0,1.2,-24.6,0,3,1.0,1.0,0.13020833333333331,-0.11979166666666663,1.0986122886681098,0.0,1.2,-0.0
2469,1692,2025-09-21,Train,0,1,37.0,0.2,-122.4,0,2,1.0897435897435896,1.0,0.1435185185185185,-0.060185185185185175,2.251291798606495,40.32051282051282,0.2,-4528.8
2468,1692,2025-09-21,Nuke,0,-1,37.0,0.2,-122.4,0,2,-0.6353790613718411,-0.6,-0.025537634408602128,-0.014784946236559127,2.772588722239781,-23.50902527075812,-0.12,-4528.8
2464,1691,2025-09-21,Overpass,0,-1,0.0,-0.45555555555555555,42.16666666666667,0,7,-0.8,-0.8,-0.09166666666666662,0.15,1.0986122886681096,-0.0,0.36444444444444446,0.0
2466,1691,2025-09-21,Nuke,0,1,0.0,-0.45555555555555555,42.16666666666667,0,7,0.10413016270337924,0.9230769230769231,-0.01041666666666663,-0.05654761904761907,2.2686835413183646,0.0,-0.4205128205128205,0.0
2465,1691,2025-09-21,Ancient,0,1,0.0,-0.45555555555555555,42.16666666666667,0,7,1.043189368770764,1.1428571428571428,0.38738738738738737,-0.09459459459459457,2.9444389791664403,0.0,-0.5206349206349206,0.0
2463,1690,2025-09-21,Mirage,0,1,0.0,0.711111111111111,137.66666666666666,0,-13,0.09420289855072458,0.15686274509803919,0.011695906432748593,-0.0482456140350877,-1.6094379124341003,0.0,0.11154684095860563,0.0
2462,1690,2025-09-21,Dust2,0,-1,0.0,0.711111111111111,137.66666666666666,0,-13,-1.0325581395348837,-0.9411764705882353,0.043402777777777735,0.2204861111111111,-1.83258146374831,-0.0,-0.6692810457516339,0.0
2467,1692,2025-09-21,Ancient,0,1,37.0,0.2,-122.4,0,2,0.6410658307210031,0.6666666666666666,0.032440476190476186,-0.04136904761904758,0.9650808960435873,23.719435736677113,0.13333333333333333,-4528.8
2461,1690,2025-09-21,Nuke,0,1,0.0,0.711111111111111,137.66666666666666,0,-13,0.7549668874172185,0.7692307692307692,0.05729166666666663,0.026041666666666685,-2.1400661634962708,0.0,0.5470085470085468,0.0
2429,1681,2025-09-22,Ancient,0,1,0.0,-0.4,-48.2,0,5,0.47835497835497837,0.2142857142857143,0.019868827160493763,-0.05516975308641975,1.1349799328389842,0.0,-0.08571428571428573,-0.0
2430,1681,2025-09-22,Train,0,1,0.0,-0.4,-48.2,0,5,1.3846153846153846,1.4444444444444444,0.10714285714285715,-0.09642857142857142,2.484906649788,0.0,-0.5777777777777778,-0.0
2431,1682,2025-09-22,Train,0,1,0.0,0.2,-4.2,0,14,-0.6666666666666666,-0.6666666666666666,-0.10069444444444442,0.12152777777777773,1.1786549963416462,-0.0,-0.13333333333333333,-0.0
2432,1682,2025-09-22,Overpass,0,1,0.0,0.2,-4.2,0,14,0.4444444444444444,0.4444444444444444,0.09722222222222227,-0.06481481481481483,1.33500106673234,0.0,0.08888888888888889,-0.0
2433,1683,2025-09-22,Nuke,0,-1,0.0,-0.6,-11.1,0,4,-1.3116279069767443,-1.3333333333333333,-0.13949275362318836,0.23550724637681159,1.5686159179138455,-0.0,0.7999999999999999,-0.0
2434,1683,2025-09-22,Dust2,0,1,0.0,-0.6,-11.1,0,4,1.0520231213872833,1.2727272727272727,0.1479166666666667,-0.06874999999999998,2.3513752571634776,0.0,-0.7636363636363636,-0.0
2436,1684,2025-09-22,Inferno,0,1,0.0,-0.4,0.0,0,-12,0.404463040446304,0.4444444444444444,0.015432098765432112,0.021604938271604923,-1.9459101490553132,0.0,-0.17777777777777778,0.0
2435,1683,2025-09-22,Mirage,0,-1,0.0,-0.6,-11.1,0,4,0.03275862068965521,0.1333333333333333,-0.04583333333333334,0.030059523809523814,1.5755363607584192,0.0,-0.07999999999999997,-0.0
2438,1684,2025-09-22,Dust2,0,-1,0.0,-0.4,0.0,0,-12,-0.009009009009008986,0.2745098039215686,-0.03291666666666665,0.11208333333333326,-1.6486586255873819,-0.0,-0.10980392156862745,0.0
2437,1684,2025-09-22,Overpass,0,-1,0.0,-0.4,0.0,0,-12,-1.4444444444444444,-1.4444444444444444,0.02777777777777779,0.18981481481481477,-1.8458266904983305,-0.0,0.5777777777777778,0.0
2446,1687,2025-09-22,Nuke,0,1,0.0,0.4,0.0,0,7,0.25,0.25,-0.08333333333333326,-0.19270833333333331,1.7346010553881064,0.0,0.1,0.0
2445,1687,2025-09-22,Overpass,0,1,0.0,0.4,0.0,0,7,0.7,0.7,0.03125,-0.054166666666666696,0.7884573603642704,0.0,0.27999999999999997,0.0
2444,1687,2025-09-22,Ancient,0,-1,0.0,0.4,0.0,0,7,0.11246730601569313,-0.2424242424242424,-0.016025641025641024,-0.03125,1.0296194171811581,0.0,-0.09696969696969697,0.0
2439,1685,2025-09-22,Dust2,0,-1,37.0,0.4,-85.3,0,4,0.16452648475120385,-0.14285714285714285,-0.052584670231729025,-0.10383244206773617,0.40546510810816416,6.087479935794542,-0.05714285714285714,-3156.1
2442,1686,2025-09-22,Dust2,0,1,0.0,1.629268292682927,-12.487804878048784,0,4,0.38958534233365477,1.5,-0.03869047619047622,0.010416666666666685,0.47000362924573547,0.0,2.4439024390243906,-0.0
2441,1685,2025-09-22,Mirage,0,-1,37.0,0.4,-85.3,0,4,0.1446967129786513,0.0,-0.01976495726495725,-0.11520655270655267,0.9932517730102832,5.353778380210098,0.0,-3156.1
2440,1685,2025-09-22,Nuke,0,1,37.0,0.4,-85.3,0,4,0.15948685460880582,0.09523809523809523,0.058593750000000056,-0.007291666666666696,1.7047480922384253,5.9010136205258155,0.0380952380952381,-3156.1
2443,1686,2025-09-22,Default,0,1,0.0,1.629268292682927,-12.487804878048784,0,4,1.1764705882352942,2.0,0.020833333333333332,-0.020833333333333332,0.4054651081081645,0.0,3.258536585365854,-0.0
2427,1680,2025-09-23,Nuke,0,1,0.0,1.3,-19.875,0,3,1.035294117647059,1.2,0.18472222222222218,-0.09166666666666662,1.01160091167848,0.0,1.56,-0.0
2421,1677,2025-09-23,Overpass,0,-1,0.0,0.6000000000000001,15.0,0,-2,-1.3333333333333333,-1.3333333333333333,-0.00694444444444442,0.16666666666666663,-0.8472978603872034,-0.0,-0.8,0.0
2425,1679,2025-09-23,Overpass,0,-1,0.0,-0.6476190476190476,0.0,0,-8,-1.2727272727272727,-1.2727272727272727,-0.007575757575757569,0.11363636363636359,-1.791759469228055,-0.0,0.8242424242424242,0.0
2424,1679,2025-09-23,Train,0,-1,0.0,-0.6476190476190476,0.0,0,-8,-0.5402298850574714,-0.5,-0.01620370370370372,0.17592592592592593,-1.2039728043259361,-0.0,0.3238095238095238,0.0
2423,1678,2025-09-23,Mirage,0,-1,0.0,-1.6,0.0,0,-16,-1.3034825870646767,-1.2222222222222223,-0.246031746031746,0.17261904761904756,-1.7047480922384255,-0.0,1.9555555555555557,0.0
2422,1678,2025-09-23,Overpass,0,-1,0.0,-1.6,0.0,0,-16,-1.5,-1.5,-0.039583333333333304,0.12499999999999994,-2.3513752571634776,-0.0,2.4000000000000004,0.0
2428,1680,2025-09-23,Inferno,0,1,0.0,1.3,-19.875,0,3,1.5172413793103448,2.0,0.24999999999999994,-0.08928571428571425,1.3862943611198904,0.0,2.6,-0.0
2426,1680,2025-09-23,Mirage,0,-1,0.0,1.3,-19.875,0,3,-1.0,-1.0,-0.16145833333333331,0.25520833333333337,1.5040773967762742,-0.0,-1.3,-0.0
2418,1676,2025-09-23,Mirage,0,-1,0.0,-0.8,11.1,0,-14,-0.6898462234283131,-0.5555555555555556,-0.0307539682539682,0.1767857142857142,-0.6931471805599454,-0.0,0.4444444444444445,0.0
2419,1677,2025-09-23,Nuke,0,1,0.0,0.6000000000000001,15.0,0,-2,0.7453392167677881,0.8095238095238095,0.1228448275862069,-0.00933908045977011,-0.5679840376059393,0.0,0.48571428571428577,0.0
2413,740,2025-09-23,Default,1,1,430.0,1.8,-399.6,0,4,2.0,2.0,0.125,-0.125,0.0,860.0,3.6,-171828.0
2414,1675,2025-09-23,Ancient,0,1,0.0,0.4,-4.2,0,5,-0.2420253164556962,-0.2,-0.08647486772486768,0.0,1.0647107369924282,-0.0,-0.08000000000000002,-0.0
2420,1677,2025-09-23,Dust2,0,-1,0.0,0.6000000000000001,15.0,0,-2,-0.3121768586200749,-0.16842105263157892,-0.0598254504504504,0.037021396396396455,-1.440361582390166,-0.0,-0.10105263157894737,0.0
2416,1676,2025-09-23,Overpass,0,-1,0.0,-0.8,11.1,0,-14,-1.5,-1.5,-0.08124999999999993,0.12499999999999994,-2.3513752571634776,-0.0,1.2000000000000002,0.0
2417,1676,2025-09-23,Inferno,0,1,0.0,-0.8,11.1,0,-14,0.8167670682730923,1.1578947368421053,-0.026289682539682502,-0.058531746031746046,-1.421385680931161,0.0,-0.9263157894736843,0.0
2415,1675,2025-09-23,Mirage,0,1,0.0,0.4,-4.2,0,5,0.22649572649572652,0.49122807017543857,-0.014983579638752076,-0.05644499178981943,1.3217558399823197,0.0,0.19649122807017544,-0.0
2410,1674,2025-09-24,Dust2,0,1,0.0,-0.2,39.0,0,0,0.20481927710843353,0.1333333333333333,0.007104700854700885,-0.03691239316239314,0.6443570163905132,0.0,-0.02666666666666666,0.0
2409,1673,2025-09-24,Mirage,0,-1,-195.0,-0.3333333333333333,22.555555555555557,0,8,-0.47704918032786886,-0.5,-0.05476190476190479,0.08839285714285716,1.9740810260220096,93.02459016393443,0.16666666666666666,-4398.333333333334
2408,1673,2025-09-24,Dust2,0,-1,-195.0,-0.3333333333333333,22.555555555555557,0,8,0.682730923694779,0.6666666666666666,0.04807692307692313,-0.11538461538461547,2.302585092994046,-133.1325301204819,-0.2222222222222222,-4398.333333333334
2407,1672,2025-09-24,Nuke,0,1,0.0,0.7333333333333334,0.0,0,15,1.2919254658385093,1.2857142857142856,0.02941176470588236,-0.14705882352941174,2.197224577336219,0.0,0.9428571428571428,0.0
2406,1672,2025-09-24,Dust2,0,-1,0.0,0.7333333333333334,0.0,0,15,-0.9568965517241379,-1.0,-0.08333333333333331,-0.012820512820512886,2.6026896854443837,-0.0,-0.7333333333333334,0.0
2405,1672,2025-09-24,Mirage,0,1,0.0,0.7333333333333334,0.0,0,15,1.3364928909952607,1.263157894736842,0.17992424242424243,-0.1761363636363636,2.4423470353692043,0.0,0.9263157894736842,0.0
2404,739,2025-09-24,Dust2,1,-1,53.0,-0.8,24.900000000000006,0,4,-0.7150837988826815,-0.7692307692307692,-0.04791666666666666,-0.09375,2.3513752571634776,-37.89944134078212,0.6153846153846154,1319.7000000000003
2411,1674,2025-09-24,Train,0,-1,0.0,-0.2,39.0,0,0,-0.4469567461213433,-0.9736842105263157,-0.07077991452991456,0.018251424501424474,-0.3150810466398952,-0.0,0.19473684210526315,0.0
2412,1674,2025-09-24,Overpass,0,1,0.0,-0.2,39.0,0,0,0.42857142857142855,0.42857142857142855,0.06994047619047622,-0.1071428571428571,-0.11778303565638382,0.0,-0.08571428571428572,0.0
2385,736,2025-09-25,Dust2,1,1,0.0,-0.1333333333333333,0.0,0,6,1.3010752688172043,1.5,0.08712121212121215,-0.16477272727272724,2.4423470353692043,0.0,-0.19999999999999996,0.0
2384,735,2025-09-25,Train,1,1,37.0,0.1590909090909091,-120.63636363636364,0,5,0.3210489014883062,1.0909090909090908,0.12390350877192985,0.07346491228070179,1.897119984885881,11.87880935506733,0.17355371900826444,-4463.545454545455
2383,735,2025-09-25,Nuke,1,-1,37.0,0.1590909090909091,-120.63636363636364,0,5,-0.6416382252559727,-0.6363636363636364,-0.031565656565656575,0.15404040404040403,2.833213344056216,-23.74061433447099,-0.1012396694214876,-4463.545454545455
2382,735,2025-09-25,Dust2,1,1,37.0,0.1590909090909091,-120.63636363636364,0,5,0.38436744560838026,0.0,0.011574074074074125,-0.07870370370370366,1.33500106673234,14.22159548751007,0.0,-4463.545454545455
2381,734,2025-09-25,Dust2,1,-1,0.0,-0.8585365853658538,34.23170731707317,0,-6,-1.3010752688172043,-1.5,-0.19823232323232326,0.16477272727272724,-1.749199854809259,-0.0,1.2878048780487807,0.0
2376,732,2025-09-25,Nuke,1,1,-53.0,-0.25555555555555554,53.0,0,-6,-0.3421052631578947,0.8421052631578947,-0.01722222222222225,0.18388888888888888,-1.8718021769015916,18.131578947368418,-0.21520467836257307,-2809.0
2379,733,2025-09-25,Dust2,1,1,371.0,1.0,-326.7,0,4,1.6442687747035571,1.7777777777777777,0.22303921568627455,-0.17279411764705876,2.862200880929468,610.0237154150198,1.7777777777777777,-121205.7
2378,733,2025-09-25,Inferno,1,1,371.0,1.0,-326.7,0,4,1.2077294685990339,1.3846153846153846,0.2881944444444444,-0.1545138888888889,2.525728644308255,448.0676328502416,1.3846153846153846,-121205.7
2377,732,2025-09-25,Dust2,1,1,-53.0,-0.25555555555555554,53.0,0,-6,-0.4229480737018426,0.8,-0.10164141414141414,0.10921717171717171,-1.749199854809259,22.416247906197658,-0.20444444444444443,-2809.0
2386,736,2025-09-25,Train,1,-1,0.0,-0.1333333333333333,0.0,0,6,-1.4166666666666667,-2.0,-0.12499999999999994,0.13888888888888895,0.6931471805599453,-0.0,0.2666666666666666,0.0
2375,732,2025-09-25,Train,1,-1,-53.0,-0.25555555555555554,53.0,0,-6,-1.8130841121495327,-1.8,-0.10606060606060602,0.0719696969696969,-1.791759469228055,96.09345794392523,0.45999999999999996,-2809.0
2380,734,2025-09-25,Overpass,1,-1,0.0,-0.8585365853658538,34.23170731707317,0,-6,-0.8,-0.8,-0.15833333333333338,0.07500000000000001,-1.0986122886681096,-0.0,0.6868292682926831,0.0
2388,737,2025-09-25,Dust2,1,1,42.0,0.8,81.0,0,3,1.2,1.2,-0.04062500000000002,-0.17708333333333331,2.614959778036198,50.4,0.96,3402.0
2387,736,2025-09-25,Mirage,1,-1,0.0,-0.1333333333333333,0.0,0,6,-1.046728971962617,-1.0769230769230769,-0.2516666666666666,-0.1650000000000001,2.5649493574615367,-0.0,0.14358974358974355,0.0
2401,1670,2025-09-25,Overpass,0,1,0.0,0.5333333333333333,0.0,0,6,0.8,0.8,-0.04999999999999993,-0.07500000000000001,1.0986122886681096,0.0,0.4266666666666667,0.0
2403,1671,2025-09-25,Dust2,0,1,561.0,1.6,-300.6,0,10,1.2320675105485233,1.125,0.22839506172839502,-0.14814814814814808,2.6390573296152584,691.1898734177215,1.8,-168636.6
2402,1671,2025-09-25,Mirage,0,1,561.0,1.6,-300.6,0,10,1.2954545454545454,1.6363636363636362,0.38095238095238093,-0.11507936507936506,2.3978952727983707,726.75,2.618181818181818,-168636.6
2389,737,2025-09-25,Nuke,1,1,42.0,0.8,81.0,0,3,0.6181818181818184,1.0,0.1428571428571429,-0.05357142857142855,1.3862943611198904,25.963636363636372,0.8,3402.0
2400,1670,2025-09-25,Mirage,0,1,0.0,0.5333333333333333,0.0,0,6,0.9532710280373832,0.9230769230769231,0.040000000000000036,-0.12333333333333335,2.5649493574615367,0.0,0.49230769230769234,0.0
2399,1670,2025-09-25,Dust2,0,-1,0.0,0.5333333333333333,0.0,0,6,-0.6989247311827957,-0.5,-0.07954545454545447,0.0018939393939393923,2.4423470353692043,-0.0,-0.26666666666666666,0.0
2397,1669,2025-09-25,Overpass,0,-1,0.0,-0.6631578947368422,-121.85526315789473,0,16,-0.6086956521739131,-0.6086956521739131,-0.04710144927536225,-0.030797101449275388,2.4849066497880004,-0.0,0.40366132723112136,-0.0
2398,1669,2025-09-25,Mirage,0,-1,0.0,-0.6631578947368422,-121.85526315789473,0,16,0.3004083434499504,-0.8,-0.02747584541062803,-0.14070048309178745,1.2321436812926325,0.0,0.5305263157894737,-0.0
2395,1668,2025-09-25,Inferno,0,1,0.0,0.4309278350515464,0.0,0,-16,0.7310924369747899,1.2,0.03627873563218392,-0.016882183908045967,-1.7917594692280552,0.0,0.5171134020618556,0.0
2394,1668,2025-09-25,Overpass,0,-1,0.0,0.4309278350515464,0.0,0,-16,-1.391304347826087,-1.391304347826087,-0.0640096618357488,0.15579710144927544,-1.7917594692280552,-0.0,-0.5995517705064993,0.0
2393,1667,2025-09-25,Overpass,0,1,0.0,0.11052631578947375,49.64473684210526,0,-16,0.6086956521739131,0.6086956521739131,0.04710144927536225,-0.010869565217391242,-2.4849066497880004,0.0,0.0672768878718536,0.0
2392,1667,2025-09-25,Dust2,0,1,0.0,0.11052631578947375,49.64473684210526,0,-16,-0.1310491676345335,1.1,-0.12549603174603174,0.07242063492063489,-1.421385680931161,-0.0,0.12157894736842113,0.0
2391,738,2025-09-25,Dust2,1,1,53.0,0.4,-42.4,0,6,0.21732036807413702,0.05714285714285716,0.08428030303030304,-0.07623106060606061,0.9382696385929301,11.517979507929262,0.022857142857142868,-2247.2
2390,738,2025-09-25,Inferno,1,1,53.0,0.4,-42.4,0,6,1.5555555555555558,1.75,0.1111111111111111,-0.21527777777777773,1.1786549963416462,82.44444444444446,0.7000000000000001,-2247.2
2396,1668,2025-09-25,Dust2,0,1,0.0,0.4309278350515464,0.0,0,-16,-0.29365079365079366,0.1,-0.09077380952380953,0.044642857142857095,-1.7578579175523739,-0.0,0.04309278350515464,0.0
2358,723,2025-09-26,Nuke,1,-1,42.0,-0.8,82.2,0,4,-1.476923076923077,-1.3333333333333333,-0.07812499999999994,0.11979166666666669,1.5040773967762742,-62.03076923076924,1.0666666666666667,3452.4
2360,724,2025-09-26,Mirage,1,-1,-371.0,-1.2,338.5,0,-4,-1.3526011560693643,-1.5789473684210527,-0.1366279069767442,0.13275193798449608,-3.0910424533583156,501.81502890173414,1.894736842105263,-125583.5
2359,723,2025-09-26,Ancient,1,-1,42.0,-0.8,82.2,0,4,-1.0521739130434782,-1.5384615384615383,-0.08477011494252873,0.12356321839080453,2.70805020110221,-44.19130434782608,1.2307692307692308,3452.4
2357,722,2025-09-26,Ancient,1,-1,0.0,0.0,0.0,0,9,0.11917659804983749,0.2,-0.03273809523809529,-0.057291666666666685,0.5108256237659905,0.0,0.0,0.0
2361,724,2025-09-26,Inferno,1,-1,-371.0,-1.2,338.5,0,-4,-1.2442396313364055,-1.4285714285714286,-0.20833333333333331,0.15999999999999998,-2.5649493574615367,461.6129032258064,1.7142857142857142,-125583.5
2355,721,2025-09-26,Dust2,1,1,0.0,0.1333333333333333,0.0,0,-6,0.801980198019802,0.7142857142857143,0.06770833333333331,-0.078125,-2.525728644308255,0.0,0.09523809523809522,0.0
2354,721,2025-09-26,Overpass,1,1,0.0,0.1333333333333333,0.0,0,-6,1.3333333333333333,1.3333333333333333,0.13194444444444436,-0.0625,-1.252762968495368,0.0,0.17777777777777773,0.0
2353,721,2025-09-26,Mirage,1,-1,0.0,0.1333333333333333,0.0,0,-6,-1.0608695652173914,-1.0666666666666667,-0.012345679012345623,0.11882716049382708,-2.6390573296152584,-0.0,-0.1422222222222222,0.0
2356,722,2025-09-26,Overpass,1,-1,0.0,0.0,0.0,0,9,-0.8333333333333334,-0.8333333333333334,-0.09722222222222221,0.11805555555555552,1.1786549963416462,-0.0,-0.0,0.0
2362,725,2025-09-26,Dust2,1,-1,0.0,0.5814432989690722,-26.77319587628866,0,6,0.5313531353135313,0.6190476190476191,0.0017361111111110494,-0.24131944444444448,1.83258146374831,0.0,0.3599410898379971,-0.0
2374,1666,2025-09-26,Inferno,0,1,0.0,0.6,0.0,0,-14,0.6654135338345865,0.7,0.04375000000000001,-0.04097222222222219,-1.824549292051046,0.0,0.42,0.0
2364,725,2025-09-26,Mirage,1,1,0.0,0.5814432989690722,-26.77319587628866,0,6,0.5203290246768507,0.39999999999999997,-0.008487654320987692,-0.11882716049382708,1.7227665977411035,0.0,0.23257731958762887,-0.0
2363,725,2025-09-26,Ancient,1,1,0.0,0.5814432989690722,-26.77319587628866,0,6,0.44321533923303835,1.2,0.10218253968253965,-0.1547619047619047,1.3217558399823195,0.0,0.6977319587628866,-0.0
2373,1666,2025-09-26,Overpass,0,1,0.0,0.6,0.0,0,-14,-0.6666666666666666,-0.6666666666666666,0.03472222222222221,0.1232638888888889,-1.83258146374831,-0.0,-0.39999999999999997,0.0
2371,730,2025-09-26,Dust2,1,-1,-42.0,-0.39999999999999997,-5.299999999999997,0,-5,-0.787057791638242,-1.25,0.07037601626016265,0.1346544715447155,-2.1282317058492684,33.05642724880616,0.49999999999999994,222.59999999999988
2370,730,2025-09-26,Train,1,-1,-42.0,-0.39999999999999997,-5.299999999999997,0,-5,-0.6538461538461539,-0.6666666666666667,0.03163580246913583,0.06828703703703698,-1.7227665977411035,27.461538461538463,0.26666666666666666,222.59999999999988
2372,731,2025-09-26,Dust2,1,1,0.0,1.0,0.0,0,7,1.1038251366120218,1.3333333333333333,0.44246031746031744,-0.08928571428571425,2.3978952727983707,0.0,1.3333333333333333,0.0
2368,728,2025-09-26,Overpass,1,1,0.0,0.3814432989690722,-12.989690721649486,0,7,0.26666666666666666,0.26666666666666666,0.03611111111111104,-0.03888888888888892,0.4054651081081644,0.0,0.10171821305841926,-0.0
2367,727,2025-09-26,Nuke,1,1,0.0,0.8,0.0,0,-11,0.8026315789473684,0.8,0.03240740740740744,-0.12731481481481477,-2.251291798606495,0.0,0.6400000000000001,0.0
2366,726,2025-09-26,Nuke,1,-1,-37.0,-0.2,28.375,0,-6,-0.7128712871287128,-0.7246376811594203,-0.12214052287581706,0.06781045751633996,-2.169053700369523,26.376237623762375,0.14492753623188406,-1049.875
2365,726,2025-09-26,Ancient,1,-1,-37.0,-0.2,28.375,0,-6,-1.2941176470588236,-1.3846153846153846,-0.03869047619047622,0.07936507936507936,-1.9924301646902063,47.88235294117647,0.27692307692307694,-1049.875
2369,729,2025-09-26,Nuke,1,1,0.0,1.2,0.0,0,11,1.1973684210526316,1.2,0.0925925925925925,-0.12268518518518517,2.251291798606495,0.0,1.44,0.0
2329,707,2025-09-27,Dust2,1,-1,-42.0,-0.8,95.2,0,-6,-0.9405878674171355,-1.3333333333333333,0.0405038759689923,0.13100775193798447,-1.992430164690206,39.50469043151969,1.0666666666666667,-3998.4
2334,709,2025-09-27,Ancient,1,1,37.0,1.4,-204.0,0,6,1.3333333333333333,1.4285714285714286,0.10416666666666669,-0.08333333333333331,2.4423470353692043,49.33333333333333,2.0,-7548.0
2333,709,2025-09-27,Dust2,1,1,37.0,1.4,-204.0,0,6,1.0945945945945945,1.1111111111111112,0.16228070175438597,-0.08771929824561397,2.3025850929940455,40.5,1.5555555555555556,-7548.0
2331,708,2025-09-27,Inferno,1,1,0.0,1.8,0.0,0,3,1.5882352941176472,2.0,0.41666666666666663,-0.13020833333333331,1.5040773967762742,0.0,3.6,0.0
2330,707,2025-09-27,Nuke,1,-1,-42.0,-0.8,95.2,0,-6,0.1035294117647059,-1.0,0.02083333333333326,0.00694444444444442,-0.35667494393873267,-4.348235294117647,0.8,-3998.4
2328,707,2025-09-27,Train,1,1,-42.0,-0.8,95.2,0,-6,-0.19832129611555732,-0.09999999999999998,0.050595238095238027,0.044047619047619,-1.5755363607584192,8.329494436853407,0.07999999999999999,-3998.4
2323,704,2025-09-27,Train,1,1,53.0,0.4,-307.0,0,6,0.829059829059829,0.8181818181818182,0.25,0.08333333333333331,1.466337068793427,43.94017094017094,0.3272727272727273,-16271.0
2326,706,2025-09-27,Dust2,1,1,0.0,1.0,-4.9,0,-10,0.9533678756476685,0.7692307692307692,0.06628787878787878,-0.1647727272727273,-2.4423470353692043,0.0,0.7692307692307692,-0.0
2325,705,2025-09-27,Mirage,1,1,0.0,1.6,83.6,0,0,1.4152046783625731,1.3333333333333333,0.23214285714285715,-0.15079365079365076,2.3978952727983707,0.0,2.1333333333333333,0.0
2324,705,2025-09-27,Nuke,1,1,0.0,1.6,83.6,0,0,1.3448275862068966,1.3846153846153846,0.4801587301587302,-0.11111111111111105,2.3978952727983707,0.0,2.2153846153846155,0.0
2322,704,2025-09-27,Ancient,1,1,53.0,0.4,-307.0,0,6,1.1857142857142857,1.2307692307692308,0.23888888888888885,-0.14444444444444443,2.0794415416798357,62.84285714285714,0.49230769230769234,-16271.0
2335,710,2025-09-27,Ancient,1,1,371.0,0.6000000000000001,-76.4,0,4,1.1233595800524934,1.2,-0.04018912529550828,-0.1693262411347518,2.484906649788001,416.76640419947506,0.7200000000000001,-28344.4
2327,706,2025-09-27,Nuke,1,1,0.0,1.0,-4.9,0,-10,1.3603603603603602,1.4444444444444444,0.3784722222222222,0.16840277777777773,-2.525728644308255,0.0,1.4444444444444444,-0.0
2336,710,2025-09-27,Dust2,1,1,371.0,0.6000000000000001,-76.4,0,4,0.3244613434727503,0.46666666666666673,0.12658730158730164,0.041269841269841234,2.197224577336219,120.37515842839036,0.2800000000000001,-28344.4
2332,708,2025-09-27,Ancient,1,1,0.0,1.8,0.0,0,3,0.5294117647058822,0.6666666666666667,0.18055555555555555,-0.03472222222222221,1.8718021769015913,0.0,1.2000000000000002,0.0
2338,712,2025-09-27,Overpass,1,1,0.0,0.5,4.9,0,8,1.6666666666666665,1.6666666666666665,0.09722222222222227,-0.14583333333333331,1.252762968495368,0.0,0.8333333333333333,0.0
2337,711,2025-09-27,Default,1,1,70.0,0.6000000000000001,125.0,0,0,1.4814814814814814,2.0,0.027777777777777776,-0.027777777777777776,-0.6931471805599453,103.7037037037037,1.2000000000000002,8750.0
2351,1665,2025-09-27,Overpass,0,1,0.0,1.2000000000000002,0.0,0,-12,-0.28,-0.28,0.06916666666666665,0.09999999999999998,-1.6486586255873819,-0.0,-0.3360000000000001,0.0
2349,719,2025-09-27,Mirage,1,1,49.0,0.0,-0.7000000000000002,0,-9,-0.34767641996557663,-0.37362637362637363,-0.014880952380952384,0.08829365079365087,-1.3545456628053105,-17.036144578313255,-0.0,-34.30000000000001
2348,718,2025-09-27,Train,1,1,0.0,0.9,4.9,0,8,1.4191419141914192,1.5,0.19144144144144143,-0.10135135135135126,2.9444389791664403,0.0,1.35,0.0
2347,717,2025-09-27,Ancient,1,1,70.0,0.8,190.4,0,8,0.8942358540454788,0.5,0.11235119047619047,-0.08035714285714285,0.5108256237659905,62.596509783183514,0.4,13328.0
2346,716,2025-09-27,Ancient,1,1,-70.0,-0.8,8.099999999999994,0,-8,-0.465350223546945,0.09999999999999998,-0.044642857142857095,0.02732683982683981,-0.2231435513142097,32.57451564828615,-0.07999999999999999,-566.9999999999995
2345,715,2025-09-27,Ancient,1,-1,49.0,-0.4,-0.7000000000000002,0,-9,0.03256244218316372,0.125,0.03735632183908044,-0.0818965517241379,-2.014903020542265,1.595559666975022,-0.05,-34.30000000000001
2350,720,2025-09-27,Nuke,1,-1,0.0,-0.2,80.8,0,8,-1.1821862348178138,-1.2,-0.10972222222222217,0.24166666666666667,2.740840023925201,-0.0,0.24,0.0
2343,714,2025-09-27,Dust2,1,1,-195.0,-0.2,73.9,0,7,0.868421052631579,0.8636363636363636,0.06666666666666665,-0.12291666666666667,2.1041341542702074,-169.3421052631579,-0.17272727272727273,-14410.500000000002
2342,713,2025-09-27,Dust2,1,1,42.0,0.2,-21.0,0,6,0.28205128205128194,0.3333333333333333,0.005329457364341039,-0.010174418604651125,2.6855773452501515,11.846153846153841,0.06666666666666667,-882.0
2341,713,2025-09-27,Inferno,1,-1,42.0,0.2,-21.0,0,6,-1.5303030303030303,-1.6666666666666665,-0.1018518518518518,0.03703703703703709,2.251291798606495,-64.27272727272727,-0.3333333333333333,-882.0
2352,1665,2025-09-27,Inferno,0,1,0.0,1.2000000000000002,0.0,0,-12,0.7956521739130435,0.838095238095238,0.0529569892473119,-0.0502688172043011,-1.6739764335716716,0.0,1.0057142857142858,0.0
2340,713,2025-09-27,Ancient,1,1,42.0,0.2,-21.0,0,6,0.9916666666666666,0.5714285714285714,-0.19861111111111113,-0.3680555555555555,2.740840023925201,41.65,0.11428571428571428,-882.0
2344,714,2025-09-27,Mirage,1,1,-195.0,-0.2,73.9,0,7,-0.13247588424437298,-0.1523809523809524,-0.027083333333333348,0.047222222222222276,1.8191584434161694,25.832797427652732,0.03047619047619048,-14410.500000000002
2339,712,2025-09-27,Mirage,1,1,0.0,0.5,4.9,0,8,1.2048192771084338,1.2307692307692308,0.3958333333333333,-0.1597222222222222,2.740840023925201,0.0,0.6153846153846154,0.0
2282,690,2025-09-28,Ancient,1,1,334.0,0.19999999999999996,-167.0,0,-2,-0.11737784358594697,-0.09523809523809523,0.01770078502415451,-0.009699577294686013,0.7137664677626807,-39.204199757706284,-0.019047619047619042,-55778.0
2283,690,2025-09-28,Train,1,-1,334.0,0.19999999999999996,-167.0,0,-2,-0.1693424625191831,-0.3666666666666667,-0.05750000000000005,-0.0008333333333332971,0.21357410029805912,-56.56038248140716,-0.07333333333333332,-55778.0
2284,690,2025-09-28,Overpass,1,1,334.0,0.19999999999999996,-167.0,0,-2,1.0,1.0,0.13194444444444436,-0.375,-1.252762968495368,334.0,0.19999999999999996,-55778.0
2285,691,2025-09-28,Ancient,1,1,-42.0,0.04999999999999999,26.25,0,-7,1.0846153846153845,1.5,0.08333333333333331,-0.16015625,-2.3978952727983707,-45.55384615384615,0.07499999999999998,-1102.5
2286,691,2025-09-28,Train,1,-1,-42.0,0.04999999999999999,26.25,0,-7,0.2605042016806723,0.16666666666666666,-0.08333333333333337,-0.04305555555555557,-2.3353749158170363,-10.941176470588236,0.008333333333333331,-1102.5
2288,692,2025-09-28,Dust2,1,1,22.0,-0.6000000000000001,67.4,0,-3,0.2819466248037677,0.5333333333333333,0.028125000000000067,-0.0864583333333333,-0.8472978603872034,6.2028257456828895,-0.32000000000000006,1482.8000000000002
2289,692,2025-09-28,Ancient,1,-1,22.0,-0.6000000000000001,67.4,0,-3,-0.7580553985302431,-0.1333333333333333,-0.12885154061624648,-0.06022408963585435,-0.8109302162163288,-16.677218767665348,0.07999999999999999,1482.8000000000002
2290,692,2025-09-28,Train,1,-1,22.0,-0.6000000000000001,67.4,0,-3,-0.11682242990654212,-0.16666666666666669,-0.2090277777777778,-0.008333333333333304,-1.1631508098056809,-2.5700934579439267,0.10000000000000002,1482.8000000000002
2291,693,2025-09-28,Overpass,1,-1,526.0,-0.027272727272727282,39.386363636363626,0,8,-0.3333333333333333,-0.3333333333333333,0.020833333333333315,0.11805555555555558,0.2876820724517808,-175.33333333333331,0.009090909090909094,20717.22727272727
2281,690,2025-09-28,Dust2,1,-1,334.0,0.19999999999999996,-167.0,0,-2,0.44517086289238184,0.43636363636363634,0.050925925925925875,-0.08009259259259255,0.5663954749208013,148.68706820605553,0.08727272727272725,-55778.0
2287,691,2025-09-28,Dust2,1,-1,-42.0,0.04999999999999999,26.25,0,-7,-1.3019390581717452,-1.368421052631579,-0.19412878787878785,0.11931818181818177,-2.7080502011022096,54.6814404432133,-0.06842105263157894,-1102.5
2280,690,2025-09-28,Mirage,1,1,334.0,0.19999999999999996,-167.0,0,-2,0.5834562001118511,0.85,0.08792789001122336,-0.02609427609427606,0.4744579795951158,194.87437083735824,0.16999999999999996,-55778.0
2272,687,2025-09-28,Dust2,1,-1,0.0,0.0,136.6,0,-8,-1.05849478390462,-0.8913043478260869,-0.12587108013937282,0.1016260162601626,-1.6582280766035327,-0.0,-0.0,0.0
2278,689,2025-09-28,Mirage,1,-1,-70.0,-0.8,25.1,0,-9,-0.48123765635286386,-0.7619047619047619,-0.05414438502673791,0.09692513368983963,-0.40546510810816416,33.68663594470047,0.6095238095238096,-1757.0
2277,688,2025-09-28,Ancient,1,-1,22.0,-0.4,-89.69999999999999,0,-2,-0.2845528455284553,-0.5833333333333333,-0.07291666666666663,0.011111111111111072,1.6582280766035324,-6.260162601626016,0.2333333333333333,-1973.3999999999996
2276,688,2025-09-28,Mirage,1,1,22.0,-0.4,-89.69999999999999,0,-2,1.2229299363057324,1.0,0.22642543859649122,-0.1096491228070175,1.3862943611198906,26.904458598726112,-0.4,-1973.3999999999996
2275,688,2025-09-28,Nuke,1,-1,22.0,-0.4,-89.69999999999999,0,-2,0.5201465201465201,0.47619047619047616,0.15000000000000002,0.047222222222222276,1.01160091167848,11.443223443223442,-0.19047619047619047,-1973.3999999999996
2274,687,2025-09-28,Ancient,1,-1,0.0,0.0,136.6,0,-8,0.25794314381270894,0.0,0.0214598997493734,-0.06312656641604009,-1.5841201044498106,0.0,0.0,0.0
2273,687,2025-09-28,Mirage,1,1,0.0,0.0,136.6,0,-8,0.41671247938427697,1.0,0.06099849849849842,0.038663663663663694,-1.6916760106710724,0.0,0.0,0.0
2271,685,2025-09-28,Mirage,1,1,0.0,0.7999999999999999,-23.129411764705885,0,1,1.3582887700534758,1.2857142857142856,0.10869565217391303,-0.14492753623188398,2.4849066497880004,0.0,1.0285714285714285,-0.0
2270,685,2025-09-28,Nuke,1,1,0.0,0.7999999999999999,-23.129411764705885,0,1,0.7784313725490195,0.42857142857142855,0.13731060606060602,-0.1628787878787879,1.5260563034950494,0.0,0.3428571428571428,-0.0
2269,684,2025-09-28,Nuke,1,1,-42.0,0.0,35.8,0,-8,0.6980392156862745,0.4,0.03630952380952385,-0.17202380952380952,-0.3184537311185349,-29.31764705882353,0.0,-1503.6
2268,684,2025-09-28,Train,1,-1,-42.0,0.0,35.8,0,-8,-0.7394957983193278,-0.8333333333333334,-0.14166666666666672,0.06111111111111106,-1.6422277352570913,31.058823529411768,-0.0,-1503.6
2267,684,2025-09-28,Ancient,1,1,-42.0,0.0,35.8,0,-8,0.8248751248751249,1.5,0.06481481481481483,-0.04210069444444442,-1.1939224684724343,-34.644755244755245,0.0,-1503.6
2279,689,2025-09-28,Inferno,1,-1,-70.0,-0.8,25.1,0,-9,0.8217931034482759,0.6666666666666666,0.044642857142857206,-0.08630952380952389,-0.6286086594223743,-57.52551724137932,-0.5333333333333333,-1757.0
2292,693,2025-09-28,Dust2,1,-1,526.0,-0.027272727272727282,39.386363636363626,0,8,-0.1511470985155195,-0.2745098039215686,-0.03918650793650802,-0.0317460317460318,1.9810014688665836,-79.50337381916326,0.007486631016042782,20717.22727272727
2295,694,2025-09-28,Nuke,1,-1,70.0,0.6000000000000001,-234.9,0,9,-0.5773251139104798,-0.42857142857142855,-0.03749999999999998,0.024999999999999967,0.6061358035703157,-40.412757973733584,-0.2571428571428572,-16443.0
2294,694,2025-09-28,Train,1,-1,70.0,0.6000000000000001,-234.9,0,9,-0.6311389759665623,-0.5,0.018518518518518545,0.18055555555555564,0.35667494393873267,-44.17972831765936,-0.30000000000000004,-16443.0
2321,1664,2025-09-28,Mirage,0,1,0.0,0.9333333333333333,0.0,0,-16,0.7792207792207793,0.8571428571428572,0.08680555555555552,-0.17187499999999997,-2.525728644308255,0.0,0.8,0.0
2320,1664,2025-09-28,Overpass,0,-1,0.0,0.9333333333333333,0.0,0,-16,-1.3076923076923077,-1.3076923076923077,-0.1618589743589744,0.10416666666666663,-2.6026896854443837,-0.0,-1.2205128205128206,0.0
2319,1664,2025-09-28,Dust2,0,1,0.0,0.9333333333333333,0.0,0,-16,1.0745098039215686,1.2,0.09626436781609188,0.040229885057471215,-2.70805020110221,0.0,1.1199999999999999,0.0
2318,703,2025-09-28,Nuke,1,-1,0.0,0.6000000000000001,-10.6,0,4,-0.0736842105263158,0.0,0.02714646464646464,-0.06250000000000006,0.5389965007326871,-0.0,0.0,-0.0
2317,703,2025-09-28,Ancient,1,1,0.0,0.6000000000000001,-10.6,0,4,0.6607142857142856,0.8571428571428572,0.12286324786324782,-0.06410256410256404,1.2527629684953678,0.0,0.5142857142857143,-0.0
2316,703,2025-09-28,Mirage,1,-1,0.0,0.6000000000000001,-10.6,0,4,-0.3067765567765568,-0.4,-0.15211640211640215,0.02579365079365087,0.22314355131421015,-0.0,-0.24000000000000005,-0.0
2315,702,2025-09-28,Train,1,-1,53.0,-0.2,-53.0,0,6,0.6850393700787402,0.6666666666666666,-0.012019230769230727,0.039262820512820484,1.0296194171811581,36.30708661417323,-0.13333333333333333,-2809.0
2293,694,2025-09-28,Dust2,1,1,70.0,0.6000000000000001,-234.9,0,9,0.3519607843137255,0.6,0.05555555555555558,-0.025462962962962965,0.5465437063680696,24.637254901960787,0.36000000000000004,-16443.0
2313,701,2025-09-28,Mirage,1,-1,0.0,1.0285714285714285,2.2571428571428562,0,2,-0.6417112299465242,-0.7142857142857143,-0.0579710144927536,-0.061594202898550665,2.4849066497880004,-0.0,-0.7346938775510203,0.0
2312,701,2025-09-28,Overpass,1,1,0.0,1.0285714285714285,2.2571428571428562,0,2,1.6,1.6,0.06666666666666665,-0.2791666666666666,0.6931471805599452,0.0,1.6457142857142857,0.0
2311,701,2025-09-28,Inferno,1,-1,0.0,1.0285714285714285,2.2571428571428562,0,2,0.5285996055226825,0.7878787878787878,0.03541666666666665,-0.050694444444444486,1.6582280766035324,0.0,0.8103896103896103,0.0
2310,700,2025-09-28,Ancient,1,1,70.0,1.2000000000000002,-25.2,0,9,1.0126262626262628,0.8888888888888888,0.11944444444444435,-0.09074074074074073,0.47000362924573524,70.8838383838384,1.0666666666666669,-1764.0
2309,700,2025-09-28,Dust2,1,1,70.0,1.2000000000000002,-25.2,0,9,0.642156862745098,1.0,-0.034722222222222154,-0.09490740740740738,0.998528830111127,44.95098039215686,1.2000000000000002,-1764.0
2314,702,2025-09-28,Nuke,1,-1,53.0,-0.2,-53.0,0,6,-0.37914831130690163,-0.9473684210526316,-0.010416666666666685,0.07451923076923078,1.6863989535702288,-20.094860499265785,0.18947368421052635,-2809.0
2307,699,2025-09-28,Ancient,1,1,0.0,-0.39999999999999997,4.9,0,8,1.1346938775510205,0.9411764705882353,0.09027777777777773,-0.08749999999999997,2.740840023925201,0.0,-0.37647058823529406,0.0
2308,699,2025-09-28,Train,1,-1,0.0,-0.39999999999999997,4.9,0,8,-0.6261980830670927,-0.5714285714285714,-0.027412280701754277,0.31798245614035087,2.970414465569701,-0.0,0.22857142857142854,0.0
2297,695,2025-09-28,Nuke,1,-1,111.0,-0.7333333333333334,-66.1,0,3,-0.9879518072289156,-0.7272727272727273,-0.11184210526315785,0.1074561403508772,2.3025850929940455,-109.66265060240963,0.5333333333333334,-7337.099999999999
2298,695,2025-09-28,Train,1,-1,111.0,-0.7333333333333334,-66.1,0,3,-1.0,-1.0,-0.052083333333333315,0.35416666666666674,0.916290731874155,-111.0,0.7333333333333334,-7337.099999999999
2299,696,2025-09-28,Train,1,1,23.0,0.4725274725274725,-92.30219780219781,0,4,0.7948717948717949,0.4,-0.05555555555555558,-0.07407407407407407,1.6094379124341005,18.282051282051285,0.189010989010989,-2122.9505494505497
2300,696,2025-09-28,Overpass,1,1,23.0,0.4725274725274725,-92.30219780219781,0,4,1.0,1.0,0.125,-0.11111111111111105,0.8472978603872034,23.0,0.4725274725274725,-2122.9505494505497
2296,695,2025-09-28,Ancient,1,1,111.0,-0.7333333333333334,-66.1,0,3,0.735483870967742,0.8333333333333334,-0.13480392156862736,-0.21323529411764702,2.197224577336219,81.63870967741937,-0.6111111111111112,-7337.099999999999
2302,697,2025-09-28,Inferno,1,-1,244.0,0.5406593406593406,65.73626373626374,0,5,0.2930338655904544,0.1111111111111111,0.002604166666666685,-0.046875,1.0414538748281612,71.50026320407088,0.06007326007326007,16039.648351648351
2303,697,2025-09-28,Nuke,1,1,244.0,0.5406593406593406,65.73626373626374,0,5,1.375609756097561,1.4117647058823528,0.4299242424242425,-0.15340909090909088,2.4423470353692043,335.6487804878049,0.7632837750484808,16039.648351648351
2304,698,2025-09-28,Overpass,1,1,190.0,1.4,16.93529411764706,0,4,0.5,0.5,0.020833333333333315,-0.01041666666666663,0.916290731874155,95.0,0.7,3217.7058823529414
2305,698,2025-09-28,Inferno,1,1,190.0,1.4,16.93529411764706,0,4,1.5432098765432098,1.6363636363636362,0.3114035087719298,-0.16447368421052627,1.897119984885881,293.2098765432099,2.2909090909090906,3217.7058823529414
2306,699,2025-09-28,Mirage,1,-1,0.0,-0.39999999999999997,4.9,0,8,-0.9398496240601504,-0.9,-0.08055555555555555,0.0,2.740840023925201,-0.0,0.36,0.0
2301,697,2025-09-28,Mirage,1,1,244.0,0.5406593406593406,65.73626373626374,0,5,0.9530201342281879,1.0,0.13112745098039214,-0.12254901960784309,1.7917594692280547,232.53691275167785,0.5406593406593406,16039.648351648351
2250,678,2025-09-29,Overpass,1,-1,-72.0,-0.2,99.2,0,-1,-0.5333333333333333,-0.5333333333333333,-0.03750000000000003,-0.001388888888888884,-0.15415067982725827,38.4,0.10666666666666667,-7142.400000000001
2249,678,2025-09-29,Dust2,1,-1,-72.0,-0.2,99.2,0,-1,-0.6817244933012709,-0.35,-0.06875000000000003,0.08645833333333336,-0.8472978603872034,49.08416351769151,0.06999999999999999,-7142.400000000001
2248,677,2025-09-29,Mirage,1,1,561.0,0.5814432989690722,-71.1979381443299,0,7,1.3333333333333333,1.6666666666666665,0.16224747474747475,-0.12121212121212116,1.749199854809259,748.0,0.9690721649484536,-39942.043298969074
2247,677,2025-09-29,Inferno,1,1,561.0,0.5814432989690722,-71.1979381443299,0,7,0.32979976442873965,0.4242424242424242,-0.020833333333333315,-0.08758960573476698,1.5198257537444133,185.01766784452295,0.24667291471415181,-39942.043298969074
2244,676,2025-09-29,Inferno,1,1,140.0,-0.2,-77.60000000000001,0,0,0.369767441860465,0.4666666666666666,0.14583333333333337,-0.07916666666666666,1.252762968495368,51.7674418604651,-0.09333333333333332,-10864.000000000002
2245,676,2025-09-29,Mirage,1,-1,140.0,-0.2,-77.60000000000001,0,0,0.3130434782608695,0.09999999999999998,0.13205128205128208,-0.0955128205128205,0.8472978603872034,43.82608695652173,-0.019999999999999997,-10864.000000000002
2243,675,2025-09-29,Overpass,1,-1,0.0,-0.8,42.4,0,-5,-2.0,-2.0,-0.39583333333333326,0.16666666666666663,-0.4054651081081645,-0.0,1.6,0.0
2242,675,2025-09-29,Inferno,1,-1,0.0,-0.8,42.4,0,-5,-1.641025641025641,-2.0,-0.16666666666666663,0.1342592592592592,-0.6931471805599456,-0.0,1.6,0.0
2251,679,2025-09-29,Ancient,1,-1,75.0,-0.5333333333333333,23.200000000000003,0,3,0.024999999999999988,-0.1111111111111111,-0.13377192982456138,0.01206140350877194,1.897119984885881,1.8749999999999991,0.059259259259259255,1740.0000000000002
2246,676,2025-09-29,Ancient,1,-1,140.0,-0.2,-77.60000000000001,0,0,-0.3413793103448276,-0.3,-0.08088235294117646,-0.006127450980392135,1.2809338454620642,-47.793103448275865,0.06,-10864.000000000002
2252,679,2025-09-29,Overpass,1,1,75.0,-0.5333333333333333,23.200000000000003,0,3,1.1428571428571428,1.1428571428571428,-0.29166666666666674,-0.42857142857142855,1.3862943611198904,85.71428571428571,-0.6095238095238095,1740.0000000000002
2264,683,2025-09-29,Ancient,1,-1,53.0,-0.5333333333333333,-53.0,0,7,-0.8933333333333333,-0.8571428571428572,-0.10677083333333331,0.15625,2.1400661634962708,-47.346666666666664,0.4571428571428572,-2809.0
2254,680,2025-09-29,Ancient,1,1,244.0,-0.2,8.0,0,-4,0.1707945314047949,0.30357142857142855,-0.004451566951566954,-0.05626780626780625,-0.744440474947496,41.673865662769956,-0.060714285714285714,1952.0
2265,1663,2025-09-29,Mirage,0,1,37.0,1.4,167.0,0,9,0.8398268398268398,0.8235294117647058,0.3244047619047619,-0.12053571428571425,2.2686835413183646,31.073593073593074,1.1529411764705881,6179.0
2253,679,2025-09-29,Dust2,1,-1,75.0,-0.5333333333333333,23.200000000000003,0,3,-0.5,-0.5,-0.02604166666666663,0.3489583333333333,1.5040773967762742,-37.5,0.26666666666666666,1740.0000000000002
2266,1663,2025-09-29,Train,0,1,37.0,1.4,167.0,0,9,1.2197802197802199,1.2307692307692308,0.35515873015873023,-0.09126984126984122,1.9924301646902063,45.13186813186814,1.7230769230769232,6179.0
2262,683,2025-09-29,Dust2,1,-1,53.0,-0.5333333333333333,-53.0,0,7,-0.8195121951219512,-0.875,-0.05978260869565216,0.09239130434782605,2.4849066497880004,-43.43414634146341,0.4666666666666667,-2809.0
2261,682,2025-09-29,Inferno,1,1,111.0,1.0,-96.48148148148148,0,2,1.277777777777778,1.4545454545454546,0.3115079365079365,-0.08730158730158727,1.7047480922384255,141.83333333333334,1.4545454545454546,-10709.444444444445
2263,683,2025-09-29,Train,1,1,53.0,-0.5333333333333333,-53.0,0,7,1.7080291970802919,1.6923076923076923,0.029761904761904767,-0.2172619047619047,2.0149030205422647,90.52554744525547,-0.9025641025641026,-2809.0
2259,681,2025-09-29,Ancient,1,-1,30.0,-0.5814432989690722,-91.21443298969075,0,5,-0.7575757575757576,-1.3333333333333333,-0.055555555555555525,0.2569444444444444,1.8458266904983305,-22.727272727272727,0.7752577319587629,-2736.4329896907225
2258,681,2025-09-29,Mirage,1,-1,30.0,-0.5814432989690722,-91.21443298969075,0,5,-0.035714285714285865,-0.8571428571428572,0.010304659498207802,-0.019713261648745484,2.079441541679836,-1.071428571428576,0.49837997054491906,-2736.4329896907225
2257,681,2025-09-29,Overpass,1,1,30.0,-0.5814432989690722,-91.21443298969075,0,5,1.3333333333333333,1.3333333333333333,0.15277777777777773,-0.13888888888888895,-0.2876820724517808,40.0,-0.7752577319587629,-2736.4329896907225
2256,680,2025-09-29,Overpass,1,-1,244.0,-0.2,8.0,0,-4,-0.8333333333333333,-0.8333333333333333,-0.08854166666666669,0.12152777777777773,-0.25131442828090633,-203.33333333333331,0.16666666666666666,1952.0
2255,680,2025-09-29,Nuke,1,-1,244.0,-0.2,8.0,0,-4,0.4478146774047599,0.4583333333333333,0.05908134642356244,-0.04324450677886865,-0.2876820724517808,109.26678128676141,-0.09166666666666667,1952.0
2260,682,2025-09-29,Overpass,1,1,111.0,1.0,-96.48148148148148,0,2,1.0,1.0,0.0625,-0.02083333333333326,0.5108256237659905,111.0,1.0,-10709.444444444445
2213,663,2025-09-30,Inferno,1,-1,42.0,0.2,-25.2,0,11,-1.617283950617284,-1.7777777777777777,-0.2182539682539682,-0.06944444444444442,2.3978952727983707,-67.92592592592592,-0.35555555555555557,-1058.3999999999999
2218,665,2025-09-30,Overpass,1,-1,169.0,-0.6000000000000001,0.20000000000000284,0,1,-0.6785714285714286,-0.6785714285714286,-0.14880952380952378,0.0022321428571429047,-0.11778303565638382,-114.67857142857143,0.4071428571428572,33.80000000000048
2217,665,2025-09-30,Nuke,1,-1,169.0,-0.6000000000000001,0.20000000000000284,0,1,0.29791932059447984,0.2631578947368421,0.02001096491228066,-0.03974780701754388,0.2231435513142097,50.34836518046709,-0.15789473684210528,33.80000000000048
2216,664,2025-09-30,Mirage,1,-1,0.0,-1.0,-12.6,0,-12,-1.1895910780669146,-1.2,-0.020833333333333315,0.15364583333333331,-2.803360380906535,-0.0,1.2,-0.0
2215,663,2025-09-30,Overpass,1,1,42.0,0.2,-25.2,0,11,-0.2,-0.2,-0.08750000000000002,0.03333333333333338,0.6931471805599452,-8.4,-0.04000000000000001,-1058.3999999999999
2214,663,2025-09-30,Nuke,1,1,42.0,0.2,-25.2,0,11,0.8952380952380953,1.1428571428571428,0.18402777777777773,-0.04861111111111105,1.466337068793427,37.6,0.22857142857142856,-1058.3999999999999
2212,662,2025-09-30,Mirage,1,-1,474.0,0.4,-142.1,0,6,0.317937701396348,0.7384615384615385,0.02294685990338169,-0.04649758454106284,0.613104472886409,150.70247046186896,0.2953846153846154,-67355.4
2205,659,2025-09-30,Dust2,1,-1,42.0,0.2,-25.2,0,11,0.2860892388451442,0.3333333333333333,0.09329710144927539,-0.13768115942028986,2.7515353130419484,12.015748031496056,0.06666666666666667,-1058.3999999999999
2210,661,2025-09-30,Inferno,1,-1,-39.0,-0.4,43.800000000000004,0,-1,-1.3157894736842106,-1.5,-0.11931818181818182,0.09090909090909088,-2.4423470353692043,51.31578947368421,0.6000000000000001,-1708.2000000000003
2209,661,2025-09-30,Dust2,1,-1,-39.0,-0.4,43.800000000000004,0,-1,-0.17109071363598774,-0.2222222222222222,-0.08606150793650791,-0.0910218253968254,0.2578291093020999,6.672537831803522,0.08888888888888889,-1708.2000000000003
2208,660,2025-09-30,Overpass,1,-1,0.0,0.0,-12.6,0,11,0.5,0.5,0.015625,0.0625,1.0986122886681098,0.0,0.0,-0.0
2207,660,2025-09-30,Mirage,1,-1,0.0,0.0,-12.6,0,11,-0.14374225526641882,-0.1333333333333333,-0.048611111111111105,-0.056423611111111105,2.11021320034659,-0.0,-0.0,-0.0
2206,659,2025-09-30,Nuke,1,1,42.0,0.2,-25.2,0,11,0.8952380952380953,1.1428571428571428,0.18402777777777773,-0.04861111111111105,1.466337068793427,37.6,0.22857142857142856,-1058.3999999999999
2219,666,2025-09-30,Overpass,1,1,0.0,0.0,-19.5,0,11,1.5,1.5,-0.08854166666666669,-0.22916666666666663,1.5040773967762742,0.0,0.0,-0.0
2204,659,2025-09-30,Ancient,1,1,42.0,0.2,-25.2,0,11,0.9555555555555556,0.5882352941176471,0.0025252525252525415,-0.1098484848484848,2.833213344056216,40.13333333333333,0.11764705882352942,-1058.3999999999999
2211,662,2025-09-30,Dust2,1,-1,474.0,0.4,-142.1,0,6,-0.22381322957198443,-0.5,-0.0009578544061303318,0.03336526181353766,1.0986122886681096,-106.08747081712062,-0.2,-67355.4
2220,667,2025-09-30,Mirage,1,-1,125.0,0.0,-5.3999999999999915,0,-3,-0.7530909090909093,-0.8055555555555556,-0.04092261904761907,0.0546875,-0.7884573603642702,-94.13636363636365,-0.0,-674.999999999999
2221,667,2025-09-30,Dust2,1,1,125.0,0.0,-5.3999999999999915,0,-3,0.5404296664147686,0.8888888888888888,0.11120129870129869,-0.03039321789321786,0.04445176257083361,67.55370830184609,0.0,-674.999999999999
2237,673,2025-09-30,Nuke,1,1,0.0,0.8,-31.8,0,3,1.450777202072539,1.4666666666666668,0.3159722222222222,-0.13368055555555552,2.525728644308255,0.0,1.1733333333333336,-0.0
2241,1662,2025-09-30,Nuke,0,1,37.0,0.5707317073170732,70.70731707317073,0,9,1.4098360655737705,1.4166666666666667,0.1648809523809524,-0.21547619047619043,2.484906649788,52.16393442622951,0.8085365853658538,2616.170731707317
2240,1662,2025-09-30,Mirage,0,1,37.0,0.5707317073170732,70.70731707317073,0,9,0.018134482449052886,-0.1111111111111111,-0.01395730706075532,-0.10550082101806246,1.3217558399823197,0.6709758506149568,-0.06341463414634146,2616.170731707317
2239,674,2025-09-30,Overpass,1,-1,0.0,-0.8,42.4,0,-2,-1.6666666666666665,-1.6666666666666665,-0.11805555555555558,0.19444444444444436,-0.8472978603872034,-0.0,1.3333333333333333,0.0
2238,674,2025-09-30,Nuke,1,-1,0.0,-0.8,42.4,0,-2,-0.3007772020725389,-0.13333333333333336,-0.08263888888888893,-0.0246527777777778,-1.4271163556401456,-0.0,0.10666666666666669,0.0
2222,667,2025-09-30,Ancient,1,-1,125.0,0.0,-5.3999999999999915,0,-3,-0.21190368014538835,0.23376623376623376,-0.049220272904483386,-0.06676413255360619,-0.05129329438755059,-26.487960018173546,0.0,-674.999999999999
2236,673,2025-09-30,Inferno,1,1,0.0,0.8,-31.8,0,3,1.255813953488372,1.4545454545454546,0.20634920634920634,-0.11507936507936506,2.3978952727983707,0.0,1.1636363636363638,-0.0
2235,672,2025-09-30,Nuke,1,1,0.0,0.8,-10.6,0,7,-0.12036474164133737,0.47619047619047616,-0.041666666666666685,0.00694444444444442,0.6190392084062235,-0.0,0.38095238095238093,-0.0
2234,672,2025-09-30,Inferno,1,1,0.0,0.8,-10.6,0,7,1.531818181818182,2.0,0.20833333333333331,-0.14583333333333331,0.6061358035703157,0.0,1.6,-0.0
2232,671,2025-09-30,Dust2,1,1,0.0,0.7777777777777778,12.6,0,13,1.0422535211267605,1.2,0.1371527777777778,-0.0920138888888889,2.120263536200091,0.0,0.9333333333333333,0.0
2233,672,2025-09-30,Overpass,1,-1,0.0,0.8,-10.6,0,7,0.3333333333333333,0.3333333333333333,0.09027777777777779,-0.027777777777777735,0.2876820724517808,0.0,0.26666666666666666,-0.0
2230,670,2025-09-30,Train,1,1,42.0,0.5333333333333333,-42.0,0,13,0.8372093023255813,1.0,-0.03385416666666663,-0.06510416666666663,2.803360380906535,35.16279069767442,0.5333333333333333,-1764.0
2229,670,2025-09-30,Overpass,1,1,42.0,0.5333333333333333,-42.0,0,13,0.8,0.8,0.39166666666666666,-0.13333333333333325,1.0986122886681096,33.6,0.4266666666666667,-1764.0
2228,670,2025-09-30,Inferno,1,-1,42.0,0.5333333333333333,-42.0,0,13,-1.617283950617284,-1.7777777777777777,-0.0932539682539682,0.09722222222222227,2.3978952727983707,-67.92592592592592,-0.9481481481481481,-1764.0
2227,669,2025-09-30,Ancient,1,1,35.0,0.6,28.700000000000003,0,-8,0.9396825396825397,0.9411764705882353,0.07083333333333325,-0.18819444444444444,-2.327277705584417,32.888888888888886,0.5647058823529412,1004.5000000000001
2226,669,2025-09-30,Dust2,1,1,35.0,0.6,28.700000000000003,0,-8,0.15921787709497204,0.16666666666666669,0.03373015873015878,-0.03720238095238093,-2.1517622032594623,5.572625698324021,0.1,1004.5000000000001
2225,668,2025-09-30,Dust2,1,1,42.0,0.2,-12.6,0,0,0.24383571771838364,0.1333333333333333,0.018644323671497598,-0.02483393719806759,0.6312717768418579,10.241100144172112,0.02666666666666666,-529.1999999999999
2224,668,2025-09-30,Train,1,1,42.0,0.2,-12.6,0,0,-0.2640565204592288,-0.23076923076923078,-0.05591299019607843,0.05254289215686275,0.6061358035703157,-11.09037385928761,-0.046153846153846156,-529.1999999999999
2223,668,2025-09-30,Inferno,1,-1,42.0,0.2,-12.6,0,0,-0.495332731105089,-0.5277777777777778,0.052579365079365115,0.055555555555555636,0.04652001563489305,-20.80397470641374,-0.10555555555555557,-529.1999999999999
2231,671,2025-09-30,Inferno,1,1,0.0,0.7777777777777778,12.6,0,13,0.2113821138211382,0.08333333333333331,-0.02083333333333337,-0.09722222222222227,1.6582280766035324,0.0,0.0648148148148148,0.0
2183,655,2025-10-01,Nuke,1,1,172.0,0.0,-73.80000000000001,0,2,0.21579945228565411,0.3,-0.008181818181818235,-0.1078787878787878,0.7731898882334818,37.11750579313251,0.0,-12693.600000000002
2186,656,2025-10-01,Mirage,1,1,190.0,0.6,-207.9,0,2,0.7555555555555555,0.6,0.1791666666666667,-0.12222222222222218,1.1631508098056809,143.55555555555554,0.36,-39501.0
2184,656,2025-10-01,Ancient,1,-1,190.0,0.6,-207.9,0,2,0.27744107744107743,0.0,0.010233918128654984,-0.10818713450292405,1.6094379124341003,52.71380471380471,0.0,-39501.0
2182,655,2025-10-01,Inferno,1,-1,172.0,0.0,-73.80000000000001,0,2,0.04697986577181208,0.0,-0.01470588235294118,0.10416666666666663,1.7917594692280547,8.080536912751677,0.0,-12693.600000000002
2187,657,2025-10-01,Ancient,1,1,10.0,0.6000000000000001,-3.3000000000000114,0,-4,-0.12817337461300302,0.25,-0.06875000000000003,-0.0625,0.0,-1.2817337461300302,0.15000000000000002,-33.000000000000114
2180,654,2025-10-01,Ancient,1,1,111.0,0.6000000000000001,-99.1,0,-8,-0.21557109557109563,-0.07692307692307693,-0.05228093947606144,0.003331074977416415,-0.7932306391169281,-23.928391608391614,-0.04615384615384616,-11000.099999999999
2179,654,2025-10-01,Nuke,1,1,111.0,0.6000000000000001,-99.1,0,-8,0.2544936052540615,0.5098039215686274,0.007031249999999933,0.02734375,-0.4519851237430572,28.24879018320083,0.3058823529411765,-11000.099999999999
2178,654,2025-10-01,Dust2,1,-1,111.0,0.6000000000000001,-99.1,0,-8,-0.3519842427779399,-0.56,0.004274965800273645,0.11405608755129965,-0.8938178760220965,-39.07025094835133,-0.3360000000000001,-11000.099999999999
2177,653,2025-10-01,Inferno,1,1,561.0,0.8,-237.79999999999998,0,6,0.5745763726722951,0.6304347826086957,0.027715773809523836,-0.060825892857142905,1.4170660197866445,322.33734506915755,0.5043478260869566,-133405.8
2176,653,2025-10-01,Overpass,1,1,561.0,0.8,-237.79999999999998,0,6,0.3333333333333333,0.3333333333333333,0.09027777777777779,0.06944444444444442,-0.33647223662121295,187.0,0.26666666666666666,-133405.8
2181,655,2025-10-01,Mirage,1,1,172.0,0.0,-73.80000000000001,0,2,-0.13083267427409334,0.20202020202020202,-0.03425925925925921,-0.018518518518518545,-0.10008345855698275,-22.503219975144056,0.0,-12693.600000000002
2188,657,2025-10-01,Inferno,1,1,10.0,0.6000000000000001,-3.3000000000000114,0,-4,-0.003964998632759079,0.5909090909090909,-0.03587962962962965,0.00810185185185186,-0.2744368457017603,-0.039649986327590786,0.3545454545454546,-33.000000000000114
2185,656,2025-10-01,Inferno,1,1,190.0,0.6,-207.9,0,2,1.0360295442262655,1.1923076923076923,0.13492063492063494,-0.16269841269841273,1.0116009116784803,196.84561340299044,0.7153846153846154,-39501.0
2190,658,2025-10-01,Mirage,1,-1,0.0,0.0,0.0,0,3,-0.6087160262417994,-0.6190476190476191,-0.13194444444444442,0.08854166666666669,-0.8209805520698299,-0.0,-0.0,0.0
2203,1661,2025-10-01,Train,0,1,0.0,0.6666666666666666,0.0,0,6,1.0,1.0,-0.10416666666666669,-0.16666666666666663,0.916290731874155,0.0,0.6666666666666666,0.0
2189,658,2025-10-01,Inferno,1,-1,0.0,0.0,0.0,0,3,0.22930520522815873,0.2142857142857143,0.058712121212121215,-0.018939393939393923,-0.6505875661411493,0.0,0.0,0.0
2202,1661,2025-10-01,Mirage,0,1,0.0,0.6666666666666666,0.0,0,6,1.0847457627118644,1.125,0.07886904761904756,-0.11904761904761901,2.2686835413183646,0.0,0.75,0.0
2201,1661,2025-10-01,Dust2,0,-1,0.0,0.6666666666666666,0.0,0,6,0.16346153846153846,0.2,0.0,0.10416666666666669,2.1594842493533726,0.0,0.13333333333333333,0.0
2200,1660,2025-10-01,Nuke,0,-1,0.0,0.6000000000000001,0.0,0,-14,-0.7571673085151904,-0.8857142857142857,-0.02546296296296302,0.14583333333333331,-0.998528830111127,-0.0,-0.5314285714285715,0.0
2198,1660,2025-10-01,Train,0,-1,0.0,0.6000000000000001,0.0,0,-14,-0.2142857142857143,-0.2142857142857143,-0.019345238095238027,0.013392857142857095,-1.0986122886681098,-0.0,-0.1285714285714286,0.0
2199,1660,2025-10-01,Overpass,0,1,0.0,0.6000000000000001,0.0,0,-14,0.7407407407407407,0.7407407407407407,0.07600308641975306,-0.07098765432098769,-1.7227665977411035,0.0,0.4444444444444445,0.0
2196,1659,2025-10-01,Train,0,-1,37.0,-0.03711340206185565,18.668041237113385,0,11,0.2895833333333333,-0.8571428571428572,0.053409090909090906,-0.1257575757575758,1.3437347467010947,10.714583333333332,0.03181148748159056,690.7175257731952
2195,1658,2025-10-01,Dust2,0,-1,0.0,-0.6000000000000001,-11.1,0,13,-0.521198668146504,-1.2380952380952381,-0.0222222222222222,0.04722222222222222,1.6422277352570913,-0.0,0.742857142857143,-0.0
2194,1658,2025-10-01,Train,0,-1,0.0,-0.6000000000000001,-11.1,0,13,0.047619047619047616,0.047619047619047616,-0.0535714285714286,0.02480158730158727,1.3217558399823195,0.0,-0.028571428571428574,-0.0
2193,658,2025-10-01,Train,1,1,0.0,0.0,0.0,0,3,0.348984348984349,0.2,-0.04629629629629639,-0.04166666666666663,0.0,0.0,0.0,0.0
2192,658,2025-10-01,Overpass,1,1,0.0,0.0,0.0,0,3,0.07142857142857145,0.07142857142857145,0.06101190476190471,0.03125,-0.47000362924573547,0.0,0.0,0.0
2191,658,2025-10-01,Nuke,1,1,0.0,0.0,0.0,0,3,-0.2569565217391304,-0.08333333333333331,-0.04897435897435892,0.04320512820512823,-0.6190392084062237,-0.0,-0.0,0.0
2197,1659,2025-10-01,Mirage,0,-1,37.0,-0.03711340206185565,18.668041237113385,0,11,-0.6845104213525266,-1.1578947368421053,-0.009374999999999967,-0.06770833333333331,1.2367626271489267,-25.326885590043485,0.042973412913727596,690.7175257731952
2167,649,2025-10-02,Inferno,1,1,496.0,0.4,-206.9,0,0,0.19032513877874704,0.7222222222222222,-0.025757575757575757,-0.018787878787878798,0.2682639865946794,94.40126883425853,0.2888888888888889,-102622.40000000001
2164,648,2025-10-02,Mirage,1,1,0.0,1.0,-26.5,0,10,0.2312925170068027,0.19047619047619047,-0.017676767676767735,0.027777777777777735,1.0986122886681098,0.0,0.19047619047619047,-0.0
2165,648,2025-10-02,Inferno,1,1,0.0,1.0,-26.5,0,10,1.593220338983051,1.7777777777777777,0.03205128205128205,-0.28205128205128205,1.945910149055313,0.0,1.7777777777777777,-0.0
2166,649,2025-10-02,Mirage,1,-1,496.0,0.4,-206.9,0,0,-0.23089911355002116,0.09523809523809523,-0.02951388888888884,0.05303030303030304,-0.307484699747961,-114.5259603208105,0.0380952380952381,-102622.40000000001
2168,649,2025-10-02,Overpass,1,1,496.0,0.4,-206.9,0,0,-0.1333333333333333,-0.1333333333333333,0.005555555555555591,0.0722222222222223,0.4054651081081644,-66.13333333333333,-0.05333333333333332,-102622.40000000001
2173,651,2025-10-02,Nuke,1,1,0.0,1.6,0.0,0,10,1.184,1.3333333333333333,0.22916666666666669,-0.09523809523809523,2.0149030205422647,0.0,2.1333333333333333,0.0
2170,650,2025-10-02,Overpass,1,1,157.0,0.2,-191.0,0,3,-0.25,-0.25,-0.08854166666666669,0.078125,1.0986122886681098,-39.25,-0.05,-29987.0
2171,650,2025-10-02,Ancient,1,1,157.0,0.2,-191.0,0,3,0.7993630573248408,1.0,0.12472587719298245,-0.05811403508771934,0.7985076962177713,125.5,0.2,-29987.0
2172,651,2025-10-02,Inferno,1,1,0.0,1.6,0.0,0,10,1.593220338983051,1.7777777777777777,0.44871794871794873,-0.15705128205128205,1.945910149055313,0.0,2.8444444444444446,0.0
2174,652,2025-10-02,Overpass,1,1,190.0,0.6000000000000001,-122.0,0,-7,-0.5333333333333333,-0.5333333333333333,-0.047222222222222276,0.13425925925925924,-0.5108256237659909,-101.33333333333333,-0.32000000000000006,-23180.0
2175,652,2025-10-02,Train,1,1,190.0,0.6000000000000001,-122.0,0,-7,0.7018518518518518,1.1555555555555554,0.047222222222222276,-0.18117283950617286,-1.5404450409471488,133.35185185185185,0.6933333333333334,-23180.0
2169,650,2025-10-02,Inferno,1,-1,157.0,0.2,-191.0,0,3,-0.026998005829114907,0.2424242424242424,-0.06481481481481483,0.04907407407407405,0.17185025692665912,-4.238686915171041,0.048484848484848485,-29987.0
2154,1653,2025-10-03,Dust2,0,-1,0.0,-0.8878048780487806,95.01219512195122,0,-16,-0.4593301435406698,-0.8695652173913043,-0.07366071428571425,0.06287202380952384,-1.4170660197866445,-0.0,0.7720042417815484,0.0
2150,646,2025-10-03,Inferno,1,1,0.0,0.8285714285714285,-22.714285714285715,0,5,1.3478260869565217,1.5384615384615383,0.276268115942029,-0.13405797101449274,2.079441541679836,0.0,1.2747252747252744,-0.0
2151,646,2025-10-03,Nuke,1,1,0.0,0.8285714285714285,-22.714285714285715,0,5,1.4000000000000001,1.375,0.35737179487179493,-0.13461538461538453,2.197224577336219,0.0,1.1392857142857142,-0.0
2152,647,2025-10-03,Overpass,1,1,0.0,1.4,0.0,0,7,1.5,1.5,0.39583333333333337,-0.20312499999999994,1.5040773967762742,0.0,2.0999999999999996,0.0
2155,1653,2025-10-03,Inferno,0,-1,0.0,-0.8878048780487806,95.01219512195122,0,-16,-0.8851351351351351,-0.8695652173913043,-0.3434343434343434,0.10479797979797978,-2.1400661634962708,-0.0,0.7720042417815484,0.0
2153,647,2025-10-03,Mirage,1,1,0.0,1.4,0.0,0,7,1.4,1.3333333333333333,0.36333333333333334,-0.16166666666666668,2.5649493574615367,0.0,1.8666666666666665,0.0
2157,1654,2025-10-03,Inferno,0,-1,0.0,-0.8,0.0,0,-15,-0.5436717205009887,-0.8695652173913043,0.014898989898989912,0.13813131313131322,-1.7346010553881066,-0.0,0.6956521739130435,0.0
2163,1657,2025-10-03,Nuke,0,1,561.0,1.4,-524.1,0,9,1.0909090909090908,1.0909090909090908,0.3939393939393939,-0.09659090909090906,2.4423470353692043,612.0,1.5272727272727271,-294020.10000000003
2162,1657,2025-10-03,Overpass,0,1,561.0,1.4,-524.1,0,9,1.3333333333333333,1.3333333333333333,0.4583333333333333,-0.1388888888888889,1.252762968495368,748.0,1.8666666666666665,-294020.10000000003
2161,1656,2025-10-03,Default,0,1,0.0,1.0,0.0,0,-8,0.5,0.5,0.010416666666666664,-0.010416666666666666,-0.916290731874155,0.0,0.5,0.0
2156,1654,2025-10-03,Dust2,0,-1,0.0,-0.8,0.0,0,-15,-0.46842105263157896,-0.3695652173913043,0.015625,0.20572916666666669,-1.88706964903238,-0.0,0.2956521739130435,0.0
2159,1655,2025-10-03,Nuke,0,-1,0.0,-0.7931034482758621,0.0,0,-8,-0.24691358024691357,-0.4,-0.18333333333333338,0.0,-1.7047480922384253,-0.0,0.31724137931034485,0.0
2158,1655,2025-10-03,Mirage,0,-1,0.0,-0.7931034482758621,0.0,0,-8,-1.1219512195121952,-1.1764705882352942,-0.12428160919540227,0.12499999999999994,-2.302585092994046,-0.0,0.9330628803245437,0.0
2160,1656,2025-10-03,Inferno,0,1,0.0,1.0,0.0,0,-8,0.9813084112149533,1.2,0.08779761904761901,-0.16666666666666669,-2.2686835413183646,0.0,1.2,0.0
2127,630,2025-10-04,Inferno,1,-1,0.0,0.2,32.1,0,-5,-0.5650953984287318,-0.4,-0.12291666666666667,0.08124999999999993,-0.6466271649250523,-0.0,-0.08000000000000002,0.0
2136,639,2025-10-04,Ancient,1,1,0.0,1.040909090909091,-4.645454545454546,0,5,0.3450980392156863,1.0,0.05107526881720431,-0.009408602150537626,2.367123614131617,0.0,1.040909090909091,-0.0
2129,630,2025-10-04,Overpass,1,1,0.0,0.2,32.1,0,-5,-0.07692307692307693,-0.07692307692307693,0.1233974358974359,0.07532051282051289,-1.5404450409471486,-0.0,-0.015384615384615385,0.0
2130,637,2025-10-04,Nuke,1,-1,0.0,0.02474226804123711,39.76288659793815,0,-6,-0.2469135802469136,-0.2727272727272727,-0.15679824561403505,0.07346491228070179,-1.897119984885881,-0.0,-0.006747891283973757,0.0
2131,637,2025-10-04,Ancient,1,1,0.0,0.02474226804123711,39.76288659793815,0,-6,1.095890410958904,1.1428571428571428,0.11458333333333331,-0.08072916666666669,-1.4469189829363256,0.0,0.028276877761413837,0.0
2132,637,2025-10-04,Train,1,-1,0.0,0.02474226804123711,39.76288659793815,0,-6,-1.5876288659793816,-1.5555555555555556,-0.375,0.2375,-1.7047480922384253,-0.0,-0.03848797250859106,0.0
2133,638,2025-10-04,Dust2,1,-1,0.0,-0.8,-12.6,0,-12,-1.0852017937219731,-1.25,-0.18166666666666664,0.09166666666666662,-2.1594842493533726,-0.0,1.0,-0.0
2134,638,2025-10-04,Nuke,1,-1,0.0,-0.8,-12.6,0,-12,0.3017241379310345,0.3684210526315789,-0.022499999999999964,-0.05083333333333334,-2.1594842493533726,0.0,-0.29473684210526313,-0.0
2135,639,2025-10-04,Overpass,1,1,0.0,1.040909090909091,-4.645454545454546,0,5,1.1111111111111112,1.1111111111111112,0.08796296296296297,-0.08796296296296291,1.2039728043259361,0.0,1.1565656565656568,-0.0
2128,630,2025-10-04,Ancient,1,1,0.0,0.2,32.1,0,-5,0.8660053534876397,1.1428571428571428,0.09791666666666671,-0.05156250000000001,-0.4353180712578455,0.0,0.22857142857142856,0.0
2137,640,2025-10-04,Nuke,1,-1,-48.0,-1.0,208.2,0,-3,-0.633846153846154,-0.8333333333333333,-0.08080808080808083,0.037878787878787845,-0.5389965007326871,30.42461538461539,0.8333333333333333,-9993.599999999999
2139,641,2025-10-04,Overpass,1,-1,261.0,-0.8,84.5,0,-1,0.5,0.5,0.0625,-0.03125,0.0,130.5,-0.4,22054.5
2149,645,2025-10-04,Nuke,1,1,377.0,-0.2,188.79999999999998,0,-4,0.3804849317757927,0.3111111111111111,0.033088235294117696,-0.021813725490196056,-0.1541506798272585,143.44281927947384,-0.06222222222222223,71177.59999999999
2138,640,2025-10-04,Dust2,1,-1,-48.0,-1.0,208.2,0,-3,-0.03081967213114751,-0.19047619047619047,0.12142857142857139,0.041666666666666685,0.6931471805599454,1.4793442622950805,0.19047619047619047,-9993.599999999999
2147,644,2025-10-04,Mirage,1,1,365.0,-0.1111111111111111,-0.46666666666666856,0,-2,1.4197530864197532,1.4545454545454546,0.08771929824561403,-0.08114035087719296,2.3025850929940455,518.2098765432099,-0.1616161616161616,-170.33333333333402
2146,644,2025-10-04,Nuke,1,-1,365.0,-0.1111111111111111,-0.46666666666666856,0,-2,-1.0285714285714287,-1.3333333333333333,-0.10256410256410253,0.17467948717948717,1.5404450409471486,-375.42857142857144,0.14814814814814814,-170.33333333333402
2145,644,2025-10-04,Ancient,1,1,365.0,-0.1111111111111111,-0.46666666666666856,0,-2,0.7766323024054983,0.8333333333333333,0.04545454545454547,-0.07702020202020199,1.0986122886681098,283.4707903780069,-0.09259259259259257,-170.33333333333402
2148,645,2025-10-04,Overpass,1,1,377.0,-0.2,188.79999999999998,0,-4,-0.1111111111111111,-0.1111111111111111,-0.16898148148148145,-0.012731481481481455,-0.6931471805599456,-41.888888888888886,0.022222222222222223,71177.59999999999
2143,643,2025-10-04,Inferno,1,1,196.0,0.8,69.9,0,-4,0.036923076923076927,0.5,0.01568825910931171,-0.0023616734143050433,-0.35667494393873245,7.236923076923078,0.4,13700.400000000001
2142,642,2025-10-04,Default,1,1,-34.0,1.0,-185.1,0,5,2.0,2.0,0.041666666666666664,-0.041666666666666664,0.0,-68.0,2.0,6293.4
2141,641,2025-10-04,Ancient,1,-1,261.0,-0.8,84.5,0,-1,-0.5934065934065934,-0.5,-0.03977272727272729,0.11742424242424243,1.5260563034950494,-154.87912087912088,0.4,22054.5
2140,641,2025-10-04,Mirage,1,1,261.0,-0.8,84.5,0,-1,0.368888888888889,0.16666666666666666,0.029320987654321007,-0.010030864197530853,1.7227665977411035,96.28000000000003,-0.13333333333333333,22054.5
2144,643,2025-10-04,Mirage,1,1,196.0,0.8,69.9,0,-4,0.12475345167652863,0.2,0.022514619883040876,0.019005847953216304,-0.2231435513142097,24.45167652859961,0.16000000000000003,13700.400000000001
2115,619,2025-10-05,Dust2,1,-1,371.0,-0.39999999999999997,-81.39999999999999,0,3,-0.40977277042850824,-0.6526315789473685,-0.07318840579710156,-0.017391304347826042,0.2559333741372005,-152.02569782897655,0.26105263157894737,-30199.399999999998
2109,617,2025-10-05,Overpass,1,-1,0.0,-0.6000000000000001,0.0,0,-11,-1.6,-1.6,0.04166666666666663,0.3416666666666666,-1.0986122886681096,-0.0,0.9600000000000002,0.0
2110,617,2025-10-05,Mirage,1,1,0.0,-0.6000000000000001,0.0,0,-11,0.48821548821548827,0.5833333333333333,0.15972222222222227,-0.043402777777777735,-0.3677247801253172,0.0,-0.35000000000000003,0.0
2111,617,2025-10-05,Ancient,1,-1,0.0,-0.6000000000000001,0.0,0,-11,-0.7704918032786885,-1.0,-0.1815476190476191,0.09226190476190471,-1.0986122886681098,-0.0,0.6000000000000001,0.0
2112,617,2025-10-05,Nuke,1,1,0.0,-0.6000000000000001,0.0,0,-11,0.08227513227513225,0.0,-0.03452380952380957,0.05317460317460315,-0.6931471805599454,0.0,-0.0,0.0
2113,617,2025-10-05,Train,1,-1,0.0,-0.6000000000000001,0.0,0,-11,-1.2272727272727273,-1.3333333333333333,0.00694444444444442,0.13750000000000007,-1.01160091167848,-0.0,0.8,0.0
2116,620,2025-10-05,Ancient,1,-1,0.0,-0.6000000000000001,14.200000000000001,0,-5,0.3876288659793815,0.6973684210526316,0.04888731060606061,-0.07043087121212116,-1.0116009116784799,0.0,-0.418421052631579,0.0
2114,619,2025-10-05,Train,1,-1,371.0,-0.39999999999999997,-81.39999999999999,0,3,-0.5779092702169625,-0.7575757575757576,-0.041666666666666685,0.0854166666666667,1.0986122886681098,-214.40433925049308,0.303030303030303,-30199.399999999998
2118,621,2025-10-05,Overpass,1,1,925.0,0.4,-129.39999999999998,0,-4,0.5,0.5,-0.04583333333333334,-0.175,-0.7884573603642704,462.5,0.2,-119694.99999999999
2119,621,2025-10-05,Dust2,1,1,925.0,0.4,-129.39999999999998,0,-4,0.34920634920634924,0.3333333333333333,0.060474537037037035,-0.05584490740740744,0.5306282510621703,323.01587301587307,0.13333333333333333,-119694.99999999999
2126,624,2025-10-05,Mirage,1,1,402.0,0.2,37.900000000000034,0,-2,0.9477726574500768,0.8974358974358974,0.2013888888888889,-0.07264957264957267,1.349926716949016,381.00460829493085,0.1794871794871795,15235.800000000014
2120,622,2025-10-05,Overpass,1,1,330.0,0.2,-103.30000000000001,0,-3,1.2,1.2,0.14166666666666666,-0.1875,-0.6931471805599452,396.0,0.24,-34089.00000000001
2121,622,2025-10-05,Dust2,1,1,330.0,0.2,-103.30000000000001,0,-3,0.3862068965517243,0.39999999999999997,0.06944444444444448,-0.06388888888888888,0.9808292530117262,127.44827586206902,0.08,-34089.00000000001
2122,623,2025-10-05,Nuke,1,-1,138.0,0.0,66.70000000000002,0,-5,-0.880952380952381,-0.9333333333333333,-0.09821428571428575,0.08402014652014655,-1.2163953243244934,-121.57142857142858,-0.0,9204.600000000002
2123,623,2025-10-05,Train,1,1,138.0,0.0,66.70000000000002,0,-5,-0.04610492845786962,1.2,0.08333333333333331,0.12685185185185183,-0.5108256237659909,-6.362480127186007,0.0,9204.600000000002
2124,623,2025-10-05,Overpass,1,1,138.0,0.0,66.70000000000002,0,-5,1.3333333333333333,1.3333333333333333,0.1342592592592592,-0.20023148148148145,-0.6931471805599456,184.0,0.0,9204.600000000002
2125,624,2025-10-05,Inferno,1,1,402.0,0.2,37.900000000000034,0,-2,0.12820512820512822,0.25,0.09513888888888888,-0.06041666666666662,1.0986122886681098,51.53846153846155,0.05,15235.800000000014
2117,620,2025-10-05,Mirage,1,-1,0.0,-0.6000000000000001,14.200000000000001,0,-5,-0.6942028985507246,-0.7428571428571429,-0.030376344086021467,0.10403225806451616,-1.6739764335716716,-0.0,0.4457142857142858,0.0
2099,613,2025-10-06,Inferno,1,1,-319.0,0.0,11.700000000000017,0,3,-0.12330754352030959,0.26573426573426573,-0.04132160110420979,0.0006901311249136732,0.08701137698962969,39.33510638297876,0.0,-3732.3000000000056
2100,613,2025-10-06,Train,1,-1,-319.0,0.0,11.700000000000017,0,3,-1.0028169014084507,-1.2,-0.006249999999999978,0.1291666666666667,-0.4054651081081646,319.89859154929576,-0.0,-3732.3000000000056
2101,613,2025-10-06,Nuke,1,1,-319.0,0.0,11.700000000000017,0,3,0.06564799094510466,0.18461538461538463,-0.01785714285714285,0.03174603174603169,0.5260930958967793,-20.94170911148839,0.0,-3732.3000000000056
2102,615,2025-10-06,Overpass,1,1,965.0,0.4,-206.10000000000002,0,-3,0.9333333333333333,0.9333333333333333,0.06944444444444442,-0.1555555555555556,-0.15415067982725827,900.6666666666666,0.37333333333333335,-198886.50000000003
2103,615,2025-10-06,Dust2,1,1,965.0,0.4,-206.10000000000002,0,-3,0.7058823529411763,0.7142857142857143,0.10089869281045755,-0.08047385620915037,0.9444616088408513,681.1764705882351,0.28571428571428575,-198886.50000000003
2104,616,2025-10-06,Dust2,1,-1,0.0,0.2,-71.0,0,5,0.34235006119951045,0.4242424242424242,0.10497835497835506,-0.040584415584415556,0.6061358035703157,0.0,0.08484848484848484,-0.0
2105,616,2025-10-06,Inferno,1,1,0.0,0.2,-71.0,0,5,0.9828609096901779,1.1111111111111112,0.06096491228070172,-0.17324561403508765,1.203972804325936,0.0,0.22222222222222224,-0.0
2106,616,2025-10-06,Ancient,1,-1,0.0,0.2,-71.0,0,5,0.07473098330241182,-0.6666666666666666,0.03756313131313138,0.017992424242424254,0.9614111671546248,0.0,-0.13333333333333333,-0.0
2107,616,2025-10-06,Overpass,1,1,0.0,0.2,-71.0,0,5,0.7,0.7,-0.04375000000000001,-0.05416666666666675,0.7884573603642704,0.0,0.13999999999999999,-0.0
2108,616,2025-10-06,Train,1,1,0.0,0.2,-71.0,0,5,0.5042999656002752,0.7878787878787878,0.0923382173382174,0.01862026862026861,1.6094379124341005,0.0,0.1575757575757576,-0.0
2098,608,2025-10-07,Train,1,1,395.0,1.0,-320.1,0,-2,0.8271604938271605,1.0,0.03703703703703709,-0.06481481481481477,1.2039728043259361,326.7283950617284,1.0,-126439.50000000001
2097,608,2025-10-07,Ancient,1,1,395.0,1.0,-320.1,0,-2,-0.6437750157994524,-0.5,-0.06363636363636366,0.08636363636363642,0.6931471805599454,-254.2911312407837,-0.5,-126439.50000000001
2096,603,2025-10-07,Mirage,1,1,810.0,0.19999999999999996,-198.60000000000002,0,-5,0.7666666666666667,1.0101010101010102,0.07325634057971014,-0.012794384057971009,0.3448404862917296,621.0,0.202020202020202,-160866.00000000003
2095,603,2025-10-07,Inferno,1,1,810.0,0.19999999999999996,-198.60000000000002,0,-5,0.017647058823529682,-0.015873015873015817,-0.019751082251082186,-0.0206529581529582,-0.04445176257083361,14.294117647059043,-0.0031746031746031625,-160866.00000000003
2086,600,2025-10-08,Mirage,1,-1,158.0,0.0,-39.99999999999997,0,-1,-0.24823930329420674,-0.6666666666666666,-0.03172348484848486,-0.036695075757575746,-0.3483066942682158,-39.22180992048467,-0.0,-6319.999999999995
2087,600,2025-10-08,Train,1,1,158.0,0.0,-39.99999999999997,0,-1,1.0454545454545454,2.0,0.33333333333333326,-0.055555555555555525,0.8472978603872034,165.1818181818182,0.0,-6319.999999999995
2088,600,2025-10-08,Dust2,1,-1,158.0,0.0,-39.99999999999997,0,-1,-0.08955223880597014,-0.14285714285714285,0.02672697368421051,0.11225328947368418,-0.1625189294977747,-14.149253731343283,-0.0,-6319.999999999995
2093,1645,2025-10-08,Nuke,0,-1,0.0,-1.2,0.0,0,10,-1.7802197802197803,-1.6666666666666665,-0.2121212121212121,0.41666666666666663,1.791759469228055,-0.0,1.9999999999999998,0.0
2090,602,2025-10-08,Ancient,1,-1,-134.0,-1.0,201.1,0,0,0.36427732079905994,0.27350427350427353,0.053894927536231874,-0.013737922705313932,0.613104472886409,-48.813160987074035,-0.27350427350427353,-26947.399999999998
2091,1644,2025-10-08,Ancient,0,1,371.0,0.8,-55.7,0,2,1.158690176322418,1.2727272727272727,0.1981292517006803,-0.09268707482993194,3.2188758248682006,429.8740554156171,1.0181818181818183,-20664.7
2092,1644,2025-10-08,Train,0,1,371.0,0.8,-55.7,0,2,-0.406319362841102,-0.4242424242424242,-0.08573717948717957,0.04567307692307693,1.6863989535702288,-150.74448361404885,-0.33939393939393936,-20664.7
2089,602,2025-10-08,Nuke,1,-1,-134.0,-1.0,201.1,0,0,-0.25183927560837577,-0.2727272727272727,-0.033195970695970634,0.0215201465201465,0.06899287148695166,33.74646293152235,0.2727272727272727,-26947.399999999998
2094,1645,2025-10-08,Train,0,-1,0.0,-1.2,0.0,0,10,-1.2272727272727273,-1.3333333333333333,-0.13333333333333325,0.3833333333333333,1.0986122886681096,-0.0,1.5999999999999999,0.0
2085,1642,2025-10-09,Inferno,0,-1,0.0,-1.0,0.0,0,-7,-1.2906976744186047,-1.4545454545454546,-0.09523809523809529,0.16666666666666663,-2.3978952727983707,-0.0,1.4545454545454546,0.0
2084,1642,2025-10-09,Overpass,0,-1,0.0,-1.0,0.0,0,-7,-1.1428571428571428,-1.1428571428571428,-0.1964285714285714,0.11011904761904756,-2.0149030205422647,-0.0,1.1428571428571428,0.0
2083,1641,2025-10-09,Mirage,0,1,37.0,1.2,37.2,0,7,0.8793774319066148,0.9,0.14516129032258063,-0.12903225806451613,2.772588722239781,32.536964980544745,1.08,1376.4
2082,1641,2025-10-09,Ancient,0,1,37.0,1.2,37.2,0,7,1.2857142857142856,1.375,0.22395833333333331,-0.08854166666666663,2.525728644308255,47.57142857142857,1.65,1376.4
2081,1640,2025-10-09,Ancient,0,-1,-371.0,-0.8,66.8,0,-4,-0.807932607932608,-0.9043478260869565,-0.0741666666666666,0.06805555555555565,-1.6292405397302798,299.74299754299756,0.7234782608695652,-24782.8
2080,1640,2025-10-09,Inferno,0,-1,-371.0,-0.8,66.8,0,-4,-0.050260312374849875,-0.13333333333333336,0.013461538461538525,0.021794871794871773,-1.5040773967762742,18.646575891069304,0.10666666666666669,-24782.8
2067,598,2025-10-10,Ancient,1,-1,22.0,0.2,118.9,0,-1,-0.1938577696153454,-0.2,0.016737891737891752,0.03596866096866097,-0.3364722366212125,-4.264870931537599,-0.04000000000000001,2615.8
2066,597,2025-10-10,Mirage,1,-1,141.0,0.0,-171.0,0,-2,0.27514033680834005,-0.06666666666666671,0.06102941176470594,-0.020710784313725472,0.1541506798272585,38.794787489975946,-0.0,-24111.0
2065,597,2025-10-10,Nuke,1,-1,141.0,0.0,-171.0,0,-2,-0.01688963210702342,-0.2857142857142857,-0.052655677655677635,-0.025183150183150205,0.06899287148695166,-2.381438127090302,-0.0,-24111.0
2068,598,2025-10-10,Inferno,1,1,22.0,0.2,118.9,0,-1,-0.17411581811115434,0.16666666666666666,-0.08793290043290047,-0.059704184704184704,-0.04445176257083361,-3.8305479984453954,0.03333333333333333,2615.8
2063,596,2025-10-10,Inferno,1,-1,-439.0,-0.39999999999999997,97.19999999999999,0,7,-0.4376483279395902,-0.35,-0.06103896103896106,0.08143939393939398,0.44802472252696024,192.1276159654801,0.13999999999999999,-42670.799999999996
2062,596,2025-10-10,Overpass,1,1,-439.0,-0.39999999999999997,97.19999999999999,0,7,0.09523809523809523,0.09523809523809523,0.06150793650793651,0.044642857142857095,0.13353139262452252,-41.80952380952381,-0.03809523809523809,-42670.799999999996
2064,596,2025-10-10,Nuke,1,-1,-439.0,-0.39999999999999997,97.19999999999999,0,7,-0.7591861994275546,-0.6233766233766234,-0.11926328502415451,0.04649758454106284,0.2336148511815055,333.2827415486965,0.24935064935064932,-42670.799999999996
2069,598,2025-10-10,Train,1,1,22.0,0.2,118.9,0,-1,-0.04612671279337943,0.2857142857142857,0.02916666666666673,0.004166666666666652,0.0,-1.0147876814543475,0.05714285714285714,2615.8
2079,1639,2025-10-10,Dust2,0,1,561.0,1.2,-216.5,0,11,1.103448275862069,1.0,0.05241935483870963,-0.1330645161290322,2.772588722239781,619.0344827586207,1.2,-121456.5
2071,599,2025-10-10,Ancient,1,-1,-329.0,-0.2,36.69999999999999,0,6,-0.9935231577661003,-1.1428571428571428,-0.12421679197994984,0.10479323308270672,0.2876820724517808,326.869118905047,0.22857142857142856,-12074.299999999996
2072,599,2025-10-10,Nuke,1,-1,-329.0,-0.2,36.69999999999999,0,6,-0.15476190476190477,-0.3142857142857143,-0.07453208556149737,0.020610516934046363,0.24512245803298516,50.91666666666667,0.06285714285714286,-12074.299999999996
2073,1637,2025-10-10,Nuke,0,1,37.0,0.6272727272727273,-25.977272727272734,0,7,0.9284268191020602,1.44,0.1168981481481482,-0.0671296296296297,2.224623551524334,34.351792306776225,0.9032727272727273,-961.1590909090911
2074,1637,2025-10-10,Overpass,0,-1,37.0,0.6272727272727273,-25.977272727272734,0,7,-1.1428571428571428,-1.1428571428571428,-0.13690476190476192,0.21428571428571425,0.980829253011726,-42.285714285714285,-0.7168831168831169,-961.1590909090911
2075,1637,2025-10-10,Ancient,0,1,37.0,0.6272727272727273,-25.977272727272734,0,7,1.3203883495145632,1.4117647058823528,0.2891666666666666,-0.09499999999999992,2.1594842493533726,48.85436893203884,0.8855614973262032,-961.1590909090911
2076,1638,2025-10-10,Mirage,0,-1,0.0,-1.0,0.0,0,-8,-1.15625,-1.2222222222222223,0.13888888888888895,0.2444444444444444,-2.740840023925201,-0.0,1.2222222222222223,0.0
2077,1638,2025-10-10,Train,0,-1,0.0,-1.0,0.0,0,-8,-0.92,-1.0,-0.05555555555555558,0.055555555555555525,-1.252762968495368,-0.0,1.0,0.0
2078,1639,2025-10-10,Inferno,0,1,561.0,1.2,-216.5,0,11,1.1067961165048543,1.25,0.0071428571428571175,-0.12499999999999994,2.8903717578961645,620.9126213592233,1.5,-121456.5
2070,599,2025-10-10,Inferno,1,1,-329.0,-0.2,36.69999999999999,0,6,0.5271078128220985,0.5714285714285714,0.05778769841269843,-0.022321428571428603,0.5108256237659905,-173.4184704184704,-0.11428571428571428,-12074.299999999996
2054,595,2025-10-11,Inferno,1,1,53.0,0.2432432432432433,-44.40540540540541,0,5,1.6153846153846154,1.7142857142857144,0.1570512820512821,-0.2147435897435897,1.945910149055313,85.61538461538461,0.41698841698841715,-2353.4864864864867
2056,1634,2025-10-11,Dust2,0,-1,43.0,-0.6329670329670329,-4.768131868131869,0,-10,-0.30068712780577184,0.08333333333333333,-0.004040404040404066,0.05707070707070705,-1.7346010553881066,-12.92954649564819,-0.05274725274725274,-205.02967032967035
2055,1634,2025-10-11,Overpass,0,1,43.0,-0.6329670329670329,-4.768131868131869,0,-10,0.7857142857142857,0.7857142857142857,0.16666666666666663,0.12946428571428575,-2.6741486494265287,33.785714285714285,-0.49733124018838304,-205.02967032967035
2058,1635,2025-10-11,Mirage,0,1,321.0,0.8,-218.39999999999998,0,-1,1.098901098901099,1.3142857142857143,0.1558201058201058,-0.11957671957671956,1.7491998548092593,352.7472527472528,1.0514285714285714,-70106.4
2059,1635,2025-10-11,Inferno,0,1,321.0,0.8,-218.39999999999998,0,-1,0.43290043290043295,0.5714285714285714,0.14307760141093473,-0.09832451499118172,1.252762968495368,138.96103896103898,0.45714285714285713,-70106.4
2060,1636,2025-10-11,Mirage,0,1,37.0,0.8,-32.5,0,6,0.40494296577946776,0.4523809523809524,0.033854166666666685,-0.13368055555555564,0.9315582040049435,14.982889733840308,0.36190476190476195,-1202.5
2061,1636,2025-10-11,Nuke,0,1,37.0,0.8,-32.5,0,6,0.5441744548286603,0.46153846153846156,0.06193693693693697,-0.018205705705705677,1.6916760106710724,20.13445482866043,0.36923076923076925,-1202.5
2057,1634,2025-10-11,Inferno,0,-1,43.0,-0.6329670329670329,-4.768131868131869,0,-10,-0.09803921568627454,-0.9166666666666666,-0.05392156862745101,0.04656862745098039,-2.456735772821304,-4.215686274509805,0.5802197802197802,-205.02967032967035
2040,591,2025-10-12,Ancient,1,1,228.0,0.8,-12.199999999999989,0,-1,-0.11935084782766898,0.031746031746031744,0.027083333333333293,0.006249999999999978,-0.6466271649250523,-27.21199330470853,0.025396825396825397,-2781.5999999999976
2032,589,2025-10-12,Dust2,1,-1,53.0,0.0,-42.4,0,4,-0.07968574635241304,-0.3333333333333333,0.052662037037037035,-0.044560185185185175,0.9162907318741547,-4.223344556677891,-0.0,-2247.2
2033,589,2025-10-12,Ancient,1,1,53.0,0.0,-42.4,0,4,0.12987012987012986,0.07692307692307693,0.0006127450980392135,-0.03125,1.2809338454620642,6.883116883116882,0.0,-2247.2
2034,589,2025-10-12,Inferno,1,-1,53.0,0.0,-42.4,0,4,1.048152295632699,1.0,0.055952380952380865,-0.1160714285714286,0.9162907318741551,55.552071668533046,0.0,-2247.2
2035,589,2025-10-12,Nuke,1,1,53.0,0.0,-42.4,0,4,0.3969155844155844,0.39215686274509803,0.011419753086419737,0.0015432098765431612,1.5404450409471488,21.036525974025974,0.0,-2247.2
2036,589,2025-10-12,Overpass,1,-1,53.0,0.0,-42.4,0,4,0.0,0.0,0.125,-0.08333333333333337,0.0,0.0,0.0,-2247.2
2037,590,2025-10-12,Inferno,1,-1,-560.0,-1.0,149.0,0,-1,-0.8276803118908382,-0.8363636363636364,-0.04842995169082126,0.13623188405797104,-0.4054651081081646,463.50097465886944,0.8363636363636364,-83440.0
2038,590,2025-10-12,Train,1,-1,-560.0,-1.0,149.0,0,-1,-0.21477832512315273,0.2,-0.01736111111111105,-0.0013354700854700252,-0.07410797215372167,120.27586206896552,-0.2,-83440.0
2039,590,2025-10-12,Dust2,1,-1,-560.0,-1.0,149.0,0,-1,-0.6040761777480789,-1.25,-0.08673747276688448,0.051606753812636186,-0.054067221270275745,338.2826595389242,1.25,-83440.0
2041,591,2025-10-12,Overpass,1,1,228.0,0.8,-12.199999999999989,0,-1,1.2,1.2,0.006249999999999978,-0.08333333333333331,0.18232155679395468,273.59999999999997,0.96,-2781.5999999999976
2043,1629,2025-10-12,Dust2,0,1,-37.0,-0.4309278350515464,23.288659793814436,0,-9,-0.07983845914880394,0.16666666666666666,-0.030303030303030276,0.012310606060606022,-1.5260563034950494,2.954022988505746,-0.0718213058419244,-861.6804123711341
2044,1630,2025-10-12,Dust2,0,1,0.0,0.0,61.300000000000004,0,-10,-0.37789921068609594,-0.5466666666666666,-0.045479302832243995,0.05528322440087147,-1.2527629684953676,-0.0,-0.0,0.0
2045,1630,2025-10-12,Train,0,1,0.0,0.0,61.300000000000004,0,-10,0.6481481481481483,0.5833333333333333,0.14652777777777787,-0.013888888888888895,-0.2076393647782444,0.0,0.0,0.0
2046,1631,2025-10-12,Dust2,0,1,37.0,0.980246913580247,-14.320987654320989,0,9,0.16091954022988503,0.16666666666666666,-0.09469696969696972,-0.04356060606060602,2.0368819272610397,5.954022988505746,0.1633744855967078,-529.8765432098766
2047,1631,2025-10-12,Ancient,0,1,37.0,0.980246913580247,-14.320987654320989,0,9,1.3773584905660377,1.4444444444444444,0.25,-0.10256410256410253,2.197224577336219,50.96226415094339,1.415912208504801,-529.8765432098766
2048,1632,2025-10-12,Overpass,0,1,371.0,1.4,-240.70000000000002,0,-3,2.0,2.0,-0.08333333333333337,-0.4583333333333333,0.0,742.0,2.8,-89299.70000000001
2049,1632,2025-10-12,Mirage,0,1,371.0,1.4,-240.70000000000002,0,-3,1.4245014245014247,1.6842105263157894,0.24275362318840582,-0.13858695652173908,2.7515353130419484,528.4900284900285,2.357894736842105,-89299.70000000001
2050,1632,2025-10-12,Ancient,0,1,371.0,1.4,-240.70000000000002,0,-3,0.7150000000000001,0.9285714285714286,0.06474673202614384,-0.02267156862745101,2.3418058061473275,265.26500000000004,1.3,-89299.70000000001
2051,1633,2025-10-12,Nuke,0,1,37.0,0.6000000000000001,-15.3,0,9,0.436950146627566,0.42857142857142855,0.0870726495726496,0.07799145299145299,2.5902671654458267,16.167155425219942,0.2571428571428572,-566.1
2053,1633,2025-10-12,Mirage,0,1,37.0,0.6000000000000001,-15.3,0,9,0.945054945054945,1.0,0.09595959595959591,-0.13131313131313133,2.1400661634962708,34.967032967032964,0.6000000000000001,-566.1
2052,1633,2025-10-12,Overpass,0,-1,37.0,0.6000000000000001,-15.3,0,9,-0.45,-0.45,-0.03437499999999999,0.06874999999999998,0.4054651081081646,-16.650000000000002,-0.2700000000000001,-566.1
2042,1629,2025-10-12,Nuke,0,1,-37.0,-0.4309278350515464,23.288659793814436,0,-9,-0.17769088736830674,-0.42857142857142855,0.1004273504273504,0.06089743589743596,-2.302585092994046,6.5745628326273495,0.18468335787923418,-861.6804123711341
2031,1628,2025-10-13,Ancient,0,1,37.0,0.6352941176470588,-15.623529411764707,0,10,1.4054054054054055,1.4736842105263157,0.06481481481481477,-0.1018518518518518,2.2335922215070942,52.0,0.9362229102167181,-578.0705882352942
2030,1628,2025-10-13,Nuke,0,1,37.0,0.6352941176470588,-15.623529411764707,0,10,1.4681440443213298,1.4666666666666668,0.3617886178861789,-0.0924796747967479,3.044522437723423,54.32132963988921,0.9317647058823529,-578.0705882352942
2029,1627,2025-10-13,Mirage,0,1,37.0,1.2,-7.4,0,9,0.542210020590254,0.5434782608695652,0.04607843137254902,-0.1360294117647059,1.7635885922613586,20.061770761839398,0.6521739130434782,-273.8
2028,1627,2025-10-13,Nuke,0,1,37.0,1.2,-7.4,0,9,0.4681440443213298,0.4666666666666667,-0.03404471544715448,-0.029979674796747957,2.639057329615259,17.321329639889203,0.5599999999999999,-273.8
2019,578,2025-10-14,Nuke,1,1,24.0,-0.4,61.900000000000034,0,6,0.1313497822931785,0.5178571428571428,-0.05649038461538458,0.024839743589743613,0.5798184952529422,3.152394775036284,-0.20714285714285713,1485.6000000000008
2018,578,2025-10-14,Dust2,1,-1,24.0,-0.4,61.900000000000034,0,6,-0.502002002002002,-0.8,0.0,0.16018518518518515,0.5465437063680696,-12.048048048048047,0.32000000000000006,1485.6000000000008
2020,578,2025-10-14,Inferno,1,-1,24.0,-0.4,61.900000000000034,0,6,0.22458258795468097,0.6095238095238096,-0.012604166666666639,0.04541666666666666,0.42488319396526597,5.389982110912343,-0.24380952380952384,1485.6000000000008
2021,580,2025-10-14,Overpass,1,1,75.0,0.0,184.2,0,5,1.0909090909090908,1.0909090909090908,0.2803030303030303,-0.07954545454545447,1.791759469228055,81.81818181818181,0.0,13815.0
2026,587,2025-10-14,Mirage,1,-1,-87.0,-0.4,-136.6,0,-2,-0.40630386604284663,-0.6233766233766234,-0.08155270655270652,0.06926638176638178,0.30538164955118186,35.348436345727656,0.24935064935064935,11884.199999999999
2023,580,2025-10-14,Inferno,1,-1,75.0,0.0,184.2,0,5,-0.20608108108108106,-0.3333333333333333,-0.03333333333333338,0.01874999999999999,1.4350845252893227,-15.456081081081079,-0.0,13815.0
2024,582,2025-10-14,Dust2,1,1,7.0,0.2,-139.1,0,-1,0.1051060654514444,0.31746031746031744,-0.011363636363636354,-0.041666666666666685,0.0,0.7357424581601107,0.06349206349206349,-973.6999999999999
2025,586,2025-10-14,Inferno,1,-1,5.0,-0.8,302.9,0,5,0.16287878787878798,0.1111111111111111,0.020138888888888873,-0.03750000000000003,0.27193371548364187,0.8143939393939399,-0.08888888888888889,1514.5
2027,588,2025-10-14,Nuke,1,1,111.0,0.7254901960784313,238.57058823529414,0,8,1.169811320754717,1.375,0.4114583333333333,-0.09374999999999994,2.525728644308255,129.8490566037736,0.9975490196078431,26481.33529411765
2022,580,2025-10-14,Train,1,-1,75.0,0.0,184.2,0,5,-0.35714285714285715,-0.6666666666666666,-0.08333333333333337,0.03750000000000003,1.2992829841302609,-26.785714285714285,-0.0,13815.0
2010,572,2025-10-15,Train,1,1,0.0,0.0,64.2,0,-6,-0.14410674573758336,0.5,-0.022727272727272707,0.02230639730639733,-0.18232155679395445,-0.0,0.0,0.0
2008,570,2025-10-15,Ancient,1,1,243.0,0.0,216.2,0,1,0.37920215150156894,0.5054945054945055,0.06828703703703703,-0.01215277777777779,0.2744368457017603,92.14612281488125,0.0,52536.6
2009,572,2025-10-15,Ancient,1,1,0.0,0.0,64.2,0,-6,-0.3219025095256864,-0.6666666666666666,-0.011805555555555514,0.03402777777777777,0.06062462181643502,-0.0,-0.0,0.0
2011,573,2025-10-15,Nuke,1,1,561.0,0.6000000000000001,217.4,0,7,0.028261893546867645,0.2727272727272727,-0.0763888888888889,0.06770833333333337,1.021651247531981,15.85492227979275,0.16363636363636364,121961.40000000001
2007,570,2025-10-15,Dust2,1,1,243.0,0.0,216.2,0,1,0.3612247681396617,0.4666666666666667,0.013039215686274586,0.05921568627450979,-0.3677247801253176,87.7776186579378,0.0,52536.6
2013,575,2025-10-15,Ancient,1,-1,123.0,-0.4,-122.80000000000001,0,-1,-1.0797546012269938,-1.0,-0.22222222222222227,0.10912698412698407,-2.3978952727983707,-132.80981595092024,0.4,-15104.400000000001
2014,575,2025-10-15,Overpass,1,-1,123.0,-0.4,-122.80000000000001,0,-1,-0.42857142857142855,-0.42857142857142855,-0.014880952380952384,-0.06547619047619047,-0.980829253011726,-52.71428571428571,0.17142857142857143,-15104.400000000001
2015,577,2025-10-15,Ancient,1,-1,74.0,0.2,-40.0,0,-2,-0.6415206415206416,-0.7619047619047619,-0.0708333333333333,0.022916666666666752,0.7884573603642704,-47.472527472527474,-0.1523809523809524,-2960.0
2016,577,2025-10-15,Nuke,1,1,74.0,0.2,-40.0,0,-2,1.0757575757575757,1.1428571428571428,0.23774509803921567,-0.07598039215686275,1.7917594692280547,79.6060606060606,0.22857142857142856,-2960.0
2017,577,2025-10-15,Inferno,1,1,74.0,0.2,-40.0,0,-2,0.5873015873015873,0.7428571428571429,0.10060307017543857,-0.04413377192982454,0.7985076962177713,43.46031746031746,0.14857142857142858,-2960.0
2012,573,2025-10-15,Inferno,1,1,561.0,0.6000000000000001,217.4,0,7,0.5251352937341071,0.4472049689440994,0.12026515151515149,-0.05039983164983164,1.126011262856224,294.60089978483404,0.26832298136645966,121961.40000000001
1993,561,2025-10-16,Ancient,1,-1,-53.0,-0.2,68.89999999999999,0,-2,0.35591900311526486,0.6324786324786325,0.07730263157894735,-0.023209064327485374,-0.4307829160924541,-18.863707165109037,-0.1264957264957265,-3651.6999999999994
1985,559,2025-10-16,Train,1,-1,0.0,0.65,0.0,0,3,-1.3571428571428572,-1.3333333333333333,-0.09166666666666662,0.24583333333333335,1.7047480922384253,-0.0,-0.8666666666666667,0.0
1986,559,2025-10-16,Overpass,1,1,0.0,0.65,0.0,0,3,1.5555555555555556,1.5555555555555556,0.2777777777777778,-0.21759259259259256,1.6094379124341005,0.0,1.011111111111111,0.0
1987,559,2025-10-16,Dust2,1,-1,0.0,0.65,0.0,0,3,0.525879917184265,0.3333333333333333,0.14,-0.09888888888888892,1.8718021769015916,0.0,0.21666666666666667,0.0
1988,560,2025-10-16,Nuke,1,-1,48.0,0.6000000000000001,4.0,0,3,0.34780642243328813,0.5,0.042410714285714246,-0.015625,0.5108256237659905,16.69470827679783,0.30000000000000004,192.0
1989,560,2025-10-16,Mirage,1,1,48.0,0.6000000000000001,4.0,0,3,0.5028234302570587,0.6285714285714286,0.06845238095238093,-0.052579365079365115,0.14310084364067333,24.135524652338816,0.37714285714285717,192.0
1990,560,2025-10-16,Dust2,1,1,48.0,0.6000000000000001,4.0,0,3,0.30579710144927535,0.6111111111111112,-0.09375,-0.04656862745098039,-0.693147180559945,14.678260869565218,0.36666666666666675,192.0
1991,561,2025-10-16,Train,1,1,-53.0,-0.2,68.89999999999999,0,-2,-1.2324561403508771,-1.1384615384615384,-0.19444444444444448,0.04444444444444445,-0.8266785731844679,65.3201754385965,0.2276923076923077,-3651.6999999999994
1992,561,2025-10-16,Nuke,1,-1,-53.0,-0.2,68.89999999999999,0,-2,-0.25263157894736843,-0.2095238095238095,0.02645502645502651,-0.017030423280423257,-1.0647107369924282,13.389473684210527,0.0419047619047619,-3651.6999999999994
1994,563,2025-10-16,Ancient,1,1,-29.0,-0.2,-155.0,0,-8,-0.08074534161490683,0.0,-0.06448412698412698,0.03968253968253971,-1.9924301646902063,2.341614906832298,-0.0,4495.0
2005,1625,2025-10-16,Ancient,0,1,561.0,1.4,-242.0,0,10,0.92,1.0,0.22395833333333331,-0.07291666666666663,1.5040773967762742,516.12,1.4,-135762.0
1996,563,2025-10-16,Dust2,1,1,-29.0,-0.2,-155.0,0,-8,-0.18571428571428575,-0.2,-0.02291666666666664,0.1020833333333333,-1.252762968495368,5.385714285714287,0.04000000000000001,4495.0
1997,565,2025-10-16,Inferno,1,-1,-72.0,0.0,-108.20000000000002,0,4,-0.08333333333333334,-0.3333333333333333,-0.03402777777777777,0.09930555555555559,1.6582280766035324,6.000000000000001,-0.0,7790.4000000000015
1998,565,2025-10-16,Dust2,1,1,-72.0,0.0,-108.20000000000002,0,4,0.20079920079920077,0.3666666666666667,0.0733695652173913,-0.008728590250329404,-0.04255961441879608,-14.457542457542456,0.0,7790.4000000000015
1999,565,2025-10-16,Mirage,1,-1,-72.0,0.0,-108.20000000000002,0,4,-0.0643341351410453,0.26900584795321636,-0.031312003968253954,0.016369047619047616,0.40546510810816416,4.632057730155262,0.0,7790.4000000000015
2000,567,2025-10-16,Nuke,1,-1,175.0,0.2,52.099999999999994,0,10,-0.07096098455092956,-0.25,0.02083333333333337,0.011904761904761862,0.6286086594223743,-12.418172296412672,-0.05,9117.499999999998
2001,567,2025-10-16,Inferno,1,1,175.0,0.2,52.099999999999994,0,10,-0.004606596646397627,0.16666666666666666,0.010706018518518545,0.026909722222222265,-0.1112256351102241,-0.8061544131195848,0.03333333333333333,9117.499999999998
2002,567,2025-10-16,Mirage,1,1,175.0,0.2,52.099999999999994,0,10,-0.13193473193473199,0.3,-0.019493177387914284,0.026803118908381995,0.693147180559945,-23.088578088578096,0.06,9117.499999999998
2003,1623,2025-10-16,Ancient,0,1,0.0,1.4,0.0,0,6,0.9934640522875817,1.0,0.3504901960784314,-0.14705882352941174,2.197224577336219,0.0,1.4,0.0
2004,1623,2025-10-16,Overpass,0,1,0.0,1.4,0.0,0,6,1.2,1.2,0.24444444444444444,-0.12499999999999994,2.0794415416798357,0.0,1.68,0.0
1995,563,2025-10-16,Mirage,1,-1,-29.0,-0.2,-155.0,0,-8,-0.17575757575757572,-0.5,-0.0036549707602338555,-0.06615497076023386,-1.0498221244986776,5.096969696969696,0.1,4495.0
2006,1625,2025-10-16,Nuke,0,1,561.0,1.4,-242.0,0,10,1.1625615763546797,1.3333333333333333,0.2716666666666666,-0.10499999999999993,2.5649493574615367,652.1970443349753,1.8666666666666665,-135762.0
1977,557,2025-10-17,Nuke,1,1,243.0,0.4,55.400000000000006,0,1,-0.18509649246372728,0.1111111111111111,-0.01944444444444443,-9.578544061300542e-05,-0.6286086594223743,-44.97844766868573,0.044444444444444446,13462.2
1978,557,2025-10-17,Ancient,1,1,243.0,0.4,55.400000000000006,0,1,0.4285084820445031,0.6095238095238096,0.05083333333333334,-0.02833333333333332,0.21357410029805912,104.12756113681425,0.24380952380952384,13462.2
1979,558,2025-10-17,Inferno,1,-1,-111.0,-0.2,-103.19999999999999,0,-3,-0.15739305196669534,-0.711111111111111,-0.05151098901098905,-0.057387057387057405,-0.20479441264601306,17.470628768303182,0.14222222222222222,11455.199999999999
1984,1622,2025-10-17,Dust2,0,1,0.0,0.4,0.0,0,7,-0.0869565217391304,0.25,0.0,-0.048611111111111105,1.8458266904983305,-0.0,0.1,0.0
1981,558,2025-10-17,Dust2,1,-1,-111.0,-0.2,-103.19999999999999,0,-3,0.09724462365591396,0.27692307692307694,-0.00781845919145685,-0.08161708619374519,0.1823215567939549,-10.79415322580645,-0.05538461538461539,11455.199999999999
1982,1622,2025-10-17,Train,0,-1,0.0,0.4,0.0,0,7,-0.5192307692307692,-0.4444444444444444,-0.0492424242424242,-0.09090909090909094,1.791759469228055,-0.0,-0.17777777777777778,0.0
1983,1622,2025-10-17,Overpass,0,1,0.0,0.4,0.0,0,7,0.85,0.85,0.05833333333333335,-0.08281250000000001,1.0414538748281612,0.0,0.34,0.0
1980,558,2025-10-17,Train,1,1,-111.0,-0.2,-103.19999999999999,0,-3,0.7447447447447447,0.8115942028985508,0.0642361111111111,-0.09027777777777779,1.7676619176489947,-82.66666666666667,-0.16231884057971016,11455.199999999999
1966,553,2025-10-18,Ancient,1,1,134.0,0.2,128.90000000000003,0,0,-0.2076050510094884,-0.10227272727272729,-0.03136446886446881,0.02518315018315015,-0.5877866649021191,-27.819076835271446,-0.02045454545454546,17272.600000000006
1968,554,2025-10-18,Overpass,1,1,179.0,1.0,-80.80000000000001,0,4,-0.09999999999999998,-0.09999999999999998,0.035416666666666596,0.041666666666666685,0.4054651081081646,-17.899999999999995,-0.09999999999999998,-14463.200000000003
1964,553,2025-10-18,Mirage,1,1,134.0,0.2,128.90000000000003,0,0,-0.05403040577490964,0.2564102564102564,0.005257936507936489,-0.014880952380952384,-0.594707107746693,-7.240074373837892,0.05128205128205128,17272.600000000006
1965,553,2025-10-18,Nuke,1,-1,134.0,0.2,128.90000000000003,0,0,-0.07255389718076286,-0.12307692307692308,-0.02309027777777778,0.023958333333333304,-0.06062462181643502,-9.722222222222223,-0.02461538461538462,17272.600000000006
1969,556,2025-10-18,Dust2,1,1,-41.0,0.0,-6.300000000000004,0,-8,0.10303030303030301,0.33939393939393936,-0.0625,-0.041008771929824606,-0.04879016416943216,-4.224242424242424,0.0,258.3000000000002
1967,554,2025-10-18,Train,1,1,179.0,1.0,-80.80000000000001,0,4,0.1898265895953757,-0.5333333333333333,-0.0674603174603175,-0.09325396825396831,1.0116009116784803,33.97895953757225,-0.5333333333333333,-14463.200000000003
1971,556,2025-10-18,Inferno,1,-1,-41.0,0.0,-6.300000000000004,0,-8,-0.6980281690140845,-0.825,-0.10320216049382713,0.04870756172839508,-0.49899116611898764,28.619154929577466,-0.0,258.3000000000002
1976,1621,2025-10-18,Overpass,0,-1,0.0,0.6127659574468085,-3.9404255319148955,0,1,0.3333333333333333,0.3333333333333333,0.025462962962962965,0.07407407407407413,1.2039728043259361,0.0,0.20425531914893616,-0.0
1975,1621,2025-10-18,Inferno,0,-1,0.0,0.6127659574468085,-3.9404255319148955,0,1,-0.13253012048192772,-0.3333333333333333,-0.08432539682539686,0.003968253968253954,1.9924301646902063,-0.0,-0.20425531914893616,-0.0
1970,556,2025-10-18,Nuke,1,-1,-41.0,0.0,-6.300000000000004,0,-8,-0.6218789468570873,-0.8035714285714286,-0.055151515151515174,0.06212121212121213,-0.7731898882334818,25.49703682114058,-0.0,258.3000000000002
1973,1620,2025-10-18,Dust2,0,1,0.0,-0.06666666666666671,78.3,0,0,0.38666666666666666,0.44,-0.0492424242424242,0.07291666666666669,2.7080502011022096,0.0,-0.02933333333333335,0.0
1972,1620,2025-10-18,Train,0,-1,0.0,-0.06666666666666671,78.3,0,0,-1.1682242990654206,-1.6,-0.09970238095238088,0.09226190476190471,2.6741486494265287,-0.0,0.10666666666666674,0.0
1974,1620,2025-10-18,Ancient,0,1,0.0,-0.06666666666666671,78.3,0,0,1.1081967213114754,1.1764705882352942,0.18353174603174605,-0.08829365079365076,3.068052935133617,0.0,-0.07843137254901966,0.0
1963,1619,2025-10-19,Default,0,1,0.0,0.6697674418604651,0.0,0,5,2.0,2.0,0.041666666666666664,-0.041666666666666664,0.6931471805599453,0.0,1.3395348837209302,0.0
1962,1618,2025-10-19,Dust2,0,1,0.0,0.0,30.6,0,0,0.7004219409282699,0.7407407407407407,0.014190821256038655,-0.10718599033816434,2.4638532405901676,0.0,0.0,0.0
1961,1618,2025-10-19,Ancient,0,1,0.0,0.0,30.6,0,0,1.1365079365079365,1.2222222222222223,0.21285529715762275,-0.09108527131782945,2.3978952727983707,0.0,0.0,0.0
1960,1618,2025-10-19,Train,0,-1,0.0,0.0,30.6,0,0,-0.381827731092437,-1.6363636363636362,-0.0933908045977011,-0.10488505747126442,2.302585092994046,-0.0,-0.0,0.0
1958,1617,2025-10-19,Dust2,0,1,0.0,0.2,-38.0,0,-2,-0.6936192198398345,-0.4074074074074074,-0.11141304347826092,0.027820910973084922,-1.1420974006078484,-0.0,-0.08148148148148149,-0.0
1957,552,2025-10-19,Dust2,1,1,-2.0,0.2,-53.099999999999994,0,0,0.17038917089678512,0.3977272727272727,0.025347222222222243,0.020833333333333315,-0.17435338714477755,-0.34077834179357025,0.07954545454545454,106.19999999999999
1956,552,2025-10-19,Mirage,1,1,-2.0,0.2,-53.099999999999994,0,0,0.06,0.5333333333333333,-0.02104377104377103,-0.023569023569023573,-0.1910552367627094,-0.12,0.10666666666666667,106.19999999999999
1955,550,2025-10-19,Nuke,1,-1,86.0,-0.8,110.0,0,-3,-0.5058479532163743,-0.7012987012987013,-0.037037037037037035,0.04656862745098034,-0.5877866649021186,-43.502923976608194,0.5610389610389611,9460.0
1954,550,2025-10-19,Mirage,1,-1,86.0,-0.8,110.0,0,-3,-0.7134166822168316,-0.6428571428571428,-0.06896551724137928,0.04652961980548187,-0.762140052046897,-61.35383467064752,0.5142857142857142,9460.0
1953,550,2025-10-19,Inferno,1,1,86.0,-0.8,110.0,0,-3,0.2543454345434543,0.7,-0.04621848739495804,-0.015406162464985995,-0.18232155679395445,21.873707370737073,-0.5599999999999999,9460.0
1959,1617,2025-10-19,Inferno,0,1,0.0,0.2,-38.0,0,-2,1.7391304347826089,2.0,0.09375,-0.08333333333333331,0.916290731874155,0.0,0.4,-0.0
1952,1612,2025-10-22,Mirage,0,1,-43.0,0.7814432989690723,9.371134020618555,0,2,0.7177921455938698,0.6190476190476191,0.12584175084175087,-0.09890572390572389,1.2237754316221157,-30.8650622605364,0.4837506136475209,-402.95876288659787
1951,1612,2025-10-22,Overpass,0,1,-43.0,0.7814432989690723,9.371134020618555,0,2,0.4,0.4,0.054166666666666696,-0.14166666666666666,1.2992829841302609,-17.2,0.3125773195876289,-402.95876288659787
1947,1610,2025-10-23,Inferno,0,1,0.0,-0.2,84.0,0,-3,1.099041533546326,1.0833333333333333,0.07142857142857134,0.022619047619047594,-2.8903717578961645,0.0,-0.21666666666666667,0.0
1950,1611,2025-10-23,Nuke,0,1,0.0,1.2,8.6,0,4,0.7553648068669527,0.7058823529411764,-0.03525641025641024,-0.05448717948717946,2.6026896854443837,0.0,0.8470588235294116,0.0
1949,1611,2025-10-23,Overpass,0,1,0.0,1.2,8.6,0,4,1.4545454545454546,1.4545454545454546,0.14393939393939398,-0.12878787878787878,1.791759469228055,0.0,1.7454545454545454,0.0
1948,1610,2025-10-23,Train,0,1,0.0,-0.2,84.0,0,-3,1.375,1.375,0.14322916666666663,-0.21093749999999994,-2.1400661634962708,0.0,-0.275,0.0
1936,1605,2025-10-25,Train,0,1,0.0,1.0,12.9,0,4,0.7058823529411764,0.7058823529411764,0.011029411764705954,-0.044117647058823484,1.7917594692280547,0.0,0.7058823529411764,0.0
1935,1605,2025-10-25,Dust2,0,1,0.0,1.0,12.9,0,4,1.0031746031746032,0.9230769230769231,0.3630952380952381,-0.1297619047619047,2.8903717578961645,0.0,0.9230769230769231,0.0
1937,1606,2025-10-25,Mirage,0,1,0.0,1.0,0.0,0,-2,0.8682170542635659,0.6666666666666667,0.10156249999999994,-0.21744791666666666,-2.803360380906535,0.0,0.6666666666666667,0.0
1938,1606,2025-10-25,Nuke,0,1,0.0,1.0,0.0,0,-2,1.807692307692308,1.7142857142857144,0.3301282051282051,-0.009615384615384581,-1.945910149055313,0.0,1.7142857142857144,0.0
1939,1607,2025-10-25,Mirage,0,-1,0.0,0.0,0.0,0,-2,-1.1317829457364341,-1.3333333333333333,-0.21093750000000003,0.11588541666666663,-2.3978952727983707,-0.0,-0.0,0.0
1941,1607,2025-10-25,Dust2,0,-1,0.0,0.0,0.0,0,-2,-0.15736040609137053,-0.07692307692307693,-0.16987179487179482,0.0352564102564103,-2.197224577336219,-0.0,-0.0,0.0
1942,1608,2025-10-25,Ancient,0,-1,561.0,0.638961038961039,-231.60000000000005,0,5,-1.2333333333333334,-1.3333333333333333,-0.08333333333333331,0.14351851851851855,1.2039728043259361,-691.9,-0.8519480519480519,-129927.60000000003
1943,1608,2025-10-25,Mirage,0,1,561.0,0.638961038961039,-231.60000000000005,0,5,1.2390243902439024,1.4285714285714286,0.33499999999999996,-0.12333333333333335,2.5649493574615367,695.0926829268293,0.9128014842300557,-129927.60000000003
1944,1608,2025-10-25,Inferno,0,1,561.0,0.638961038961039,-231.60000000000005,0,5,0.43760320830384525,0.42857142857142855,0.027402402402402437,-0.09834834834834838,2.251291798606495,245.49539985845718,0.2738404452690167,-129927.60000000003
1945,1609,2025-10-25,Ancient,0,1,53.0,0.1333333333333333,-103.93333333333334,0,6,1.0918918918918918,1.0,0.16666666666666663,-0.10317460317460314,1.9924301646902063,57.87027027027027,0.1333333333333333,-5508.466666666667
1946,1609,2025-10-25,Nuke,0,1,53.0,0.1333333333333333,-103.93333333333334,0,6,1.1882845188284519,1.0666666666666667,0.25277777777777777,-0.1291666666666666,2.740840023925201,62.97907949790795,0.1422222222222222,-5508.466666666667
1940,1607,2025-10-25,Nuke,0,1,0.0,0.0,0.0,0,-2,1.807692307692308,1.7142857142857144,0.20512820512820512,-0.34294871794871784,-1.5404450409471486,0.0,0.0,0.0
1920,526,2025-10-26,Inferno,1,-1,-133.0,0.0,-168.10000000000002,0,9,0.29160437032777453,0.625,0.05165229885057476,-0.019181034482758597,0.35667494393873245,-38.783381253594015,0.0,22357.300000000003
1921,534,2025-10-26,Ancient,1,-1,46.0,0.2,-167.89999999999998,0,6,-0.49781731323614187,-0.3434343434343434,-0.07702020202020199,-0.008026695526695493,0.04445176257083361,-22.899596408862525,-0.06868686868686869,-7723.399999999999
1919,526,2025-10-26,Ancient,1,-1,-133.0,0.0,-168.10000000000002,0,9,-0.7038725422480083,-1.4545454545454546,-0.06799242424242419,0.09356060606060601,0.09097177820572666,93.6150481189851,-0.0,22357.300000000003
1922,534,2025-10-26,Inferno,1,-1,46.0,0.2,-167.89999999999998,0,6,0.21880576527110496,0.625,0.03354332449160036,0.015915119363395236,0.10536051565782634,10.065065202470828,0.125,-7723.399999999999
1917,524,2025-10-26,Mirage,1,1,-13.0,1.0,-194.5,0,6,0.8218954248366013,0.9206349206349207,0.07380952380952382,-0.12526455026455025,1.280933845462064,-10.684640522875817,0.9206349206349207,2528.5
1916,524,2025-10-26,Ancient,1,-1,-13.0,1.0,-194.5,0,6,0.03508771929824561,0.03508771929824561,-0.07854406130268199,-0.006226053639846685,1.4552872326068422,-0.45614035087719296,0.03508771929824561,2528.5
1918,524,2025-10-26,Nuke,1,-1,-13.0,1.0,-194.5,0,6,0.37677053824362616,0.42857142857142855,0.10755813953488363,0.0055717054263565435,2.174751721484161,-4.89801699716714,0.42857142857142855,2528.5
1923,543,2025-10-26,Ancient,1,1,111.0,0.0,50.599999999999994,0,7,-0.10897961414439525,-0.3116883116883117,-0.09686147186147182,-0.09632034632034636,0.4274440148269396,-12.096737170027872,-0.0,5616.599999999999
1933,548,2025-10-26,Ancient,1,1,24.0,0.8,-111.5,0,3,-0.7463768115942029,-0.5333333333333333,-0.13131313131313133,0.07828282828282829,0.5389965007326871,-17.913043478260867,-0.4266666666666667,-2676.0
1925,544,2025-10-26,Overpass,1,1,37.0,0.6000000000000001,3.9000000000000004,0,3,-0.4444444444444444,-0.4444444444444444,-0.08564814814814814,-0.00694444444444442,0.35667494393873267,-16.444444444444443,-0.2666666666666667,144.3
1926,544,2025-10-26,Nuke,1,-1,37.0,0.6000000000000001,3.9000000000000004,0,3,0.13232609379918173,-0.12698412698412703,0.045058139534883634,0.002967538759689914,0.9509762898620449,4.896065470569724,-0.07619047619047623,144.3
1927,544,2025-10-26,Ancient,1,1,37.0,0.6000000000000001,3.9000000000000004,0,3,0.6397388820889434,0.22556390977443608,0.08638649425287359,-0.022719109195402265,0.5679840376059393,23.670338637290904,0.13533834586466167,144.3
1928,545,2025-10-26,Dust2,1,1,75.0,-0.2,282.4,0,-1,0.2849143610013176,0.3333333333333333,0.02824074074074079,0.012500000000000011,-0.9343092373768331,21.36857707509882,-0.06666666666666667,21180.0
1929,545,2025-10-26,Overpass,1,1,75.0,-0.2,282.4,0,-1,0.5738705738705738,0.5194805194805194,0.0763888888888889,-0.026289682539682502,0.485507815781701,43.04029304029304,-0.10389610389610389,21180.0
1930,547,2025-10-26,Mirage,1,1,17.0,-0.2,46.2,0,-1,-0.010624999999999954,-0.2727272727272727,-0.00877192982456143,0.004855889724310725,-0.2876820724517808,-0.1806249999999992,0.05454545454545454,785.4000000000001
1931,547,2025-10-26,Inferno,1,-1,17.0,-0.2,46.2,0,-1,0.19580857053487644,-0.1388888888888889,0.09068627450980399,-0.06127450980392157,0.0,3.3287456990928996,0.02777777777777778,785.4000000000001
1932,547,2025-10-26,Nuke,1,-1,17.0,-0.2,46.2,0,-1,0.22104018912529544,0.0,0.08680555555555558,-0.06150793650793651,0.14310084364067333,3.7576832151300223,-0.0,785.4000000000001
1934,548,2025-10-26,Mirage,1,1,24.0,0.8,-111.5,0,3,0.7342995169082126,0.9777777777777779,0.06818181818181818,-0.07028619528619529,0.18232155679395445,17.6231884057971,0.7822222222222224,-2676.0
1924,543,2025-10-26,Nuke,1,1,111.0,0.0,50.599999999999994,0,7,-0.3181681831816819,-0.20000000000000007,-0.08908371040723978,-0.006127450980392135,0.4054651081081646,-35.31666833316669,-0.0,5616.599999999999
1902,535,2025-10-27,Inferno,1,1,244.0,0.4,173.6,0,-3,-0.4746835443037975,-0.711111111111111,-0.06547619047619047,0.05456349206349209,0.382992252256106,-115.82278481012659,-0.28444444444444444,42358.4
1903,535,2025-10-27,Nuke,1,1,244.0,0.4,173.6,0,-3,0.18700143016049584,-0.06666666666666671,0.0035403050108931966,-0.06699346405228757,0.4418327522790393,45.62834895916098,-0.026666666666666686,42358.4
1904,537,2025-10-27,Inferno,1,-1,0.0,-0.2,39.9,0,0,0.12425900592795255,0.0,-0.008712121212121171,-0.04962121212121212,-0.2984929885559966,0.0,-0.0,0.0
1905,537,2025-10-27,Mirage,1,-1,0.0,-0.2,39.9,0,0,-0.08909182617006026,-0.19999999999999998,0.02859477124183013,0.04081253713606653,-0.02898753687325195,-0.0,0.04,0.0
1906,540,2025-10-27,Nuke,1,1,1.0,-0.4,8.699999999999989,0,-1,-0.0432460461498574,-0.2,-0.04133597883597884,-0.02546296296296302,0.1466034741918758,-0.0432460461498574,0.08000000000000002,8.699999999999989
1907,540,2025-10-27,Overpass,1,-1,1.0,-0.4,8.699999999999989,0,-1,-0.9448818897637795,-1.0,-0.07051282051282043,0.2596153846153846,1.945910149055313,-0.9448818897637795,0.4,8.699999999999989
1910,1602,2025-10-27,Nuke,0,1,0.0,0.8,8.6,0,3,1.4152046783625731,1.4285714285714286,0.2850877192982456,-0.15131578947368418,1.897119984885881,0.0,1.142857142857143,0.0
1909,1602,2025-10-27,Mirage,0,1,0.0,0.8,8.6,0,3,1.2436974789915967,1.1428571428571428,0.0,-0.15833333333333333,2.1594842493533726,0.0,0.9142857142857143,0.0
1911,1603,2025-10-27,Inferno,0,1,0.0,1.2,-15.0,0,-6,1.0196078431372548,1.2,0.09166666666666662,-0.19166666666666665,-2.740840023925201,0.0,1.44,-0.0
1912,1603,2025-10-27,Mirage,0,1,0.0,1.2,-15.0,0,-6,0.8776978417266187,0.7,0.0980392156862745,0.028186274509803877,-2.862200880929468,0.0,0.84,-0.0
1913,1604,2025-10-27,Ancient,0,-1,-53.0,-0.5617021276595746,-34.39148936170213,0,-4,-1.1384615384615384,-1.0666666666666667,-0.21212121212121215,0.1117424242424242,-2.4423470353692043,60.33846153846154,0.5991489361702129,1822.7489361702128
1914,1604,2025-10-27,Nuke,0,1,-53.0,-0.5617021276595746,-34.39148936170213,0,-4,0.035908339239310194,1.0,0.02620967741935487,-0.041666666666666685,-2.367123614131617,-1.9031419796834403,-0.5617021276595746,1822.7489361702128
1915,1604,2025-10-27,Inferno,0,-1,-53.0,-0.5617021276595746,-34.39148936170213,0,-4,-1.0018323408153917,-1.0476190476190477,-0.13611111111111118,0.175,-1.1631508098056809,53.09711406321576,0.5884498480243163,1822.7489361702128
1908,540,2025-10-27,Dust2,1,-1,1.0,-0.4,8.699999999999989,0,-1,0.41823129251700675,0.47619047619047616,0.057386363636363624,-0.027272727272727226,-0.5596157879354227,0.41823129251700675,-0.19047619047619047,8.699999999999989
1895,533,2025-10-28,Mirage,1,1,33.0,0.4,37.8,0,4,0.16790780141843972,0.2424242424242424,0.028703703703703787,0.01620370370370372,-0.5663954749208013,5.540957446808511,0.09696969696969697,1247.3999999999999
1894,531,2025-10-28,Nuke,1,-1,157.0,-0.4,70.69999999999999,0,-3,0.2524453072500561,0.37362637362637363,-0.03402777777777777,-0.016765873015873067,0.594707107746693,39.633913238258806,-0.14945054945054945,11099.899999999998
1896,533,2025-10-28,Nuke,1,-1,33.0,0.4,37.8,0,4,-0.7400932400932401,-0.8768472906403941,-0.13359557109557113,0.05077214452214451,-1.1676051601550612,-24.423076923076923,-0.35073891625615766,1247.3999999999999
1893,531,2025-10-28,Inferno,1,-1,157.0,-0.4,70.69999999999999,0,-3,-0.08269415148609782,-0.0888888888888889,-0.05303030303030304,0.0366161616161616,0.1910552367627094,-12.982981783317358,0.03555555555555556,11099.899999999998
1898,1600,2025-10-28,Dust2,0,1,0.0,0.2,7.4,0,-3,0.048192771084337366,0.1111111111111111,0.0458896396396396,0.049831081081081086,-2.028148247292285,0.0,0.022222222222222223,0.0
1899,1600,2025-10-28,Train,0,1,0.0,0.2,7.4,0,-3,0.8148148148148148,1.3333333333333333,0.13657407407407407,0.01388888888888895,-1.5581446180465497,0.0,0.26666666666666666,0.0
1900,1601,2025-10-28,Dust2,0,-1,0.0,-1.2,0.0,0,5,-1.0481927710843373,-1.1111111111111112,-0.09797297297297292,-0.0394144144144144,2.9444389791664403,-0.0,1.3333333333333333,0.0
1901,1601,2025-10-28,Nuke,0,-1,0.0,-1.2,0.0,0,5,-0.6629834254143645,-0.6666666666666667,-0.04999999999999993,-0.06041666666666662,2.3513752571634776,-0.0,0.8,0.0
1897,533,2025-10-28,Ancient,1,1,33.0,0.4,37.8,0,4,0.2012707522033204,0.2555555555555556,0.0074652777777778345,-0.04843749999999997,-0.6007738604289301,6.641934822709573,0.10222222222222224,1247.3999999999999
1892,1599,2025-10-29,Mirage,0,1,0.0,1.2,0.0,0,6,1.2741935483870968,1.1818181818181819,0.3365384615384615,-0.16826923076923073,2.6026896854443837,0.0,1.4181818181818182,0.0
1891,1599,2025-10-29,Nuke,0,1,0.0,1.2,0.0,0,6,1.3717277486910995,1.375,-0.44047619047619047,-0.6170634920634921,2.3978952727983707,0.0,1.65,0.0
1890,1598,2025-10-30,Mirage,0,-1,0.0,-0.8,0.0,0,6,-0.7751937984496123,-0.8695652173913043,-0.0817901234567901,-0.03703703703703709,2.6390573296152584,-0.0,0.6956521739130435,0.0
1889,1598,2025-10-30,Dust2,0,1,0.0,-0.8,0.0,0,6,-0.01754385964912281,-0.07142857142857142,-0.09210526315789475,-0.14035087719298245,2.5649493574615363,-0.0,0.05714285714285714,0.0
1888,1598,2025-10-30,Nuke,0,-1,0.0,-0.8,0.0,0,6,-0.6965174129353233,-0.7058823529411764,-0.03409090909090906,0.05492424242424243,2.0368819272610397,-0.0,0.5647058823529412,0.0
1868,516,2025-10-31,Dust2,1,-1,-317.0,-0.2,59.29999999999998,0,-4,-0.31329113924050633,-0.5909090909090909,-0.08598318713450298,-0.0001827485380117011,0.2231435513142097,99.3132911392405,0.1181818181818182,-18798.099999999995
1867,515,2025-10-31,Inferno,1,-1,70.0,0.4,-40.8,0,1,-0.1591591591591591,0.1333333333333333,-0.06382275132275134,0.05654761904761907,0.2363887780642302,-11.141141141141137,0.05333333333333332,-2856.0
1866,515,2025-10-31,Train,1,-1,70.0,0.4,-40.8,0,1,-0.3480769230769232,-0.5333333333333333,0.045454545454545414,0.1515151515151515,0.0,-24.36538461538462,-0.21333333333333335,-2856.0
1865,515,2025-10-31,Ancient,1,1,70.0,0.4,-40.8,0,1,0.833425025979583,0.9333333333333333,0.014552696078431404,-0.1747855392156863,0.05715841383994835,58.33975181857081,0.37333333333333335,-2856.0
1864,514,2025-10-31,Nuke,1,-1,-13.0,-0.2,24.300000000000004,0,-4,-0.1954957772912105,-0.1111111111111111,-0.04102167182662547,0.06437048503611964,0.10536051565782634,2.5414451047857365,0.022222222222222223,-315.90000000000003
1863,514,2025-10-31,Dust2,1,1,-13.0,-0.2,24.300000000000004,0,-4,-0.46431046431046435,-0.6428571428571428,-0.047466422466422464,0.10210622710622708,0.45198512374305766,6.036036036036037,0.12857142857142856,-315.90000000000003
1858,512,2025-10-31,Nuke,1,-1,-87.0,-0.6000000000000001,35.0,0,-2,0.2859409711202792,0.4444444444444445,0.031590413943355045,0.04670479302832242,0.054067221270275745,-24.876864487464292,-0.2666666666666667,-3045.0
1861,513,2025-10-31,Dust2,1,-1,-307.0,0.0,-51.5,0,-2,0.1400986912679683,0.020202020202020193,-0.0460526315789474,-0.04318488529014841,-0.35667494393873245,-43.010298219266275,0.0,15810.5
1860,513,2025-10-31,Overpass,1,-1,-307.0,0.0,-51.5,0,-2,-0.6666666666666667,-0.7142857142857143,-0.04682539682539688,0.19920634920634916,0.6931471805599454,204.66666666666669,-0.0,15810.5
1859,512,2025-10-31,Ancient,1,-1,-87.0,-0.6000000000000001,35.0,0,-2,0.04044715447154468,0.0,0.0859375,0.13802083333333331,0.4353180712578455,-3.518902439024387,-0.0,-3045.0
1869,516,2025-10-31,Mirage,1,1,-317.0,-0.2,59.29999999999998,0,-4,0.8535244922341698,0.9,0.06830065359477122,-0.10155228758169937,0.7827593392496324,-270.5672640382318,-0.18000000000000002,-18798.099999999995
1857,512,2025-10-31,Inferno,1,1,-87.0,-0.6000000000000001,35.0,0,-2,-0.15253122945430642,-0.2424242424242424,-0.048214285714285765,-0.00029761904761904656,-0.33647223662121295,13.270216962524659,0.14545454545454548,-3045.0
1862,514,2025-10-31,Inferno,1,-1,-13.0,-0.2,24.300000000000004,0,-4,-0.08619623774618032,0.09090909090909091,-0.050000000000000044,0.05208333333333337,0.0,1.1205510907003442,-0.018181818181818184,-315.90000000000003
1870,516,2025-10-31,Overpass,1,-1,-317.0,-0.2,59.29999999999998,0,-4,-0.7142857142857143,-0.7142857142857143,-0.09821428571428575,0.17559523809523808,-0.47000362924573547,226.42857142857144,0.14285714285714288,-18798.099999999995
1874,518,2025-10-31,Nuke,1,-1,138.0,0.2,-25.5,0,4,-0.781571975272299,-0.7857142857142857,-0.0504310344827586,0.07155172413793098,-1.0033021088637848,-107.85693258757726,-0.15714285714285714,-3519.0
1872,517,2025-10-31,Dust2,1,-1,-3.0,-0.4,-39.900000000000006,0,-1,-0.480876741503239,-0.4444444444444444,-0.06666666666666665,0.008974358974358942,0.6190392084062237,1.442630224509717,0.17777777777777778,119.70000000000002
1887,523,2025-10-31,Train,1,1,70.0,0.8,-17.9,0,-1,-0.18974358974358987,-0.1333333333333333,-0.004329004329004349,0.07034632034632027,0.4054651081081646,-13.282051282051292,-0.10666666666666665,-1253.0
1886,523,2025-10-31,Mirage,1,1,70.0,0.8,-17.9,0,-1,0.1206128667931042,0.1333333333333333,0.03253968253968259,-0.0023809523809523725,-0.49247648509779385,8.442900675517295,0.10666666666666665,-1253.0
1885,522,2025-10-31,Overpass,1,1,75.0,1.0,45.5,0,2,-0.043290043290043295,-0.09090909090909091,0.015404040404040364,-0.01237373737373737,0.2876820724517808,-3.246753246753247,-0.09090909090909091,3412.5
1884,522,2025-10-31,Train,1,1,75.0,1.0,45.5,0,2,-0.4562211981566821,-0.5341614906832298,-0.09408875338753392,0.011348238482384865,-1.1727202608218317,-34.21658986175116,-0.5341614906832298,3412.5
1883,521,2025-10-31,Train,1,1,-22.0,-0.2,191.89999999999998,0,-3,0.3974145120934111,0.8571428571428572,0.17395833333333333,-0.0031249999999999334,1.0414538748281612,-8.743119266055045,-0.17142857142857146,-4221.799999999999
1882,521,2025-10-31,Ancient,1,1,-22.0,-0.2,191.89999999999998,0,-3,0.568243243243243,0.3333333333333333,0.11363636363636359,0.0492424242424242,0.737598943130779,-12.501351351351348,-0.06666666666666667,-4221.799999999999
1881,521,2025-10-31,Dust2,1,-1,-22.0,-0.2,191.89999999999998,0,-3,-0.6373873873873874,-1.0,-0.06557158119658124,0.11351495726495725,0.5798184952529422,14.022522522522523,0.2,-4221.799999999999
1880,520,2025-10-31,Inferno,1,1,25.0,1.0,-44.900000000000006,0,4,0.1858974358974359,0.34090909090909094,0.09250992063492064,-0.03670634920634924,0.8938178760220965,4.647435897435898,0.34090909090909094,-1122.5000000000002
1879,520,2025-10-31,Train,1,1,25.0,1.0,-44.900000000000006,0,4,0.9247311827956989,0.8571428571428572,0.05902777777777779,-0.09027777777777773,1.1786549963416462,23.118279569892472,0.8571428571428572,-1122.5000000000002
1878,519,2025-10-31,Dust2,1,1,87.0,1.0,-12.100000000000001,0,0,0.35000420981729397,0.6428571428571428,0.016712454212454264,-0.058951465201465214,-0.7282385003712157,30.450366254104576,0.6428571428571428,-1052.7
1877,519,2025-10-31,Overpass,1,1,87.0,1.0,-12.100000000000001,0,0,0.8333333333333333,0.8333333333333333,0.11284722222222227,-0.13368055555555558,-0.810930216216329,72.5,0.8333333333333333,-1052.7
1876,518,2025-10-31,Mirage,1,1,138.0,0.2,-25.5,0,4,-0.2559495665878646,-0.2571428571428572,-0.018055555555555547,0.046527777777777835,-0.27193371548364187,-35.32104018912531,-0.051428571428571435,-3519.0
1875,518,2025-10-31,Train,1,1,138.0,0.2,-25.5,0,4,0.4698630136986302,1.1,0.0854166666666667,0.023958333333333304,-0.2006706954621511,64.84109589041097,0.22000000000000003,-3519.0
1873,517,2025-10-31,Nuke,1,-1,-3.0,-0.4,-39.900000000000006,0,-1,-0.10899107755662318,-0.47619047619047616,0.02178030303030304,0.0625,-0.5705448584676129,0.32697323266986955,0.19047619047619047,119.70000000000002
1871,517,2025-10-31,Ancient,1,1,-3.0,-0.4,-39.900000000000006,0,-1,0.17482993197278907,0.5714285714285714,0.06466450216450209,0.015331890331890308,0.04445176257083361,-0.5244897959183672,-0.22857142857142856,119.70000000000002
1850,509,2025-11-01,Dust2,1,1,0.0,1.6,0.0,0,0,1.2348993288590604,0.8,0.057692307692307765,-0.12499999999999994,2.6026896854443837,0.0,1.2800000000000002,0.0
1851,509,2025-11-01,Mirage,1,1,0.0,1.6,0.0,0,0,1.4193548387096775,1.5,0.1570512820512821,-0.16346153846153844,2.6026896854443837,0.0,2.4000000000000004,0.0
1856,511,2025-11-01,Nuke,1,-1,75.0,0.0,27.299999999999997,0,1,-0.5147804576376004,-0.6,-0.104023646071701,-0.007532418001525543,0.1823215567939549,-38.60853432282003,-0.0,2047.4999999999998
1853,510,2025-11-01,Train,1,-1,0.0,-1.2,22.799999999999997,0,3,-0.5478260869565218,-0.717948717948718,-0.09317129629629628,0.09259259259259256,-0.7472144018302207,-0.0,0.8615384615384615,0.0
1854,511,2025-11-01,Overpass,1,1,75.0,0.0,27.299999999999997,0,1,1.10828025477707,1.0666666666666667,0.0920138888888889,-0.09895833333333331,1.4469189829363256,83.12101910828025,0.0,2047.4999999999998
1855,511,2025-11-01,Inferno,1,-1,75.0,0.0,27.299999999999997,0,1,-0.10353277516847045,0.14285714285714285,-0.02765151515151515,0.021969696969696972,0.36290549368936853,-7.764958137635284,0.0,2047.4999999999998
1852,510,2025-11-01,Mirage,1,-1,0.0,-1.2,22.799999999999997,0,3,-0.17982615726703055,-0.19047619047619047,-0.00381263616557731,0.0635893246187364,0.055569851154810834,-0.0,0.22857142857142854,0.0
1849,508,2025-11-02,Overpass,1,1,0.0,0.2,4.3,0,5,0.07446808510638292,0.0,0.00347222222222221,0.06736111111111104,0.16705408466316607,0.0,0.0,0.0
1848,508,2025-11-02,Mirage,1,1,0.0,0.2,4.3,0,5,-0.13239332096474946,-0.0904977375565611,-0.0478395061728395,-0.002314814814814825,0.27871340246902054,-0.0,-0.01809954751131222,0.0
1847,508,2025-11-02,Train,1,-1,0.0,0.2,4.3,0,5,0.294996751137102,0.2857142857142857,0.017145135566188185,-0.07894736842105265,0.5108256237659905,0.0,0.05714285714285714,0.0
1846,507,2025-11-02,Mirage,1,1,0.0,-0.6000000000000001,167.5,0,-6,0.29422647527910684,0.7058823529411764,0.07208994708994715,0.052579365079365115,-1.5314763709643886,0.0,-0.42352941176470593,0.0
1845,507,2025-11-02,Dust2,1,1,0.0,-0.6000000000000001,167.5,0,-6,-0.59440813362382,-0.47619047619047616,-0.0963319088319089,0.050925925925925875,-0.9932517730102832,-0.0,0.28571428571428575,0.0
1828,500,2025-11-03,Nuke,1,1,-186.0,-0.2,-60.80000000000001,0,5,0.4613709339662153,0.4242424242424242,0.0480902777777778,-0.04010416666666672,0.6007738604289301,-85.81499371771605,-0.08484848484848484,11308.800000000003
1829,500,2025-11-03,Mirage,1,-1,-186.0,-0.2,-60.80000000000001,0,5,-0.5088396199251367,-0.85,-0.05567956349206349,0.019841269841269826,0.2578291093020999,94.64416930607543,0.17,11308.800000000003
1830,500,2025-11-03,Inferno,1,1,-186.0,-0.2,-60.80000000000001,0,5,-0.15881463959524272,0.1090909090909091,-0.07065217391304346,-0.0018115942028985588,0.0,29.539522964715147,-0.02181818181818182,11308.800000000003
1831,501,2025-11-03,Ancient,1,-1,-291.0,-0.2,46.0,0,4,-0.9812265331664582,-0.6666666666666666,-0.05555555555555558,0.16319444444444448,0.0,285.53692115143934,0.13333333333333333,-13386.0
1832,501,2025-11-03,Nuke,1,-1,-291.0,-0.2,46.0,0,4,-0.060221295120623956,0.19047619047619047,0.03125,0.024305555555555525,0.27193371548364187,17.52439688010157,-0.0380952380952381,-13386.0
1833,502,2025-11-03,Inferno,1,1,79.0,0.8,243.0,0,-4,0.3195155013336831,0.29166666666666663,0.021678743961352664,-0.09172705314009666,-0.2559333741372005,25.241724605360965,0.2333333333333333,19197.0
1835,503,2025-11-03,Overpass,1,-1,224.0,0.6000000000000001,145.2,0,-4,-0.34054054054054045,-0.4666666666666666,0.011458333333333348,0.03229166666666666,-0.4054651081081646,-76.28108108108106,-0.28,32524.799999999996
1834,502,2025-11-03,Train,1,1,79.0,0.8,243.0,0,-4,1.20682302771855,1.380952380952381,0.0714285714285714,-0.2142857142857143,0.0,95.33901918976545,1.1047619047619048,19197.0
1837,503,2025-11-03,Ancient,1,1,224.0,0.6000000000000001,145.2,0,-4,0.4079573577003617,0.4666666666666667,0.03931830381105744,-0.02247718733225984,0.15415067982725805,91.38244812488102,0.28,32524.799999999996
1838,504,2025-11-03,Overpass,1,-1,1000.0,0.6,-22.69999999999999,0,0,-0.2658927584300719,-0.5,-0.05158730158730157,0.005952380952380931,0.13353139262452252,-265.89275843007186,-0.3,-22699.99999999999
1839,504,2025-11-03,Dust2,1,1,1000.0,0.6,-22.69999999999999,0,0,0.9903762029746279,1.1111111111111112,0.07456140350877188,-0.15789473684210525,0.0,990.376202974628,0.6666666666666666,-22699.99999999999
1840,504,2025-11-03,Mirage,1,1,1000.0,0.6,-22.69999999999999,0,0,0.9735760422783324,1.4166666666666665,0.1698647660818714,-0.10169956140350883,0.2231435513142097,973.5760422783324,0.8499999999999999,-22699.99999999999
1841,505,2025-11-03,Ancient,1,1,228.0,1.2000000000000002,-17.900000000000006,0,0,0.11288711288711294,0.9166666666666666,0.04356060606060602,-0.024621212121212155,-0.6505875661411493,25.73826173826175,1.1,-4081.200000000001
1842,505,2025-11-03,Inferno,1,1,228.0,1.2000000000000002,-17.900000000000006,0,0,0.3435934144595561,0.25,-0.018159536541889454,-0.08344474153297687,0.24512245803298516,78.3392984967788,0.30000000000000004,-4081.200000000001
1843,506,2025-11-03,Dust2,1,1,561.0,1.4,-136.5,0,1,0.750678899082569,1.0,0.038661858974358976,-0.10657051282051289,0.8574502318512218,421.1308623853212,1.4,-76576.5
1844,506,2025-11-03,Overpass,1,1,561.0,1.4,-136.5,0,1,1.5555555555555556,1.5555555555555556,0.3680555555555556,-0.19907407407407407,1.2039728043259361,872.6666666666666,2.1777777777777776,-76576.5
1836,503,2025-11-03,Inferno,1,1,224.0,0.6000000000000001,145.2,0,-4,-0.15555555555555553,-0.14285714285714285,0.06828703703703709,0.14004629629629628,1.33500106673234,-34.84444444444444,-0.08571428571428573,32524.799999999996
1814,495,2025-11-04,Inferno,1,1,-358.0,0.0,25.5,0,4,0.08397790055248618,0.4727272727272727,-0.0690972222222222,-0.12534722222222228,-1.4271163556401456,-30.06408839779005,0.0,-9129.0
1813,495,2025-11-04,Ancient,1,1,-358.0,0.0,25.5,0,4,-0.064493231252852,-0.1388888888888889,0.005902777777777812,-0.02118055555555559,0.4462871026284194,23.088576788521017,-0.0,-9129.0
1812,495,2025-11-04,Nuke,1,-1,-358.0,0.0,25.5,0,4,-0.10868486352357318,-0.42857142857142855,0.022058823529411742,0.06938159879336347,-0.2513144282809061,38.9091811414392,-0.0,-9129.0
1806,492,2025-11-04,Nuke,1,-1,-25.0,-0.4,30.799999999999983,0,-5,-0.3050757374435291,-0.6,-0.043898809523809534,0.012896825396825462,-0.8938178760220965,7.626893436088228,0.24,-769.9999999999995
1815,496,2025-11-04,Train,1,1,-548.0,0.39999999999999997,194.90000000000003,0,0,0.5466666666666667,1.0,0.061688311688311626,-0.024350649350649345,-0.2231435513142097,-299.5733333333334,0.39999999999999997,-106805.20000000001
1808,493,2025-11-04,Dust2,1,1,75.0,0.2,300.5,0,-1,-0.41784121320249773,0.0,-0.07378472222222221,0.03067129629629628,0.1112256351102241,-31.33809099018733,0.0,22537.5
1807,492,2025-11-04,Inferno,1,-1,-25.0,-0.4,30.799999999999983,0,-5,-0.04076479076479076,-0.5714285714285714,0.014097744360902276,-0.02464494569757736,-0.09531017980432521,1.019119769119769,0.22857142857142856,-769.9999999999995
1811,494,2025-11-04,Inferno,1,-1,52.0,0.0,-49.19999999999999,0,-5,-0.2882611885546588,-0.25,0.02677266081871349,0.030244883040935644,-0.2231435513142097,-14.989581804842258,-0.0,-2558.3999999999996
1816,496,2025-11-04,Nuke,1,-1,-548.0,0.39999999999999997,194.90000000000003,0,0,-0.5758760715897128,-0.5142857142857142,-0.08528265107212468,0.0314327485380117,-0.05129329438755059,315.5800872311626,-0.20571428571428568,-106805.20000000001
1809,493,2025-11-04,Ancient,1,1,75.0,0.2,300.5,0,-1,0.42628205128205104,0.8571428571428572,0.07286324786324777,-0.01239316239316235,0.13353139262452274,31.97115384615383,0.17142857142857146,22537.5
1818,497,2025-11-04,Overpass,1,1,224.0,-0.4,-224.60000000000002,0,0,-0.75625,-0.8,-0.04761904761904756,0.10119047619047622,-0.2876820724517808,-169.4,0.32000000000000006,-50310.40000000001
1827,1597,2025-11-04,Nuke,0,-1,561.0,0.4,-204.3,0,3,-0.9047619047619048,-0.8333333333333334,-0.10576923076923073,0.0657051282051282,2.6026896854443837,-507.57142857142856,-0.33333333333333337,-114612.3
1817,496,2025-11-04,Inferno,1,1,-548.0,0.39999999999999997,194.90000000000003,0,0,-0.15185338294060918,-0.12121212121212122,-0.03442028985507245,0.046573067632850185,-0.04082199452025481,83.21565385145384,-0.048484848484848485,-106805.20000000001
1826,1597,2025-11-04,Train,0,-1,561.0,0.4,-204.3,0,3,-0.8478260869565216,-0.8888888888888888,-0.09420289855072456,0.35688405797101447,2.4849066497880004,-475.63043478260863,-0.35555555555555557,-114612.3
1825,499,2025-11-04,Overpass,1,1,371.0,0.2,-392.8,0,2,0.9333333333333333,0.9333333333333333,0.07777777777777778,-0.1611111111111111,0.45198512374305744,346.26666666666665,0.18666666666666668,-145728.80000000002
1824,499,2025-11-04,Train,1,1,371.0,0.2,-392.8,0,2,-0.3478260869565216,-0.3888888888888889,-0.021286231884057927,0.05480072463768115,0.9808292530117262,-129.04347826086953,-0.07777777777777778,-145728.80000000002
1810,494,2025-11-04,Nuke,1,-1,52.0,0.0,-49.19999999999999,0,-5,-0.29272672852439385,-0.28409090909090906,-0.021505376344086002,0.017099761051373952,-0.5212969236332863,-15.22178988326848,-0.0,-2558.3999999999996
1820,497,2025-11-04,Inferno,1,-1,224.0,-0.4,-224.60000000000002,0,0,-0.5504508372692143,-0.3111111111111111,-0.030270655270655256,0.1233974358974359,0.30538164955118186,-123.300987548304,0.12444444444444445,-50310.40000000001
1822,498,2025-11-04,Inferno,1,-1,-111.0,0.39999999999999997,68.2,0,-4,-0.3949679162445119,-0.4117647058823529,-0.06720430107526881,0.006451612903225823,-1.6739764335716716,43.84143870314082,-0.16470588235294115,-7570.200000000001
1821,498,2025-11-04,Dust2,1,1,-111.0,0.39999999999999997,68.2,0,-4,-0.31128973328461834,-0.3142857142857143,-0.03273809523809523,-0.004960317460317443,-0.382992252256106,34.55316039459264,-0.1257142857142857,-7570.200000000001
1819,497,2025-11-04,Mirage,1,-1,224.0,-0.4,-224.60000000000002,0,0,0.4852320675105485,0.8285714285714285,0.09375,-0.018749999999999933,0.0,108.69198312236286,-0.3314285714285714,-50310.40000000001
1823,498,2025-11-04,Train,1,1,-111.0,0.39999999999999997,68.2,0,-4,0.8917748917748918,1.0476190476190477,0.06770833333333331,-0.10069444444444442,-0.810930216216329,-98.98701298701299,0.41904761904761906,-7570.200000000001
1785,484,2025-11-05,Dust2,1,-1,69.0,0.0,18.299999999999983,0,0,0.017512077294686013,-0.15000000000000002,0.03703703703703709,-0.07638888888888884,0.0,1.2083333333333348,-0.0,1262.699999999999
1786,484,2025-11-05,Ancient,1,1,69.0,0.0,18.299999999999983,0,0,0.11375963459891536,-0.0784313725490196,-0.010057471264367845,-0.02365900383141767,-0.6286086594223743,7.84941478732516,-0.0,1262.699999999999
1787,484,2025-11-05,Mirage,1,-1,69.0,0.0,18.299999999999983,0,0,-0.12311939268461014,-0.03076923076923077,0.02837301587301594,0.04325396825396821,-0.3429447511268302,-8.4952380952381,-0.0,1262.699999999999
1789,485,2025-11-05,Mirage,1,-1,-196.0,-0.2,-64.30000000000001,0,6,-0.4284983558640847,-1.3333333333333333,-0.036221590909090884,0.006392045454545525,0.3022808718729335,83.9856777493606,0.26666666666666666,12602.800000000003
1790,486,2025-11-05,Inferno,1,-1,109.0,-0.6,-384.29999999999995,0,2,-0.2198139025725233,-0.031578947368421095,-0.047697368421052655,0.023026315789473673,0.44468582126144574,-23.95971538040504,0.018947368421052657,-41888.7
1791,486,2025-11-05,Overpass,1,1,109.0,-0.6,-384.29999999999995,0,2,0.5837320574162679,0.43636363636363634,0.12752525252525254,-0.09722222222222227,0.5389965007326871,63.6267942583732,-0.2618181818181818,-41888.7
1792,486,2025-11-05,Train,1,-1,109.0,-0.6,-384.29999999999995,0,2,-0.6117619493908154,-1.0,-0.05729166666666663,0.006944444444444531,0.6539264674066638,-66.68205248359888,0.6,-41888.7
1793,487,2025-11-05,Train,1,1,810.0,0.6000000000000001,-260.79999999999995,0,0,-0.13333333333333333,-0.19047619047619047,0.006481481481481477,0.028703703703703676,0.47000362924573524,-108.0,-0.1142857142857143,-211247.99999999997
1794,487,2025-11-05,Mirage,1,1,810.0,0.6000000000000001,-260.79999999999995,0,0,0.9648664588423623,1.2777777777777777,0.07411764705882357,-0.02784313725490195,0.3677247801253176,781.5418316623135,0.7666666666666667,-211247.99999999997
1788,485,2025-11-05,Nuke,1,-1,-196.0,-0.2,-64.30000000000001,0,6,0.0802568218298556,-0.30588235294117644,-0.04817708333333337,-0.033564814814814825,0.55206858230004,-15.730337078651699,0.06117647058823529,12602.800000000003
1796,488,2025-11-05,Ancient,1,1,222.0,0.2,-2.799999999999983,0,-3,0.8718394437420987,0.8403361344537814,0.10941644562334224,-0.10753757736516356,0.762140052046897,193.5483565107459,0.1680672268907563,-621.5999999999963
1797,488,2025-11-05,Inferno,1,1,222.0,0.2,-2.799999999999983,0,-3,-0.09652283200670297,-0.1111111111111111,0.0450757575757576,0.006628787878787845,-0.09097177820572666,-21.42806870548806,-0.022222222222222223,-621.5999999999963
1798,489,2025-11-05,Overpass,1,1,-293.0,0.0,121.60000000000002,0,3,0.335978835978836,0.7142857142857143,-0.041666666666666685,0.046296296296296335,0.9162907318741553,-98.44179894179895,0.0,-35628.80000000001
1799,489,2025-11-05,Dust2,1,-1,-293.0,0.0,121.60000000000002,0,3,-0.7603913779151034,-0.6346153846153846,-0.11645299145299154,0.07995014245014243,0.35139788683788886,222.7946737291253,-0.0,-35628.80000000001
1800,489,2025-11-05,Ancient,1,-1,-293.0,0.0,121.60000000000002,0,3,-0.4850829759462988,-0.3333333333333333,-0.041666666666666685,0.03888888888888892,0.485507815781701,142.12931195226554,-0.0,-35628.80000000001
1805,491,2025-11-05,Nuke,1,-1,-1000.0,-0.6000000000000001,194.4,0,-1,-1.803030303030303,-1.75,-0.25625000000000003,0.17986111111111108,-0.7419373447293771,1803.030303030303,1.0500000000000003,-194400.0
1801,490,2025-11-05,Overpass,1,-1,190.0,-0.2,10.199999999999989,0,1,-0.6988416988416988,-0.7619047619047619,-0.01711309523809529,0.12797619047619047,-0.11778303565638382,-132.77992277992277,0.1523809523809524,1937.9999999999977
1802,490,2025-11-05,Inferno,1,1,190.0,-0.2,10.199999999999989,0,1,0.27207465900933225,0.6923076923076923,0.02901785714285715,-0.011408730158730174,0.5108256237659905,51.69418521177313,-0.13846153846153847,1937.9999999999977
1803,490,2025-11-05,Dust2,1,1,190.0,-0.2,10.199999999999989,0,1,0.7557872784150156,1.2063492063492063,0.10868055555555561,-0.09236111111111106,0.17435338714477755,143.59958289885296,-0.24126984126984127,1937.9999999999977
1804,491,2025-11-05,Dust2,1,-1,-1000.0,-0.6000000000000001,194.4,0,-1,-1.3115876371690325,-1.55,-0.10208333333333336,0.18750000000000006,-0.27193371548364187,1311.5876371690324,0.9300000000000002,-194400.0
1795,488,2025-11-05,Nuke,1,-1,222.0,0.2,-2.799999999999983,0,-3,-0.034884170630776964,-0.1111111111111111,-0.02521929824561403,-0.03668261562998404,-0.13976194237515882,-7.7442858800324865,-0.022222222222222223,-621.5999999999963
1779,482,2025-11-06,Overpass,1,1,0.0,0.6,-280.5,0,3,1.4807692307692308,1.5555555555555556,0.4431818181818182,-0.22348484848484845,1.791759469228055,0.0,0.9333333333333333,-0.0
1780,482,2025-11-06,Dust2,1,1,0.0,0.6,-280.5,0,3,0.32544378698224846,0.14285714285714285,0.0803571428571429,0.1160714285714286,2.2686835413183646,0.0,0.0857142857142857,-0.0
1782,483,2025-11-06,Mirage,1,1,0.0,1.6,0.0,0,3,1.378640776699029,1.4285714285714286,0.3645833333333333,-0.16666666666666663,2.2686835413183646,0.0,2.285714285714286,0.0
1783,1596,2025-11-06,Ancient,0,-1,561.0,-1.2,-387.4,0,5,-1.342857142857143,-1.5,-0.09583333333333333,0.15000000000000002,1.7047480922384253,-753.3428571428572,1.7999999999999998,-217331.4
1784,1596,2025-11-06,Dust2,0,-1,561.0,-1.2,-387.4,0,5,-0.9182879377431907,-1.1428571428571428,-0.07954545454545447,0.24368686868686865,2.833213344056216,-515.15953307393,1.3714285714285712,-217331.4
1781,483,2025-11-06,Dust2,1,1,0.0,1.6,0.0,0,3,1.3254437869822484,1.1428571428571428,0.2678571428571429,-0.13392857142857134,2.6741486494265287,0.0,1.8285714285714285,0.0
1764,475,2025-11-07,Ancient,1,1,0.0,1.2,0.0,0,5,1.1826625386996905,1.3,-0.10092592592592597,-0.21944444444444444,3.1354942159291497,0.0,1.56,0.0
1756,468,2025-11-07,Ancient,1,-1,0.0,-0.6000000000000001,15.3,0,-5,-1.1826625386996905,-1.3,-0.31574074074074077,0.09444444444444444,-3.1354942159291497,-0.0,0.7800000000000001,0.0
1757,468,2025-11-07,Mirage,1,-1,0.0,-0.6000000000000001,15.3,0,-5,-1.0434782608695652,-1.0909090909090908,-0.0913461538461538,0.10683760683760679,-2.079441541679836,-0.0,0.6545454545454545,0.0
1758,469,2025-11-07,Mirage,1,-1,0.0,0.0,-25.2,0,5,-0.4565217391304348,-0.40909090909090906,-0.054487179487179516,0.018162393162393153,2.079441541679836,-0.0,-0.0,-0.0
1759,470,2025-11-07,Nuke,1,1,37.0,1.6,-139.15909090909093,0,8,0.6074098147546312,1.5172413793103448,0.04583333333333334,-0.013888888888888895,2.2192034840549946,22.474163145921352,2.4275862068965517,-5148.886363636365
1760,471,2025-11-07,Nuke,1,1,0.0,1.2,0.0,0,5,0.9444444444444444,1.0,-0.11642156862745101,-0.21446078431372545,2.456735772821304,0.0,1.2,0.0
1761,472,2025-11-07,Mirage,1,1,37.0,0.39999999999999997,17.3,0,8,0.5183946488294314,0.717391304347826,0.11403508771929827,-0.06980994152046793,1.717651497074333,19.180602006688964,0.2869565217391304,640.1
1762,473,2025-11-07,Overpass,1,1,0.0,1.2,0.0,0,5,1.4,1.4,0.3125,-0.19583333333333325,1.7047480922384253,0.0,1.68,0.0
1763,474,2025-11-07,Mirage,1,1,37.0,1.6,-16.0,0,8,1.0836120401337792,1.2173913043478262,0.1557017543859649,-0.1392543859649123,2.970414465569701,40.09364548494983,1.947826086956522,-592.0
1765,476,2025-11-07,Train,1,1,37.0,1.6,-16.0,0,8,1.217877094972067,1.2857142857142856,0.3623188405797102,-0.08876811594202894,2.4849066497880004,45.06145251396648,2.057142857142857,-592.0
1774,481,2025-11-07,Mirage,1,1,756.0,0.4,-329.40000000000003,0,-4,0.8352770172058277,1.1777777777777778,0.10653567447045703,-0.03699832775919726,0.11778303565638337,631.4694250076058,0.47111111111111115,-249026.40000000002
1767,477,2025-11-07,Overpass,1,1,0.0,1.4,0.0,0,3,1.5384615384615383,1.5384615384615383,0.19551282051282048,-0.13782051282051283,1.945910149055313,0.0,2.1538461538461533,0.0
1766,477,2025-11-07,Nuke,1,1,0.0,1.4,0.0,0,3,0.8270042194092827,0.875,0.09413580246913583,-0.060185185185185175,2.6390573296152584,0.0,1.2249999999999999,0.0
1777,1594,2025-11-07,Nuke,0,-1,0.0,0.38762886597938145,0.0,0,5,-0.7512195121951218,-0.75,-0.3967391304347826,-0.34057971014492755,2.4849066497880004,-0.0,-0.2907216494845361,0.0
1776,1594,2025-11-07,Dust2,0,1,0.0,0.38762886597938145,0.0,0,5,1.0200573065902578,1.0,0.1810897435897436,-0.11858974358974356,2.5902671654458267,0.0,0.38762886597938145,0.0
1778,1595,2025-11-07,Default,0,1,561.0,1.2,-328.2,0,7,2.0,2.0,0.041666666666666664,-0.041666666666666664,0.0,1122.0,2.4,-184120.19999999998
1773,481,2025-11-07,Nuke,1,-1,756.0,0.4,-329.40000000000003,0,-4,0.3330960492195047,0.22222222222222227,0.071067821067821,-0.008838383838383868,-0.4353180712578455,251.82061320994555,0.0888888888888889,-249026.40000000002
1775,1594,2025-11-07,Train,0,-1,0.0,0.38762886597938145,0.0,0,5,-0.12117552334943643,-0.4117647058823529,-0.04093567251461988,0.016081871345029197,1.6094379124341003,-0.0,-0.15961188599151,0.0
1771,480,2025-11-07,Ancient,1,1,37.0,1.6,-16.0,0,8,1.3719008264462809,1.4736842105263157,0.4247311827956989,-0.11290322580645157,2.772588722239781,50.760330578512395,2.357894736842105,-592.0
1770,479,2025-11-07,Nuke,1,1,0.0,1.2,0.0,0,5,0.9444444444444444,1.0,-0.09558823529411764,-0.21446078431372545,2.862200880929468,0.0,1.2,0.0
1769,478,2025-11-07,Overpass,1,1,265.0,0.4,-59.89999999999998,0,3,0.6666666666666666,0.6666666666666666,0.06597222222222227,-0.07291666666666663,0.6190392084062235,176.66666666666666,0.26666666666666666,-15873.499999999995
1768,478,2025-11-07,Mirage,1,1,265.0,0.4,-59.89999999999998,0,3,-0.0012159110647906868,0.4230769230769231,-0.015353598014888392,-0.018507030603804764,-0.16989903679539742,-0.322216432169532,0.16923076923076924,-15873.499999999995
1772,481,2025-11-07,Inferno,1,1,756.0,0.4,-329.40000000000003,0,-4,0.4973262032085562,0.5769230769230769,0.04833333333333323,-0.09999999999999992,0.0,375.97860962566847,0.23076923076923075,-249026.40000000002
1737,460,2025-11-08,Inferno,1,-1,-121.0,-0.4,262.3,0,-6,-0.46392896781354054,-0.7017543859649122,0.00033386752136754794,0.0657051282051282,-0.8556661100577201,56.13540510543841,0.2807017543859649,-31738.300000000003
1736,459,2025-11-08,Train,1,1,37.0,1.8,-95.55319148936172,0,9,0.9083820662768031,1.3333333333333333,0.15451388888888895,-0.050925925925925986,0.9162907318741547,33.61013645224171,2.4,-3535.4680851063836
1735,459,2025-11-08,Overpass,1,1,37.0,1.8,-95.55319148936172,0,9,1.0909090909090908,1.0909090909090908,-0.08459595959595961,-0.1969696969696969,1.0986122886681098,40.36363636363636,1.9636363636363636,-3535.4680851063836
1734,458,2025-11-08,Train,1,1,0.0,1.2216216216216216,-134.78378378378378,0,3,0.4485144485144485,1.2,0.19791666666666663,0.059027777777777735,1.1786549963416462,0.0,1.4659459459459458,-0.0
1732,457,2025-11-08,Nuke,1,1,0.0,1.6,43.5,0,8,1.5316455696202531,1.5555555555555556,0.503968253968254,-0.12301587301587297,2.3978952727983707,0.0,2.488888888888889,0.0
1726,454,2025-11-08,Overpass,1,1,-53.0,-0.4,202.0,0,-5,1.0,1.0,0.01041666666666663,-0.12500000000000006,-0.5108256237659905,-53.0,-0.4,-10706.0
1730,456,2025-11-08,Mirage,1,-1,0.0,-0.4,-31.4,0,-10,-1.0853242320819112,-1.1818181818181819,-0.2759009009009009,0.10923423423423417,-2.9444389791664403,-0.0,0.4727272727272728,-0.0
1729,456,2025-11-08,Train,1,-1,0.0,-0.4,-31.4,0,-10,-0.825,-0.8571428571428572,-0.36574074074074076,0.0925925925925925,-1.6094379124341005,-0.0,0.3428571428571429,-0.0
1728,455,2025-11-08,Nuke,1,1,0.0,1.2,12.100000000000001,0,-2,1.3374708123386996,1.2698412698412698,0.2182539682539682,-0.13194444444444436,0.382992252256106,0.0,1.5238095238095237,0.0
1727,455,2025-11-08,Dust2,1,1,0.0,1.2,12.100000000000001,0,-2,0.3549074901987757,0.7857142857142857,-0.0067049808429118785,-0.04102809706257987,-1.0986122886681096,0.0,0.9428571428571428,0.0
1725,454,2025-11-08,Inferno,1,1,-53.0,-0.4,202.0,0,-5,-0.7594734033090197,-0.7878787878787878,-0.08357699805068225,0.15765107212475638,-0.693147180559945,40.252090375378046,0.3151515151515152,-10706.0
1738,460,2025-11-08,Mirage,1,-1,-121.0,-0.4,262.3,0,-6,-0.25160462130937095,0.0,-0.00036310820624552154,0.029139433551198246,-0.4418327522790393,30.444159178433885,-0.0,-31738.300000000003
1731,457,2025-11-08,Ancient,1,1,0.0,1.6,43.5,0,8,0.7741935483870968,0.5714285714285714,0.3406862745098039,-0.01225490196078427,2.197224577336219,0.0,0.9142857142857143,0.0
1739,461,2025-11-08,Dust2,1,1,0.0,0.2,21.0,0,-5,0.019197207678882833,0.0,-0.03959810874704495,0.09042553191489361,-2.484906649788001,0.0,0.0,0.0
1733,458,2025-11-08,Nuke,1,1,0.0,1.2216216216216216,-134.78378378378378,0,3,1.4226804123711339,1.2727272727272727,0.25385802469135804,-0.13734567901234562,2.2335922215070942,0.0,1.5547911547911548,-0.0
1741,462,2025-11-08,Overpass,1,1,37.0,1.8,-8.090909090909093,0,10,1.0909090909090908,1.0909090909090908,0.06818181818181818,-0.0719696969696969,1.0986122886681098,40.36363636363636,1.9636363636363636,-299.3636363636365
1740,461,2025-11-08,Inferno,1,1,0.0,0.2,21.0,0,-5,2.0,2.0,0.22916666666666663,-0.062499999999999944,0.0,0.0,0.4,0.0
1754,467,2025-11-08,Inferno,1,1,53.0,1.2,-53.0,0,5,1.3896103896103895,1.4545454545454546,0.20394736842105265,-0.2039473684210526,2.3025850929940455,73.64935064935065,1.7454545454545454,-2809.0
1753,467,2025-11-08,Dust2,1,1,53.0,1.2,-53.0,0,5,1.0666666666666667,0.9090909090909091,0.2131410256410256,-0.1506410256410256,2.6026896854443837,56.53333333333333,1.0909090909090908,-2809.0
1752,466,2025-11-08,Ancient,1,-1,53.0,0.4,-42.4,0,5,-0.8979591836734694,-0.9230769230769231,-0.0797101449275362,0.14311594202898548,1.7917594692280552,-47.59183673469388,-0.36923076923076925,-2247.2
1751,466,2025-11-08,Nuke,1,1,53.0,0.4,-42.4,0,5,0.2242389865759123,0.3333333333333333,0.025173611111111105,0.005642361111111049,1.550597412411167,11.884666288523352,0.13333333333333333,-2247.2
1750,466,2025-11-08,Inferno,1,-1,53.0,0.4,-42.4,0,5,0.25917560700169384,0.45454545454545453,0.06505847953216376,0.07383040935672514,1.6094379124341003,13.736307171089774,0.18181818181818182,-2247.2
1749,465,2025-11-08,Inferno,1,-1,-53.0,-1.2,53.0,0,-5,-1.3896103896103895,-1.4545454545454546,-0.2456140350877193,0.2039473684210526,-2.3025850929940455,73.64935064935065,1.7454545454545454,-2809.0
1755,1593,2025-11-08,Default,0,-1,0.0,-0.2,0.0,0,-7,-0.6,-0.6,-0.0125,0.012499999999999999,-0.6931471805599452,-0.0,0.12,0.0
1747,464,2025-11-08,Inferno,1,1,0.0,1.4,0.0,0,4,0.9523809523809524,1.1428571428571428,0.1931818181818182,-0.09090909090909088,2.4423470353692043,0.0,1.5999999999999999,0.0
1748,465,2025-11-08,Overpass,1,-1,-53.0,-1.2,53.0,0,-5,-1.0,-1.0,-0.07291666666666669,0.02083333333333326,-0.916290731874155,53.0,1.2,-2809.0
1743,463,2025-11-08,Nuke,1,-1,-548.0,-0.39999999999999997,543.9000000000001,0,-2,-0.559437386569873,-0.39999999999999997,-0.08781897926634769,0.03389154704944175,-0.13976194237515882,306.5716878402904,0.15999999999999998,-298057.20000000007
1742,462,2025-11-08,Nuke,1,1,37.0,1.8,-8.090909090909093,0,10,0.9846980976013237,1.5333333333333332,0.10036231884057972,-0.06340579710144928,2.0583881324820035,36.433829611248974,2.76,-299.3636363636365
1745,463,2025-11-08,Inferno,1,-1,-548.0,-0.39999999999999997,543.9000000000001,0,-2,-0.2521244075497098,-0.3384615384615384,-0.036538461538461575,0.0394871794871795,-0.03774032798284699,138.16417533724095,0.13538461538461535,-298057.20000000007
1746,464,2025-11-08,Overpass,1,1,0.0,1.4,0.0,0,4,1.5714285714285714,1.5714285714285714,0.2410714285714286,-0.14880952380952378,2.0149030205422647,0.0,2.1999999999999997,0.0
1744,463,2025-11-08,Train,1,1,-548.0,-0.39999999999999997,543.9000000000001,0,-2,0.6346938775510204,1.0,0.07011217948717957,0.003405448717948789,-0.19415601444095776,-347.81224489795915,-0.39999999999999997,-298057.20000000007
1707,449,2025-11-09,Ancient,1,-1,439.0,-0.8,-51.099999999999966,0,-3,-0.825,-0.8,0.0037878787878787845,0.06060606060606061,-1.791759469228055,-362.17499999999995,0.6400000000000001,-22432.899999999983
1695,444,2025-11-09,Inferno,1,1,-52.0,0.7647058823529411,-144.25294117647059,0,10,0.2184347826086957,1.1428571428571428,0.0078125,-0.0078125,1.2237754316221159,-11.358608695652176,0.8739495798319327,7501.15294117647
1696,444,2025-11-09,Nuke,1,-1,-52.0,0.7647058823529411,-144.25294117647059,0,10,-0.5595238095238095,-0.6,-0.0018939393939393367,0.02840909090909094,2.0368819272610397,29.095238095238095,-0.45882352941176463,7501.15294117647
1697,444,2025-11-09,Dust2,1,-1,-52.0,0.7647058823529411,-144.25294117647059,0,10,0.277992277992278,-0.8,0.04999999999999999,-0.023611111111111138,0.45198512374305744,-14.455598455598455,-0.611764705882353,7501.15294117647
1699,445,2025-11-09,Mirage,1,-1,0.0,0.05714285714285716,-160.28571428571428,0,5,-0.6851851851851853,-0.6666666666666667,-0.05603448275862066,0.005747126436781602,2.70805020110221,-0.0,-0.03809523809523811,-0.0
1700,445,2025-11-09,Overpass,1,-1,0.0,0.05714285714285716,-160.28571428571428,0,5,0.40322580645161293,0.45454545454545453,0.1858974358974359,-0.11057692307692307,1.5404450409471486,0.0,0.025974025974025983,-0.0
1701,446,2025-11-09,Dust2,1,1,0.0,0.348936170212766,0.0,0,-10,1.0379746835443038,1.25,0.09811827956989244,-0.27620967741935487,-2.367123614131617,0.0,0.4361702127659575,0.0
1702,446,2025-11-09,Inferno,1,1,0.0,0.348936170212766,0.0,0,-10,0.23434343434343435,0.4,-0.07942708333333337,-0.09765625,-1.88706964903238,0.0,0.1395744680851064,0.0
1703,448,2025-11-09,Dust2,1,1,0.0,1.0666666666666667,0.0,0,5,1.17,1.3846153846153846,0.10339506172839502,-0.08641975308641975,2.6390573296152584,0.0,1.4769230769230768,0.0
1704,448,2025-11-09,Overpass,1,1,0.0,1.0666666666666667,0.0,0,5,1.6,1.6,0.18194444444444446,-0.1555555555555555,1.6739764335716714,0.0,1.7066666666666668,0.0
1705,448,2025-11-09,Inferno,1,-1,0.0,1.0666666666666667,0.0,0,5,-1.10828025477707,-1.0,-0.13768115942028986,-0.0036231884057971175,2.4849066497880004,-0.0,-1.0666666666666667,0.0
1706,448,2025-11-09,Train,1,1,0.0,1.0666666666666667,0.0,0,5,1.1823204419889504,1.3333333333333333,0.15625,-0.12499999999999994,2.3513752571634776,0.0,1.422222222222222,0.0
1708,449,2025-11-09,Inferno,1,-1,439.0,-0.8,-51.099999999999966,0,-3,0.26409017713365546,0.028571428571428525,0.07291666666666669,-0.04471450617283956,-0.38136755652910415,115.93558776167474,-0.022857142857142822,-22432.899999999983
1698,445,2025-11-09,Train,1,1,0.0,0.05714285714285716,-160.28571428571428,0,5,1.0693069306930694,1.3333333333333333,0.27243589743589747,-0.08653846153846151,1.945910149055313,0.0,0.07619047619047621,-0.0
1710,450,2025-11-09,Ancient,1,-1,12.0,-0.2,230.69999999999993,0,1,-0.790912591451675,-0.6666666666666667,-0.078125,0.0859375,-0.2682639865946794,-9.490951097420101,0.13333333333333336,2768.399999999999
1724,1592,2025-11-09,Default,0,1,561.0,1.8,-113.80000000000001,0,9,2.0,2.0,0.041666666666666664,-0.041666666666666664,0.4054651081081645,1122.0,3.6,-63841.8
1723,1591,2025-11-09,Overpass,0,-1,0.0,0.0,0.0,0,6,0.15241635687732347,0.09090909090909091,-0.007183908045977017,0.040229885057471215,2.302585092994046,0.0,0.0,0.0
1721,453,2025-11-09,Dust2,1,1,0.0,0.39999999999999997,0.0,0,9,0.9620253164556962,0.75,0.23521505376344085,-0.11962365591397844,2.772588722239781,0.0,0.3,0.0
1720,453,2025-11-09,Inferno,1,-1,0.0,0.39999999999999997,0.0,0,9,-1.101010101010101,-1.4,-0.22265624999999994,-0.08984374999999994,2.803360380906535,-0.0,-0.5599999999999999,0.0
1719,453,2025-11-09,Mirage,1,1,0.0,0.39999999999999997,0.0,0,9,1.1155115511551155,1.2173913043478262,0.11184210526315791,-0.11184210526315785,2.970414465569701,0.0,0.4869565217391304,0.0
1718,452,2025-11-09,Train,1,1,-37.0,-0.19999999999999996,23.7,0,-9,-0.1959798994974874,-0.25,-0.04249999999999993,-0.010833333333333306,-2.1594842493533726,7.251256281407033,0.04999999999999999,-876.9
1722,1591,2025-11-09,Dust2,0,-1,0.0,0.0,0.0,0,6,0.31647940074906367,0.26190476190476186,0.08784722222222224,-0.046180555555555614,2.327277705584417,0.0,0.0,0.0
1716,452,2025-11-09,Mirage,1,-1,-37.0,-0.19999999999999996,23.7,0,-9,0.15241273814490341,0.19565217391304346,0.05534188034188031,0.06068376068376069,-1.8971199848858813,-5.639271311361426,-0.039130434782608685,-876.9
1711,450,2025-11-09,Inferno,1,1,12.0,-0.2,230.69999999999993,0,1,0.6660433807030663,0.7012987012987013,0.043080693815988,-0.07899698340874817,0.4054651081081646,7.992520568436796,-0.14025974025974028,2768.399999999999
1717,452,2025-11-09,Ancient,1,1,-37.0,-0.19999999999999996,23.7,0,-9,-0.31746031746031744,-0.4,0.03515625,0.046875,-2.3978952727983707,11.746031746031745,0.07999999999999999,-876.9
1712,450,2025-11-09,Mirage,1,-1,12.0,-0.2,230.69999999999993,0,1,-0.017687074829932037,-0.4888888888888889,0.06095679012345678,0.027777777777777735,0.38776553100876354,-0.21224489795918444,0.09777777777777778,2768.399999999999
1709,449,2025-11-09,Overpass,1,-1,439.0,-0.8,-51.099999999999966,0,-3,-0.7312687312687313,-0.8351648351648351,-0.09455128205128205,0.016426282051282104,-0.44183275227903884,-321.02697302697305,0.6681318681318681,-22432.899999999983
1713,451,2025-11-09,Overpass,1,1,0.0,0.0,-26.5,0,5,1.403225806451613,1.4545454545454546,0.1581196581196581,-0.2147435897435897,1.2527629684953678,0.0,0.0,-0.0
1714,451,2025-11-09,Inferno,1,-1,0.0,0.0,-26.5,0,5,-0.12564671101256464,0.16666666666666669,0.034722222222222265,0.1111111111111111,1.6094379124341003,-0.0,0.0,-0.0
1715,451,2025-11-09,Nuke,1,-1,0.0,0.0,-26.5,0,5,0.22086570477247489,0.16666666666666666,0.047619047619047616,-0.02827380952380948,1.2878542883066384,0.0,0.0,-0.0
1694,443,2025-11-10,Nuke,1,1,0.0,0.0,-23.1,0,-6,0.1789109766637857,0.7272727272727273,-0.05344202898550726,0.028985507246376774,-2.079441541679836,0.0,0.0,-0.0
1693,443,2025-11-10,Inferno,1,1,0.0,0.0,-23.1,0,-6,0.34259259259259256,0.3333333333333333,-0.04362745098039217,-0.09313725490196079,-1.0986122886681096,0.0,0.0,-0.0
1691,1590,2025-11-11,Nuke,0,-1,-53.0,-0.9087719298245613,47.42105263157894,0,-4,-1.1875,-1.0666666666666667,-0.125,0.13005050505050503,-2.4277482359480516,62.9375,0.9693567251461987,-2513.3157894736837
1690,1589,2025-11-11,Default,0,1,-561.0,0.19999999999999996,-140.2,0,-10,0.6666666666666667,0.6666666666666667,0.013888888888888888,-0.013888888888888888,-0.6931471805599453,-374.00000000000006,0.13333333333333333,78652.2
1692,1590,2025-11-11,Inferno,0,-1,-53.0,-0.9087719298245613,47.42105263157894,0,-4,-1.4268292682926829,-1.5,-0.08333333333333331,0.2,-1.9459101490553132,75.6219512195122,1.3631578947368421,-2513.3157894736837
1677,439,2025-11-12,Overpass,1,1,951.0,0.4,-53.0,0,6,0.4554597701149425,0.2,0.07407407407407413,-0.1164021164021164,0.22314355131421015,433.1422413793103,0.08000000000000002,-50403.0
1678,439,2025-11-12,Nuke,1,-1,951.0,0.4,-53.0,0,6,0.7530864197530864,0.7878787878787878,0.09359903381642509,-0.029589371980676293,0.8754687373538999,716.1851851851852,0.3151515151515152,-50403.0
1679,439,2025-11-12,Inferno,1,1,951.0,0.4,-53.0,0,6,0.6028595060853126,0.9666666666666667,0.04107142857142854,-0.08214285714285713,0.32277339226305113,573.3193902871323,0.3866666666666667,-50403.0
1680,440,2025-11-12,Nuke,1,-1,487.0,0.8,70.30000000000001,0,7,-0.08197831978319782,-0.03418803418803418,-0.05132850241545889,-0.010265700483091778,0.15415067982725805,-39.92344173441734,-0.027350427350427343,34236.100000000006
1681,440,2025-11-12,Overpass,1,1,487.0,0.8,70.30000000000001,0,7,0.7142857142857143,0.7142857142857143,0.13690476190476192,0.0,1.6094379124341003,347.8571428571429,0.5714285714285715,34236.100000000006
1683,441,2025-11-12,Dust2,1,-1,-75.0,-0.8,-119.70000000000005,0,0,0.10816823079596799,-0.5,0.059210526315789436,-0.002192982456140302,0.0,-8.1126173096976,0.4,8977.500000000004
1684,441,2025-11-12,Nuke,1,-1,-75.0,-0.8,-119.70000000000005,0,0,-0.44964697138610177,-1.0952380952380951,-0.08703399122807026,0.02412280701754388,-0.1625189294977747,33.72352285395763,0.8761904761904762,8977.500000000004
1685,442,2025-11-12,Overpass,1,1,254.0,-0.6000000000000001,160.3,0,5,0.4021164021164021,0.14285714285714285,0.07043650793650796,0.018849206349206393,0.13353139262452252,102.13756613756613,-0.08571428571428573,40716.200000000004
1686,442,2025-11-12,Inferno,1,-1,254.0,-0.6000000000000001,160.3,0,5,0.26152613152233506,0.22857142857142854,0.04139610389610393,-0.019300144300144262,-0.04445176257083361,66.4276374066731,-0.13714285714285715,40716.200000000004
1687,442,2025-11-12,Nuke,1,-1,254.0,-0.6000000000000001,160.3,0,5,-0.19078947368421045,-0.41666666666666663,-0.04583333333333334,-0.05913461538461545,0.4054651081081646,-48.46052631578946,0.25,40716.200000000004
1688,1588,2025-11-12,Dust2,0,1,53.0,1.4,-53.0,0,5,1.1121951219512194,1.0,0.007716049382716084,-0.14814814814814808,2.6390573296152584,58.946341463414626,1.4,-2809.0
1689,1588,2025-11-12,Train,0,1,53.0,1.4,-53.0,0,5,1.6275862068965519,1.6363636363636362,0.22395833333333331,-0.09635416666666663,2.1400661634962708,86.26206896551724,2.2909090909090906,-2809.0
1682,440,2025-11-12,Mirage,1,1,487.0,0.8,70.30000000000001,0,7,0.5256803562592776,0.5384615384615384,0.02430555555555558,-0.05505952380952378,0.8023464725249374,256.0063334982682,0.4307692307692308,34236.100000000006
1664,434,2025-11-13,Mirage,1,-1,-561.0,-0.2681818181818182,149.55,0,-13,-1.4044444444444444,-1.5714285714285714,-0.26293103448275856,0.13218390804597696,-2.302585092994046,787.8933333333333,0.42142857142857143,-83897.55
1665,434,2025-11-13,Ancient,1,1,-561.0,-0.2681818181818182,149.55,0,-13,1.2413793103448274,1.2,0.09027777777777773,-0.125,-1.1786549963416462,-696.4137931034481,-0.32181818181818184,-83897.55
1666,434,2025-11-13,Dust2,1,-1,-561.0,-0.2681818181818182,149.55,0,-13,-1.128787878787879,-1.0,-0.18668300653594766,0.13848039215686275,-2.169053700369523,633.2500000000001,0.2681818181818182,-83897.55
1667,435,2025-11-13,Nuke,1,1,-439.0,0.4,-74.30000000000001,0,5,-0.44594594594594594,-0.19047619047619047,-0.10019841269841268,0.024801587301587324,0.14842000511827358,195.77027027027026,-0.0761904761904762,32617.700000000004
1668,435,2025-11-13,Overpass,1,-1,-439.0,0.4,-74.30000000000001,0,5,0.42474226804123705,0.4888888888888889,0.062499999999999944,0.011111111111111127,0.3746934494414105,-186.46185567010306,0.19555555555555557,32617.700000000004
1669,435,2025-11-13,Inferno,1,1,-439.0,0.4,-74.30000000000001,0,5,-0.18914782330942154,0.125,-0.06150126156433977,0.03066302214746286,0.33647223662121295,83.03589443283606,0.05,32617.700000000004
1671,436,2025-11-13,Ancient,1,-1,25.0,0.4,-105.10000000000002,0,3,-0.8454661558109837,-0.6666666666666666,-0.08982683982683981,0.08360389610389612,0.2231435513142097,-21.13665389527459,-0.26666666666666666,-2627.5000000000005
1672,436,2025-11-13,Overpass,1,1,25.0,0.4,-105.10000000000002,0,3,0.7927927927927927,0.6666666666666666,0.0642361111111111,-0.10069444444444442,-0.810930216216329,19.819819819819816,0.26666666666666666,-2627.5000000000005
1673,437,2025-11-13,Train,1,-1,-398.0,-0.4,-176.8,0,-4,-0.41778805719091683,-0.1090909090909091,-0.02321289821289818,0.07468919968919974,0.8873031950009032,166.2796467619849,0.04363636363636364,70366.40000000001
1674,437,2025-11-13,Mirage,1,-1,-398.0,-0.4,-176.8,0,-4,-0.07004332885103837,-1.6666666666666665,0.019104251012145745,0.00447031039136303,0.9745596399981311,27.87724488271327,0.6666666666666666,70366.40000000001
1675,438,2025-11-13,Dust2,1,-1,-69.0,-0.4,49.69999999999999,0,1,0.00964552688690623,0.1388888888888889,-0.051754385964912386,0.07258771929824565,-0.04879016416943216,-0.6655413551965299,-0.05555555555555556,-3429.2999999999993
1676,438,2025-11-13,Ancient,1,-1,-69.0,-0.4,49.69999999999999,0,1,-0.24000540704944068,-0.26143790849673204,0.00434027777777779,0.026388888888888906,0.6007738604289301,16.560373086411406,0.10457516339869283,-3429.2999999999993
1670,436,2025-11-13,Nuke,1,1,25.0,0.4,-105.10000000000002,0,3,0.4136667929771378,0.6285714285714286,0.055208333333333304,-0.006249999999999978,0.8209805520698299,10.341669824428445,0.25142857142857145,-2627.5000000000005
1652,431,2025-11-14,Inferno,1,-1,-561.0,-0.4,246.2,0,-14,-1.2434017595307918,-1.5238095238095237,-0.22420634920634921,0.1378968253968254,-3.068052935133617,697.5483870967741,0.6095238095238096,-138118.19999999998
1653,431,2025-11-14,Nuke,1,-1,-561.0,-0.4,246.2,0,-14,-0.11403508771929823,-0.2,0.11997126436781608,0.09195402298850575,-2.302585092994046,63.97368421052631,0.08000000000000002,-138118.19999999998
1654,432,2025-11-14,Dust2,1,1,-635.0,0.0,120.19999999999999,0,-3,-0.3244808471911971,-0.35555555555555557,-0.005952380952380931,0.04365079365079366,0.0,206.04533796641013,-0.0,-76327.0
1655,432,2025-11-14,Nuke,1,-1,-635.0,0.0,120.19999999999999,0,-3,-0.7715855929509015,-0.8333333333333333,-0.09647058823529414,0.047941176470588265,-0.3677247801253176,489.9568515238224,-0.0,-76327.0
1656,432,2025-11-14,Mirage,1,-1,-635.0,0.0,120.19999999999999,0,-3,-0.4749999999999999,-0.7777777777777778,-0.018448372615039288,0.06369248035914704,-0.19671029424605413,301.62499999999994,-0.0,-76327.0
1658,433,2025-11-14,Inferno,1,-1,-32.0,-0.4,-59.0,0,-4,-0.5903726708074534,-0.6111111111111112,-0.009057971014492738,0.03804347826086957,0.0,18.891925465838508,0.24444444444444446,1888.0
1659,1586,2025-11-14,Overpass,0,1,53.0,0.8,-26.5,0,7,1.0,1.0,0.15972222222222227,-0.10416666666666669,0.5596157879354227,53.0,0.8,-1404.5
1663,1587,2025-11-14,Ancient,0,-1,53.0,0.2,-31.8,0,5,-0.9514563106796117,-1.0,-0.08680555555555552,0.14756944444444442,1.6094379124341003,-50.42718446601942,-0.2,-1685.4
1657,433,2025-11-14,Nuke,1,-1,-32.0,-0.4,-59.0,0,-4,-0.19699792960662524,-0.1616161616161616,-0.010476190476190417,0.057380952380952366,-0.5500463369192721,6.303933747412008,0.06464646464646465,1888.0
1661,1587,2025-11-14,Overpass,0,-1,53.0,0.2,-31.8,0,5,0.5,0.5,0.14583333333333337,-0.041666666666666685,0.33647223662121295,26.5,0.1,-1685.4
1662,1587,2025-11-14,Inferno,0,1,53.0,0.2,-31.8,0,5,0.39000267308206354,0.5384615384615384,0.03730158730158728,-0.004761904761904745,1.299282984130261,20.670141673349367,0.1076923076923077,-1685.4
1660,1586,2025-11-14,Nuke,0,1,53.0,0.8,-26.5,0,7,0.4773043720412141,0.125,0.07189542483660127,-0.02491830065359485,2.169053700369523,25.29713171818435,0.1,-1404.5
1643,429,2025-11-15,Inferno,1,1,-560.0,0.8,97.5,0,-4,-0.5961126098083972,-0.5441176470588236,-0.053240740740740755,0.0986111111111111,-0.489548225318706,333.82306149270244,-0.4352941176470589,-54600.0
1644,429,2025-11-15,Nuke,1,1,-560.0,0.8,97.5,0,-4,-0.07915343915343925,0.4835164835164835,-0.012339743589743546,-0.007211538461538491,-0.2513144282809061,44.32592592592598,0.3868131868131868,-54600.0
1645,430,2025-11-15,Nuke,1,1,487.0,0.6,11.199999999999989,0,9,0.006930607294464153,0.08333333333333334,-0.026923076923076994,-0.0018162393162393098,0.13815033848081715,3.3752057524040424,0.05,5454.399999999994
1651,1585,2025-11-15,Train,0,-1,-53.0,-1.4,43.236842105263165,0,-10,-1.6516129032258065,-1.6666666666666665,-0.2671568627450981,0.10784313725490191,-2.197224577336219,87.53548387096774,2.333333333333333,-2291.5526315789475
1647,1583,2025-11-15,Default,0,-1,53.0,0.6000000000000001,-42.4,0,10,-0.9756097560975611,-2.0,-0.016666666666666666,0.016666666666666666,1.0986122886681096,-51.707317073170735,-1.2000000000000002,-2247.2
1648,1584,2025-11-15,Ancient,0,1,53.0,1.0,-21.2,0,10,0.9304304304304305,1.0666666666666667,-0.008333333333333304,-0.08666666666666673,1.4663370687934272,49.312812812812815,1.0666666666666667,-1123.6
1649,1584,2025-11-15,Nuke,0,1,53.0,1.0,-21.2,0,10,0.520831621332895,1.1764705882352942,-0.010912698412698485,-0.059193121693121686,1.5314763709643886,27.604075930643432,1.1764705882352942,-1123.6
1650,1585,2025-11-15,Nuke,0,-1,-53.0,-1.4,43.236842105263165,0,-10,-1.2650176678445229,-1.1764705882352942,-0.09861111111111104,0.1615740740740741,-1.8191584434161694,67.04593639575971,1.6470588235294117,-2291.5526315789475
1646,430,2025-11-15,Overpass,1,1,487.0,0.6,11.199999999999989,0,9,0.625,0.625,0.08333333333333331,-0.05729166666666663,1.2237754316221159,304.375,0.375,5454.399999999994
1641,1582,2025-11-16,Overpass,0,-1,-53.0,-0.4,37.1,0,-8,-0.7428571428571429,-0.7428571428571429,-0.14880952380952384,0.060714285714285776,-0.2876820724517808,39.371428571428574,0.29714285714285715,-1966.3000000000002
1640,428,2025-11-16,Mirage,1,1,121.0,0.0,-315.0,0,10,0.2421908713692946,0.07142857142857145,-0.002150537634408589,-0.0258736559139785,0.42121346507630353,29.305095435684645,0.0,-38115.0
1639,428,2025-11-16,Train,1,1,121.0,0.0,-315.0,0,10,-0.005875440658049291,0.2,0.005357142857142838,-0.01321428571428579,0.5500463369192721,-0.7109283196239642,0.0,-38115.0
1638,428,2025-11-16,Nuke,1,1,121.0,0.0,-315.0,0,10,-0.0737753882915172,-0.20588235294117646,-0.06694828469022024,0.004288274449564755,0.3746934494414105,-8.92682198327358,-0.0,-38115.0
1637,428,2025-11-16,Inferno,1,-1,121.0,0.0,-315.0,0,10,0.3734171688062178,0.5656565656565656,-0.019787841697266384,-0.06012851897184823,0.7884573603642702,45.183477425552354,0.0,-38115.0
1636,427,2025-11-16,Mirage,1,-1,561.0,0.25106382978723407,-370.2,0,16,0.7275242047026278,0.8333333333333333,0.16173835125448027,-0.09184587813620076,2.079441541679836,408.14107883817417,0.20921985815602837,-207682.19999999998
1635,427,2025-11-16,Ancient,1,-1,561.0,0.25106382978723407,-370.2,0,16,-1.3195876288659794,-1.3333333333333333,-0.09615384615384615,0.1258012820512821,1.0296194171811581,-740.2886597938144,-0.33475177304964543,-207682.19999999998
1642,1582,2025-11-16,Nuke,0,-1,-53.0,-0.4,37.1,0,-8,-0.3377214366975459,-0.4222222222222222,0.0014076576576576572,0.054054054054054,-1.440361582390166,17.899236144969933,0.1688888888888889,-1966.3000000000002
1634,1581,2025-11-17,Train,0,-1,0.0,-0.06666666666666671,-14.0,0,3,-1.393617021276596,-1.375,-0.13541666666666663,0.04583333333333334,2.3513752571634776,-0.0,0.09166666666666673,-0.0
1633,1581,2025-11-17,Dust2,0,-1,0.0,-0.06666666666666671,-14.0,0,3,0.2809917355371901,0.19047619047619047,-0.11822493224932246,-0.15142276422764234,2.351375257163478,0.0,-0.012698412698412705,-0.0
1632,1581,2025-11-17,Overpass,0,1,0.0,-0.06666666666666671,-14.0,0,3,1.173913043478261,1.0909090909090908,0.03611111111111115,-0.0847222222222222,2.740840023925201,0.0,-0.07272727272727277,-0.0
1631,1580,2025-11-18,Dust2,0,1,0.0,1.0,0.0,0,4,0.9758713136729222,0.896551724137931,0.07837301587301587,-0.11111111111111105,3.068052935133617,0.0,0.896551724137931,0.0
1630,1580,2025-11-18,Overpass,0,1,0.0,1.0,0.0,0,4,1.202797202797203,1.1304347826086956,0.07930107526881713,-0.08602150537634407,2.772588722239781,0.0,1.1304347826086956,0.0
1629,1579,2025-11-18,Mirage,0,1,328.0,1.6,-62.99999999999999,0,0,0.9916977999169778,1.5,0.21001773049645395,-0.08856382978723398,1.4733057381095205,325.27687837276875,2.4000000000000004,-20663.999999999996
1628,1579,2025-11-18,Ancient,0,1,328.0,1.6,-62.99999999999999,0,0,0.826219512195122,1.3333333333333333,-0.03498931623931628,0.015758547008547008,2.5839975524322316,271.0,2.1333333333333333,-20663.999999999996
1627,1578,2025-11-19,Train,0,-1,0.0,-0.3333333333333333,9.333333333333334,0,-4,0.3232323232323233,0.29411764705882354,-0.03769841269841273,0.009920634920634885,-1.9924301646902063,0.0,-0.09803921568627451,0.0
1626,1578,2025-11-19,Overpass,0,1,0.0,-0.3333333333333333,9.333333333333334,0,-4,-0.16216216216216217,-0.08333333333333333,0.0078125,0.0,-2.3978952727983707,-0.0,0.027777777777777776,0.0
1625,1578,2025-11-19,Dust2,0,-1,0.0,-0.3333333333333333,9.333333333333334,0,-4,-0.5026109660574413,-0.43333333333333335,0.023740310077519422,0.1475290697674418,-2.174751721484161,-0.0,0.14444444444444443,0.0
1614,425,2025-11-20,Inferno,1,1,244.0,-0.4,222.0,0,3,1.0210526315789474,0.8333333333333334,0.04006410256410253,-0.08333333333333331,2.6026896854443837,249.13684210526318,-0.33333333333333337,54168.0
1610,424,2025-11-20,Nuke,1,1,-244.0,1.4,-100.0,0,-3,0.6738351254480286,0.6666666666666667,0.0666666666666666,-0.12142857142857144,-2.8903717578961645,-164.41577060931897,0.9333333333333333,24400.0
1611,424,2025-11-20,Dust2,1,1,-244.0,1.4,-100.0,0,-3,1.697674418604651,2.0,0.12499999999999994,-0.30729166666666663,-2.1400661634962708,-414.2325581395349,2.8,24400.0
1612,425,2025-11-20,Nuke,1,1,244.0,-0.4,222.0,0,3,0.32616487455197135,0.3333333333333333,0.03750000000000003,-0.04523809523809519,2.484906649788,79.584229390681,-0.13333333333333333,54168.0
1613,425,2025-11-20,Ancient,1,-1,244.0,-0.4,222.0,0,3,-0.6610169491525425,-0.4,-0.06547619047619041,-0.08333333333333331,2.3978952727983707,-161.28813559322037,0.16000000000000003,54168.0
1616,1575,2025-11-20,Dust2,0,-1,37.0,1.0438356164383562,-23.260273972602743,0,8,0.09787059787059785,0.1111111111111111,-0.06702898550724629,0.021014492753623215,1.3862943611198908,3.62121212121212,0.11598173515981736,-860.6301369863015
1615,426,2025-11-20,Train,1,1,-244.0,1.4,-262.6666666666667,0,-3,1.3947368421052633,1.6,0.10606060606060602,-0.125,-1.791759469228055,-340.3157894736842,2.2399999999999998,64090.66666666667
1617,1575,2025-11-20,Nuke,0,1,37.0,1.0438356164383562,-23.260273972602743,0,8,1.4432432432432436,1.4814814814814814,0.275709219858156,-0.10904255319148931,3.1780538303479458,53.40000000000001,1.5464231354642313,-860.6301369863015
1618,1575,2025-11-20,Ancient,0,1,37.0,1.0438356164383562,-23.260273972602743,0,8,1.3438735177865613,1.4444444444444444,0.18592171717171718,-0.11994949494949492,1.9169226121820613,49.723320158102766,1.5077625570776256,-860.6301369863015
1619,1576,2025-11-20,Dust2,0,1,0.0,-0.1333333333333333,0.0,0,6,1.0279898218829517,0.967741935483871,0.040719696969696906,-0.11647727272727265,3.1135153092103742,0.0,-0.1290322580645161,0.0
1620,1576,2025-11-20,Train,0,-1,0.0,-0.1333333333333333,0.0,0,6,-1.3557692307692308,-1.3333333333333333,-0.1344696969696969,0.20075757575757575,2.4423470353692043,-0.0,0.17777777777777773,0.0
1621,1576,2025-11-20,Overpass,0,-1,0.0,-0.1333333333333333,0.0,0,6,-0.8758169934640523,-0.96,-0.05176767676767674,0.04419191919191917,2.833213344056216,-0.0,0.12799999999999997,0.0
1622,1577,2025-11-20,Overpass,0,1,371.0,1.8,-100.1,0,1,2.0,2.0,0.20833333333333331,-0.24999999999999994,0.6931471805599453,742.0,3.6,-37137.1
1623,1577,2025-11-20,Inferno,0,1,371.0,1.8,-100.1,0,1,1.2233333333333334,1.75,0.015873015873015817,-0.20039682539682535,1.421385680931161,453.8566666666667,3.15,-37137.1
1624,1577,2025-11-20,Mirage,0,1,371.0,1.8,-100.1,0,1,1.225306467521488,2.0,0.1328125,-0.14496527777777773,1.9459101490553132,454.58869945047206,3.6,-37137.1
1596,422,2025-11-21,Inferno,1,1,42.0,1.0,149.6,0,4,0.5766871165644172,0.6666666666666667,0.19965277777777773,-0.03993055555555558,2.525728644308255,24.220858895705522,0.6666666666666667,6283.2
1595,421,2025-11-21,Overpass,1,1,0.0,0.08524590163934428,0.0,0,9,1.5,1.5,0.23958333333333331,-0.21874999999999994,1.8718021769015913,0.0,0.1278688524590164,0.0
1594,421,2025-11-21,Ancient,1,1,0.0,0.08524590163934428,0.0,0,9,1.2159468438538206,1.375,0.026595744680851074,-0.10195035460992907,3.1780538303479458,0.0,0.11721311475409839,0.0
1597,423,2025-11-21,Dust2,1,-1,0.0,0.47058823529411764,-61.10588235294117,0,9,0.43010104056703363,0.6376811594202898,0.09114583333333331,-0.056423611111111105,1.694595720774407,0.0,0.3000852514919011,-0.0
1592,420,2025-11-21,Train,1,1,42.0,0.25,165.35,0,4,0.8803418803418803,1.1666666666666667,0.0955882352941177,-0.06740196078431365,2.862200880929468,36.97435897435897,0.2916666666666667,6944.7
1591,420,2025-11-21,Overpass,1,1,42.0,0.25,165.35,0,4,-0.062499999999999986,0.2,0.12797619047619047,-0.0803571428571429,0.980829253011726,-2.6249999999999996,0.05,6944.7
1589,419,2025-11-21,Ancient,1,1,0.0,0.2,-122.0,0,8,1.2159468438538206,1.375,0.4015957446808511,-0.10195035460992907,3.1780538303479458,0.0,0.275,-0.0
1593,421,2025-11-21,Train,1,-1,0.0,0.08524590163934428,0.0,0,9,-1.3298969072164948,-1.6666666666666665,-0.09583333333333333,0.20972222222222225,2.3353749158170363,-0.0,-0.14207650273224046,0.0
1590,419,2025-11-21,Overpass,1,1,0.0,0.2,-122.0,0,8,1.5,1.5,0.32291666666666663,-0.21874999999999994,1.8718021769015913,0.0,0.30000000000000004,-0.0
1600,1571,2025-11-21,Dust2,0,-1,0.0,-0.6,0.0,0,3,-0.8472906403940886,-0.6153846153846154,-0.06845238095238088,0.125,2.6741486494265287,-0.0,0.36923076923076925,0.0
1599,1570,2025-11-21,Dust2,0,1,72.0,0.9938144329896907,261.20515463917525,0,0,0.5094736842105263,0.9090909090909091,-0.019841269841269882,-0.12103174603174605,1.252762968495368,36.682105263157894,0.9034676663542642,18806.77113402062
1601,1571,2025-11-21,Train,0,-1,0.0,-0.6,0.0,0,3,-0.9017341040462428,-0.8,-0.06547619047619041,0.21428571428571427,2.3978952727983707,-0.0,0.48,0.0
1602,1572,2025-11-21,Dust2,0,1,0.0,0.0,74.2,0,-7,0.10862972153294734,0.3958333333333333,-0.06018518518518523,-0.01944444444444443,-2.03688192726104,0.0,0.0,0.0
1603,1572,2025-11-21,Inferno,0,1,0.0,0.0,74.2,0,-7,0.9919523099850969,1.368421052631579,0.051388888888888984,-0.038657407407407474,-1.8191584434161694,0.0,0.0,0.0
1604,1573,2025-11-21,Train,0,1,53.0,0.4,-31.8,0,12,1.6666666666666665,1.6666666666666665,0.1643518518518518,-0.18287037037037035,1.8458266904983305,88.33333333333333,0.6666666666666666,-1685.4
1605,1573,2025-11-21,Ancient,0,-1,53.0,0.4,-31.8,0,12,-0.9557522123893805,-1.0,-0.09935897435897434,0.2964743589743589,2.197224577336219,-50.65486725663717,-0.4,-1685.4
1606,1573,2025-11-21,Dust2,0,1,53.0,0.4,-31.8,0,12,0.15348837209302318,0.07692307692307693,-0.06845238095238088,-0.0803571428571429,2.2686835413183646,8.13488372093023,0.03076923076923077,-1685.4
1607,1573,2025-11-21,Inferno,0,-1,53.0,0.4,-31.8,0,12,0.6928838951310861,0.6666666666666666,0.148989898989899,-0.10416666666666663,1.749199854809259,36.72284644194756,0.26666666666666666,-1685.4
1608,1573,2025-11-21,Overpass,0,-1,53.0,0.4,-31.8,0,12,-1.0,-1.0,-0.04166666666666663,0.140625,1.5040773967762742,-53.0,-0.4,-1685.4
1609,1574,2025-11-21,Default,0,1,0.0,0.3868131868131868,5.907692307692308,0,5,1.7391304347826089,2.0,0.027777777777777776,-0.027777777777777776,0.6931471805599453,0.0,0.7736263736263737,0.0
1598,1570,2025-11-21,Mirage,0,1,72.0,0.9938144329896907,261.20515463917525,0,0,1.10828025477707,0.75,-0.06763285024154586,-0.24094202898550726,1.7917594692280552,79.79617834394904,0.7453608247422681,18806.77113402062
1575,416,2025-11-22,Ancient,1,1,0.0,1.0,26.4,0,4,0.09904393597593729,1.3333333333333333,-0.08829365079365087,-0.09778911564625842,1.9661128563728327,0.0,1.3333333333333333,0.0
1574,416,2025-11-22,Dust2,1,1,0.0,1.0,26.4,0,4,0.4285362334142823,0.56,0.08083333333333331,-0.056666666666666754,1.533930359925955,0.0,0.56,0.0
1576,417,2025-11-22,Dust2,1,-1,42.0,0.6,2.200000000000001,0,4,0.41293574846206427,0.5333333333333333,0.08014184397163115,-0.04769503546099296,1.4733057381095205,17.343301435406698,0.32,92.40000000000005
1572,415,2025-11-22,Inferno,1,1,-42.0,0.6,-6.4,0,-6,0.8365086397873283,0.606060606060606,0.09615384615384615,-0.051282051282051266,-1.6863989535702288,-35.13336287106779,0.3636363636363636,268.8
1571,414,2025-11-22,Mirage,1,-1,-195.0,0.4,-42.599999999999994,0,6,-0.10091889307908854,-0.06666666666666667,-0.04464285714285715,0.06845238095238093,1.6341305250244722,19.679184150422266,-0.02666666666666667,8306.999999999998
1570,414,2025-11-22,Ancient,1,-1,-195.0,0.4,-42.599999999999994,0,6,-0.1308411214953271,0.0,0.001984126984126977,-0.08390022675736958,2.5257286443082556,25.51401869158878,0.0,8306.999999999998
1573,415,2025-11-22,Overpass,1,1,-42.0,0.6,-6.4,0,-6,0.6706706706706707,1.0,0.10416666666666669,-0.06944444444444442,-0.810930216216329,-28.16816816816817,0.6,268.8
1577,417,2025-11-22,Train,1,1,42.0,0.6,2.200000000000001,0,4,0.9262295081967213,1.2307692307692308,-0.026190476190476153,-0.06785714285714278,2.8903717578961645,38.90163934426229,0.7384615384615385,92.40000000000005
1582,1566,2025-11-22,Inferno,0,1,0.0,0.8,0.0,0,7,0.3229515229515229,0.033333333333333326,0.06109234234234234,-0.11514639639639646,2.028148247292285,0.0,0.02666666666666666,0.0
1579,418,2025-11-22,Nuke,1,-1,0.0,-1.4,-39.0,0,-6,-1.0165289256198347,-1.0666666666666667,0.2107142857142857,0.3333333333333333,-2.8903717578961645,-0.0,1.4933333333333332,-0.0
1588,1569,2025-11-22,Overpass,0,-1,0.0,-0.8,0.29999999999999893,0,4,-1.3333333333333333,-1.3333333333333333,-0.17708333333333331,0.22222222222222215,0.2231435513142097,-0.0,1.0666666666666667,0.0
1578,417,2025-11-22,Inferno,1,1,42.0,0.6,2.200000000000001,0,4,0.6229508196721312,0.7272727272727273,0.3205128205128205,-0.05288461538461536,1.6863989535702288,26.16393442622951,0.43636363636363634,92.40000000000005
1587,1569,2025-11-22,Ancient,0,-1,0.0,-0.8,0.29999999999999893,0,4,-0.5833333333333333,-0.6666666666666666,-0.057870370370370405,0.11342592592592587,1.5581446180465497,-0.0,0.5333333333333333,0.0
1586,1568,2025-11-22,Mirage,0,1,37.0,1.4,-37.0,0,4,1.1548387096774193,1.3636363636363638,0.20520833333333338,-0.13958333333333328,3.0204248861443626,42.729032258064514,1.9090909090909092,-1369.0
1584,1567,2025-11-22,Ancient,0,1,72.0,1.4,17.0,0,1,1.072289156626506,1.0,0.2948717948717948,-0.11858974358974356,2.6026896854443837,77.20481927710844,1.4,1224.0
1583,1567,2025-11-22,Dust2,0,1,72.0,1.4,17.0,0,1,0.8500000000000001,1.0,0.1160714285714286,-0.10267857142857134,2.2686835413183646,61.2,1.4,1224.0
1585,1568,2025-11-22,Train,0,1,37.0,1.4,-37.0,0,4,1.26,1.4285714285714286,0.39743589743589747,-0.10576923076923073,2.6026896854443837,46.62,2.0,-1369.0
1580,418,2025-11-22,Dust2,1,-1,0.0,-1.4,-39.0,0,-6,-1.3116531165311653,-1.3599999999999999,0.21916666666666668,0.37333333333333335,-3.2386784521643803,-0.0,1.9039999999999997,-0.0
1581,1566,2025-11-22,Dust2,0,1,0.0,0.8,0.0,0,7,1.026634382566586,0.9696969696969697,0.18991545893719808,-0.1204710144927536,2.4638532405901676,0.0,0.7757575757575759,0.0
1562,1563,2025-11-23,Mirage,0,-1,-37.0,0.19999999999999996,7.799999999999999,0,-2,-0.15342902711323766,-0.21666666666666667,0.05158730158730168,0.0942460317460318,-1.8152899666382492,5.676874003189794,-0.04333333333333333,-288.59999999999997
1569,1565,2025-11-23,Nuke,0,1,0.0,0.2,0.0,0,-7,0.17799352750809064,0.3333333333333333,-0.0920138888888889,-0.05208333333333337,-1.83258146374831,0.0,0.06666666666666667,0.0
1568,1565,2025-11-23,Inferno,0,-1,0.0,0.2,0.0,0,-7,-0.8984615384615384,-0.7619047619047619,-0.05263157894736842,0.10526315789473684,-2.970414465569701,-0.0,-0.1523809523809524,0.0
1567,1565,2025-11-23,Train,0,1,0.0,0.2,0.0,0,-7,0.38532110091743127,0.3684210526315789,-0.06702898550724634,-0.09873188405797106,-2.079441541679836,0.0,0.07368421052631578,0.0
1566,1564,2025-11-23,Nuke,0,1,-35.0,0.4,-145.5,0,2,0.773651856664501,1.2527472527472527,0.07961309523809523,-0.07626488095238093,1.1837700970084164,-27.077814983257536,0.5010989010989011,5092.5
1565,1564,2025-11-23,Mirage,0,1,-35.0,0.4,-145.5,0,2,0.16414443839593543,0.75,-0.035962301587301626,-0.0647321428571429,0.5423242908253618,-5.74505534385774,0.30000000000000004,5092.5
1564,1563,2025-11-23,Dust2,0,1,-37.0,0.19999999999999996,7.799999999999999,0,-2,0.5,0.5,0.02256944444444442,0.031249999999999944,-1.6094379124341003,-18.5,0.09999999999999998,-288.59999999999997
1563,1563,2025-11-23,Overpass,0,1,-37.0,0.19999999999999996,7.799999999999999,0,-2,0.5555555555555556,0.75,0.09374999999999994,-0.12152777777777779,-0.9555114450274365,-20.555555555555557,0.14999999999999997,-288.59999999999997
1561,413,2025-11-23,Train,1,-1,-153.0,-0.2,-51.0,0,6,-1.110236220472441,-0.8571428571428572,-0.11689814814814808,0.3090277777777778,2.917770732084279,169.86614173228347,0.17142857142857146,7803.0
1560,413,2025-11-23,Mirage,1,-1,-153.0,-0.2,-51.0,0,6,-0.12040747356732487,-1.1428571428571428,-0.010711477987421447,0.04284591194968557,1.791759469228055,18.422343455800704,0.22857142857142856,7803.0
1548,404,2025-11-24,Ancient,1,1,0.0,-0.2,62.7,0,0,1.2777777777777777,1.5714285714285714,0.1705882352941177,-0.11078431372549019,1.7635885922613586,0.0,-0.3142857142857143,0.0
1547,403,2025-11-24,Inferno,1,-1,0.0,0.0,-8.7,0,0,0.2137870855148342,0.14285714285714285,0.006363636363636405,-0.02737373737373744,-0.2682639865946794,0.0,0.0,-0.0
1545,400,2025-11-24,Mirage,1,-1,371.0,0.8,-161.6,0,2,-0.3418102269619908,-0.16666666666666663,-0.006018518518518423,-0.03222222222222221,1.6292405397302798,-126.81159420289859,-0.1333333333333333,-59953.6
1549,405,2025-11-24,Nuke,1,1,224.0,-0.2,-229.09999999999997,0,0,0.8679245283018868,0.8571428571428572,0.2,-0.1027777777777778,0.3746934494414105,194.41509433962264,-0.17142857142857146,-51318.399999999994
1546,402,2025-11-24,Ancient,1,1,65.0,1.0867924528301887,48.6547169811321,0,0,1.2980132450331126,1.2,0.13677536231884058,-0.07608695652173908,2.079441541679836,84.37086092715232,1.3041509433962264,3162.556603773586
1550,406,2025-11-24,Nuke,1,-1,75.0,-0.2,-50.400000000000006,0,0,0.2252252252252252,0.08333333333333331,0.09375,-0.05381944444444442,1.83258146374831,16.89189189189189,-0.016666666666666663,-3780.0000000000005
1555,411,2025-11-24,Default,1,-1,0.0,-1.0,0.0,0,10,-0.8571428571428572,-0.8571428571428572,-0.017857142857142856,0.017857142857142856,1.3862943611198904,-0.0,0.8571428571428572,0.0
1552,408,2025-11-24,Train,1,-1,87.0,0.2,25.599999999999998,0,-1,-0.7407407407407407,-1.0,-0.10138888888888886,0.06805555555555565,-0.45198512374305744,-64.44444444444444,-0.2,2227.2
1553,409,2025-11-24,Mirage,1,-1,65.0,0.2,-7.299999999999983,0,0,-0.40386473429951714,-0.6666666666666667,-0.031613756613756594,-0.04960317460317465,1.280933845462064,-26.251207729468614,-0.13333333333333336,-474.49999999999886
1554,410,2025-11-24,Dust2,1,1,0.0,0.9016393442622951,-98.45901639344261,0,1,1.375722543352601,1.3333333333333333,0.233955938697318,-0.1738505747126437,1.4552872326068422,0.0,1.2021857923497268,-0.0
1556,412,2025-11-24,Default,1,-1,0.0,-1.0,0.0,0,10,-0.8571428571428572,-0.8571428571428572,-0.017857142857142856,0.017857142857142856,1.3862943611198904,-0.0,0.8571428571428572,0.0
1557,1561,2025-11-24,Inferno,0,-1,0.0,0.2,0.0,0,-9,-0.9300911854103343,-0.8,-0.17948717948717952,0.10897435897435892,-2.995732273553991,-0.0,-0.16000000000000003,0.0
1558,1561,2025-11-24,Train,0,1,0.0,0.2,0.0,0,-9,1.412280701754386,1.4,0.14236111111111105,-0.20486111111111105,-2.120263536200091,0.0,0.27999999999999997,0.0
1559,1561,2025-11-24,Nuke,0,-1,0.0,0.2,0.0,0,-9,-1.1944444444444444,-1.0666666666666667,-0.051666666666666694,0.08666666666666661,-2.5649493574615367,-0.0,-0.21333333333333335,0.0
1551,407,2025-11-24,Mirage,1,1,371.0,1.6867924528301885,-105.64528301886791,0,2,1.0227382680212869,1.8333333333333335,0.07500000000000007,-0.05999999999999994,2.833213344056216,379.4358974358974,3.0924528301886793,-39194.399999999994
1537,394,2025-11-25,Overpass,1,1,0.0,0.0,-50.599999999999994,0,0,-0.6190476190476191,-0.47619047619047616,0.041666666666666685,0.0,0.9162907318741553,-0.0,-0.0,-0.0
1535,393,2025-11-25,Inferno,1,1,75.0,0.8,-47.47999999999998,0,1,0.963855421686747,1.0909090909090908,0.17753623188405793,-0.10144927536231879,1.7917594692280552,72.28915662650603,0.8727272727272727,-3560.9999999999986
1536,393,2025-11-25,Overpass,1,1,75.0,0.8,-47.47999999999998,0,1,1.1829268292682926,1.2,0.22916666666666666,-0.11274509803921562,1.7917594692280547,88.71951219512195,0.96,-3560.9999999999986
1538,394,2025-11-25,Inferno,1,1,0.0,0.0,-50.599999999999994,0,0,0.45075825690822996,0.5396825396825397,0.10392156862745094,-0.06372549019607843,1.1574527886910428,0.0,0.0,-0.0
1542,398,2025-11-25,Dust2,1,-1,172.0,-0.08181818181818185,-61.49090909090913,0,2,-0.136233724992061,-1.1111111111111112,0.0535714285714286,-0.017857142857142905,1.0116009116784803,-23.43220069863449,0.09090909090909094,-10576.43636363637
1540,396,2025-11-25,Train,1,1,0.0,-0.2,48.3,0,0,0.3643764246173886,0.09523809523809523,0.05627076411960136,-0.026232004429678768,1.076139432816051,0.0,-0.01904761904761905,0.0
1541,397,2025-11-25,Inferno,1,1,-306.0,-0.39999999999999997,173.8,0,-2,-0.33448913546000925,-0.6666666666666667,-0.010163899531715648,0.05555555555555558,-0.06899287148695166,102.35367545076284,0.26666666666666666,-53182.8
1543,399,2025-11-25,Train,1,-1,0.0,-0.6000000000000001,-11.0,0,0,-0.6626506024096384,-0.7619047619047619,-0.030038759689922423,0.06007751937984501,3.0910424533583156,-0.0,0.4571428571428572,-0.0
1544,401,2025-11-25,Train,1,-1,75.0,0.0,45.1,0,1,0.2719594594594595,0.19047619047619047,-0.061698717948717896,-0.041666666666666685,1.0296194171811581,20.39695945945946,0.0,3382.5
1539,395,2025-11-25,Overpass,1,-1,169.0,-0.6000000000000001,-141.50000000000003,0,2,-1.089089089089089,-0.8333333333333333,-0.05555555555555558,0.12152777777777773,0.33647223662121295,-184.05605605605604,0.5,-23913.500000000004
1523,388,2025-11-26,Overpass,1,1,296.0,0.8,-51.300000000000004,0,2,0.8850574712643678,0.875,0.1076388888888889,-0.07754629629629628,-1.33500106673234,261.9770114942529,0.7000000000000001,-15184.800000000001
1524,388,2025-11-26,Ancient,1,1,296.0,0.8,-51.300000000000004,0,2,0.3912292660758919,1.098901098901099,0.08129645511720979,0.023084619782733018,0.8534898306351248,115.803862758464,0.8791208791208792,-15184.800000000001
1526,389,2025-11-26,Mirage,1,1,0.0,0.9178082191780822,-82.94520547945206,0,1,1.0847525545982768,1.3846153846153846,0.03333333333333338,-0.1430555555555556,2.0476928433652555,0.0,1.2708113804004215,-0.0
1527,390,2025-11-26,Mirage,1,1,-224.0,0.0,18.800000000000004,0,-1,0.2947048198497956,0.09999999999999998,0.06878306878306878,-0.07473544973544971,-0.7884573603642702,-66.01387964635421,0.0,-4211.200000000001
1525,389,2025-11-26,Nuke,1,1,0.0,0.9178082191780822,-82.94520547945206,0,1,1.3942307692307692,1.2727272727272727,0.3426724137931034,-0.12643678160919541,2.302585092994046,0.0,1.1681195516811955,-0.0
1529,390,2025-11-26,Inferno,1,-1,-224.0,0.0,18.800000000000004,0,-1,-0.6402985074626866,-0.8571428571428572,-0.06944444444444442,-0.006578947368421018,-1.6094379124341003,143.4268656716418,-0.0,-4211.200000000001
1530,391,2025-11-26,Mirage,1,1,52.0,0.02474226804123711,80.12164948453608,0,-2,0.12959558823529416,0.7142857142857143,-0.0870098039215686,-0.13970588235294124,-2.456735772821304,6.738970588235296,0.01767304860088365,4166.3257731958765
1531,391,2025-11-26,Inferno,1,-1,52.0,0.02474226804123711,80.12164948453608,0,-2,-0.538517707192406,-0.8571428571428572,-0.003985507246376807,0.05688405797101448,-1.3862943611198908,-28.002920774005112,-0.02120765832106038,4166.3257731958765
1532,391,2025-11-26,Dust2,1,-1,52.0,0.02474226804123711,80.12164948453608,0,-2,-0.12105263157894733,0.3333333333333333,-0.06597222222222227,0.010416666666666685,-1.021651247531981,-6.294736842105261,0.00824742268041237,4166.3257731958765
1533,392,2025-11-26,Dust2,1,1,-22.0,0.4,139.2,0,2,-0.5424626006904487,-0.8333333333333333,-0.05678571428571433,0.09273809523809523,0.5500463369192721,11.934177215189871,-0.3333333333333333,-3062.3999999999996
1534,392,2025-11-26,Mirage,1,1,-22.0,0.4,139.2,0,2,0.42232854864433816,0.5111111111111111,0.04675925925925922,-0.07384259259259257,0.8383291904044432,-9.291228070175439,0.20444444444444443,-3062.3999999999996
1528,390,2025-11-26,Nuke,1,-1,-224.0,0.0,18.800000000000004,0,-1,0.03448275862068964,0.0,-0.028645833333333315,0.062499999999999944,-0.6359887667199966,-7.7241379310344795,0.0,-4211.200000000001
1522,1560,2025-11-27,Inferno,0,1,0.0,1.0,0.0,0,11,0.9492537313432836,0.8571428571428572,-0.10729166666666667,-0.2302083333333333,3.0204248861443626,0.0,0.8571428571428572,0.0
1521,1560,2025-11-27,Nuke,0,1,0.0,1.0,0.0,0,11,1.2162162162162162,1.125,-0.23397435897435892,-0.3958333333333333,2.197224577336219,0.0,1.125,0.0
1520,1559,2025-11-28,Mirage,0,-1,0.0,-0.2,0.0,0,12,0.6182424386758751,0.17647058823529413,0.15476190476190477,-0.11458333333333331,1.7578579175523739,0.0,-0.03529411764705883,0.0
1519,1559,2025-11-28,Nuke,0,-1,0.0,-0.2,0.0,0,12,-0.8362068965517241,-0.9411764705882353,-0.21527777777777768,-0.16358024691358025,2.2335922215070942,-0.0,0.18823529411764706,0.0
1518,1559,2025-11-28,Dust2,0,1,0.0,-0.2,0.0,0,12,0.5503597122302158,0.5,0.15359042553191488,-0.07468971631205668,2.261763098473791,0.0,-0.1,0.0
1517,384,2025-11-28,Mirage,1,-1,0.0,-0.8,8.7,0,3,-0.9023569023569025,-0.8,-0.09722222222222221,0.016025641025641024,2.995732273553991,-0.0,0.6400000000000001,0.0
1504,374,2025-11-29,Mirage,1,1,430.0,0.0,111.0,0,-5,0.11390429958391135,0.6153846153846154,0.005850727387729293,0.026881720430107503,-0.575364144903562,48.97884882108188,0.0,47730.0
1503,373,2025-11-29,Ancient,1,1,-244.0,0.4,-10.900000000000006,0,-2,0.13070436507936517,-0.1333333333333333,0.024621212121212155,0.008049242424242431,-0.9382696385929301,-31.8918650793651,-0.05333333333333332,2659.6000000000013
1508,378,2025-11-29,Train,1,1,430.0,0.2,91.2,0,-5,0.730540293040293,0.7777777777777777,0.07954545454545459,-0.07575757575757569,0.0,314.132326007326,0.15555555555555556,39216.0
1501,371,2025-11-29,Dust2,1,-1,158.0,0.2,106.6,0,-6,-0.09697933227344988,0.1111111111111111,0.023550724637681153,0.0733695652173913,-0.13353139262452274,-15.32273449920508,0.022222222222222223,16842.8
1500,370,2025-11-29,Dust2,1,1,301.0,0.4,-21.300000000000004,0,7,0.6019900497512438,0.5757575757575757,0.10140497640497642,-0.10306735306735304,0.5465437063680696,181.19900497512438,0.2303030303030303,-6411.300000000001
1499,369,2025-11-29,Ancient,1,-1,-65.0,-0.6,-39.39999999999999,0,0,-0.17186948408896063,0.028571428571428525,-0.022817460317460292,-0.00694444444444442,0.36464311358790935,11.17151646578244,-0.017142857142857116,2560.9999999999995
1502,372,2025-11-29,Mirage,1,1,42.0,0.39999999999999997,-2.6999999999999957,0,5,0.48897058823529393,0.09523809523809523,0.129985754985755,-0.03288224121557459,1.3682758556172128,20.536764705882344,0.03809523809523809,-113.39999999999982
1505,375,2025-11-29,Inferno,1,-1,-111.0,0.39999999999999997,-30.5,0,5,-0.3087605684475625,-0.45,-0.039877946127946096,0.00021043771043771642,0.08455738802806279,34.272423097679436,-0.18,3385.5
1511,381,2025-11-29,Inferno,1,-1,111.0,-0.6,45.099999999999994,0,-4,0.03342453260373912,0.25,0.0288825757575758,0.054766414141414144,0.307484699747961,3.7101231190150425,-0.15,5006.099999999999
1507,377,2025-11-29,Mirage,1,-1,5.0,-0.6,-32.89999999999999,0,-4,-0.31355881111714,-0.10101010101010105,-0.01827395577395574,0.0655200655200655,-0.502091943797236,-1.5677940555857002,0.06060606060606063,-164.49999999999994
1509,379,2025-11-29,Dust2,1,-1,-182.0,-0.4,8.299999999999997,0,0,0.19093583379297668,0.3111111111111111,0.010529891304347838,0.023890398550724612,0.7137664677626807,-34.75032175032176,-0.12444444444444445,-1510.5999999999995
1510,380,2025-11-29,Mirage,1,-1,322.0,0.6000000000000001,-363.1,0,8,0.13179813816756486,0.6363636363636364,0.006535947712418277,-0.023856209150326824,1.5533484457830569,42.43900048995589,0.3818181818181819,-116918.20000000001
1512,382,2025-11-29,Nuke,1,-1,189.0,-0.6000000000000001,-100.5,0,3,0.08027681660899647,0.2631578947368421,-0.011468855218855267,0.015151515151515138,1.126011262856224,15.172318339100332,-0.15789473684210528,-18994.5
1513,383,2025-11-29,Inferno,1,-1,0.0,-1.2,62.8,0,6,-1.1009174311926606,-1.2,-0.10300925925925919,0.23379629629629625,2.917770732084279,-0.0,1.44,0.0
1514,383,2025-11-29,Dust2,1,-1,0.0,-1.2,62.8,0,6,-1.039301310043668,-1.2,-0.10286458333333331,0.13411458333333331,2.803360380906535,-0.0,1.44,0.0
1515,1558,2025-11-29,Train,0,1,0.0,0.2,14.127659574468089,0,-13,0.12198581560283689,0.16666666666666669,0.04277777777777775,0.05722222222222223,-1.8718021769015916,0.0,0.03333333333333334,0.0
1516,1558,2025-11-29,Dust2,0,1,0.0,0.2,14.127659574468089,0,-13,0.32423887587822015,0.36363636363636365,0.00347222222222221,0.04079861111111105,-2.1000608288825715,0.0,0.07272727272727274,0.0
1506,376,2025-11-29,Nuke,1,-1,0.0,-0.6,21.099999999999994,0,-5,-0.37382877679373633,-0.32727272727272727,-0.06759259259259259,0.05231481481481476,-0.489548225318706,-0.0,0.19636363636363635,0.0
1488,362,2025-11-30,Train,1,1,365.0,0.0,-77.89999999999999,0,-4,0.9374648942145666,0.6666666666666666,0.014910130718954251,-0.13929738562091498,-0.3254224004346278,342.1746863883168,0.0,-28433.499999999996
1489,362,2025-11-30,Mirage,1,1,365.0,0.0,-77.89999999999999,0,-4,0.04745792122158604,0.6,0.011939571150097472,0.03374756335282647,-0.719122666963206,17.322141245878907,0.0,-28433.499999999996
1490,363,2025-11-30,Inferno,1,-1,-70.0,-1.0,30.799999999999997,0,0,0.5894105894105893,0.45454545454545453,0.09795321637426901,-0.05935672514619883,-0.2231435513142097,-41.25874125874125,-0.45454545454545453,-2156.0
1491,363,2025-11-30,Mirage,1,-1,-70.0,-1.0,30.799999999999997,0,0,-0.6245495018019929,-1.1363636363636362,-0.0956262939958592,0.04296066252587999,-0.4700036292457357,43.7184651261395,1.1363636363636362,-2156.0
1492,364,2025-11-30,Inferno,1,1,169.0,0.6000000000000001,-212.50000000000003,0,5,0.3472222222222222,1.0,0.056712962962962965,0.040740740740740744,0.7419373447293771,58.68055555555555,0.6000000000000001,-35912.50000000001
1493,364,2025-11-30,Nuke,1,1,169.0,0.6000000000000001,-212.50000000000003,0,5,-0.02606516290726816,0.3111111111111111,0.026143790849673276,0.05678104575163401,0.3254224004346278,-4.405012531328319,0.1866666666666667,-35912.50000000001
1494,365,2025-11-30,Mirage,1,-1,-244.0,-0.2,97.4,0,2,0.239593511823334,0.35789473684210527,0.009722222222222243,-0.0003472222222222765,0.4946962418361074,-58.4608168848935,-0.07157894736842106,-23765.600000000002
1495,365,2025-11-30,Overpass,1,-1,-244.0,-0.2,97.4,0,2,-0.17488894084638773,-0.10714285714285715,0.0,-0.025000000000000022,0.0,42.672901566518604,0.021428571428571432,-23765.600000000002
1496,366,2025-11-30,Overpass,1,1,-11.0,0.2,-95.6,0,8,0.5405405405405406,0.6666666666666667,0.07708333333333334,0.0864583333333333,-0.4054651081081646,-5.9459459459459465,0.13333333333333336,1051.6
1497,367,2025-11-30,Dust2,1,-1,0.0,-0.2,-2.299999999999997,0,-1,-0.4106060606060604,-0.7575757575757576,-0.04444444444444445,0.021944444444444378,-0.17589066646366414,-0.0,0.15151515151515152,-0.0
1498,368,2025-11-30,Train,1,-1,-69.0,0.0,-18.5,0,5,0.3218520609824957,0.8571428571428572,-0.027777777777777735,-0.00863363363363362,1.3350010667323398,-22.207792207792203,0.0,1276.5
1470,356,2025-12-01,Train,1,-1,-46.0,0.6000000000000001,138.10000000000002,0,4,-0.06794207044519923,0.35714285714285715,-0.012037037037037068,0.05925925925925918,0.5465437063680696,3.1253352404791648,0.21428571428571433,-6352.600000000001
1471,356,2025-12-01,Ancient,1,1,-46.0,0.6000000000000001,138.10000000000002,0,4,0.6785714285714284,0.7878787878787878,0.08739130434782616,-0.0021014492753623215,0.08004270767353638,-31.214285714285705,0.4727272727272728,-6352.600000000001
1472,356,2025-12-01,Dust2,1,1,-46.0,0.6000000000000001,138.10000000000002,0,4,0.08636363636363631,0.26666666666666666,-0.042686480186480136,-0.04967948717948717,0.16034265007517945,-3.97272727272727,0.16000000000000003,-6352.600000000001
1473,357,2025-12-01,Ancient,1,-1,21.0,0.2,-322.0,0,2,0.0711053652230123,0.2,-0.02314814814814814,-0.048611111111111105,0.3794896217049035,1.4932126696832584,0.04000000000000001,-6762.0
1474,357,2025-12-01,Train,1,1,21.0,0.2,-322.0,0,2,-0.21754385964912273,0.8,-0.04513888888888895,0.04166666666666663,0.6190392084062235,-4.568421052631577,0.16000000000000003,-6762.0
1475,357,2025-12-01,Inferno,1,1,21.0,0.2,-322.0,0,2,0.04879064152200166,0.4242424242424242,-0.06418650793650788,0.006547619047619135,-0.04652001563489305,1.024603471962035,0.08484848484848484,-6762.0
1476,358,2025-12-01,Mirage,1,1,0.0,0.0,-137.2,0,5,-0.24561403508771928,-0.23809523809523808,-0.02161458333333338,-0.04973958333333334,1.0986122886681096,-0.0,-0.0,-0.0
1477,358,2025-12-01,Dust2,1,-1,0.0,0.0,-137.2,0,5,0.6281650071123754,0.42857142857142855,0.10954301075268819,-0.052688172043010684,1.0678406300013559,0.0,0.0,-0.0
1485,361,2025-12-01,Inferno,1,-1,-42.0,0.2,-30.9,0,-1,0.44322344322344315,0.05555555555555555,-0.0057407407407407685,-0.08814814814814814,-0.07410797215372167,-18.615384615384613,0.011111111111111112,1297.8
1479,359,2025-12-01,Nuke,1,1,138.0,-0.2,80.9,0,-4,-0.5707915273132663,-0.6285714285714286,-0.04115479115479115,0.045864045864045855,-1.1526795099383853,-78.76923076923076,0.12571428571428572,11164.2
1480,359,2025-12-01,Train,1,-1,138.0,-0.2,80.9,0,-4,0.23255813953488366,0.5333333333333333,0.06481481481481477,0.03356481481481477,-0.26236426446749084,32.09302325581395,-0.10666666666666667,11164.2
1481,359,2025-12-01,Mirage,1,-1,138.0,-0.2,80.9,0,-4,-0.3760683760683761,-0.6233766233766234,-0.011458333333333348,0.04510416666666661,-0.42488319396526597,-51.897435897435905,0.12467532467532468,11164.2
1482,360,2025-12-01,Dust2,1,1,316.0,0.6000000000000001,-182.20000000000002,0,7,0.5965166908563135,0.6666666666666666,0.06846978557504863,-0.1419346978557504,1.3609765531356004,188.49927431059507,0.4,-57575.200000000004
1483,360,2025-12-01,Train,1,1,316.0,0.6000000000000001,-182.20000000000002,0,7,0.24802788479178128,-0.47619047619047616,0.0015432098765431612,0.02314814814814814,0.7672551527136671,78.37681159420289,-0.28571428571428575,-57575.200000000004
1484,361,2025-12-01,Overpass,1,-1,-42.0,0.2,-30.9,0,-1,-0.04647785039941906,-0.6666666666666666,0.0219907407407407,0.057870370370370405,0.26236426446749084,1.9520697167756005,-0.13333333333333333,1297.8
1486,1557,2025-12-01,Train,0,-1,0.0,-0.06666666666666671,-147.66666666666666,0,13,-1.4775510204081632,-1.5238095238095237,-0.1474358974358974,0.29166666666666663,2.6026896854443837,-0.0,0.10158730158730164,-0.0
1487,1557,2025-12-01,Dust2,0,-1,0.0,-0.06666666666666671,-147.66666666666666,0,13,0.3356216628527841,0.2745098039215686,0.03996598639455784,-0.11904761904761901,2.5257286443082556,0.0,-0.01830065359477125,-0.0
1478,358,2025-12-01,Train,1,1,0.0,0.0,-137.2,0,5,0.45056497175141247,1.1428571428571428,-0.011111111111111183,-0.0944444444444445,1.3862943611198906,0.0,0.0,-0.0
1462,354,2025-12-02,Nuke,1,1,-174.0,0.6000000000000001,-27.0,0,-3,-0.41645862228386493,-0.34285714285714286,-0.06641604010025065,0.05889724310776945,-0.9555114450274362,72.4638002773925,-0.20571428571428574,4698.0
1460,353,2025-12-02,Ancient,1,-1,-56.0,-0.8,239.3,0,0,0.1809705952665551,0.2,-0.002480158730158666,-0.0032242063492063378,-1.1394342831883648,-10.134353334927086,-0.16000000000000003,-13400.800000000001
1461,353,2025-12-02,Train,1,-1,-56.0,-0.8,239.3,0,0,-0.11197663096397276,0.3333333333333333,-0.0005827505827506463,-0.0002913752913752954,0.15415067982725805,6.270691333982475,-0.26666666666666666,-13400.800000000001
1463,354,2025-12-02,Mirage,1,1,-174.0,0.6000000000000001,-27.0,0,-3,0.4451287793952967,0.8333333333333333,0.05675747863247865,0.007211538461538491,-0.07696104113612856,-77.45240761478163,0.5,4698.0
1468,1556,2025-12-02,Mirage,0,1,0.0,0.39999999999999997,14.8,0,-13,-0.1325301204819277,-0.1111111111111111,-0.04813218390804597,-0.07830459770114939,-2.302585092994046,-0.0,-0.04444444444444444,0.0
1465,355,2025-12-02,Inferno,1,1,42.0,-0.2,-8.099999999999994,0,5,0.35630985114250496,0.9230769230769231,0.0825892857142857,-0.012648809523809534,1.1700712526502546,14.965013747985209,-0.18461538461538463,-340.19999999999976
1466,355,2025-12-02,Train,1,1,42.0,-0.2,-8.099999999999994,0,5,0.523596510847685,1.2,-0.007127192982456121,-0.0794956140350877,2.054123733695546,21.99105345560277,-0.24,-340.19999999999976
1467,1556,2025-12-02,Inferno,0,-1,0.0,0.39999999999999997,14.8,0,-13,-0.990990990990991,-0.9090909090909091,-0.3109756097560975,0.11178861788617883,-3.044522437723423,-0.0,-0.3636363636363636,0.0
1469,1556,2025-12-02,Nuke,0,1,0.0,0.39999999999999997,14.8,0,-13,0.8702928870292888,0.9411764705882353,0.0401785714285714,-0.29761904761904756,-2.6741486494265287,0.0,0.37647058823529406,0.0
1464,355,2025-12-02,Mirage,1,-1,42.0,-0.2,-8.099999999999994,0,5,-0.49583150504607276,-1.2142857142857144,-0.020454545454545447,-0.0030303030303029943,1.5404450409471493,-20.824923211935054,0.24285714285714288,-340.19999999999976
1459,1555,2025-12-03,Nuke,0,-1,0.0,-0.8,0.0,0,-14,-1.1646586345381527,-1.1111111111111112,-0.3362068965517242,0.0876436781609195,-2.70805020110221,-0.0,0.888888888888889,0.0
1458,1555,2025-12-03,Train,0,-1,0.0,-0.8,0.0,0,-14,-0.580392156862745,-0.5454545454545454,-0.1496913580246914,0.050925925925925875,-2.6390573296152584,-0.0,0.43636363636363634,0.0
1441,339,2025-12-04,Inferno,1,-1,-226.0,0.6000000000000001,-74.60000000000002,0,5,0.048438189181603114,0.1111111111111111,-0.0954184704184704,-0.012536075036075012,-0.04445176257083361,-10.947030755042304,0.06666666666666668,16859.600000000006
1442,340,2025-12-04,Overpass,1,1,387.0,-0.2,363.59999999999997,0,-8,0.6005394066526821,1.1,0.0864583333333333,0.0,0.4054651081081646,232.40875037458798,-0.22000000000000003,140713.19999999998
1443,341,2025-12-04,Dust2,1,-1,-141.0,0.4,-288.4,0,8,-0.37333333333333324,-0.45,-0.05366161616161619,0.036458333333333315,0.08338160893905089,52.639999999999986,-0.18000000000000002,40664.399999999994
1444,342,2025-12-04,Nuke,1,-1,-398.0,-0.2,-347.0,0,10,-0.4267057569296373,-0.3888888888888889,-0.05871212121212116,0.07487373737373737,-0.36290549368936853,169.82889125799565,0.07777777777777778,138106.0
1445,343,2025-12-04,Nuke,1,-1,-889.0,0.2,-257.20000000000005,0,5,-0.1837938975244674,0.2424242424242424,-0.07886904761904762,0.016369047619047616,0.0,163.39277489925152,0.048484848484848485,228650.80000000005
1446,344,2025-12-04,Dust2,1,-1,-116.0,0.2,-113.39999999999998,0,0,-0.7129032258064516,-1.0,-0.1100757575757576,0.06280303030303025,-0.12260232209233246,82.69677419354838,-0.2,13154.399999999998
1448,346,2025-12-04,Nuke,1,1,131.0,0.2,94.30000000000001,0,-3,0.2746694870438921,0.28409090909090906,0.03515625,-0.014033564814814825,0.55206858230004,35.981702802749865,0.056818181818181816,12353.300000000001
1447,345,2025-12-04,Ancient,1,1,-375.0,0.0,-219.3,0,8,-0.18084537185660787,-0.16666666666666663,-0.04242081447963797,0.08738687782805427,0.4054651081081646,67.81701444622796,-0.0,82237.5
1450,348,2025-12-04,Nuke,1,1,-37.0,0.2,79.4,0,-5,-0.00816993464052293,-0.10256410256410253,0.027391975308641903,-0.0051256613756613945,-0.03509131981127034,0.30228758169934844,-0.02051282051282051,-2937.8
1449,347,2025-12-04,Nuke,1,-1,776.0,-0.6000000000000001,203.9,0,-8,0.23538119911176902,-0.2424242424242424,0.012896825396825351,-0.04133597883597884,0.4228568508200339,182.65581051073275,0.14545454545454548,158226.4
1456,1554,2025-12-04,Train,0,-1,0.0,0.4,-12.6,0,11,-0.44150943396226416,-0.4782608695652174,-0.10416666666666669,0.0758928571428571,2.2686835413183646,-0.0,-0.19130434782608696,-0.0
1455,1554,2025-12-04,Inferno,0,1,0.0,0.4,-12.6,0,11,1.0238095238095237,0.9090909090909091,0.2654761904761905,-0.1331349206349206,1.9694406464655074,0.0,0.36363636363636365,-0.0
1457,1554,2025-12-04,Dust2,0,1,0.0,0.4,-12.6,0,11,0.23325358851674644,0.2,0.06060606060606061,-0.06106060606060604,1.4469189829363254,0.0,0.08000000000000002,-0.0
1453,351,2025-12-04,Dust2,1,1,-296.0,0.8,-168.70000000000002,0,8,0.19791666666666674,0.5,0.03958333333333325,-0.04322916666666665,0.4519851237430572,-58.58333333333336,0.4,49935.200000000004
1452,350,2025-12-04,Mirage,1,-1,-148.0,0.0,-238.39999999999998,0,10,0.4193762441937625,-0.26666666666666666,0.03116732804232808,0.006779100529100579,1.09861228866811,-62.06768414067685,-0.0,35283.2
1451,349,2025-12-04,Train,1,1,295.0,-0.2,317.1,0,-5,1.1454844006568146,1.3333333333333333,0.11538461538461536,-0.1324786324786325,-0.6931471805599452,337.9178981937603,-0.26666666666666666,93544.5
1454,352,2025-12-04,Overpass,1,1,81.0,-0.2,459.99999999999994,0,-9,-0.34272300469483563,-0.06666666666666665,-0.11631944444444442,0.027777777777777735,0.25131442828090633,-27.760563380281685,0.01333333333333333,37259.99999999999
1428,331,2025-12-05,Train,1,1,87.0,-0.4,-39.10000000000002,0,0,0.4092409240924091,1.0,-0.008928571428571397,-0.014880952380952328,0.6286086594223743,35.60396039603959,-0.4,-3401.700000000002
1422,329,2025-12-05,Inferno,1,1,371.0,0.6000000000000001,-122.89999999999998,0,0,-0.24333862442016355,-0.07142857142857145,-0.06696969696969701,0.03840909090909089,0.5485659517488375,-90.27862965988068,-0.04285714285714288,-45595.899999999994
1423,329,2025-12-05,Overpass,1,1,371.0,0.6000000000000001,-122.89999999999998,0,0,1.1470588235294117,1.1470588235294117,0.062499999999999944,-0.16053921568627455,0.693147180559945,425.5588235294117,0.6882352941176472,-45595.899999999994
1424,330,2025-12-05,Dust2,1,1,260.0,0.0,-66.6,0,4,0.9271451699946035,1.3506493506493507,0.044918246005202556,-0.15644741731698253,0.5108256237659905,241.0577441985969,0.0,-17316.0
1425,330,2025-12-05,Inferno,1,-1,260.0,0.0,-66.6,0,4,0.016926859953108053,0.039215686274509776,-0.017892156862745145,-0.05816993464052289,-0.12136085700426724,4.400983587808094,0.0,-17316.0
1426,330,2025-12-05,Ancient,1,-1,260.0,0.0,-66.6,0,4,0.29492437836452196,0.32167832167832167,0.07030303030303031,0.005757575757575739,0.7672551527136675,76.68033837477572,0.0,-17316.0
1427,331,2025-12-05,Mirage,1,-1,87.0,-0.4,-39.10000000000002,0,0,-0.12100737100737091,-0.3,0.0012292960662525498,-0.0042701863354037695,0.1892419996385284,-10.52764127764127,0.12,-3401.700000000002
1429,331,2025-12-05,Overpass,1,-1,87.0,-0.4,-39.10000000000002,0,0,-0.29896563229896556,0.0,-0.06712962962962965,0.08217592592592587,0.6931471805599456,-26.010010010010003,-0.0,-3401.700000000002
1433,334,2025-12-05,Mirage,1,-1,-440.0,0.0,-266.6,0,9,0.04809160305343524,-0.16666666666666669,-0.008838383838383812,-0.03210678210678214,0.4353180712578455,-21.160305343511506,-0.0,117304.00000000001
1431,332,2025-12-05,Mirage,1,1,-28.0,0.2,-49.900000000000006,0,5,-0.09941520467836261,-0.8717948717948718,0.007690058479532136,-0.010146198830409403,0.802346472524937,2.783625730994153,-0.17435897435897438,1397.2000000000003
1439,1553,2025-12-05,Dust2,0,-1,0.0,0.24444444444444452,-51.43333333333334,0,2,-0.5746061167747915,-1.0,-0.08333333333333331,-0.13825757575757575,1.3862943611198906,-0.0,-0.24444444444444452,-0.0
1438,1553,2025-12-05,Inferno,0,1,0.0,0.24444444444444452,-51.43333333333334,0,2,1.0724637681159421,1.25,0.15740740740740744,-0.12268518518518517,2.251291798606495,0.0,0.30555555555555564,-0.0
1437,338,2025-12-05,Ancient,1,-1,-59.0,-0.4,47.400000000000006,0,6,-0.06651398984367218,-0.19780219780219777,0.022490530303030276,0.013257575757575746,1.1921383466789335,3.9243254007766586,0.07912087912087912,-2796.6000000000004
1436,337,2025-12-05,Dust2,1,1,561.0,0.2,84.30000000000001,0,-9,-0.12648706731138223,-0.26666666666666666,-0.03459595959595968,-0.025360750360750417,0.05715841383994835,-70.95924476168544,-0.05333333333333334,47292.3
1430,332,2025-12-05,Train,1,1,-28.0,0.2,-49.900000000000006,0,5,0.38305462653288747,0.6785714285714286,-0.0054945054945055305,-0.06349206349206343,0.9808292530117262,-10.72552954292085,0.13571428571428573,1397.2000000000003
1434,335,2025-12-05,Mirage,1,-1,-72.0,0.8,-7.699999999999989,0,8,-0.295224226574341,0.020202020202020193,-0.03349905303030304,0.06036931818181818,-0.36101334553733055,21.25614431335255,0.016161616161616155,554.3999999999992
1440,1553,2025-12-05,Train,0,1,0.0,0.24444444444444452,-51.43333333333334,0,2,1.1325301204819276,1.6,0.18402777777777776,-0.14583333333333331,1.8718021769015913,0.0,0.39111111111111124,-0.0
1432,333,2025-12-05,Dust2,1,-1,-356.0,-0.4,73.20000000000002,0,-3,-0.638447971781305,-1.1428571428571428,0.004428341384863144,0.026570048309178806,0.8754687373538999,227.28747795414458,0.45714285714285713,-26059.200000000004
1435,336,2025-12-05,Inferno,1,-1,-935.0,0.0,-34.19999999999999,0,8,-0.4682983682983682,-0.4807692307692308,-0.05117127496159757,0.056835637480798784,-0.0984400728132524,437.85897435897425,-0.0,31976.99999999999
1411,325,2025-12-06,Inferno,1,1,12.0,0.4,2.400000000000034,0,0,0.6072368137318325,0.8611111111111112,0.03680555555555565,-0.07268518518518524,0.2876820724517808,7.28684176478199,0.3444444444444445,28.80000000000041
1406,323,2025-12-06,Ancient,1,-1,-106.0,-0.4,230.0,0,0,-0.4489821060088083,-0.8035714285714286,-0.08098118279569894,-0.0014784946236559016,-0.42121346507630353,47.592103236933674,0.32142857142857145,-24380.0
1407,323,2025-12-06,Dust2,1,-1,-106.0,-0.4,230.0,0,0,0.2853936187269521,0.6388888888888888,0.05463980463980461,-0.042124542124542086,0.20479441264601306,-30.251723585056926,-0.25555555555555554,-24380.0
1408,324,2025-12-06,Dust2,1,-1,-113.0,-0.4,39.30000000000001,0,-3,-0.44643891140706427,-0.6666666666666666,-0.0013194444444444287,0.12277777777777776,-0.03922071315328157,50.447596988998264,0.26666666666666666,-4440.9000000000015
1409,324,2025-12-06,Inferno,1,-1,-113.0,-0.4,39.30000000000001,0,-3,0.08871048169941154,-0.20634920634920634,0.0003968253968253954,-0.012698412698412709,0.49247648509779385,-10.024284432033504,0.08253968253968254,-4440.9000000000015
1410,325,2025-12-06,Mirage,1,-1,12.0,0.4,2.400000000000034,0,0,-0.27764213463550735,-1.0555555555555556,0.02860501567398127,0.034156217345872486,0.2657031657330058,-3.3317056156260882,-0.4222222222222223,28.80000000000041
1412,325,2025-12-06,Nuke,1,1,12.0,0.4,2.400000000000034,0,0,-0.13984674329501903,-0.3333333333333333,-0.04184782608695653,0.014130434782608725,-0.13353139262452274,-1.6781609195402285,-0.13333333333333333,28.80000000000041
1414,326,2025-12-06,Dust2,1,1,42.0,0.4,-61.099999999999994,0,-1,0.04704568023833175,0.0727272727272727,-0.010679271708683491,0.002951180472188897,0.35667494393873245,1.9759185700099335,0.02909090909090908,-2566.2
1415,327,2025-12-06,Dust2,1,1,-9.0,0.2,111.70000000000002,0,8,0.08839463929284289,0.04999999999999999,0.010223765432098797,-0.005979938271604979,0.11332868530700324,-0.795551753635586,0.009999999999999998,-1005.3000000000002
1416,327,2025-12-06,Ancient,1,1,-9.0,0.2,111.70000000000002,0,8,1.075569358178054,1.2527472527472527,0.09753086419753093,-0.07469135802469135,0.5596157879354227,-9.680124223602487,0.25054945054945055,-1005.3000000000002
1417,328,2025-12-06,Inferno,1,-1,-570.0,0.2,-2.6999999999999886,0,3,-0.25389997408655096,-0.3418803418803419,0.02057291666666672,0.08979166666666666,-0.2384110234449981,144.72298522933406,-0.06837606837606838,1538.9999999999936
1418,328,2025-12-06,Train,1,-1,-570.0,0.2,-2.6999999999999886,0,3,0.30341880341880356,0.42857142857142855,0.025829562594268496,-0.02545248868778288,-0.2513144282809061,-172.94871794871804,0.08571428571428572,1538.9999999999936
1419,1552,2025-12-06,Ancient,0,1,37.0,0.5868131868131868,-91.54505494505493,0,3,0.7613830879835674,1.5,0.042279411764705954,-0.04595588235294118,1.9459101490553132,28.171174255391993,0.8802197802197802,-3387.1670329670324
1420,1552,2025-12-06,Nuke,0,-1,37.0,0.5868131868131868,-91.54505494505493,0,3,0.5326086956521738,0.391304347826087,0.1062925170068027,-0.13747165532879818,2.5257286443082556,19.70652173913043,0.2296225513616818,-3387.1670329670324
1421,1552,2025-12-06,Mirage,0,1,37.0,0.5868131868131868,-91.54505494505493,0,3,0.6087684285070494,0.8333333333333333,0.0012112403100775215,-0.1412306201550388,1.5869650565820415,22.524431854760827,0.489010989010989,-3387.1670329670324
1413,326,2025-12-06,Inferno,1,1,42.0,0.4,-61.099999999999994,0,-1,-0.3586828032648466,0.0,0.006741821396993808,0.04387709991158273,0.10536051565782634,-15.064677737123557,0.0,-2566.2
1396,320,2025-12-07,Mirage,1,1,182.0,0.6,124.10000000000001,0,2,0.005074596569572737,0.6285714285714286,-0.04101074462768617,0.040448525737131424,-0.899483613557774,0.923576575662238,0.3771428571428571,22586.2
1392,319,2025-12-07,Ancient,1,1,-250.0,-0.6000000000000001,155.60000000000002,0,0,-0.5616377392078324,-0.6785714285714286,-0.09755291005291,0.028769841269841334,0.1466034741918758,140.4094348019581,0.4071428571428572,-38900.00000000001
1393,319,2025-12-07,Inferno,1,-1,-250.0,-0.6000000000000001,155.60000000000002,0,0,0.46661825964000453,0.2727272727272727,0.04189560439560441,-0.08455433455433453,0.20479441264601306,-116.65456491000113,-0.16363636363636364,-38900.00000000001
1394,319,2025-12-07,Dust2,1,-1,-250.0,-0.6000000000000001,155.60000000000002,0,0,0.10731314988223134,-0.09999999999999998,0.06427469135802466,0.02554012345679013,0.2876820724517808,-26.828287470557836,0.06,-38900.00000000001
1397,321,2025-12-07,Ancient,1,-1,-365.0,-0.4,-3.3000000000000114,0,5,0.09900055087746906,-0.07142857142857145,0.020483193277310907,0.04271708683473385,0.4769240720903096,-36.13520107027621,0.02857142857142858,1204.500000000004
1395,320,2025-12-07,Overpass,1,1,182.0,0.6,124.10000000000001,0,2,-0.22338317420284629,-0.14285714285714285,0.005952380952380931,0.06666666666666665,-0.3184537311185349,-40.655737704918025,-0.0857142857142857,22586.2
1399,322,2025-12-07,Nuke,1,-1,-244.0,0.5,54.400000000000006,0,-4,-1.2225705329153604,-1.1818181818181819,-0.09508547008547014,0.11965811965811962,-2.995732273553991,298.30721003134795,-0.5909090909090909,-13273.600000000002
1400,322,2025-12-07,Dust2,1,1,-244.0,0.5,54.400000000000006,0,-4,1.7291666666666665,2.0,0.1323529411764705,-0.2647058823529412,-2.197224577336219,-421.91666666666663,1.0,-13273.600000000002
1401,322,2025-12-07,Ancient,1,1,-244.0,0.5,54.400000000000006,0,-4,0.855072463768116,0.8571428571428572,0.06702898550724629,0.0688405797101449,-2.4849066497880004,-208.63768115942028,0.4285714285714286,-13273.600000000002
1402,1550,2025-12-07,Ancient,0,-1,0.0,-0.2,0.0,0,-1,0.15942028985507248,-0.35714285714285715,0.07280701754385965,-0.05745614035087726,-0.5978370007556202,0.0,0.07142857142857144,0.0
1403,1550,2025-12-07,Inferno,0,-1,0.0,-0.2,0.0,0,-1,-0.03168685927306614,-0.3333333333333333,-0.06228070175438599,0.0736842105263158,-1.203972804325936,-0.0,0.06666666666666667,0.0
1404,1551,2025-12-07,Train,0,1,37.0,0.8285714285714285,-6.742857142857142,0,2,1.305699481865285,1.5,0.3564814814814815,-0.11419753086419748,2.2335922215070942,48.310880829015545,1.2428571428571429,-249.48571428571427
1405,1551,2025-12-07,Mirage,0,1,37.0,0.8285714285714285,-6.742857142857142,0,2,0.617737003058104,0.8571428571428572,0.17992424242424243,0.014520202020201989,2.420368128650429,22.856269113149846,0.710204081632653,-249.48571428571427
1398,321,2025-12-07,Train,1,-1,-365.0,-0.4,-3.3000000000000114,0,5,-0.8977447821823785,-0.75,-0.0385338345864662,0.12171052631578944,0.2876820724517808,327.67684549656815,0.30000000000000004,1204.500000000004
1391,1549,2025-12-08,Mirage,0,-1,-158.0,-0.6,-51.2,0,2,-0.11085205595591344,0.025974025974025983,-0.04074074074074069,0.017592592592592604,1.5260563034950492,17.514624841034323,-0.01558441558441559,8089.6
1390,1549,2025-12-08,Nuke,0,-1,-158.0,-0.6,-51.2,0,2,-0.6349206349206349,-0.6666666666666667,-0.022499999999999964,0.03833333333333333,2.833213344056216,100.31746031746032,0.4,8089.6
1389,1548,2025-12-08,Nuke,0,1,0.0,1.0,8.4,0,-2,-0.009456264775413725,0.8333333333333334,-0.057291666666666685,-0.0034722222222221544,-1.2729656758128873,-0.0,0.8333333333333334,0.0
1388,1548,2025-12-08,Overpass,0,1,0.0,1.0,8.4,0,-2,1.588235294117647,2.0,0.17708333333333331,-0.18749999999999994,-0.18232155679395468,0.0,2.0,0.0
1387,1547,2025-12-09,Train,0,-1,0.0,-0.6000000000000001,0.0,0,-7,0.0490196078431373,0.05797101449275366,-0.1369731800766284,-0.035440613026819945,-2.014903020542265,0.0,-0.0347826086956522,0.0
1386,1547,2025-12-09,Inferno,0,-1,0.0,-0.6000000000000001,0.0,0,-7,-1.0529411764705883,-0.9523809523809523,-0.1710271317829457,0.11337209302325574,-2.6855773452501515,-0.0,0.5714285714285715,0.0
1385,1546,2025-12-10,Mirage,0,1,0.0,-0.2,7.4,0,-7,0.13193617527982857,1.2,-0.0625,0.0,-2.3353749158170363,0.0,-0.24,0.0
1384,1546,2025-12-10,Dust2,0,1,0.0,-0.2,7.4,0,-7,0.46375870069605574,0.5,0.01715686274509809,0.008169934640522902,-2.0053335695261145,0.0,-0.1,0.0
1382,318,2025-12-11,Nuke,1,1,-75.0,0.4,283.2,0,-2,-0.41000000000000003,-0.5333333333333333,-0.044560185185185175,0.028356481481481455,-0.2744368457017603,30.750000000000004,-0.21333333333333335,-21240.0
1381,317,2025-12-11,Dust2,1,1,704.0,0.4,-34.900000000000034,0,0,0.5319802149070442,0.7142857142857143,0.06439393939393945,-0.12500000000000006,0.0,374.5140712945591,0.28571428571428575,-24569.600000000024
1380,317,2025-12-11,Mirage,1,1,704.0,0.4,-34.900000000000034,0,0,0.36975557346226173,1.0,0.06349206349206343,-0.02178030303030304,-0.15906469462968742,260.30792371743223,0.4,-24569.600000000024
1383,318,2025-12-11,Dust2,1,1,-75.0,0.4,283.2,0,-2,0.1957382394038191,0.0,0.06306073153899244,-0.022342995169082114,0.08701137698962969,-14.680367955286432,0.0,-21240.0
1369,316,2025-12-12,Inferno,1,-1,228.0,-0.6,37.299999999999955,0,-4,0.14739904903839326,0.05555555555555558,-0.01704545454545453,-0.034226190476190466,0.23180161405732447,33.606983180753666,-0.03333333333333335,8504.39999999999
1365,315,2025-12-12,Mirage,1,-1,131.0,0.39999999999999997,-139.89999999999998,0,-5,-0.14153822964163232,-0.6153846153846154,-0.02734375,0.024465460526315763,0.5007752879124894,-18.541508083053834,-0.24615384615384614,-18326.899999999998
1366,315,2025-12-12,Inferno,1,1,131.0,0.39999999999999997,-139.89999999999998,0,-5,0.2508209905502312,0.7,-0.08429487179487183,-0.07108262108262109,0.532804530484766,32.85754976208029,0.27999999999999997,-18326.899999999998
1367,315,2025-12-12,Train,1,-1,131.0,0.39999999999999997,-139.89999999999998,0,-5,-0.5887337057728119,-0.46464646464646464,-0.03814102564102567,0.045299145299145305,0.523248143764548,-77.12411545623836,-0.18585858585858583,-18326.899999999998
1368,316,2025-12-12,Nuke,1,-1,228.0,-0.6,37.299999999999955,0,-4,-0.15544285882769193,-0.6000000000000001,-0.04511278195488716,-0.022869674185463706,0.09531017980432521,-35.44097181271376,0.36000000000000004,8504.39999999999
1370,1542,2025-12-12,Inferno,0,-1,37.0,0.6000000000000001,16.8,0,3,-1.5384615384615383,-2.0,-0.18749999999999994,0.3125,0.4054651081081645,-56.92307692307692,-1.2000000000000002,621.6
1379,1545,2025-12-12,Default,0,-1,0.0,-0.6428571428571428,39.75,0,-8,-1.2702702702702702,-1.3333333333333333,-0.026041666666666668,0.026041666666666664,-1.5040773967762742,-0.0,0.857142857142857,0.0
1372,1542,2025-12-12,Mirage,0,1,37.0,0.6000000000000001,16.8,0,3,1.2680115273775217,1.4782608695652173,0.13677536231884058,-0.13858695652173908,2.0583881324820035,46.9164265129683,0.8869565217391305,621.6
1373,1543,2025-12-12,Overpass,0,1,0.0,0.34426229508196726,0.0,0,-9,0.9261744966442953,1.1,0.05269607843137253,-0.004901960784313708,-2.862200880929468,0.0,0.378688524590164,0.0
1374,1543,2025-12-12,Train,0,1,0.0,0.34426229508196726,0.0,0,-9,1.4130434782608696,1.4545454545454546,0.14166666666666666,-0.10694444444444445,-2.740840023925201,0.0,0.5007451564828614,0.0
1375,1544,2025-12-12,Train,0,1,0.0,0.4903225806451613,-13.29032258064516,0,0,0.7100591715976332,1.1111111111111112,0.0,0.026515151515151547,2.0368819272610397,0.0,0.5448028673835126,-0.0
1376,1544,2025-12-12,Mirage,0,-1,0.0,0.4903225806451613,-13.29032258064516,0,0,-0.4534518828451883,-1.0,-0.012012012012011963,0.09459459459459457,2.251291798606495,-0.0,-0.4903225806451613,-0.0
1377,1544,2025-12-12,Overpass,0,1,0.0,0.4903225806451613,-13.29032258064516,0,0,0.3018018018018018,0.3333333333333333,-0.016493055555555636,0.015625,1.4469189829363256,0.0,0.16344086021505377,-0.0
1378,1545,2025-12-12,Inferno,0,-1,0.0,-0.6428571428571428,39.75,0,-8,-1.0893371757925072,-1.0476190476190477,-0.13068181818181818,0.11363636363636359,-2.7080502011022096,-0.0,0.673469387755102,0.0
1371,1542,2025-12-12,Train,0,1,37.0,0.6000000000000001,16.8,0,3,0.536470588235294,1.6666666666666665,0.028273809523809534,-0.017857142857142905,1.7578579175523739,19.84941176470588,1.0,621.6
1355,313,2025-12-13,Ancient,1,-1,-206.0,0.6,-168.89999999999998,0,0,-0.4782608695652173,-1.2698412698412698,-0.036131239935587756,0.05766908212560384,0.2336148511815055,98.52173913043477,-0.7619047619047619,34793.399999999994
1357,313,2025-12-13,Inferno,1,1,-206.0,0.6,-168.89999999999998,0,0,0.32203162690967563,0.8282828282828283,-0.03254159957058517,-0.046967257112184635,-0.15415067982725805,-66.33851514339318,0.49696969696969695,34793.399999999994
1358,314,2025-12-13,Mirage,1,-1,-635.0,-0.19999999999999996,250.8,0,-1,-0.519409282700422,-1.3333333333333333,-0.01849856321839083,0.0625,-0.1823215567939549,329.82489451476795,0.2666666666666666,-159258.0
1356,313,2025-12-13,Nuke,1,1,-206.0,0.6,-168.89999999999998,0,0,0.377002905770029,0.4,0.09780701754385973,0.023574561403508776,0.04879016416943216,-77.66259858862597,0.24,34793.399999999994
1360,1540,2025-12-13,Dust2,0,1,0.0,-0.6000000000000001,14.8,0,1,0.927536231884058,0.8333333333333334,0.0704022988505747,-0.04454022988505746,-2.70805020110221,0.0,-0.5000000000000001,0.0
1361,1540,2025-12-13,Mirage,0,-1,0.0,-0.6000000000000001,14.8,0,1,-0.7048192771084337,-0.5769230769230769,-0.11239035087719296,0.04002192982456143,-2.054123733695546,-0.0,0.3461538461538462,0.0
1362,1540,2025-12-13,Train,0,-1,0.0,-0.6000000000000001,14.8,0,1,-1.2045454545454546,-1.1111111111111112,-0.21799516908212557,0.11775362318840571,-1.7917594692280552,-0.0,0.6666666666666667,0.0
1363,1541,2025-12-13,Train,0,1,-37.0,1.0,-2.0,0,-4,0.7047619047619049,0.46153846153846156,0.02298850574712641,-0.1839080459770115,-2.70805020110221,-26.076190476190483,0.46153846153846156,74.0
1364,1541,2025-12-13,Ancient,0,1,-37.0,1.0,-2.0,0,-4,0.6818181818181819,0.5882352941176471,0.07261904761904753,0.03214285714285714,-2.8903717578961645,-25.22727272727273,0.5882352941176471,74.0
1359,314,2025-12-13,Dust2,1,-1,-635.0,-0.19999999999999996,250.8,0,-1,-0.39497887148893845,-0.55,-0.008001207729468662,0.05563103864734298,0.04082199452025481,250.8115833954759,0.10999999999999999,-159258.0
1345,312,2025-12-14,Nuke,1,-1,776.0,0.6000000000000001,-315.8,0,-2,-0.049922816697868355,-0.6,-0.0006157635467980427,-0.025862068965517238,0.3101549283038394,-38.74010575754584,-0.36000000000000004,-245060.80000000002
1346,312,2025-12-14,Dust2,1,1,776.0,0.6000000000000001,-315.8,0,-2,0.7106918238993711,0.9777777777777779,0.07091346153846151,-0.08733974358974361,-0.07696104113612856,551.496855345912,0.5866666666666668,-245060.80000000002
1347,312,2025-12-14,Inferno,1,1,776.0,0.6000000000000001,-315.8,0,-2,0.23348325837081466,-0.015384615384615385,0.023516414141414144,-0.05744949494949497,0.307484699747961,181.18300849575218,-0.009230769230769233,-245060.80000000002
1348,312,2025-12-14,Overpass,1,1,776.0,0.6000000000000001,-315.8,0,-2,0.7039464509831266,0.45,0.09706439393939398,-0.14914772727272735,0.2876820724517808,546.2624459629062,0.2700000000000001,-245060.80000000002
1350,1538,2025-12-14,Mirage,0,1,0.0,-0.2,14.8,0,-2,0.8416988416988417,1.0,0.10897435897435892,-0.05769230769230771,-2.995732273553991,0.0,-0.2,0.0
1351,1538,2025-12-14,Train,0,-1,0.0,-0.2,14.8,0,-2,-0.2677595628415301,-0.3333333333333333,0.015625,-0.02951388888888895,-2.120263536200091,-0.0,0.06666666666666667,0.0
1352,1539,2025-12-14,Ancient,0,1,0.0,-0.6000000000000001,14.0,0,-3,0.6381599259030566,2.0,0.02658371040723978,-0.03129713423831065,-0.2513144282809061,0.0,-1.2000000000000002,0.0
1353,1539,2025-12-14,Overpass,0,-1,0.0,-0.6000000000000001,14.0,0,-3,-1.3371080139372822,-1.7142857142857144,-0.06898148148148142,0.14537037037037043,-1.1526795099383853,-0.0,1.0285714285714287,0.0
1354,1539,2025-12-14,Dust2,0,-1,0.0,-0.6000000000000001,14.0,0,-3,-0.4726667520163872,-0.5,-0.11250000000000004,0.03194444444444444,-0.8690378470236095,-0.0,0.30000000000000004,0.0
1349,1538,2025-12-14,Overpass,0,-1,0.0,-0.2,14.8,0,-2,-1.6785714285714286,-1.7142857142857144,-0.12731481481481477,0.16203703703703703,-2.251291798606495,-0.0,0.3428571428571429,0.0
1344,1537,2025-12-16,Mirage,0,1,0.0,0.8,22.2,0,-7,0.15226593625498008,0.4857142857142857,0.08102918586789559,0.0875576036866359,-1.3862943611198908,0.0,0.38857142857142857,0.0
1343,1537,2025-12-16,Inferno,0,1,0.0,0.8,22.2,0,-7,0.9212827988338192,0.9,0.09907407407407415,0.041666666666666685,-2.4423470353692043,0.0,0.7200000000000001,0.0
1342,1536,2025-12-16,Overpass,0,-1,0.0,-0.6,0.0,0,4,0.250936329588015,0.26666666666666666,-0.020467836257309968,-0.0007309941520468044,1.6094379124341003,0.0,-0.16,0.0
1341,1536,2025-12-16,Mirage,0,-1,0.0,-0.6,0.0,0,4,0.2061507265968232,-0.39999999999999997,0.08333333333333331,-0.09687500000000004,1.921812597476253,0.0,0.23999999999999996,0.0
1337,310,2025-12-18,Train,1,1,0.0,0.3454545454545454,36.4,0,0,1.3741007194244603,1.4,0.2623106060606061,-0.11079545454545447,3.1135153092103742,0.0,0.48363636363636353,0.0
1336,310,2025-12-18,Dust2,1,-1,0.0,0.3454545454545454,36.4,0,0,-0.2064107079957732,-1.4285714285714286,-0.06410256410256404,-0.10096153846153844,2.197224577336219,-0.0,-0.49350649350649345,0.0
1339,311,2025-12-18,Ancient,1,1,0.0,1.4,-26.114942528735625,0,0,1.2013201320132012,1.3333333333333333,0.1002777777777778,-0.09749999999999998,2.5455312716044354,0.0,1.8666666666666665,-0.0
1338,310,2025-12-18,Inferno,1,1,0.0,0.3454545454545454,36.4,0,0,1.0823529411764705,1.0,0.11378205128205127,-0.1506410256410256,2.6026896854443837,0.0,0.3454545454545454,0.0
1340,311,2025-12-18,Dust2,1,1,0.0,1.4,-26.114942528735625,0,0,1.3333333333333335,1.3333333333333333,0.3026960784313726,-0.12908496732026137,2.852631429913318,0.0,1.8666666666666665,-0.0
1325,305,2025-12-19,Inferno,1,1,0.0,-0.012765957446808529,38.87234042553193,0,-1,1.0,1.0,0.14583333333333337,-0.14583333333333331,-0.2876820724517808,0.0,-0.012765957446808529,0.0
1320,303,2025-12-19,Mirage,1,-1,0.0,-0.41276595744680855,77.87234042553193,0,-2,-1.0416666666666667,-1.0,-0.053240740740740755,0.06828703703703703,-2.917770732084279,-0.0,0.41276595744680855,0.0
1321,303,2025-12-19,Train,1,-1,0.0,-0.41276595744680855,77.87234042553193,0,-2,-1.37012987012987,-1.3846153846153846,-0.34308510638297873,0.11524822695035458,-3.1780538303479458,-0.0,0.5715220949263503,0.0
1322,304,2025-12-19,Dust2,1,1,0.0,-0.8666666666666667,0.0,0,-3,1.1336898395721926,1.5555555555555556,0.3095238095238095,0.2514880952380953,-2.6741486494265287,0.0,-1.3481481481481483,0.0
1323,304,2025-12-19,Mirage,1,-1,0.0,-0.8666666666666667,0.0,0,-3,-1.0416666666666667,-1.0,0.009259259259259245,0.13078703703703703,-2.512305623976115,-0.0,0.8666666666666667,0.0
1324,304,2025-12-19,Train,1,-1,0.0,-0.8666666666666667,0.0,0,-3,-1.37012987012987,-1.3846153846153846,-0.13475177304964536,0.11524822695035458,-3.1780538303479458,-0.0,1.2,0.0
1326,305,2025-12-19,Dust2,1,-1,0.0,-0.012765957446808529,38.87234042553193,0,-1,-0.49075630252100866,-1.2941176470588236,-0.2181603773584906,0.071933962264151,-2.8903717578961645,-0.0,0.016520650813516922,0.0
1327,305,2025-12-19,Ancient,1,1,0.0,-0.012765957446808529,38.87234042553193,0,-1,0.8258064516129032,0.6666666666666667,0.05310457516339867,0.012254901960784326,-2.852631429913318,0.0,-0.008510638297872354,0.0
1329,306,2025-12-19,Ancient,1,-1,0.0,0.5333333333333333,0.0,0,4,-1.161290322580645,-1.25,-0.07936507936507936,0.08730158730158727,2.3978952727983707,-0.0,-0.6666666666666666,0.0
1330,306,2025-12-19,Train,1,1,0.0,0.5333333333333333,0.0,0,4,1.2142857142857144,2.0,0.3205128205128205,-0.16987179487179482,1.945910149055313,0.0,1.0666666666666667,0.0
1331,307,2025-12-19,Nuke,1,-1,0.0,-1.2,39.0,0,2,-1.0319634703196348,-0.8888888888888888,-0.08680555555555552,0.043981481481481455,2.917770732084279,-0.0,1.0666666666666667,0.0
1332,307,2025-12-19,Dust2,1,-1,0.0,-1.2,39.0,0,2,-0.6857142857142855,-0.7058823529411764,-0.05267295597484273,0.03223270440251569,3.295836866004329,-0.0,0.8470588235294116,0.0
1333,308,2025-12-19,Dust2,1,1,0.0,0.2878048780487805,107.6219512195122,0,-3,0.005484711367064299,1.5555555555555556,-0.09672619047619047,0.03273809523809523,-1.1700712526502546,0.0,0.4476964769647697,0.0
1334,308,2025-12-19,Train,1,1,0.0,0.2878048780487805,107.6219512195122,0,-3,0.06737012987012991,0.6153846153846154,-0.023640661938534258,0.122192671394799,-1.925290861852578,0.0,0.17711069418386494,0.0
1335,309,2025-12-19,Ancient,1,1,0.0,1.2,0.0,0,4,0.8387096774193549,0.75,0.37896825396825395,-0.037698412698412676,2.3978952727983707,0.0,0.8999999999999999,0.0
1328,306,2025-12-19,Nuke,1,1,0.0,0.5333333333333333,0.0,0,4,1.291005291005291,1.0,0.3983333333333333,-0.12,2.5649493574615367,0.0,0.5333333333333333,0.0
1310,299,2025-12-20,Ancient,1,-1,189.0,0.0,-135.4,0,2,-0.15172413793103448,-0.14285714285714285,0.034722222222222265,-0.015625,1.021651247531981,-28.675862068965518,-0.0,-25590.600000000002
1311,300,2025-12-20,Mirage,1,-1,0.0,0.6,0.0,0,-4,-1.0546875,-1.0,-0.25877192982456143,0.07346491228070173,-2.970414465569701,-0.0,-0.6,0.0
1309,299,2025-12-20,Nuke,1,-1,189.0,0.0,-135.4,0,2,0.03665947202390832,0.05263157894736842,-0.031009615384615385,0.03076923076923077,1.0745147370890495,6.928640212518673,0.0,-25590.600000000002
1312,300,2025-12-20,Inferno,1,1,0.0,0.6,0.0,0,-4,0.9032258064516129,1.0,0.09077380952380948,0.06398809523809523,-2.6741486494265287,0.0,0.6,0.0
1315,302,2025-12-20,Mirage,1,-1,0.0,0.6,0.0,0,5,-0.9453125,-1.0,-0.07456140350877188,0.1765350877192982,2.970414465569701,-0.0,-0.6,0.0
1314,301,2025-12-20,Train,1,1,244.0,0.8,-142.6,0,2,0.888888888888889,0.8,0.3685897435897436,-0.12179487179487175,1.945910149055313,216.8888888888889,0.6400000000000001,-34794.4
1318,1535,2025-12-20,Dust2,0,1,53.0,1.2,-53.0,0,0,1.1737089201877935,1.0,0.3089080459770115,-0.15086206896551724,2.70805020110221,62.206572769953056,1.2,-2809.0
1317,302,2025-12-20,Train,1,1,0.0,0.6,0.0,0,5,1.4,1.4285714285714286,0.052083333333333315,-0.11458333333333331,3.198673117550681,0.0,0.8571428571428571,0.0
1313,300,2025-12-20,Ancient,1,1,0.0,0.6,0.0,0,-4,0.9130434782608695,0.6,0.07291666666666663,-0.043981481481481455,-2.917770732084279,0.0,0.36,0.0
1319,1535,2025-12-20,Ancient,0,1,53.0,1.2,-53.0,0,0,1.0892857142857142,1.0769230769230769,0.3626543209876544,-0.11265432098765432,2.6390573296152584,57.732142857142854,1.2923076923076922,-2809.0
1316,302,2025-12-20,Inferno,1,1,0.0,0.6,0.0,0,5,1.096774193548387,1.0,0.11755952380952384,-0.14732142857142855,2.6741486494265287,0.0,0.6,0.0
1308,1534,2025-12-21,Nuke,0,-1,0.0,-0.6,-21.0,0,5,-0.9,-1.0,-0.04583333333333328,0.16527777777777775,2.740840023925201,-0.0,0.6,-0.0
1307,1534,2025-12-21,Overpass,0,-1,0.0,-0.6,-21.0,0,5,-0.293598233995585,-0.49122807017543857,0.0896825396825397,0.10436507936507933,2.197224577336219,-0.0,0.29473684210526313,-0.0
1306,1533,2025-12-21,Nuke,0,1,53.0,1.4,-52.99999999999999,0,1,1.3309859154929577,1.4285714285714286,0.05263157894736842,-0.13706140350877188,2.970414465569701,70.54225352112677,2.0,-2808.9999999999995
1305,1533,2025-12-21,Dust2,0,1,53.0,1.4,-52.99999999999999,0,1,1.1963470319634704,1.0909090909090908,0.2694444444444445,-0.15694444444444444,2.740840023925201,63.40639269406393,1.5272727272727271,-2808.9999999999995
1304,298,2025-12-21,Ancient,1,1,244.0,0.8,-233.0,0,4,1.0424242424242425,0.8888888888888888,0.24839743589743588,-0.1474358974358974,2.6026896854443837,254.35151515151517,0.7111111111111111,-56852.0
1302,297,2025-12-21,Nuke,1,1,0.0,1.4,11.0,0,6,1.3266331658291457,1.0909090909090908,0.35737179487179493,-0.12980769230769224,2.6026896854443837,0.0,1.5272727272727271,0.0
1301,297,2025-12-21,Dust2,1,1,0.0,1.4,11.0,0,6,1.0444444444444445,1.0,0.17361111111111105,-0.1284722222222222,1.8718021769015913,0.0,1.4,0.0
1300,296,2025-12-21,Inferno,1,1,-244.0,0.2,64.3,0,-3,0.11522842639593911,0.3666666666666667,-0.031084656084656104,-0.08046737213403882,-1.252762968495368,-28.115736040609143,0.07333333333333335,-15689.199999999999
1299,296,2025-12-21,Ancient,1,1,-244.0,0.2,64.3,0,-3,0.9575757575757576,1.1111111111111112,0.08493589743589741,-0.11089743589743589,-1.5040773967762742,-233.64848484848486,0.22222222222222224,-15689.199999999999
1298,295,2025-12-21,Train,1,1,0.0,0.4,-64.3,0,5,0.34380863039399623,0.6,-0.08611111111111108,-0.03888888888888892,0.9808292530117262,0.0,0.24,-0.0
1297,295,2025-12-21,Inferno,1,1,0.0,0.4,-64.3,0,5,0.13684210526315788,0.55,0.0357142857142857,0.014880952380952384,0.9650808960435873,0.0,0.22000000000000003,-0.0
1296,294,2025-12-21,Overpass,1,-1,-55.0,0.6000000000000001,-179.0,0,5,-1.6585365853658536,-2.0,-0.125,0.1375,0.15415067982725827,91.21951219512195,-1.2000000000000002,9845.0
1295,294,2025-12-21,Train,1,-1,-55.0,0.6000000000000001,-179.0,0,5,0.2930769230769231,0.9333333333333333,-0.053968253968254,-0.051984126984126966,0.06453852113757108,-16.11923076923077,0.56,9845.0
1303,298,2025-12-21,Mirage,1,1,244.0,0.8,-233.0,0,4,0.8969072164948454,0.9090909090909091,0.10185185185185186,-0.10493827160493824,2.6390573296152584,218.84536082474227,0.7272727272727273,-56852.0
1292,1532,2025-12-22,Nuke,0,-1,-53.0,-1.3058823529411765,31.799999999999994,0,-2,-0.9021285933728331,-1.4666666666666668,-0.08573717948717952,0.032585470085470136,-2.079441541679836,47.812815448760155,1.915294117647059,-1685.3999999999996
1294,1532,2025-12-22,Ancient,0,-1,-53.0,-1.3058823529411765,31.799999999999994,0,-2,-0.30467571644042235,-1.1428571428571428,0.029761904761904767,-0.1160714285714286,-2.2686835413183646,16.147812971342386,1.492436974789916,-1685.3999999999996
1293,1532,2025-12-22,Overpass,0,-1,-53.0,-1.3058823529411765,31.799999999999994,0,-2,-1.0804597701149425,-1.0,-0.12962962962962965,0.07870370370370366,-1.6094379124341005,57.264367816091955,1.3058823529411765,-1685.3999999999996
1291,293,2026-01-03,Mirage,1,1,37.0,1.2,-17.5,0,1,1.3154761904761907,1.7647058823529411,-0.10904255319148942,-0.25975177304964536,3.1780538303479458,48.67261904761906,2.1176470588235294,-647.5
1290,293,2026-01-03,Dust2,1,1,37.0,1.2,-17.5,0,1,1.0875,1.0,0.10737179487179488,-0.07211538461538453,2.6026896854443837,40.2375,1.2,-647.5
1289,292,2026-01-03,Ancient,1,-1,-37.0,-1.2,17.5,0,-1,-1.3281853281853282,-1.3846153846153846,-0.01273148148148151,0.11458333333333331,-2.917770732084279,49.142857142857146,1.6615384615384614,-647.5
1288,292,2026-01-03,Dust2,1,-1,-37.0,-1.2,17.5,0,-1,-1.0875,-1.0,-0.14903846153846156,0.07211538461538453,-2.6026896854443837,40.2375,1.2,-647.5
1287,290,2026-01-03,Train,1,-1,0.0,0.2,-70.0,0,-2,0.20930232558139533,-1.0,-0.031250000000000056,-0.0798611111111111,0.6190392084062235,0.0,-0.2,-0.0
1286,290,2026-01-03,Nuke,1,-1,0.0,0.2,-70.0,0,-2,0.04867554121285464,-1.0,0.019675925925925875,-0.044212962962962954,0.7419373447293771,0.0,-0.2,-0.0
1269,280,2026-01-04,Dust2,1,1,2.0,1.3938144329896907,-322.7577319587629,0,2,0.5427350427350428,1.25,0.14285714285714285,-0.009672619047619069,1.1700712526502546,1.0854700854700856,1.7422680412371134,-645.5154639175258
1268,280,2026-01-04,Train,1,1,2.0,1.3938144329896907,-322.7577319587629,0,2,0.7785111844517785,1.5,0.0888888888888889,-0.05416666666666664,2.0476928433652555,1.557022368903557,2.0907216494845358,-645.5154639175258
1267,279,2026-01-04,Train,1,1,0.0,-0.2,0.0,0,-3,-0.08333333333333334,1.0,-0.0336538461538462,0.05248397435897434,-0.44183275227903884,-0.0,-0.2,0.0
1266,279,2026-01-04,Inferno,1,-1,0.0,-0.2,0.0,0,-3,-1.2333333333333332,-2.0,-0.017045454545454475,0.1628787878787878,-1.1895840668738364,-0.0,0.4,0.0
1265,279,2026-01-04,Dust2,1,1,0.0,-0.2,0.0,0,-3,-0.087621359223301,0.3333333333333333,0.006578947368421018,0.0315452091767881,-0.35667494393873245,-0.0,-0.06666666666666667,0.0
1261,277,2026-01-04,Inferno,1,1,-23.0,0.03711340206185565,-3.5309278350515427,0,-3,-0.1682512244309997,-0.3333333333333333,0.020833333333333315,0.01709401709401709,-1.349926716949016,3.8697781619129934,-0.01237113402061855,81.21134020618548
1263,278,2026-01-04,Dust2,1,-1,75.0,0.3590909090909091,21.93181818181818,0,3,-0.16834050693448113,-1.3333333333333333,0.008333333333333304,-0.0006944444444444975,1.1631508098056809,-12.625538020086085,-0.4787878787878788,1644.8863636363635
1262,278,2026-01-04,Train,1,1,75.0,0.3590909090909091,21.93181818181818,0,3,-0.05154639175257729,0.2,-0.13690476190476192,0.008928571428571397,1.6094379124341003,-3.865979381443297,0.07181818181818182,1644.8863636363635
1270,281,2026-01-04,Dust2,1,1,244.0,1.6,-244.0,0,6,0.44660194174757295,0.6666666666666667,0.25,-0.00694444444444442,2.251291798606495,108.9708737864078,1.0666666666666669,-59536.0
1260,277,2026-01-04,Dust2,1,1,-23.0,0.03711340206185565,-3.5309278350515427,0,-3,0.13472706155632988,0.8333333333333333,0.0009259259259258856,-0.03981481481481475,-0.47000362924573524,-3.0987224157955873,0.030927835051546372,81.21134020618548
1264,278,2026-01-04,Nuke,1,1,75.0,0.3590909090909091,21.93181818181818,0,3,0.4807692307692308,1.3333333333333333,0.03205128205128205,-0.03311965811965817,1.9095425048844386,36.05769230769231,0.4787878787878788,1644.8863636363635
1271,282,2026-01-04,Ancient,1,1,244.0,0.26666666666666666,-40.666666666666664,0,6,0.11731843575418993,-0.1111111111111111,-0.011904761904761973,-0.07738095238095244,2.2686835413183646,28.625698324022345,-0.029629629629629627,-9922.666666666666
1283,289,2026-01-04,Mirage,1,-1,0.0,-1.2,37.5,0,-2,-1.8636363636363638,-2.0,-0.28472222222222227,0.18055555555555552,-1.252762968495368,-0.0,2.4,0.0
1273,283,2026-01-04,Mirage,1,-1,2.0,1.3938144329896907,-322.7577319587629,0,2,-0.05587668593448947,-0.33333333333333337,-0.0071180555555556135,0.02638888888888896,2.1000608288825715,-0.11175337186897893,-0.4646048109965636,-645.5154639175258
1284,291,2026-01-04,Inferno,1,1,75.0,1.2,10.0,0,2,0.9887640449438202,1.0,0.27083333333333337,-0.10737179487179482,2.6026896854443837,74.15730337078651,1.2,750.0
1285,291,2026-01-04,Nuke,1,1,75.0,1.2,10.0,0,2,1.064102564102564,1.3333333333333333,0.19871794871794873,-0.10256410256410253,2.6026896854443837,79.8076923076923,1.5999999999999999,750.0
1281,288,2026-01-04,Inferno,1,1,75.0,0.4,-16.299999999999997,0,-1,0.045906902086677345,0.0,0.010416666666666685,0.03325320512820512,1.0986122886681096,3.443017656500801,0.0,-1222.4999999999998
1280,288,2026-01-04,Ancient,1,1,75.0,0.4,-16.299999999999997,0,-1,-0.6603988603988604,-0.8333333333333333,-0.0797101449275362,0.0920893719806763,1.2321436812926325,-49.529914529914535,-0.3333333333333333,-1222.4999999999998
1279,287,2026-01-04,Nuke,1,1,0.0,0.4,-63.8,0,-1,0.2621015348288075,0.2,0.017857142857142905,-0.056746031746031766,0.6931471805599454,0.0,0.08000000000000002,-0.0
1282,289,2026-01-04,Overpass,1,-1,0.0,-1.2,37.5,0,-2,-1.3587786259541985,-2.0,-0.2549019607843137,0.1446078431372549,-2.197224577336219,-0.0,2.4,0.0
1277,286,2026-01-04,Ancient,1,1,244.0,1.4352941176470588,-28.705882352941178,0,6,1.1173184357541899,0.8888888888888888,-0.11607142857142866,-0.2648809523809524,2.6741486494265287,272.6256983240223,1.2758169934640522,-7004.235294117648
1276,285,2026-01-04,Nuke,1,1,244.0,1.6,-244.0,0,6,1.2236024844720497,1.125,0.21329365079365076,-0.12103174603174599,3.068052935133617,298.55900621118013,1.8,-59536.0
1275,284,2026-01-04,Nuke,1,1,244.0,1.1483870967741936,-107.16129032258064,0,6,1.2236024844720497,1.125,0.04662698412698407,-0.12103174603174599,3.068052935133617,298.55900621118013,1.2919354838709678,-26147.354838709678
1274,283,2026-01-04,Ancient,1,1,2.0,1.3938144329896907,-322.7577319587629,0,2,0.26225076039202433,1.4285714285714286,-0.08295795795795796,-0.016891891891891886,1.6916760106710724,0.5245015207840487,1.9911634756995582,-645.5154639175258
1278,287,2026-01-04,Mirage,1,1,0.0,0.4,-63.8,0,-1,1.8636363636363638,2.0,0.29861111111111116,-0.22222222222222227,0.5596157879354227,0.0,0.8,-0.0
1272,283,2026-01-04,Dust2,1,1,2.0,1.3938144329896907,-322.7577319587629,0,2,0.5427350427350428,1.25,0.14285714285714285,-0.009672619047619069,1.1700712526502546,1.0854700854700856,1.7422680412371134,-645.5154639175258
1259,276,2026-01-05,Inferno,1,1,75.0,0.6000000000000001,-78.69999999999999,0,4,0.6916759985069055,1.1111111111111112,0.06172839506172845,-0.05555555555555558,1.029619417181158,51.87569988801791,0.6666666666666667,-5902.499999999999
1258,276,2026-01-05,Mirage,1,1,75.0,0.6000000000000001,-78.69999999999999,0,4,-0.6074074074074073,0.6666666666666667,-0.08039529914529914,0.013354700854700807,0.07410797215372167,-45.55555555555554,0.4000000000000001,-5902.499999999999
1257,275,2026-01-05,Ancient,1,-1,244.0,0.3891891891891892,-65.94594594594594,0,6,-0.8944723618090452,-1.0909090909090908,-0.5569444444444445,-0.4958333333333333,2.740840023925201,-218.25125628140702,-0.4245700245700246,-16090.810810810808
1256,275,2026-01-05,Train,1,-1,244.0,0.3891891891891892,-65.94594594594594,0,6,-0.17525773195876282,-0.2,-0.008928571428571397,-0.05059523809523808,1.6094379124341003,-42.76288659793813,-0.07783783783783785,-16090.810810810808
1255,274,2026-01-05,Mirage,1,-1,244.0,-0.22857142857142854,-209.14285714285714,0,6,-1.1692307692307693,-1.3333333333333333,-0.10863095238095238,0.06547619047619047,2.6741486494265287,-285.2923076923077,0.3047619047619047,-51030.857142857145
1254,274,2026-01-05,Ancient,1,1,244.0,-0.22857142857142854,-209.14285714285714,0,6,0.10552763819095475,-0.09090909090909091,0.04722222222222222,-0.07916666666666666,2.3353749158170363,25.74874371859296,0.020779220779220776,-51030.857142857145
1253,274,2026-01-05,Dust2,1,-1,244.0,-0.22857142857142854,-209.14285714285714,0,6,-1.5929203539823007,-1.5,-0.12499999999999994,0.18092105263157893,1.897119984885881,-388.67256637168134,0.3428571428571428,-51030.857142857145
1251,1531,2026-01-09,Mirage,0,1,0.0,0.8,0.0,0,0,1.042372881355932,0.75,0.06510416666666669,-0.14192708333333331,2.803360380906535,0.0,0.6000000000000001,0.0
1252,1531,2026-01-09,Overpass,0,1,0.0,0.8,0.0,0,0,1.0681003584229392,0.6666666666666667,0.31365740740740744,-0.08449074074074076,2.917770732084279,0.0,0.5333333333333334,0.0
1249,1530,2026-01-12,Nuke,0,1,0.0,0.1333333333333333,0.0,0,1,1.1,0.9230769230769231,0.08064516129032256,-0.08602150537634407,2.772588722239781,0.0,0.12307692307692306,0.0
1248,1530,2026-01-12,Mirage,0,-1,0.0,0.1333333333333333,0.0,0,1,-1.0,-1.3333333333333333,-0.10732323232323232,0.15404040404040403,2.833213344056216,-0.0,-0.17777777777777773,0.0
1250,1530,2026-01-12,Anubis,0,1,0.0,0.1333333333333333,0.0,0,1,1.52,2.0,0.20833333333333331,-0.18055555555555552,1.252762968495368,0.0,0.2666666666666666,0.0
1240,1527,2026-01-13,Mirage,0,1,0.0,1.2,0.0,0,2,1.0390625,0.8,0.1875,-0.14215686274509803,2.862200880929468,0.0,0.96,0.0
1242,1528,2026-01-13,Mirage,0,1,-244.0,-0.2,73.2,0,-7,0.2960706670727992,0.4,0.03687739463601536,0.020741231948128547,0.2876820724517808,-72.241242765763,-0.08000000000000002,-17860.8
1241,1527,2026-01-13,Ancient,0,1,0.0,1.2,0.0,0,2,1.04,2.0,0.2361111111111111,-0.00694444444444442,1.252762968495368,0.0,2.4,0.0
1244,1528,2026-01-13,Ancient,0,-1,-244.0,-0.2,73.2,0,-7,-0.11748930759449769,-0.5,-0.02597355419936065,0.05020342923568738,0.17185025692665912,28.667391053057436,0.1,-17860.8
1245,1529,2026-01-13,Ancient,0,-1,-224.0,0.8,-450.7,0,0,0.11049284578696345,0.8333333333333333,0.00520833333333337,-0.01041666666666663,-1.6094379124341003,-24.750397456279813,0.6666666666666666,100956.8
1246,1529,2026-01-13,Mirage,0,1,-224.0,0.8,-450.7,0,0,0.22080307934563909,0.34285714285714286,0.08159722222222227,-0.03819444444444442,-1.021651247531981,-49.45988977342316,0.2742857142857143,100956.8
1247,1529,2026-01-13,Inferno,0,1,-224.0,0.8,-450.7,0,0,0.8950276243093923,0.8,0.10625000000000001,-0.014583333333333337,-1.6486586255873819,-200.48618784530387,0.6400000000000001,100956.8
1243,1528,2026-01-13,Overpass,0,-1,-244.0,-0.2,73.2,0,-7,-0.14795180722891568,-2.0,0.00407925407925408,0.006701631701631683,0.15415067982725805,36.10024096385543,0.4,-17860.8
1230,1523,2026-01-14,Overpass,0,-1,-1000.0,-1.0,302.40000000000003,0,0,-0.2400000000000001,-0.3333333333333333,0.00347222222222221,0.09490740740740744,-0.26236426446749084,240.0000000000001,0.3333333333333333,-302400.00000000006
1226,272,2026-01-14,Inferno,1,1,0.0,1.0,138.1,0,0,1.103448275862069,0.5,0.2438271604938271,-0.12654320987654316,2.6390573296152584,0.0,0.5,0.0
1227,272,2026-01-14,Mirage,1,1,0.0,1.0,138.1,0,0,1.3031674208144797,1.1111111111111112,0.10416666666666669,-0.14583333333333331,2.862200880929468,0.0,1.1111111111111112,0.0
1228,273,2026-01-14,Inferno,1,1,0.0,-0.05934065934065941,45.27912087912088,0,0,0.7831932773109243,-0.3333333333333333,0.16666666666666663,-0.07552083333333337,1.2237754316221159,0.0,0.0197802197802198,0.0
1229,273,2026-01-14,Anubis,1,1,0.0,-0.05934065934065941,45.27912087912088,0,0,1.3513513513513513,2.0,0.07916666666666672,-0.09166666666666662,1.7047480922384253,0.0,-0.11868131868131881,0.0
1231,1523,2026-01-14,Dust2,0,-1,-1000.0,-1.0,302.40000000000003,0,0,-1.1125356125356123,-1.7142857142857144,-0.10404761904761911,0.18396825396825395,-0.16705408466316607,1112.5356125356122,1.7142857142857144,-302400.00000000006
1239,1526,2026-01-14,Inferno,0,-1,-33.0,-0.2,102.3,0,-5,-0.3273145485911442,-0.16666666666666669,0.009226190476190443,0.03492063492063496,0.06669137449867213,10.801380103507759,0.03333333333333334,-3375.9
1233,1524,2026-01-14,Mirage,0,1,-381.0,0.2151898734177215,-93.40886075949368,0,0,-0.3731525423728812,0.2857142857142857,-0.06041666666666662,0.06041666666666662,-0.8472978603872034,142.17111864406775,0.06148282097649185,35588.77594936709
1234,1524,2026-01-14,Dust2,0,1,-381.0,0.2151898734177215,-93.40886075949368,0,0,0.8253968253968254,0.6666666666666667,0.1291666666666666,-0.12083333333333335,-1.7047480922384253,-314.4761904761905,0.14345991561181434,35588.77594936709
1235,1525,2026-01-14,Nuke,0,-1,-72.0,-0.4,-31.900000000000006,0,1,0.17525773195876282,0.5,-0.14027777777777778,0.001388888888888884,-1.6739764335716714,-12.618556701030922,-0.2,2296.8
1236,1525,2026-01-14,Mirage,0,-1,-72.0,-0.4,-31.900000000000006,0,1,-1.0985915492957747,-1.2,-0.22916666666666669,0.0766666666666666,-2.1594842493533726,79.09859154929578,0.48,2296.8
1237,1526,2026-01-14,Dust2,0,1,-33.0,-0.2,102.3,0,-5,0.3487090780959703,0.42857142857142855,0.08031250000000001,-0.028958333333333364,1.0986122886681096,-11.50739957716702,-0.08571428571428572,-3375.9
1238,1526,2026-01-14,Mirage,0,-1,-33.0,-0.2,102.3,0,-5,-0.018587360594795554,-1.5,0.05715294592413239,-0.007465698143664268,1.3862943611198904,0.6133828996282533,0.30000000000000004,-3375.9
1232,1524,2026-01-14,Nuke,0,-1,-381.0,0.2151898734177215,-93.40886075949368,0,0,-0.1651186790505676,-0.5714285714285714,0.00833333333333336,0.10416666666666663,-1.252762968495368,62.910216718266255,-0.1229656419529837,35588.77594936709
1220,1521,2026-01-15,Nuke,0,-1,-15.0,0.2,-15.599999999999994,0,0,0.15497737556561084,-0.2,0.07400793650793647,-0.07301587301587309,-0.06453852113757108,-2.3246606334841626,-0.04000000000000001,233.99999999999991
1221,1521,2026-01-15,Mirage,0,1,-15.0,0.2,-15.599999999999994,0,0,0.07376788553259148,0.8888888888888888,-0.0625,-0.01762820512820512,-2.197224577336219,-1.1065182829888722,0.17777777777777778,233.99999999999991
1222,1521,2026-01-15,Ancient,0,-1,-15.0,0.2,-15.599999999999994,0,0,-0.5041322314049586,-0.8333333333333333,-0.04044834307992207,0.042884990253411304,-0.693147180559945,7.561983471074378,-0.16666666666666666,233.99999999999991
1223,1522,2026-01-15,Ancient,0,1,-111.0,0.26075949367088613,-19.056962025316466,0,0,0.11111111111111109,1.1428571428571428,0.033333333333333326,0.0012820512820512775,-1.5040773967762742,-12.33333333333333,0.29801084990958415,2115.322784810128
1224,1522,2026-01-15,Nuke,0,-1,-111.0,0.26075949367088613,-19.056962025316466,0,0,-0.031135531135531164,-1.2,0.08620689655172409,-0.04549808429118779,-2.014903020542265,3.4560439560439593,-0.3129113924050633,2115.322784810128
1225,1522,2026-01-15,Dust2,0,1,-111.0,0.26075949367088613,-19.056962025316466,0,0,1.3875,1.7142857142857144,0.08333333333333331,-0.38249999999999995,-2.1594842493533726,-154.0125,0.4470162748643763,2115.322784810128
1205,268,2026-01-16,Nuke,1,1,0.0,0.2,50.0,0,-1,0.7745098039215688,1.1666666666666667,0.04166666666666663,-0.2961309523809524,-2.6741486494265287,0.0,0.23333333333333336,0.0
1204,268,2026-01-16,Dust2,1,-1,0.0,0.2,50.0,0,-1,-1.0,-1.0,-0.1547619047619047,0.11607142857142855,-1.6094379124341003,-0.0,-0.2,0.0
1203,267,2026-01-16,Dust2,1,1,0.0,0.37948717948717947,74.61538461538463,0,-1,0.5384615384615384,1.0,0.03273809523809529,0.0535714285714286,-1.6094379124341003,0.0,0.37948717948717947,0.0
1202,267,2026-01-16,Nuke,1,1,0.0,0.37948717948717947,74.61538461538463,0,-1,0.7745098039215688,1.1666666666666667,0.04166666666666663,-0.17113095238095238,-2.6741486494265287,0.0,0.44273504273504277,0.0
1196,264,2026-01-16,Overpass,1,1,0.0,-0.6,0.0,0,-1,-0.5,-0.5,0.09999999999999998,0.21666666666666662,-1.9459101490553132,-0.0,0.3,0.0
1200,265,2026-01-16,Mirage,1,-1,0.0,-0.8,-35.6,0,-1,-0.66,-0.5,-0.12760416666666669,0.06770833333333331,-1.7346010553881064,-0.0,0.4,-0.0
1199,265,2026-01-16,Inferno,1,-1,0.0,-0.8,-35.6,0,-1,-1.3119999999999998,-0.8,-0.24074074074074076,0.13657407407407407,-1.8458266904983305,-0.0,0.6400000000000001,-0.0
1198,264,2026-01-16,Mirage,1,-1,0.0,-0.6,0.0,0,-1,-1.1680672268907564,-1.1111111111111112,-0.14430894308943087,0.149390243902439,-3.044522437723423,-0.0,0.6666666666666666,0.0
1197,264,2026-01-16,Dust2,1,-1,0.0,-0.6,0.0,0,-1,-1.0802139037433154,-1.0,-0.07997311827956993,0.08870967741935482,-2.367123614131617,-0.0,0.6,0.0
1201,266,2026-01-16,Ancient,1,1,0.0,0.5,0.0,0,1,-0.16666666666666666,0.0,0.08333333333333337,-0.03703703703703709,1.8458266904983305,-0.0,0.0,0.0
1206,268,2026-01-16,Mirage,1,1,0.0,0.2,50.0,0,-1,2.0,2.0,0.41666666666666663,-0.41666666666666663,0.0,0.0,0.4,0.0
1207,269,2026-01-16,Ancient,1,-1,0.0,0.37948717948717947,74.61538461538463,0,-1,-0.9044585987261147,-0.8888888888888888,-0.0492424242424242,0.04166666666666663,-2.4423470353692043,-0.0,-0.33732193732193727,0.0
1210,271,2026-01-16,Inferno,1,-1,0.0,-0.6000000000000001,74.3,0,-2,-0.06837748344370863,-0.7428571428571429,-0.006283068783068779,-0.006613756613756572,1.0647107369924282,-0.0,0.4457142857142858,0.0
1208,270,2026-01-16,Mirage,1,-1,-87.0,-0.2,-4.299999999999997,0,2,-0.3858715596330275,-0.8333333333333333,-0.0703125,0.04947916666666663,0.0,33.57082568807339,0.16666666666666666,374.09999999999974
1219,1520,2026-01-16,Anubis,0,-1,-371.0,-0.6000000000000001,-76.99999999999999,0,0,-0.005494505494505586,-2.0,-0.008630952380952461,-0.013392857142857095,0.594707107746693,2.0384615384615725,1.2000000000000002,28566.999999999996
1218,1520,2026-01-16,Overpass,0,-1,-371.0,-0.6000000000000001,-76.99999999999999,0,0,-0.2894417475728154,-0.09999999999999998,-0.09111721611721607,-0.07097069597069605,0.5596157879354227,107.3828883495145,0.06,28566.999999999996
1217,1519,2026-01-16,Nuke,0,-1,-365.0,-1.2352941176470589,-223.08235294117648,0,0,-0.4,-1.2,-0.013888888888888895,0.05263157894736842,-1.6094379124341003,146.0,1.4823529411764707,81425.05882352941
1216,1519,2026-01-16,Mirage,0,-1,-365.0,-1.2352941176470589,-223.08235294117648,0,0,-0.8773889302556466,-0.8,-0.13380952380952388,0.0633333333333333,-1.1786549963416464,320.246959543311,0.9882352941176471,81425.05882352941
1209,270,2026-01-16,Inferno,1,-1,-87.0,-0.2,-4.299999999999997,0,2,0.2167619047619047,-0.4,-0.0033068783068783136,-0.019510582010582034,-0.1466034741918758,-18.85828571428571,0.08000000000000002,374.09999999999974
1214,1518,2026-01-16,Mirage,0,-1,-37.0,0.6000000000000001,-177.60000000000002,0,4,0.23493975903614456,0.13333333333333336,0.01321297749869177,-0.04591836734693877,1.2729656758128876,-8.692771084337348,0.08000000000000003,6571.200000000001
1213,1517,2026-01-16,Inferno,0,-1,-561.0,-0.6127659574468085,-134.6382978723404,0,1,-1.1915461973601509,-1.6,-0.024974120082815743,0.13586956521739124,-1.7707060600302227,668.4574167190447,0.9804255319148937,75532.08510638296
1212,1517,2026-01-16,Anubis,0,-1,-561.0,-0.6127659574468085,-134.6382978723404,0,1,-1.15625,-2.0,-0.08442982456140352,0.12499999999999994,-1.3862943611198906,648.65625,1.225531914893617,75532.08510638296
1211,271,2026-01-16,Mirage,1,-1,0.0,-0.6000000000000001,74.3,0,-2,0.4994916977295832,0.0,0.1336309523809524,-0.14166666666666666,1.9740810260220096,0.0,-0.0,0.0
1215,1518,2026-01-16,Nuke,0,-1,-37.0,0.6000000000000001,-177.60000000000002,0,4,0.1055955037606415,-0.2727272727272727,0.034576330532212984,0.0062149859943977925,0.5839478885949534,-3.9070336391437355,-0.16363636363636364,6571.200000000001
1174,261,2026-01-17,Inferno,1,1,0.0,0.6000000000000001,15.999999999999998,0,1,0.4010485985077636,0.5714285714285714,0.03333333333333338,-0.0402777777777778,-0.38946476676172326,0.0,0.3428571428571429,0.0
1175,261,2026-01-17,Nuke,1,1,0.0,0.6000000000000001,15.999999999999998,0,1,-0.16344953423605124,-0.3333333333333333,-0.060238486842105254,0.052083333333333315,-0.5007752879124894,-0.0,-0.2,0.0
1176,262,2026-01-17,Ancient,1,-1,0.0,-0.7617021276595746,6.255319148936171,0,-2,-0.9574468085106383,-1.3333333333333333,-0.006578947368421018,0.10087719298245607,-2.3025850929940455,-0.0,1.0156028368794328,0.0
1177,262,2026-01-17,Dust2,1,-1,0.0,-0.7617021276595746,6.255319148936171,0,-2,-0.6723580987540378,-0.47619047619047616,-0.01953125,0.11614583333333334,-1.7047480922384253,-0.0,0.3627152988855117,0.0
1178,263,2026-01-17,Inferno,1,-1,0.0,-0.1814432989690722,18.919587628865983,0,-2,-0.5513024986709196,0.09523809523809523,-0.12083333333333335,0.05972222222222223,-1.6422277352570913,-0.0,-0.017280314187530683,0.0
1180,1509,2026-01-17,Ancient,0,1,0.0,0.4638297872340426,-3.625531914893614,0,-1,-0.17687074829931973,-0.4,-0.13221153846153844,0.01041666666666663,-2.8716796248840124,-0.0,-0.18553191489361706,-0.0
1181,1509,2026-01-17,Anubis,0,-1,0.0,0.4638297872340426,-3.625531914893614,0,-1,-1.2673267326732671,-1.0,-0.26724137931034486,0.1034482758620689,-2.70805020110221,-0.0,-0.4638297872340426,-0.0
1182,1509,2026-01-17,Dust2,0,1,0.0,0.4638297872340426,-3.625531914893614,0,-1,-0.19602735265385884,0.3333333333333333,-0.03433641975308643,0.027777777777777735,-2.3978952727983707,-0.0,0.15460992907801419,-0.0
1183,1510,2026-01-17,Inferno,0,1,-307.0,0.4,-32.599999999999994,0,6,0.31191919191919193,0.5555555555555556,-0.00019157088122601085,-0.05622605363984673,0.6286086594223743,-95.75919191919192,0.22222222222222224,10008.199999999999
1179,263,2026-01-17,Nuke,1,-1,0.0,-0.1814432989690722,18.919587628865983,0,-2,-1.3258426966292136,-1.3333333333333333,-0.3467881944444444,0.13541666666666663,-2.11021320034659,-0.0,0.24192439862542958,0.0
1185,1510,2026-01-17,Mirage,0,1,-307.0,0.4,-32.599999999999994,0,6,0.6736842105263157,1.6,0.02957516339869276,-0.049183006535947704,-0.11778303565638337,-206.8210526315789,0.6400000000000001,10008.199999999999
1184,1510,2026-01-17,Dust2,0,-1,-307.0,0.4,-32.599999999999994,0,6,-0.30236220472440944,-1.0,-0.09267040149393085,-0.017857142857142905,-0.20067069546215155,92.8251968503937,-0.4,10008.199999999999
1194,1515,2026-01-17,Mirage,0,-1,0.0,-0.4875000000000001,-52.171875,0,3,-0.7,-1.2727272727272727,0.04801587301587301,0.0007936507936507908,2.197224577336219,-0.0,0.6204545454545456,-0.0
1193,1515,2026-01-17,Dust2,0,-1,0.0,-0.4875000000000001,-52.171875,0,3,-1.031413612565445,-1.0,-0.2099358974358974,-0.11458333333333331,3.2771447329921766,-0.0,0.4875000000000001,-0.0
1192,1514,2026-01-17,Mirage,0,-1,2.0,-1.0,141.8,0,0,-0.2520507084265473,-0.2,-0.04510073260073261,0.00366300366300365,-0.5877866649021191,-0.5041014168530946,0.2,283.6
1191,1514,2026-01-17,Nuke,0,-1,2.0,-1.0,141.8,0,0,0.2243949197220225,0.3666666666666667,0.01149425287356326,-0.029633620689655193,0.5679840376059393,0.448789839444045,-0.3666666666666667,283.6
1195,1516,2026-01-17,Inferno,0,1,0.0,1.4,24.4,0,4,1.4068965517241379,1.1428571428571428,0.37083333333333335,-0.14999999999999997,2.3513752571634776,0.0,1.5999999999999999,0.0
1189,1513,2026-01-17,Mirage,0,-1,-20.0,-0.2,-44.1,0,-1,-0.971502758844531,-1.2,-0.10648148148148145,0.08117283950617288,-0.9343092373768331,19.43005517689062,0.24,882.0
1188,1513,2026-01-17,Inferno,0,1,-20.0,-0.2,-44.1,0,-1,0.07422640031335676,0.0,-0.043981481481481455,-0.018939393939393978,-0.8329091229351038,-1.484528006267135,-0.0,882.0
1187,1512,2026-01-17,Inferno,0,-1,0.0,-0.2638297872340426,353.6255319148936,0,0,-0.10670314637482906,-1.3333333333333333,0.11805555555555558,-0.09861111111111115,1.6739764335716714,-0.0,0.35177304964539013,0.0
1186,1511,2026-01-17,Nuke,0,1,0.0,0.6,74.2,0,2,1.02803738317757,1.6,0.08220720720720726,-0.08333333333333331,2.9444389791664403,0.0,0.96,0.0
1190,1513,2026-01-17,Nuke,0,-1,-20.0,-0.2,-44.1,0,-1,-0.19775873434410016,-0.6,-0.06093749999999998,0.010937499999999933,-1.0414538748281612,3.9551746868820032,0.12,882.0
1155,1499,2026-01-18,Dust2,0,-1,-366.0,0.18762886597938144,-19.541237113402047,0,-1,-0.6015220700152206,-1.6,-0.017361111111111105,0.10763888888888884,-1.6650077635889111,220.15707762557074,-0.30020618556701034,7152.09278350515
1154,1499,2026-01-18,Overpass,0,1,-366.0,0.18762886597938144,-19.541237113402047,0,-1,-0.14743589743589752,0.4,-0.050925925925925875,-0.11805555555555558,-1.5581446180465497,53.961538461538495,0.07505154639175259,7152.09278350515
1153,1499,2026-01-18,Anubis,0,-1,-366.0,0.18762886597938144,-19.541237113402047,0,-1,-1.2702702702702704,-2.0,-0.027083333333333348,0.12499999999999994,-2.3513752571634776,464.91891891891896,-0.3752577319587629,7152.09278350515
1152,260,2026-01-18,Nuke,1,-1,87.0,-0.8,-0.10000000000000142,0,-5,-0.05611732404741174,0.2,0.043981481481481455,-0.037698412698412676,-0.1466034741918758,-4.882207192124821,-0.16000000000000003,-8.700000000000124
1151,260,2026-01-18,Inferno,1,1,87.0,-0.8,-0.10000000000000142,0,-5,-0.07459893048128349,0.4444444444444444,0.007575757575757569,0.017045454545454586,0.0,-6.490106951871664,-0.35555555555555557,-8.700000000000124
1149,259,2026-01-18,Ancient,1,1,0.0,1.0203389830508476,-56.593220338983045,0,2,1.1403508771929824,1.6,0.12202380952380953,-0.12499999999999994,1.9924301646902063,0.0,1.6325423728813562,-0.0
1148,259,2026-01-18,Inferno,1,1,0.0,1.0203389830508476,-56.593220338983045,0,2,0.9147286821705426,1.3333333333333333,0.28472222222222227,-0.10069444444444436,2.525728644308255,0.0,1.36045197740113,-0.0
1147,258,2026-01-18,Ancient,1,-1,0.0,-0.9139240506329115,4.6835443037974684,0,-4,-0.3996101364522417,-1.6,0.009920634920634885,0.04629629629629628,-0.7884573603642702,-0.0,1.4622784810126586,0.0
1146,258,2026-01-18,Train,1,-1,0.0,-0.9139240506329115,4.6835443037974684,0,-4,-0.9611878859159071,-1.5,-0.09499999999999997,0.09166666666666673,-1.4663370687934272,-0.0,1.3708860759493673,0.0
1157,1500,2026-01-18,Overpass,0,1,0.0,0.8666666666666667,-7.0,0,4,1.1418918918918919,1.0,-0.01315789473684209,-0.1447368421052631,2.5649493574615363,0.0,0.8666666666666667,-0.0
1150,260,2026-01-18,Ancient,1,-1,87.0,-0.8,-0.10000000000000142,0,-5,-0.2739322533136965,-0.3333333333333333,-0.004901960784313708,-0.02072192513368981,-0.40546510810816416,-23.8321060382916,0.26666666666666666,-8.700000000000124
1158,1500,2026-01-18,Dust2,0,1,0.0,0.8666666666666667,-7.0,0,4,0.9948979591836734,1.0526315789473684,0.24999999999999997,-0.11871069182389932,3.295836866004329,0.0,0.9122807017543859,-0.0
1156,1500,2026-01-18,Mirage,0,-1,0.0,0.8666666666666667,-7.0,0,4,3.881898687500547e-18,-0.23076923076923078,-0.0016891891891891997,-0.011261261261261257,2.5389738710582757,0.0,-0.2,-0.0
1160,1501,2026-01-18,Overpass,0,-1,-1000.0,-0.6000000000000001,115.70000000000002,0,0,-0.1655844155844157,-0.09523809523809523,0.01282051282051283,0.04743589743589738,-0.8472978603872034,165.5844155844157,0.05714285714285715,-115700.00000000001
1159,1501,2026-01-18,Anubis,0,-1,-1000.0,-0.6000000000000001,115.70000000000002,0,0,-2.0,-2.0,0.04166666666666663,0.4583333333333333,-0.6931471805599453,2000.0,1.2000000000000002,-115700.00000000001
1172,1507,2026-01-18,Inferno,0,-1,0.0,0.6,-5.699999999999992,0,6,0.05989304812834223,-1.1111111111111112,-0.03219696969696978,-0.15719696969696972,2.0368819272610397,0.0,-0.6666666666666666,-0.0
1170,1506,2026-01-18,Dust2,0,1,53.0,1.1904761904761905,-106.1190476190476,0,1,0.8621921413799587,2.0,0.1484375,-0.005208333333333315,2.11021320034659,45.69618349313781,2.380952380952381,-5624.309523809523
1169,1506,2026-01-18,Ancient,0,1,53.0,1.1904761904761905,-106.1190476190476,0,1,1.1584158415841583,1.3333333333333333,0.16091954022988508,-0.11781609195402293,2.70805020110221,61.39603960396039,1.5873015873015872,-5624.309523809523
1168,1505,2026-01-18,Ancient,0,1,127.0,0.6000000000000001,101.60000000000001,0,-7,0.157726794659251,0.27692307692307694,0.0078125,0.03199404761904756,0.54654370636807,20.031302921724876,0.16615384615384618,12903.2
1167,1505,2026-01-18,Dust2,0,1,127.0,0.6000000000000001,101.60000000000001,0,-7,1.3735667485667484,1.6,0.12395833333333328,-0.17291666666666666,0.6690496289808849,174.44297706797704,0.9600000000000002,12903.2
1171,1507,2026-01-18,Nuke,0,-1,0.0,0.6,-5.699999999999992,0,6,0.30941783870393436,0.0,0.04166666666666663,0.0626984126984127,1.299282984130261,0.0,0.0,-0.0
1165,1504,2026-01-18,Overpass,0,-1,0.0,-0.8666666666666667,7.0,0,-4,-1.1418918918918919,-1.0,0.01315789473684209,0.1447368421052631,-2.5649493574615363,-0.0,0.8666666666666667,0.0
1164,1503,2026-01-18,Dust2,0,-1,-365.0,-0.9294117647058824,-101.56470588235294,0,0,-0.0983164983164983,-0.2,-0.08777777777777773,-0.10222222222222216,-1.8718021769015916,35.88552188552188,0.1858823529411765,37071.117647058825
1163,1503,2026-01-18,Ancient,0,-1,-365.0,-0.9294117647058824,-101.56470588235294,0,0,-0.8596666666666667,-0.6666666666666666,-0.07434640522875813,0.0731209150326797,-0.9444616088408513,313.77833333333336,0.6196078431372549,37071.117647058825
1162,1502,2026-01-18,Anubis,0,1,0.0,0.6,102.9,0,0,1.3684210526315788,2.0,0.3229166666666667,-0.15624999999999994,0.916290731874155,0.0,1.2,0.0
1161,1502,2026-01-18,Mirage,0,1,0.0,0.6,102.9,0,0,1.0661764705882353,0.9090909090909091,0.19105691056910573,-0.11077235772357719,3.044522437723423,0.0,0.5454545454545454,0.0
1173,1508,2026-01-18,Dust2,0,1,53.0,2.0,-12.045454545454545,0,1,1.3807106598984773,2.0,0.2734375,-0.17187499999999994,2.3978952727983707,73.17766497461929,4.0,-638.4090909090909
1166,1504,2026-01-18,Mirage,0,-1,0.0,-0.8666666666666667,7.0,0,-4,-3.881898687500547e-18,0.23076923076923078,0.0016891891891891997,0.011261261261261257,-2.5389738710582757,-0.0,-0.2,0.0
1141,257,2026-01-19,Inferno,1,-1,0.0,0.2,-18.6,0,-6,-0.3244444444444445,0.0,-0.03260869565217395,0.04184782608695653,-0.7801585575495751,-0.0,0.0,-0.0
1142,257,2026-01-19,Ancient,1,1,0.0,0.2,-18.6,0,-6,0.9003115264797507,0.9333333333333333,0.08928571428571425,-0.15873015873015872,-0.8649974374866045,0.0,0.18666666666666668,-0.0
1144,257,2026-01-19,Overpass,1,1,0.0,0.2,-18.6,0,-6,-0.2774410774410774,1.0,-0.07936507936507942,0.0307539682539682,-0.13353139262452252,-0.0,0.2,-0.0
1145,257,2026-01-19,Dust2,1,1,0.0,0.2,-18.6,0,-6,2.0,2.0,0.33333333333333326,-0.33333333333333326,0.0,0.0,0.4,-0.0
1143,257,2026-01-19,Mirage,1,-1,0.0,0.2,-18.6,0,-6,-0.2262626262626264,-0.1333333333333333,-0.05392156862745101,0.0784313725490196,-1.0986122886681096,-0.0,-0.02666666666666666,-0.0
1129,1494,2026-01-21,Nuke,0,1,-37.0,0.0,0.3999999999999986,0,-1,0.6916426512968299,1.0,0.14544025157232698,0.1360062893081761,-3.295836866004329,-25.590778097982707,0.0,-14.799999999999947
1130,1494,2026-01-21,Mirage,0,-1,-37.0,0.0,0.3999999999999986,0,-1,-0.2573099415204679,-0.5,0.07249999999999995,-0.040000000000000036,-2.833213344056216,9.520467836257312,-0.0,-14.799999999999947
1131,1494,2026-01-21,Anubis,0,-1,-37.0,0.0,0.3999999999999986,0,-1,-1.462686567164179,-2.0,-0.10208333333333325,0.09999999999999998,-2.3513752571634776,54.11940298507463,-0.0,-14.799999999999947
1132,1495,2026-01-21,Mirage,0,1,0.0,0.34285714285714286,-34.857142857142854,0,5,0.020547945205479444,-0.14285714285714285,-0.019736842105263108,0.07127192982456143,2.5649493574615363,0.0,-0.04897959183673469,-0.0
1133,1495,2026-01-21,Nuke,0,-1,0.0,0.34285714285714286,-34.857142857142854,0,5,-0.944,-1.1428571428571428,-0.04947916666666663,0.22916666666666666,2.3978952727983707,-0.0,-0.39183673469387753,-0.0
1136,1496,2026-01-21,Nuke,0,1,37.0,0.3868131868131868,-9.32087912087912,0,2,0.3083573487031701,0.0,-0.14544025157232698,-0.15683962264150936,2.8903717578961645,11.409221902017293,0.0,-344.87252747252745
1135,1496,2026-01-21,Ancient,0,-1,37.0,0.3868131868131868,-9.32087912087912,0,2,0.07449466272995675,-0.9090909090909091,-0.11842105263157893,-0.18092105263157898,2.5649493574615363,2.7563025210084,-0.3516483516483517,-344.87252747252745
1137,1496,2026-01-21,Dust2,0,1,37.0,0.3868131868131868,-9.32087912087912,0,2,0.6666666666666666,1.4285714285714286,0.016283524904214475,-0.028256704980842984,2.014903020542265,24.666666666666664,0.5525902668759812,-344.87252747252745
1138,1497,2026-01-21,Default,0,1,-53.0,-0.8,9.5,0,2,0.060606060606060635,2.0,-0.006944444444444444,0.006944444444444444,-0.5596157879354227,-3.2121212121212137,-1.6,-503.5
1139,1498,2026-01-21,Ancient,0,1,0.0,0.6000000000000001,-51.0,0,0,1.0316742081447963,1.6,0.08333333333333331,-0.08991228070175433,-2.970414465569701,0.0,0.9600000000000002,-0.0
1140,1498,2026-01-21,Mirage,0,1,0.0,0.6000000000000001,-51.0,0,0,-0.07142857142857144,0.0,0.07916666666666666,-0.09583333333333338,-2.614959778036198,-0.0,0.0,-0.0
1134,1495,2026-01-21,Overpass,0,1,0.0,0.34285714285714286,-34.857142857142854,0,5,1.1589403973509933,1.0909090909090908,0.36324786324786323,-0.09081196581196577,2.995732273553991,0.0,0.374025974025974,-0.0
1110,1485,2026-01-22,Overpass,0,-1,0.0,-0.43711340206185567,-22.01958762886598,0,5,0.3383458646616541,0.14285714285714285,-0.08333333333333337,-0.2708333333333333,1.7346010553881064,0.0,-0.06244477172312224,-0.0
1109,1485,2026-01-22,Nuke,0,-1,0.0,-0.43711340206185567,-22.01958762886598,0,5,-0.021195562179168737,-0.5,0.05059523809523808,0.001225490196078427,1.4759065198095778,-0.0,0.21855670103092784,-0.0
1108,256,2026-01-22,Inferno,1,1,0.0,1.2,22.7,0,9,1.318918918918919,1.0909090909090908,0.4513888888888889,-0.15277777777777773,2.525728644308255,0.0,1.3090909090909089,0.0
1107,256,2026-01-22,Mirage,1,1,0.0,1.2,22.7,0,9,0.8833333333333333,1.0,0.3958333333333333,-0.10416666666666663,2.251291798606495,0.0,1.2,0.0
1106,255,2026-01-22,Dust2,1,-1,-53.0,-0.6725274725274726,40.769230769230774,0,-6,-1.3456221198156681,-1.7777777777777777,0.09681372549019612,0.2855392156862745,-2.862200880929468,71.3179723502304,1.1956043956043956,-2160.769230769231
1105,255,2026-01-22,Mirage,1,-1,-53.0,-0.6725274725274726,40.769230769230774,0,-6,-0.2941176470588236,-2.0,-0.14583333333333337,0.14351851851851855,-1.2039728043259361,15.58823529411765,1.3450549450549452,-2160.769230769231
1102,253,2026-01-22,Nuke,1,-1,-370.0,-0.2,-151.70000000000002,0,2,-0.33347008146281426,0.08333333333333331,-0.076078431372549,0.029803921568627434,-0.3677247801253176,123.38393014124128,-0.016666666666666663,56129.00000000001
1103,253,2026-01-22,Dust2,1,-1,-370.0,-0.2,-151.70000000000002,0,2,-0.35319255907491187,-1.6,-0.06060606060606061,0.06628787878787873,0.0,130.68124685771738,0.32000000000000006,56129.00000000001
1101,252,2026-01-22,Nuke,1,-1,-489.0,-0.2,24.400000000000006,0,0,-0.49237337128118464,-0.8333333333333333,-0.0011140819964349236,0.04389483065953648,-0.635988766719997,240.7705785564993,0.16666666666666666,-11931.600000000002
1100,252,2026-01-22,Dust2,1,-1,-489.0,-0.2,24.400000000000006,0,0,-0.43564302458703597,-0.8666666666666667,-0.07416899658278964,0.05176296986641815,-0.2363887780642302,213.02943902306058,0.17333333333333334,-11931.600000000002
1099,252,2026-01-22,Mirage,1,1,-489.0,-0.2,24.400000000000006,0,0,-0.09235120511559278,0.26666666666666666,0.04559483726150393,0.027497194163860872,-0.19415601444095776,45.159739301524866,-0.05333333333333334,-11931.600000000002
1111,1486,2026-01-22,Mirage,0,-1,0.0,-0.15774647887323945,3.5492957746478875,0,-8,-1.0529801324503312,-0.9333333333333333,-0.17735042735042733,0.1388888888888889,-2.302585092994046,-0.0,0.1472300469483568,0.0
1104,254,2026-01-22,Default,1,1,-53.0,0.0,22.7,0,3,1.3703703703703702,2.0,0.023809523809523808,-0.023809523809523808,-1.3862943611198904,-72.62962962962962,0.0,-1203.1
1112,1486,2026-01-22,Ancient,0,1,0.0,-0.15774647887323945,3.5492957746478875,0,-8,0.7956043956043957,1.0,0.008928571428571397,-0.07738095238095238,-0.980829253011726,0.0,-0.15774647887323945,0.0
1123,1491,2026-01-22,Mirage,0,-1,0.0,-0.02474226804123711,-71.71030927835052,0,7,-0.2316165951359085,-1.0909090909090908,-0.0493055555555556,-0.0043981481481482065,1.2130226398458537,-0.0,0.026991565135895026,-0.0
1114,1487,2026-01-22,Dust2,0,-1,53.0,-0.03711340206185565,-27.319587628865982,0,4,0.819306330341984,-0.2222222222222222,0.06151960784313726,-0.1688725490196078,1.7635885922613586,43.42323550812515,0.008247422680412366,-1447.938144329897
1127,1493,2026-01-22,Overpass,0,1,53.0,0.2,-18.1,0,4,0.5877659574468085,0.45,0.13928571428571423,-0.07857142857142863,0.3184537311185349,31.15159574468085,0.09000000000000001,-959.3000000000001
1113,1486,2026-01-22,Dust2,0,1,0.0,-0.15774647887323945,3.5492957746478875,0,-8,0.2798507462686567,1.0,-0.05555555555555558,0.08873456790123463,-2.6210388241125804,0.0,-0.15774647887323945,0.0
1126,1492,2026-01-22,Dust2,0,-1,0.0,-0.4,53.7,0,1,-0.18232044198895025,-0.6666666666666666,-0.035201149425287404,-0.03591954022988508,1.7917594692280552,-0.0,0.26666666666666666,0.0
1124,1492,2026-01-22,Ancient,0,-1,0.0,-0.4,53.7,0,1,-0.555074555074555,-1.6666666666666665,-0.1324786324786325,-0.005341880341880434,2.302585092994046,-0.0,0.6666666666666666,0.0
1128,1493,2026-01-22,Nuke,0,1,53.0,0.2,-18.1,0,4,0.5106420173943447,1.0,-0.025406504065040636,-0.08943089430894308,1.252762968495368,27.06402692190027,0.2,-959.3000000000001
1122,1491,2026-01-22,Overpass,0,1,0.0,-0.02474226804123711,-71.71030927835052,0,7,1.3383458646616542,1.1428571428571428,-0.02083333333333337,-0.31249999999999994,1.7346010553881064,0.0,-0.028276877761413837,-0.0
1125,1492,2026-01-22,Anubis,0,1,0.0,-0.4,53.7,0,1,1.4000000000000001,2.0,0.14393939393939398,-0.11742424242424238,1.791759469228055,0.0,-0.8,0.0
1120,1490,2026-01-22,Default,0,-1,0.0,-1.2,0.0,0,-7,-1.3076923076923077,-1.2,-0.027777777777777776,0.027777777777777776,-1.6094379124341005,-0.0,1.44,0.0
1119,1489,2026-01-22,Mirage,0,1,37.0,1.2,-22.2,0,3,1.278409090909091,1.5294117647058822,0.303921568627451,-0.13153594771241822,3.258096538021482,47.30113636363637,1.8352941176470585,-821.4
1118,1489,2026-01-22,Dust2,0,1,37.0,1.2,-22.2,0,3,1.2903225806451613,1.5,0.0319444444444445,-0.09722222222222221,2.740840023925201,47.74193548387097,1.7999999999999998,-821.4
1117,1488,2026-01-22,Overpass,0,-1,0.0,-0.4585365853658538,7.626829268292684,0,-7,-0.7550125313283208,-1.1428571428571428,-0.1388888888888889,0.13194444444444442,-1.4469189829363256,-0.0,0.52404181184669,0.0
1116,1488,2026-01-22,Anubis,0,-1,0.0,-0.4585365853658538,7.626829268292684,0,-7,-1.3949579831932775,-2.0,-0.10978835978835982,0.11904761904761907,-0.22314355131421015,-0.0,0.9170731707317076,0.0
1115,1487,2026-01-22,Nuke,0,-1,53.0,-0.03711340206185565,-27.319587628865982,0,4,0.14810197593966215,0.16666666666666663,0.004355400696864076,-0.0060975609756097615,1.6582280766035327,7.849404724802094,-0.006185567010309274,-1447.938144329897
1121,1491,2026-01-22,Nuke,0,-1,0.0,-0.02474226804123711,-71.71030927835052,0,7,-0.0010632642211589327,0.0,0.039351851851851916,-0.09599673202614384,1.2527629684953676,-0.0,-0.0,-0.0
1087,248,2026-01-23,Dust2,1,-1,-925.0,-0.6000000000000001,222.6,0,0,-1.0136717081090318,-1.3055555555555556,-0.11520655270655272,0.13764245014245013,-0.35139788683788886,937.6463300008545,0.7833333333333334,-205905.0
1081,246,2026-01-23,Overpass,1,-1,6.0,0.2,-163.70000000000002,0,0,-0.08599508599508598,0.0,-0.004166666666666652,0.07708333333333328,0.4054651081081646,-0.5159705159705159,0.0,-982.2
1082,246,2026-01-23,Mirage,1,1,6.0,0.2,-163.70000000000002,0,0,0.3585271317829457,0.6666666666666666,-0.013621794871794934,-0.08012820512820518,0.6744550475477928,2.1511627906976742,0.13333333333333333,-982.2
1083,246,2026-01-23,Ancient,1,1,6.0,0.2,-163.70000000000002,0,0,-0.18494793726110448,-0.09523809523809523,-0.004873294346978585,0.04617446393762181,1.1160040313799788,-1.1096876235666269,-0.01904761904761905,-982.2
1084,247,2026-01-23,Ancient,1,1,53.0,0.8494845360824743,-49.175257731958766,0,6,1.1981132075471697,1.4,0.2263888888888889,-0.12499999999999994,2.3353749158170363,63.49999999999999,1.189278350515464,-2606.2886597938145
1085,247,2026-01-23,Overpass,1,1,53.0,0.8494845360824743,-49.175257731958766,0,6,1.2884615384615385,1.3333333333333333,0.18844696969696967,-0.16003787878787878,0.8754687373539001,68.28846153846155,1.1326460481099656,-2606.2886597938145
1086,248,2026-01-23,Inferno,1,-1,-925.0,-0.6000000000000001,222.6,0,0,-0.317330519651807,0.12727272727272732,-0.04877450980392156,0.061764705882352944,-0.12136085700426724,293.53073067792144,-0.0763636363636364,-205905.0
1088,249,2026-01-23,Ancient,1,1,0.0,0.5272727272727273,79.30909090909091,0,1,0.8897058823529412,2.0,0.06666666666666665,-0.125,1.3862943611198906,0.0,1.0545454545454547,0.0
1091,251,2026-01-23,Ancient,1,-1,0.0,0.6,-18.5,0,6,-0.873015873015873,-0.5714285714285714,-0.10326086956521735,-0.009057971014492794,2.4849066497880004,-0.0,-0.3428571428571428,-0.0
1090,250,2026-01-23,Ancient,1,1,0.0,1.6,0.0,0,6,1.126984126984127,1.4285714285714286,0.35507246376811596,-0.13405797101449274,2.4849066497880004,0.0,2.285714285714286,0.0
1089,249,2026-01-23,Dust2,1,1,0.0,0.5272727272727273,79.30909090909091,0,1,0.9458128078817734,0.75,0.19191919191919188,-0.12247474747474746,2.1400661634962708,0.0,0.3954545454545455,0.0
1097,1484,2026-01-23,Overpass,0,1,-2.0,-0.3406593406593406,149.53846153846155,0,-5,0.04376657824933691,1.0,-0.044642857142857095,-0.03273809523809518,-0.6286086594223743,-0.08753315649867383,-0.3406593406593406,-299.0769230769231
1096,1483,2026-01-23,Nuke,0,1,0.0,0.3111111111111111,27.11111111111111,0,-7,0.9846153846153847,1.2,0.054292929292929226,-0.19696969696969696,-2.1400661634962708,0.0,0.37333333333333335,0.0
1095,1483,2026-01-23,Mirage,0,1,0.0,0.3111111111111111,27.11111111111111,0,-7,0.3141025641025641,0.4583333333333333,0.04756944444444444,-0.07291666666666669,-2.327277705584417,0.0,0.14259259259259258,0.0
1098,1484,2026-01-23,Dust2,0,1,-2.0,-0.3406593406593406,149.53846153846155,0,-5,-0.36337868480725616,-0.6666666666666666,-0.1208183990442055,-0.003136200716845894,-1.1631508098056806,0.7267573696145123,0.22710622710622708,-299.0769230769231
1093,1482,2026-01-23,Mirage,0,1,-13.0,0.4,-39.9,0,4,1.1410391706499476,1.5555555555555556,0.1083187645687646,-0.12703962703962696,1.4853852637641216,-14.833509218449318,0.6222222222222222,518.6999999999999
1092,1482,2026-01-23,Nuke,0,-1,-13.0,0.4,-39.9,0,4,0.21288515406162478,-0.41025641025641024,0.12654320987654316,0.02546296296296302,2.0614230361771577,-2.767507002801122,-0.1641025641025641,518.6999999999999
1094,1482,2026-01-23,Overpass,0,-1,-13.0,0.4,-39.9,0,4,-1.1206896551724137,-1.0,-0.21130952380952378,-0.038690476190476164,2.0149030205422647,14.568965517241377,-0.4,518.6999999999999
1067,241,2026-01-24,Anubis,1,1,560.0,0.39999999999999997,-274.6,0,2,2.0,2.0,0.4375,-0.24999999999999994,0.916290731874155,1120.0,0.7999999999999999,-153776.0
1060,238,2026-01-24,Dust2,1,-1,53.0,0.2,-31.8,0,7,0.045461770783659206,0.6363636363636364,-0.09259259259259262,-0.13194444444444453,2.224623551524334,2.409473851533938,0.1272727272727273,-1685.4
1061,238,2026-01-24,Overpass,1,-1,53.0,0.2,-31.8,0,7,-0.7580645161290323,-0.7272727272727273,-0.03525641025641024,0.0288461538461538,1.5404450409471486,-40.17741935483871,-0.14545454545454548,-1685.4
1062,239,2026-01-24,Mirage,1,1,-190.0,0.6000000000000001,127.30000000000001,0,0,0.2409671101506044,0.31746031746031744,0.049528301886792525,-0.03322697003329633,0.433635985074861,-45.783750928614836,0.1904761904761905,-24187.000000000004
1063,239,2026-01-24,Inferno,1,1,-190.0,0.6000000000000001,127.30000000000001,0,0,-0.01720401864863086,-0.4,0.02888355067490278,-0.025623427133379062,-0.4054651081081646,3.268763543239863,-0.24000000000000005,-24187.000000000004
1064,240,2026-01-24,Dust2,1,1,0.0,0.6947368421052632,0.0,0,8,0.3838438601246951,1.3333333333333333,0.08995098039215688,-0.07671568627450986,1.7635885922613586,0.0,0.9263157894736842,0.0
1065,240,2026-01-24,Ancient,1,1,0.0,0.6947368421052632,0.0,0,8,1.1911764705882353,1.5,0.005208333333333315,-0.13194444444444436,2.120263536200091,0.0,1.0421052631578949,0.0
1066,241,2026-01-24,Inferno,1,-1,560.0,0.39999999999999997,-274.6,0,2,0.39561278016213647,0.023809523809523808,0.05135281385281387,-0.07002164502164504,0.44802472252696024,221.5431568907964,0.009523809523809523,-153776.0
1068,241,2026-01-24,Mirage,1,-1,560.0,0.39999999999999997,-274.6,0,2,0.21122002085505748,0.2142857142857143,0.04378019323671495,-0.001268115942028969,0.2559333741372005,118.28321167883219,0.08571428571428572,-153776.0
1079,1481,2026-01-24,Inferno,0,1,0.0,1.0592592592592593,-202.47777777777776,0,11,1.353846153846154,1.1666666666666667,0.24500000000000005,-0.15333333333333327,2.1594842493533726,0.0,1.2358024691358027,-0.0
1070,242,2026-01-24,Mirage,1,1,0.0,1.4585365853658536,-108.5780487804878,0,11,0.14570135746606339,1.1428571428571428,-0.054824561403508776,-0.06578947368421056,1.897119984885881,0.0,1.6668989547038326,-0.0
1071,243,2026-01-24,Dust2,1,-1,-53.0,-1.2,17.666666666666668,0,-7,-1.3047210300429184,-1.6363636363636362,-0.36574074074074076,0.1597222222222222,-2.917770732084279,69.15021459227468,1.9636363636363634,-936.3333333333334
1072,243,2026-01-24,Overpass,1,-1,-53.0,-1.2,17.666666666666668,0,-7,-1.2419354838709677,-1.2727272727272727,-0.33974358974358976,0.13782051282051283,-1.945910149055313,65.8225806451613,1.5272727272727271,-936.3333333333334
1073,244,2026-01-24,Dust2,1,-1,0.0,-1.4263736263736264,20.736263736263737,0,-8,-0.38384386012469507,-1.3333333333333333,-0.06495098039215685,0.060049019607843146,-2.456735772821304,-0.0,1.9018315018315017,0.0
1074,244,2026-01-24,Overpass,1,-1,0.0,-1.4263736263736264,20.736263736263737,0,-8,-0.6033898305084746,-1.6,-0.08928571428571425,0.051587301587301515,-1.1451323043030028,-0.0,2.2821978021978024,0.0
1075,245,2026-01-24,Ancient,1,-1,0.0,-1.2,-48.8,0,-2,-1.358974358974359,-2.0,-0.002604166666666685,0.16145833333333331,-2.1400661634962708,-0.0,2.4,-0.0
1076,245,2026-01-24,Dust2,1,-1,0.0,-1.2,-48.8,0,-2,-0.980952380952381,-0.75,-0.11151960784313725,0.12499999999999994,-2.862200880929468,-0.0,0.8999999999999999,-0.0
1077,1480,2026-01-24,Mirage,0,-1,0.0,-1.0,0.0,0,-9,-1.049689440993789,-0.9411764705882353,0.017276422764227584,0.1341463414634146,-3.044522437723423,-0.0,0.9411764705882353,0.0
1078,1480,2026-01-24,Nuke,0,-1,0.0,-1.0,0.0,0,-9,-1.0676691729323309,-0.875,-0.030637254901960786,0.08088235294117646,-2.862200880929468,-0.0,0.875,0.0
1080,1481,2026-01-24,Nuke,0,1,0.0,1.0592592592592593,-202.47777777777776,0,11,0.19727891156462585,0.14285714285714285,0.17045454545454547,-0.022727272727272707,2.0368819272610397,0.0,0.15132275132275133,-0.0
1069,242,2026-01-24,Anubis,1,1,0.0,1.4585365853658536,-108.5780487804878,0,11,1.4893617021276597,2.0,0.38257575757575757,-0.12878787878787878,1.791759469228055,0.0,2.9170731707317072,-0.0
1043,234,2026-01-25,Inferno,1,1,53.0,0.4,-38.3,0,8,0.76025641025641,0.6666666666666666,0.04999999999999993,-0.12173913043478268,1.3862943611198908,40.29358974358973,0.26666666666666666,-2029.8999999999999
1042,234,2026-01-25,Overpass,1,1,53.0,0.4,-38.3,0,8,1.2985074626865671,1.3333333333333333,-0.023809523809523725,-0.24999999999999994,1.3217558399823195,68.82089552238806,0.5333333333333333,-2029.8999999999999
1041,234,2026-01-25,Nuke,1,-1,53.0,0.4,-38.3,0,8,-0.009729132117191897,0.16666666666666669,-0.01924603174603179,-0.06964285714285712,1.3633048428951917,-0.5156440022111706,0.06666666666666668,-2029.8999999999999
1040,233,2026-01-25,Inferno,1,-1,69.0,-1.0,95.80000000000001,0,-2,-0.39504439397067925,-0.2,-0.021795742753623226,0.07291666666666663,-0.3184537311185345,-27.25806318397687,0.2,6610.200000000001
1044,235,2026-01-25,Dust2,1,1,0.0,1.8,0.0,0,9,1.2422907488986783,1.4,0.31666666666666665,-0.10952380952380947,2.8903717578961645,0.0,2.52,0.0
1038,233,2026-01-25,Mirage,1,-1,69.0,-1.0,95.80000000000001,0,-2,-0.19530110177592191,-0.16666666666666669,-0.02237654320987653,0.028163580246913567,-0.7884573603642706,-13.475776022538613,0.16666666666666669,6610.200000000001
1037,232,2026-01-25,Inferno,1,-1,0.0,-1.0,15.9,0,-13,-0.9807407407407407,-0.7,-0.14980158730158727,0.11904761904761907,-1.421385680931161,-0.0,0.7,0.0
1036,232,2026-01-25,Ancient,1,-1,0.0,-1.0,15.9,0,-13,0.2075351213282248,-0.5,0.05833333333333335,-0.2138888888888889,-1.6582280766035324,0.0,0.5,0.0
1035,232,2026-01-25,Anubis,1,-1,0.0,-1.0,15.9,0,-13,-1.5789473684210527,-2.0,-0.07986111111111105,0.13194444444444436,-1.466337068793427,-0.0,2.0,0.0
1039,233,2026-01-25,Dust2,1,-1,69.0,-1.0,95.80000000000001,0,-2,-0.4874853167073283,-0.6666666666666667,-0.056778013432308205,0.040959703075291676,-0.5596157879354227,-33.63648685280565,0.6666666666666667,6610.200000000001
1045,235,2026-01-25,Overpass,1,1,0.0,1.8,0.0,0,9,1.5614973262032086,1.6363636363636362,-0.07007575757575757,-0.25189393939393934,2.4423470353692043,0.0,2.9454545454545453,0.0
1046,236,2026-01-25,Ancient,1,1,0.0,1.55,7.375,0,3,1.4318181818181817,2.0,0.13970588235294124,-0.17696078431372547,1.0986122886681096,0.0,3.1,0.0
1047,236,2026-01-25,Anubis,1,1,0.0,1.55,7.375,0,3,1.5862068965517242,2.0,0.13750000000000004,-0.2,0.6931471805599452,0.0,3.1,0.0
1058,1479,2026-01-25,Mirage,0,-1,0.0,-1.6,0.0,0,-16,-1.1066666666666667,-1.3333333333333333,0.0,0.11904761904761901,-2.3978952727983707,-0.0,2.1333333333333333,0.0
1059,1479,2026-01-25,Nuke,0,-1,0.0,-1.6,0.0,0,-16,-1.2804878048780488,-1.25,-0.17708333333333331,0.12152777777777773,-2.525728644308255,-0.0,2.0,0.0
1057,1478,2026-01-25,Nuke,0,1,0.0,-0.04999999999999999,0.0,0,-9,0.9710144927536232,1.1764705882352942,0.05833333333333329,-0.17142857142857137,-2.8903717578961645,0.0,-0.0588235294117647,0.0
1056,1478,2026-01-25,Mirage,0,1,0.0,-0.04999999999999999,0.0,0,-9,-0.01807228915662651,0.1111111111111111,-0.018849206349206338,-0.035714285714285754,-2.662587827025453,-0.0,-0.005555555555555554,0.0
1054,1477,2026-01-25,Nuke,0,1,0.0,1.6,0.0,0,16,1.2804878048780488,1.25,0.26041666666666663,-0.12152777777777773,2.525728644308255,0.0,2.0,0.0
1055,1478,2026-01-25,Dust2,0,-1,0.0,-0.04999999999999999,0.0,0,-9,-0.9975308641975309,-1.0,-0.09873737373737379,0.11893939393939396,-2.639057329615259,-0.0,0.04999999999999999,0.0
1052,1476,2026-01-25,Default,0,-1,0.0,1.0352941176470587,-12.470588235294118,0,15,-1.0,-1.0,-0.020833333333333332,0.020833333333333332,0.4054651081081645,-0.0,-1.0352941176470587,-0.0
1051,237,2026-01-25,Mirage,1,1,0.0,0.8,-38.3,0,14,-0.121904761904762,0.0,-0.07954545454545447,0.0021645021645021467,0.6061358035703157,-0.0,0.0,-0.0
1050,237,2026-01-25,Ancient,1,1,0.0,0.8,-38.3,0,14,1.0517241379310345,1.5,0.08055555555555555,-0.11249999999999993,1.0986122886681098,0.0,1.2000000000000002,-0.0
1049,237,2026-01-25,Inferno,1,-1,0.0,0.8,-38.3,0,14,0.701111111111111,0.5333333333333333,0.08869047619047615,-0.0940476190476191,1.5755363607584192,0.0,0.4266666666666667,-0.0
1048,236,2026-01-25,Dust2,1,1,0.0,1.55,7.375,0,3,0.15258576548899133,0.0,-0.05238095238095242,-0.05218253968253961,1.6376087894007967,0.0,0.0,0.0
1053,1477,2026-01-25,Inferno,0,1,0.0,1.6,0.0,0,16,1.3511111111111112,1.2,0.45535714285714285,-0.1607142857142857,2.6741486494265287,0.0,1.92,0.0
1034,1475,2026-01-26,Dust2,0,1,0.0,0.5333333333333333,81.33333333333333,0,-11,1.0265060240963855,1.0476190476190477,0.08407738095238088,-0.13318452380952378,-2.9444389791664403,0.0,0.5587301587301587,0.0
1033,1475,2026-01-26,Mirage,0,1,0.0,0.5333333333333333,81.33333333333333,0,-11,1.0206489675516224,1.2222222222222223,0.1056201550387596,0.04457364341085268,-3.0910424533583156,0.0,0.6518518518518519,0.0
1024,230,2026-01-27,Ancient,1,1,37.0,1.2,-15.0,0,7,1.2999999999999998,1.3333333333333333,0.11217948717948717,-0.10149572649572647,2.5902671654458267,48.099999999999994,1.5999999999999999,-555.0
1023,230,2026-01-27,Dust2,1,1,37.0,1.2,-15.0,0,7,1.2962962962962963,1.4545454545454546,0.16035353535353536,-0.09595959595959591,2.4277482359480516,47.96296296296296,1.7454545454545454,-555.0
1025,231,2026-01-27,Mirage,1,1,37.0,1.2,-15.0,0,7,1.3224043715846996,1.6470588235294117,0.30660377358490565,-0.1391509433962264,3.295836866004329,48.92896174863388,1.976470588235294,-555.0
1026,231,2026-01-27,Dust2,1,1,37.0,1.2,-15.0,0,7,1.2962962962962963,1.4545454545454546,-0.006313131313131326,-0.2209595959595959,2.833213344056216,47.96296296296296,1.7454545454545454,-555.0
1028,1472,2026-01-27,Mirage,0,-1,75.0,-1.2,252.2,0,3,-0.8947368421052632,-0.5,-0.11197916666666663,0.15104166666666663,2.1400661634962708,-67.10526315789474,0.6,18915.0
1029,1473,2026-01-27,Default,0,-1,0.0,-0.42926829268292677,301.8,0,2,-2.0,-2.0,-0.041666666666666664,0.041666666666666664,0.0,-0.0,0.8585365853658535,0.0
1030,1473,2026-01-27,Dust2,0,-1,0.0,-0.42926829268292677,301.8,0,2,-0.4091847265221877,-2.0,0.03434343434343434,0.07512626262626265,0.36290549368936853,-0.0,0.8585365853658535,0.0
1031,1474,2026-01-27,Nuke,0,1,0.0,0.8285714285714285,15.857142857142858,0,-9,1.0071428571428571,1.25,0.12152777777777773,0.055555555555555636,-2.512305623976115,0.0,1.0357142857142856,0.0
1032,1474,2026-01-27,Mirage,0,1,0.0,0.8285714285714285,15.857142857142858,0,-9,0.38204393505253104,0.5964912280701754,0.10890151515151508,-0.06944444444444442,-2.420368128650429,0.0,0.49423558897243103,0.0
1027,1472,2026-01-27,Nuke,0,-1,75.0,-1.2,252.2,0,3,-1.0204081632653061,-1.0,-0.09722222222222221,0.10956790123456794,2.6390573296152584,-76.53061224489797,1.2,18915.0
1005,225,2026-01-28,Mirage,1,1,-13.0,0.4,-248.70000000000002,0,0,0.14458308575955653,1.0,-0.04487179487179488,-0.13247863247863245,-2.302585092994046,-1.8795801148742348,0.4,3233.1000000000004
1004,225,2026-01-28,Dust2,1,-1,-13.0,0.4,-248.70000000000002,0,0,-0.05369863013698627,-0.1333333333333333,-0.04940476190476195,-0.046428571428571375,-0.9694005571881035,0.6980821917808214,-0.05333333333333332,3233.1000000000004
1003,224,2026-01-28,Mirage,1,1,2.0,0.6,-16.0,0,7,0.557512953367876,1.0175438596491229,0.017424242424242453,-0.025541125541125587,1.945910149055314,1.115025906735752,0.6105263157894737,-32.0
1002,224,2026-01-28,Dust2,1,1,2.0,0.6,-16.0,0,7,0.5713360673429744,1.0,0.13676470588235295,-0.012990196078431382,1.1574527886910428,1.1426721346859487,0.6,-32.0
1001,224,2026-01-28,Anubis,1,-1,2.0,0.6,-16.0,0,7,-0.8735632183908046,-1.3333333333333333,-0.09659090909090906,0.06060606060606066,2.0368819272610397,-1.7471264367816093,-0.7999999999999999,-32.0
1000,223,2026-01-28,Dust2,1,-1,84.0,0.4,39.900000000000006,0,0,-0.15757575757575754,-0.33333333333333337,-0.04487179487179482,-0.004120879120879106,-1.2163953243244934,-13.236363636363633,-0.13333333333333336,3351.6000000000004
996,222,2026-01-28,Nuke,1,1,15.0,0.2,35.599999999999994,0,2,0.10564102564102561,0.8,-0.03425925925925932,0.04212962962962963,0.17185025692665912,1.584615384615384,0.16000000000000003,533.9999999999999
998,223,2026-01-28,Ancient,1,1,84.0,0.4,39.900000000000006,0,0,0.8702865761689289,1.2,0.10995370370370372,0.07445987654320985,-1.7227665977411035,73.10407239819003,0.48,3351.6000000000004
997,222,2026-01-28,Mirage,1,1,15.0,0.2,35.599999999999994,0,2,0.4507486209613869,0.25,0.09474206349206349,-0.02430555555555558,1.9810014688665836,6.761229314420803,0.05,533.9999999999999
995,221,2026-01-28,Mirage,1,-1,-148.0,0.2,-191.7,0,1,0.13912936697979983,-0.8888888888888888,0.017726608187134563,0.027668128654970814,1.1151415906193205,-20.591146313010373,-0.17777777777777778,28371.6
994,221,2026-01-28,Dust2,1,-1,-148.0,0.2,-191.7,0,1,-0.2387905764846378,-0.4,-0.04082049486461253,0.017244397759103636,0.5839478885949534,35.34100531972639,-0.08000000000000002,28371.6
993,221,2026-01-28,Overpass,1,1,-148.0,0.2,-191.7,0,1,0.5529824561403509,1.0,-0.034932659932659926,-0.13594276094276098,0.18232155679395445,-81.84140350877193,0.2,28371.6
999,223,2026-01-28,Anubis,1,-1,84.0,0.4,39.900000000000006,0,0,-1.4193548387096775,-2.0,0.08333333333333337,0.18229166666666663,-1.0986122886681098,-119.22580645161291,-0.8,3351.6000000000004
1006,225,2026-01-28,Inferno,1,1,-13.0,0.4,-248.70000000000002,0,0,0.18979591836734688,0.3333333333333333,0.026272577996716007,0.014162561576354649,-1.3217558399823197,-2.4673469387755094,0.13333333333333333,3233.1000000000004
1013,228,2026-01-28,Dust2,1,1,307.0,0.39999999999999997,-225.0,0,-3,0.5012165450121655,1.35,0.09808612440191389,0.0006977671451355305,0.13976194237515882,153.8734793187348,0.54,-69075.0
1008,226,2026-01-28,Overpass,1,1,170.0,0.6,-56.599999999999994,0,-1,0.4226631604111881,1.5,0.015972222222222276,-0.013194444444444453,0.7731898882334818,71.85273726990198,0.8999999999999999,-9621.999999999998
1022,1471,2026-01-28,Nuke,0,1,0.0,0.39999999999999997,74.2,0,2,1.0714285714285714,1.6666666666666665,0.1260964912280702,-0.08991228070175433,2.5649493574615363,0.0,0.6666666666666665,0.0
1021,1471,2026-01-28,Mirage,0,-1,0.0,0.39999999999999997,74.2,0,2,-0.05531914893617022,-0.5,-0.06910569105691056,0.08587398373983735,2.639057329615259,-0.0,-0.19999999999999998,0.0
1007,226,2026-01-28,Dust2,1,1,170.0,0.6,-56.599999999999994,0,-1,-0.113591335358605,0.26666666666666666,-0.030238095238095286,0.04309523809523813,-0.16705408466316607,-19.31052701096285,0.16,-9621.999999999998
1019,1470,2026-01-28,Ancient,0,1,0.0,1.0,11.1,0,-9,1.0438438438438438,1.3333333333333333,0.11458333333333331,-0.08854166666666669,-0.5877866649021193,0.0,1.3333333333333333,0.0
1018,1470,2026-01-28,Dust2,0,1,0.0,1.0,11.1,0,-9,0.2630722499457583,0.3333333333333333,0.06959064327485381,0.039766081871345005,-2.268683541318364,0.0,0.3333333333333333,0.0
1017,1469,2026-01-28,Default,0,1,0.0,0.3633802816901409,-31.35211267605634,0,9,2.0,2.0,0.041666666666666664,-0.041666666666666664,0.0,0.0,0.7267605633802818,-0.0
1016,229,2026-01-28,Nuke,1,1,2.0,0.6,-16.0,0,7,1.3072625698324023,1.0909090909090908,0.20340909090909087,-0.09242424242424241,2.9267394020670396,2.6145251396648046,0.6545454545454544,-32.0
1020,1471,2026-01-28,Anubis,0,1,0.0,0.39999999999999997,74.2,0,2,1.333333333333333,1.3333333333333333,0.351388888888889,-0.11249999999999993,2.740840023925201,0.0,0.5333333333333332,0.0
1014,229,2026-01-28,Anubis,1,-1,2.0,0.6,-16.0,0,7,-0.8735632183908046,-1.3333333333333333,-0.09659090909090906,0.06060606060606066,2.0368819272610397,-1.7471264367816093,-0.7999999999999999,-32.0
1012,228,2026-01-28,Nuke,1,1,307.0,0.39999999999999997,-225.0,0,-3,-0.046609216935181705,0.47619047619047616,0.004960317460317554,-0.001984126984126977,-0.8023464725249374,-14.309029599100784,0.19047619047619044,-69075.0
1011,227,2026-01-28,Ancient,1,-1,-299.0,-0.39999999999999997,-44.400000000000034,0,-2,-0.23087173013535317,-0.42857142857142855,-0.03767560664112385,-0.015777990634312455,-0.7453329337305159,69.0306473104706,0.1714285714285714,13275.60000000001
1010,227,2026-01-28,Dust2,1,1,-299.0,-0.39999999999999997,-44.400000000000034,0,-2,-0.7451298701298702,-0.6666666666666666,-0.11448412698412708,0.06706349206349205,-0.3272129112084161,222.7938311688312,0.2666666666666666,13275.60000000001
1009,227,2026-01-28,Inferno,1,-1,-299.0,-0.39999999999999997,-44.400000000000034,0,-2,-0.4034562977733467,-0.6666666666666666,-0.05303030303030304,-0.006313131313131326,-1.5804503755608483,120.63343303423066,0.2666666666666666,13275.60000000001
1015,229,2026-01-28,Mirage,1,1,2.0,0.6,-16.0,0,7,0.557512953367876,1.0175438596491229,0.017424242424242453,-0.025541125541125587,1.945910149055314,1.115025906735752,0.6105263157894737,-32.0
979,217,2026-01-29,Overpass,1,-1,-68.0,-0.829268292682927,8.819512195121959,0,-2,-0.8284313725490197,-2.0,-0.15555555555555556,0.11388888888888893,-0.4054651081081644,56.333333333333336,1.658536585365854,-599.7268292682932
971,214,2026-01-29,Inferno,1,1,-120.0,0.0,-24.19999999999999,0,3,-0.4292517006802721,0.2,-0.07159151905528716,0.08930488459473968,-0.15415067982725805,51.51020408163265,0.0,2903.9999999999986
972,214,2026-01-29,Anubis,1,-1,-120.0,0.0,-24.19999999999999,0,3,-0.5599999999999999,-2.0,0.02083333333333337,-0.07638888888888884,0.0,67.19999999999999,-0.0,2903.9999999999986
973,215,2026-01-29,Anubis,1,1,0.0,0.36170212765957455,-11.276595744680852,0,6,1.5478468899521531,2.0,0.10312499999999997,-0.11979166666666669,0.2006706954621511,0.0,0.7234042553191491,-0.0
974,215,2026-01-29,Overpass,1,-1,0.0,0.36170212765957455,-11.276595744680852,0,6,0.24475524475524477,0.0,0.07659313725490197,-0.0514705882352941,1.2809338454620642,0.0,0.0,-0.0
975,215,2026-01-29,Dust2,1,-1,0.0,0.36170212765957455,-11.276595744680852,0,6,0.3867417135709818,-0.7272727272727273,0.09664351851851849,-0.07696759259259256,1.4136933353080048,0.0,-0.2630560928433269,-0.0
976,216,2026-01-29,Overpass,1,-1,13.0,0.4,-70.80000000000001,0,1,0.2480243161094225,0.19047619047619047,0.034722222222222265,0.027777777777777735,-0.6190392084062235,3.2243161094224924,0.0761904761904762,-920.4000000000001
977,216,2026-01-29,Nuke,1,1,13.0,0.4,-70.80000000000001,0,1,0.22972027972027972,0.5,0.03125,-0.09895833333333331,0.0,2.9863636363636363,0.2,-920.4000000000001
978,216,2026-01-29,Anubis,1,1,13.0,0.4,-70.80000000000001,0,1,0.8,2.0,0.08432539682539675,0.015873015873015872,-1.9924301646902063,10.4,0.8,-920.4000000000001
980,217,2026-01-29,Anubis,1,-1,-68.0,-0.829268292682927,8.819512195121959,0,-2,-1.5609756097560976,-2.0,-0.22453703703703703,0.14814814814814808,-0.6931471805599456,106.14634146341464,1.658536585365854,-599.7268292682932
970,214,2026-01-29,Mirage,1,-1,-120.0,0.0,-24.19999999999999,0,3,0.20431115276476103,-0.3888888888888889,0.00969827586206895,0.036566091954022995,0.35667494393873245,-24.517338331771324,-0.0,2903.9999999999986
982,218,2026-01-29,Anubis,1,1,11.0,-0.6,-126.70000000000002,0,-4,0.5714285714285715,1.0,0.018601190476190466,-0.08258928571428575,-0.7537718023763804,6.2857142857142865,-0.6,-1393.7000000000003
991,1468,2026-01-29,Dust2,0,-1,0.0,-0.4272727272727273,37.1,0,3,0.1414835164835167,-1.1111111111111112,0.08446969696969697,-0.014962121212121204,1.1921383466789335,0.0,0.4747474747474748,0.0
981,218,2026-01-29,Mirage,1,-1,11.0,-0.6,-126.70000000000002,0,-4,-1.0041322314049586,-1.1555555555555554,-0.11094276094276101,0.09297138047138043,-1.0809127115687094,-11.045454545454543,0.6933333333333332,-1393.7000000000003
990,1467,2026-01-29,Ancient,0,-1,0.0,-0.6000000000000001,30.0,0,-10,-1.2465753424657533,-1.5555555555555556,-0.23833333333333337,0.13999999999999996,-2.5649493574615367,-0.0,0.9333333333333335,0.0
989,1467,2026-01-29,Dust2,0,-1,0.0,-0.6000000000000001,30.0,0,-10,-1.2742616033755274,-1.4545454545454546,-0.23495370370370372,0.11458333333333331,-2.917770732084279,-0.0,0.8727272727272729,0.0
988,1467,2026-01-29,Mirage,0,1,0.0,-0.6000000000000001,30.0,0,-10,0.889795918367347,1.1111111111111112,0.1071428571428571,-0.0625,-2.662587827025453,0.0,-0.6666666666666667,0.0
992,1468,2026-01-29,Ancient,0,-1,0.0,-0.4272727272727273,37.1,0,3,0.044822343600427916,0.2,-0.04824185248713547,-0.016223556317895904,1.5040773967762742,0.0,-0.08545454545454546,0.0
986,220,2026-01-29,Dust2,1,1,9.0,0.2,-134.6,0,2,-0.2527777777777777,-0.47619047619047616,-0.007239168877099911,0.013041556145004463,-0.10536051565782634,-2.2749999999999995,-0.09523809523809523,-1211.3999999999999
985,219,2026-01-29,Mirage,1,1,0.0,1.0,0.0,0,8,1.221757322175732,1.0,0.4358108108108108,-0.14752252252252246,2.9444389791664403,0.0,1.0,0.0
984,219,2026-01-29,Dust2,1,1,0.0,1.0,0.0,0,8,1.2585365853658537,1.2727272727272727,0.4976851851851852,-0.1238425925925925,2.917770732084279,0.0,1.2727272727272727,0.0
983,218,2026-01-29,Dust2,1,-1,11.0,-0.6,-126.70000000000002,0,-4,-0.5717588006076217,-0.380952380952381,-0.02734243343444559,0.10667340748230542,-0.6061358035703153,-6.289346806683839,0.2285714285714286,-1393.7000000000003
987,220,2026-01-29,Mirage,1,1,9.0,0.2,-134.6,0,2,-0.25828284482288083,0.14285714285714285,-0.007291666666666696,0.08298611111111115,-0.9409833444645268,-2.3245456034059275,0.02857142857142857,-1211.3999999999999
951,208,2026-01-30,Overpass,1,1,-53.0,0.4,15.9,0,5,0.017473118279569905,-0.23076923076923078,-0.013194444444444453,0.02812500000000001,-0.5753641449035616,-0.9260752688172049,-0.09230769230769231,-842.7
952,208,2026-01-30,Mirage,1,-1,-53.0,0.4,15.9,0,5,-0.2806818181818182,-0.8,-0.010606060606060674,0.06136363636363634,0.737598943130779,14.876136363636364,-0.32000000000000006,-842.7
953,208,2026-01-30,Ancient,1,1,-53.0,0.4,15.9,0,5,-0.014525306978137142,0.4888888888888889,-0.006528417818740417,0.0654121863799283,-0.3746934494414105,0.7698412698412685,0.19555555555555557,-842.7
954,209,2026-01-30,Ancient,1,1,125.0,0.6000000000000001,23.0,0,-2,0.3429752066115703,1.3333333333333333,0.06874999999999998,0.054166666666666696,-1.252762968495368,42.87190082644629,0.8,2875.0
955,209,2026-01-30,Nuke,1,1,125.0,0.6000000000000001,23.0,0,-2,1.024390243902439,0.6666666666666667,0.1096491228070175,-0.07163742690058478,-1.6094379124341003,128.0487804878049,0.4000000000000001,2875.0
956,210,2026-01-30,Inferno,1,-1,-169.0,-0.6,220.00000000000003,0,2,0.06110013175230564,0.05714285714285716,-0.008945124212087485,-0.010567296996662978,0.06453852113757108,-10.325922266139655,-0.034285714285714294,-37180.00000000001
957,210,2026-01-30,Overpass,1,-1,-169.0,-0.6,220.00000000000003,0,2,-0.2166595783461936,-0.8,-0.005357142857142838,0.022916666666666696,0.33647223662121295,36.61546874050672,0.48,-37180.00000000001
959,211,2026-01-30,Overpass,1,-1,-308.0,-0.4,-3.5999999999999943,0,1,-0.9107551487414187,-0.6,-0.09953703703703709,0.19444444444444442,-0.35667494393873267,280.512585812357,0.24,1108.7999999999984
958,211,2026-01-30,Mirage,1,-1,-308.0,-0.4,-3.5999999999999943,0,1,0.32062135922330093,0.3,0.05002741228070179,-0.004111842105263164,-0.1625189294977747,-98.7513786407767,-0.12,1108.7999999999984
961,212,2026-01-30,Overpass,1,1,192.0,-0.4,11.899999999999991,0,2,1.3027522935779816,2.0,0.14980158730158732,-0.12499999999999994,1.3217558399823195,250.12844036697248,-0.8,2284.7999999999984
962,212,2026-01-30,Inferno,1,-1,192.0,-0.4,11.899999999999991,0,2,-0.2089753466872111,-0.05714285714285716,-0.028017241379310387,0.023168103448275856,1.203972804325936,-40.12326656394453,0.022857142857142868,2284.7999999999984
963,213,2026-01-30,Overpass,1,1,3.0,-0.39999999999999997,30.200000000000045,0,2,-0.35052700307807105,-0.1333333333333333,-0.004166666666666652,0.018750000000000044,0.6466271649250523,-1.051581009234213,0.053333333333333316,90.60000000000014
964,213,2026-01-30,Mirage,1,1,3.0,-0.39999999999999997,30.200000000000045,0,2,0.08584553545793853,0.26666666666666666,-0.06521358543417366,-0.02354691876750703,-0.4769240720903096,0.2575366063738156,-0.10666666666666666,90.60000000000014
965,1465,2026-01-30,Anubis,0,-1,0.0,-0.018556701030927825,0.0,0,-10,-2.0,-2.0,-0.22222222222222215,0.16666666666666663,0.6931471805599453,-0.0,0.03711340206185565,0.0
966,1465,2026-01-30,Ancient,0,1,0.0,-0.018556701030927825,0.0,0,-10,0.05072463768115948,-0.06666666666666671,0.08920940170940173,0.054754273504273476,-0.7308875085427924,0.0,0.0012371134020618558,0.0
967,1465,2026-01-30,Dust2,0,1,0.0,-0.018556701030927825,0.0,0,-10,-0.018126610231873425,0.6666666666666667,-0.07982246952835192,-0.0012586115527291608,-0.7472144018302211,-0.0,-0.012371134020618551,0.0
968,1466,2026-01-30,Mirage,0,-1,0.0,-0.8638297872340426,-51.914893617021285,0,12,0.17043404435954573,-0.3333333333333333,-0.06944444444444442,-0.0944444444444445,2.4423470353692043,0.0,0.2879432624113475,-0.0
969,1466,2026-01-30,Nuke,0,-1,0.0,-0.8638297872340426,-51.914893617021285,0,12,0.2170057381324987,-0.3333333333333333,-0.07357357357357358,-0.12987987987987987,2.251291798606495,0.0,0.2879432624113475,-0.0
960,212,2026-01-30,Mirage,1,-1,192.0,-0.4,11.899999999999991,0,2,-0.8875790684301321,-1.4,-0.04930555555555555,0.12222222222222223,1.824549292051046,-170.41518113858535,0.5599999999999999,2284.7999999999984
934,200,2026-01-31,Overpass,1,1,121.0,0.4,104.60000000000002,0,-2,0.4067226890756302,-0.16666666666666663,0.0805555555555556,-0.07777777777777772,-0.8266785731844679,49.213445378151256,-0.06666666666666665,12656.600000000002
933,200,2026-01-31,Dust2,1,1,121.0,0.4,104.60000000000002,0,-2,0.9227409988385595,0.7012987012987013,0.11305361305361311,-0.14976689976689977,0.16034265007517945,111.65166085946571,0.28051948051948056,12656.600000000002
932,199,2026-01-31,Nuke,1,-1,113.0,-0.8,353.29999999999995,0,-2,0.045405571802370204,0.75,0.03977272727272729,0.02601010101010104,-0.2984929885559966,5.130829613667833,-0.6000000000000001,39922.899999999994
931,199,2026-01-31,Inferno,1,-1,113.0,-0.8,353.29999999999995,0,-2,-0.21507121910347704,-0.14285714285714285,-0.014601139601139623,0.008012820512820484,-0.3150810466398952,-24.303047758692905,0.11428571428571428,39922.899999999994
930,198,2026-01-31,Overpass,1,1,957.0,1.440909090909091,-181.21818181818188,0,2,1.011964107676969,1.5,0.19940476190476192,-0.20982142857142866,1.0986122886681098,968.4496510468593,2.161363636363636,-173425.80000000005
925,196,2026-01-31,Nuke,1,-1,-53.0,-0.8,26.5,0,-10,-0.527685906326683,-0.9166666666666666,0.014013118664281454,0.08691115086463924,-1.1451323043030026,27.967353035314197,0.7333333333333334,-1404.5
928,197,2026-01-31,Mirage,1,-1,0.0,-1.1333333333333333,200.0,0,3,-1.3846153846153844,-1.3333333333333333,-0.17261904761904756,0.125,2.3978952727983707,-0.0,1.511111111111111,0.0
927,197,2026-01-31,Inferno,1,-1,0.0,-1.1333333333333333,200.0,0,3,-1.0869565217391304,-1.5,-0.07031249999999994,-0.06770833333333331,2.1400661634962708,-0.0,1.7,0.0
926,197,2026-01-31,Dust2,1,1,0.0,-1.1333333333333333,200.0,0,3,0.6268656716417911,0.33333333333333337,-0.043402777777777735,-0.03645833333333326,2.525728644308255,0.0,-0.3777777777777778,0.0
924,196,2026-01-31,Inferno,1,1,-53.0,-0.8,26.5,0,-10,-0.34924707194645843,-0.1111111111111111,0.012152777777777735,0.08333333333333331,-0.6539264674066638,18.510094813162297,0.08888888888888889,-1404.5
923,196,2026-01-31,Overpass,1,-1,-53.0,-0.8,26.5,0,-10,-0.7191997191997191,-0.6190476190476191,-0.12500000000000006,0.08854166666666669,-0.6359887667199966,38.117585117585115,0.49523809523809526,-1404.5
929,198,2026-01-31,Dust2,1,1,957.0,1.440909090909091,-181.21818181818188,0,2,1.1325757575757573,1.7777777777777777,0.10416666666666669,-0.16049382716049382,1.3862943611198906,1083.8749999999998,2.5616161616161617,-173425.80000000005
935,201,2026-01-31,Mirage,1,-1,366.0,-0.4,-134.5,0,0,-0.327987526450607,-1.0,-0.05416666666666675,0.039880952380952406,1.1856236656577392,-120.04343468092218,0.4,-49227.0
937,202,2026-01-31,Dust2,1,1,59.0,-0.2,-59.89999999999998,0,-6,-0.32619047619047614,-0.16666666666666669,-0.09090909090909088,0.08617424242424238,-1.3217558399823193,-19.245238095238093,0.03333333333333334,-3534.0999999999985
938,202,2026-01-31,Anubis,1,-1,59.0,-0.2,-59.89999999999998,0,-6,-1.1388888888888888,-1.3333333333333333,-0.12622549019607848,0.10784313725490197,-0.9444616088408513,-67.19444444444444,0.26666666666666666,-3534.0999999999985
936,201,2026-01-31,Dust2,1,-1,366.0,-0.4,-134.5,0,0,0.4522361359570662,0.7619047619047619,0.03262061403508765,-0.08442982456140358,1.4663370687934267,165.51842576028622,-0.3047619047619048,-49227.0
950,207,2026-01-31,Ancient,1,-1,-53.0,-1.4,53.0,0,-13,-1.1801801801801801,-1.2,-0.4140625,0.13281249999999994,-2.803360380906535,62.549549549549546,1.68,-2809.0
948,206,2026-01-31,Ancient,1,-1,0.0,-0.8,10.6,0,-12,0.20276292335115872,-0.3333333333333333,0.01278409090909094,-0.11742424242424243,-0.9382696385929301,0.0,0.26666666666666666,0.0
947,206,2026-01-31,Nuke,1,1,0.0,-0.8,10.6,0,-12,-0.39311871912791685,-0.5,0.017307692307692357,0.07179487179487182,-0.6190392084062237,-0.0,0.4,0.0
946,206,2026-01-31,Inferno,1,-1,0.0,-0.8,10.6,0,-12,-0.4329153605015673,-0.3333333333333333,-0.03328544061302685,0.06082375478927199,-0.8362480242006187,-0.0,0.26666666666666666,0.0
945,205,2026-01-31,Overpass,1,-1,0.0,-1.3862068965517242,200.0,0,3,-1.038961038961039,-1.2,-0.17916666666666664,-0.02916666666666662,1.7047480922384253,-0.0,1.663448275862069,0.0
949,207,2026-01-31,Mirage,1,-1,-53.0,-1.4,53.0,0,-13,-1.4444444444444446,-2.0,-0.2727272727272727,0.19318181818181818,-1.791759469228055,76.55555555555557,2.8,-2809.0
943,204,2026-01-31,Ancient,1,-1,106.0,-0.6000000000000001,161.09999999999997,0,-2,0.1787203903360352,-0.3333333333333333,0.06901041666666663,0.005089962121212155,0.36101334553733055,18.94436137561973,0.2,17076.599999999995
942,204,2026-01-31,Dust2,1,-1,106.0,-0.6000000000000001,161.09999999999997,0,-2,-0.4306418219461696,-0.6666666666666666,-0.08202148925537228,0.062156421789105465,-0.2231435513142097,-45.64803312629398,0.4,17076.599999999995
941,203,2026-01-31,Overpass,1,-1,0.0,0.22857142857142848,-35.58571428571428,0,8,-0.8275862068965517,-1.1111111111111112,-0.07870370370370366,0.25,2.251291798606495,-0.0,-0.2539682539682539,-0.0
940,203,2026-01-31,Nuke,1,-1,0.0,0.22857142857142848,-35.58571428571428,0,8,0.5790598290598291,-0.1111111111111111,0.08869047619047621,-0.1617063492063492,1.6376087894007967,0.0,-0.025396825396825386,-0.0
939,202,2026-01-31,Ancient,1,1,59.0,-0.2,-59.89999999999998,0,-6,0.15083056478405307,0.35,-0.008511745465358322,-0.04579244721974424,-1.0986122886681096,8.899003322259132,-0.06999999999999999,-3534.0999999999985
944,205,2026-01-31,Dust2,1,-1,0.0,-1.3862068965517242,200.0,0,3,-1.373134328358209,-1.6666666666666665,-0.12673611111111105,0.33854166666666674,2.525728644308255,-0.0,2.310344827586207,0.0
910,191,2026-02-01,Nuke,1,-1,-265.0,0.0,243.1,0,-3,-0.5610869644618136,-1.5555555555555556,-0.020599906629318376,0.02229225023342668,-0.46430560813109745,148.6880455823806,-0.0,-64421.5
903,189,2026-02-01,Overpass,1,-1,127.0,0.0,109.1,0,2,0.02990033222591365,-0.5714285714285714,0.06076388888888895,0.01273148148148151,-0.5306282510621703,3.797342192691034,-0.0,13855.699999999999
904,189,2026-02-01,Dust2,1,1,127.0,0.0,109.1,0,2,1.165679685940515,1.0555555555555556,0.1018518518518518,-0.1694444444444444,0.6505875661411493,148.0413201144454,0.0,13855.699999999999
905,189,2026-02-01,Ancient,1,-1,127.0,0.0,109.1,0,2,0.07566988210075032,0.18803418803418803,-0.0002525252525252264,0.033648989898989956,0.5845133395571498,9.61007502679529,0.0,13855.699999999999
906,190,2026-02-01,Mirage,1,-1,65.0,-0.8,-2.299999999999983,0,-2,0.18530319625609867,0.47619047619047616,-0.024250440917107596,-0.06393298059964725,-0.24116205681688774,12.044707756646414,-0.38095238095238093,-149.4999999999989
907,190,2026-02-01,Dust2,1,-1,65.0,-0.8,-2.299999999999983,0,-2,-0.32702702702702696,-0.3333333333333333,-0.12538580246913578,0.08526234567901242,-0.7672551527136671,-21.25675675675675,0.26666666666666666,-149.4999999999989
908,191,2026-02-01,Mirage,1,1,-265.0,0.0,243.1,0,-3,0.16650536999881976,0.2909090909090909,0.015931372549019662,-0.00973583877995643,-0.055569851154810834,-44.123923049687235,0.0,-64421.5
909,191,2026-02-01,Inferno,1,-1,-265.0,0.0,243.1,0,-3,-0.43650613070408295,-0.45454545454545453,0.05540458937198062,0.08397493961352664,-0.7137664677626807,115.67412463658198,-0.0,-64421.5
911,192,2026-02-01,Anubis,1,-1,0.0,-0.6000000000000001,-15.899999999999999,0,-12,-1.3917910447761195,-2.0,0.002136752136752129,0.10505698005698,-0.3364722366212125,-0.0,1.2000000000000002,-0.0
914,193,2026-02-01,Mirage,1,-1,-5.0,0.39999999999999997,-69.4,0,-1,-0.6984078383343539,-0.8,-0.05086580086580089,0.02669552669552666,0.6061358035703157,3.4920391916717697,-0.32,347.0
913,192,2026-02-01,Ancient,1,-1,0.0,-0.6000000000000001,-15.899999999999999,0,-12,-1.0799086757990868,-1.7142857142857144,0.010567632850241537,0.056763285024154564,-1.2321436812926325,-0.0,1.0285714285714287,-0.0
912,192,2026-02-01,Inferno,1,1,0.0,-0.6000000000000001,-15.899999999999999,0,-12,-0.5772005772005772,0.7058823529411764,-0.13194444444444442,0.11312724014336917,-1.5198257537444133,-0.0,-0.42352941176470593,-0.0
921,1464,2026-02-01,Mirage,0,1,0.0,0.4,0.0,0,11,0.9415041782729805,0.736842105263158,0.18297101449275366,-0.12590579710144928,2.7515353130419484,0.0,0.2947368421052632,0.0
920,195,2026-02-01,Inferno,1,1,-53.0,0.4,21.2,0,1,0.12808514542618585,0.29411764705882354,0.04333333333333328,0.020483870967741902,0.2076393647782444,-6.7885127075878495,0.11764705882352942,-1123.6
919,195,2026-02-01,Nuke,1,1,-53.0,0.4,21.2,0,1,-0.03394126616368642,-0.20512820512820512,0.0018210955710955545,0.015370046620046651,-0.5108256237659905,1.7988871066753804,-0.08205128205128205,-1123.6
922,1464,2026-02-01,Nuke,0,1,0.0,0.4,0.0,0,11,0.9931972789115646,0.75,0.35855263157894735,-0.08333333333333331,2.970414465569701,0.0,0.30000000000000004,0.0
917,194,2026-02-01,Dust2,1,1,400.0,-0.2,98.6,0,-2,0.6700029437739182,1.0,0.07796717171717171,-0.0498737373737374,0.08004270767353638,268.0011775095673,-0.2,39440.0
916,193,2026-02-01,Ancient,1,1,-5.0,0.39999999999999997,-69.4,0,-1,-0.235618597320725,0.0,-0.06491545893719808,-0.06099033816425126,1.2321436812926325,1.178092986603625,0.0,347.0
915,193,2026-02-01,Dust2,1,1,-5.0,0.39999999999999997,-69.4,0,-1,0.8687719298245613,0.9285714285714286,0.10046296296296303,-0.0888888888888889,1.1314021114911004,-4.343859649122806,0.3714285714285714,347.0
918,194,2026-02-01,Ancient,1,1,400.0,-0.2,98.6,0,-2,1.2750000000000001,1.3333333333333333,0.0993589743589744,-0.09935897435897434,1.945910149055313,510.00000000000006,-0.26666666666666666,39440.0
892,184,2026-02-02,Nuke,1,-1,-49.0,0.0,-1.400000000000034,0,-1,0.24517374517374518,0.2564102564102564,-0.03803294573643412,0.014292635658914699,-2.174751721484161,-12.013513513513514,0.0,68.60000000000167
887,183,2026-02-02,Mirage,1,1,131.0,0.0,-31.399999999999977,0,2,-0.041056485355648514,0.0,-0.03183865683865683,0.00854832104832104,0.502091943797236,-5.378399581589956,0.0,-4113.399999999997
888,183,2026-02-02,Inferno,1,-1,131.0,0.0,-31.399999999999977,0,2,0.3742449716669779,0.9333333333333333,-0.0722789115646259,-0.06292517006802723,0.5447271754416718,49.026091288374104,0.0,-4113.399999999997
889,183,2026-02-02,Dust2,1,1,131.0,0.0,-31.399999999999977,0,2,0.23843843843843834,0.6285714285714286,0.079059829059829,-0.07692307692307687,1.0498221244986778,31.235435435435424,0.0,-4113.399999999997
890,184,2026-02-02,Mirage,1,1,-49.0,0.0,-1.400000000000034,0,-1,0.8805429864253395,1.4,0.08187724014336911,-0.07291666666666663,-0.9007865453381898,-43.146606334841636,0.0,68.60000000000167
891,184,2026-02-02,Overpass,1,-1,-49.0,0.0,-1.400000000000034,0,-1,-0.3093525179856115,-0.75,0.010416666666666685,-0.07475490196078433,-1.2809338454620642,15.158273381294963,-0.0,68.60000000000167
893,185,2026-02-02,Dust2,1,1,181.0,0.5938144329896908,-139.74536082474228,0,-1,0.6336491530289979,1.1428571428571428,0.04761904761904756,-0.08664021164021163,1.252762968495368,114.69049669824862,0.6786450662739324,-25293.91030927835
902,188,2026-02-02,Ancient,1,1,0.0,0.6000000000000001,-5.300000000000001,0,11,1.294871794871795,1.75,0.09523809523809523,-0.12822420634920634,1.1394342831883648,0.0,1.0500000000000003,-0.0
895,185,2026-02-02,Ancient,1,1,181.0,0.5938144329896908,-139.74536082474228,0,-1,0.8014888337468983,1.3333333333333333,0.019583333333333397,-0.013333333333333308,1.6486586255873819,145.0694789081886,0.7917525773195877,-25293.91030927835
901,188,2026-02-02,Mirage,1,1,0.0,0.6000000000000001,-5.300000000000001,0,11,0.019117647058823503,0.2727272727272727,-0.058725845410627975,-0.00664251207729466,0.613104472886409,0.0,0.16363636363636364,-0.0
900,188,2026-02-02,Nuke,1,-1,0.0,0.6000000000000001,-5.300000000000001,0,11,-0.19840892092200998,-0.3,-0.021745230078563438,-0.03829966329966328,0.8472978603872034,-0.0,-0.18000000000000002,-0.0
899,187,2026-02-02,Dust2,1,-1,-889.0,-0.39999999999999997,134.09999999999997,0,0,-1.1221278556850351,-1.492063492063492,-0.07457010582010581,0.1940586419753086,-0.03509131981127034,997.5716637039963,0.5968253968253968,-119214.89999999997
894,185,2026-02-02,Nuke,1,-1,181.0,0.5938144329896908,-139.74536082474228,0,-1,0.054298642533936514,-0.4444444444444444,-0.11684782608695649,-0.05525362318840582,2.079441541679836,9.82805429864251,-0.26391752577319594,-25293.91030927835
897,186,2026-02-02,Inferno,1,-1,70.0,-0.8,61.10000000000002,0,-2,0.2029616724738676,0.14285714285714285,-0.0028735632183907733,-0.07893318965517249,0.5679840376059393,14.207317073170731,-0.11428571428571428,4277.000000000002
896,186,2026-02-02,Dust2,1,-1,70.0,-0.8,61.10000000000002,0,-2,0.1704360864675747,-0.2,-0.02978098290598291,-0.06931089743589747,-0.5798184952529422,11.930526052730228,0.16000000000000003,4277.000000000002
898,187,2026-02-02,Inferno,1,-1,-889.0,-0.39999999999999997,134.09999999999997,0,0,-0.15697848176927687,-0.08791208791208793,-0.029216716716716662,0.059528278278278335,0.02666824708216131,139.55387029288713,0.03516483516483517,-119214.89999999997
864,177,2026-02-03,Inferno,1,-1,-12.0,-0.4,304.29999999999995,0,0,-0.3381306865177833,-0.2222222222222222,-0.001736111111111105,0.05425347222222221,-0.27763173659827967,4.057568238213399,0.08888888888888889,-3651.5999999999995
865,177,2026-02-03,Dust2,1,-1,-12.0,-0.4,304.29999999999995,0,0,-0.20564892623716152,-0.19047619047619047,-0.006785714285714284,0.0033333333333332993,0.5500463369192721,2.4677871148459385,0.0761904761904762,-3651.5999999999995
866,178,2026-02-03,Ancient,1,1,618.0,0.39999999999999997,-177.3,0,0,0.5384615384615384,1.0,0.02083333333333337,0.0625,0.0,332.7692307692308,0.39999999999999997,-109571.40000000001
867,178,2026-02-03,Overpass,1,1,618.0,0.39999999999999997,-177.3,0,0,0.1875443037974685,1.0833333333333333,0.01944444444444443,0.0222222222222222,0.3746934494414105,115.90237974683554,0.4333333333333333,-109571.40000000001
868,179,2026-02-03,Anubis,1,-1,-175.0,-0.2,-61.900000000000034,0,1,-0.8457142857142858,-1.0,-0.04662698412698418,0.11904761904761907,0.13353139262452252,148.0,0.2,10832.500000000005
869,179,2026-02-03,Overpass,1,1,-175.0,-0.2,-61.900000000000034,0,1,-0.7479674796747968,-0.7,-0.02916666666666662,0.16249999999999998,0.3184537311185349,130.89430894308944,0.13999999999999999,10832.500000000005
870,179,2026-02-03,Dust2,1,-1,-175.0,-0.2,-61.900000000000034,0,1,-0.05375230202578296,-0.25,-0.002880184331797264,0.023473502304147464,0.0984400728132524,9.406652854512018,0.05,10832.500000000005
871,180,2026-02-03,Overpass,1,1,-317.0,0.0,113.20000000000005,0,0,-0.11206896551724144,0.4444444444444445,-0.05019493177387918,0.00694444444444442,-0.05129329438755059,35.52586206896554,0.0,-35884.400000000016
873,180,2026-02-03,Nuke,1,-1,-317.0,0.0,113.20000000000005,0,0,-0.22512582268679843,-0.8547008547008548,0.003544372294372322,0.002624458874458835,0.2231435513142097,71.3648857917151,-0.0,-35884.400000000016
874,181,2026-02-03,Mirage,1,1,228.0,0.6000000000000001,94.1,0,2,0.1972294372294372,0.09999999999999998,0.08805555555555561,-0.032777777777777795,0.17589066646366414,44.96831168831168,0.06,21454.8
872,180,2026-02-03,Mirage,1,-1,-317.0,0.0,113.20000000000005,0,0,-0.5075521598589481,-0.5314685314685315,-0.026521381578947345,0.025630482456140358,-0.16705408466316607,160.89403467528655,-0.0,-35884.400000000016
876,182,2026-02-03,Anubis,1,-1,-329.0,0.2,-143.5,0,0,0.2549019607843137,0.3333333333333333,0.03749999999999998,0.03333333333333338,1.2992829841302609,-83.86274509803921,0.06666666666666667,47211.5
886,1463,2026-02-03,Inferno,0,1,-452.0,-0.023529411764705882,46.28235294117647,0,-4,0.8102564102564103,0.8888888888888888,0.08854166666666663,-0.32942708333333337,-2.803360380906535,-366.2358974358974,-0.02091503267973856,-20919.623529411765
885,1463,2026-02-03,Overpass,0,1,-452.0,-0.023529411764705882,46.28235294117647,0,-4,0.16412490922294848,1.2,-0.05833333333333335,-0.07916666666666672,-1.2992829841302609,-74.18445896877272,-0.028235294117647056,-20919.623529411765
875,181,2026-02-03,Inferno,1,1,228.0,0.6000000000000001,94.1,0,2,0.1564102564102564,0.0,0.0009645061728395521,-0.03631365740740744,0.16430305129127643,35.66153846153846,0.0,21454.8
883,1462,2026-02-03,Mirage,0,-1,0.0,0.19999999999999996,0.0,0,3,-0.8174603174603176,-1.0,-0.13690476190476186,0.10019841269841273,1.6817585740137266,-0.0,-0.19999999999999996,0.0
882,1461,2026-02-03,Nuke,0,-1,-53.0,0.2,31.8,0,-11,-0.21482063367373658,-0.3714285714285714,-0.010532407407407407,0.01655092592592594,-1.6314168191528755,11.385493584708039,-0.07428571428571427,-1685.4
884,1462,2026-02-03,Nuke,0,-1,0.0,0.19999999999999996,0.0,0,3,-1.1398934679001957,-1.3333333333333333,-0.2133838383838384,0.1428030303030302,-0.36290549368936853,-0.0,-0.2666666666666666,0.0
880,1461,2026-02-03,Overpass,0,1,-53.0,0.2,31.8,0,-11,0.1504065040650406,0.1333333333333333,0.10375816993464049,0.15604575163398693,-1.504077396776274,-7.971544715447152,0.02666666666666666,-1685.4
879,1460,2026-02-03,Dust2,0,-1,561.0,-1.0,-299.6,0,6,-0.8362068965517242,-0.75,-0.31979166666666664,-0.26562499999999994,3.0204248861443626,-469.11206896551727,0.75,-168075.6
878,1460,2026-02-03,Ancient,0,-1,561.0,-1.0,-299.6,0,6,-1.4157303370786516,-1.6,-0.1071428571428571,0.20238095238095238,2.0149030205422647,-794.2247191011236,1.6,-168075.6
877,182,2026-02-03,Dust2,1,-1,-329.0,0.2,-143.5,0,0,-0.5900204012240733,-0.8571428571428572,-0.027440476190476182,0.09785714285714292,0.109199291964992,194.1167120027201,-0.17142857142857146,47211.5
881,1461,2026-02-03,Ancient,0,-1,-53.0,0.2,31.8,0,-11,-0.7046957671957672,-1.2727272727272727,-0.06944444444444442,-0.01388888888888884,-2.1400661634962708,37.348875661375665,-0.2545454545454546,-1685.4
863,1459,2026-02-04,Mirage,0,-1,0.0,-0.2571428571428572,0.0,0,0,-0.42721088435374144,-0.9333333333333333,-0.08829365079365087,0.13690476190476192,2.374905754573672,-0.0,0.24000000000000002,0.0
862,1459,2026-02-04,Anubis,0,-1,0.0,-0.2571428571428572,0.0,0,0,0.2231404958677685,0.0,0.1579301075268817,-0.004704301075268813,2.367123614131617,0.0,-0.0,0.0
861,1458,2026-02-04,Ancient,0,1,37.0,0.5590909090909091,8.386363636363635,0,8,0.49684699634915375,0.4,0.11354166666666665,-0.05277777777777776,2.327277705584417,18.383338864918688,0.22363636363636363,310.2954545454545
860,1458,2026-02-04,Dust2,0,-1,37.0,0.5590909090909091,8.386363636363635,0,8,-0.26727509778357245,-0.6153846153846154,0.05297619047619051,-0.024702380952380976,1.9740810260220096,-9.889178617992181,-0.3440559440559441,310.2954545454545
859,1458,2026-02-04,Overpass,0,1,37.0,0.5590909090909091,8.386363636363635,0,8,0.1195600191296031,1.0,0.12777777777777777,0.019444444444444486,1.6739764335716714,4.423720707795314,0.5590909090909091,310.2954545454545
855,1455,2026-02-05,Default,0,-1,-452.0,-1.2,237.6,0,-5,-2.0,-2.0,-0.041666666666666664,0.041666666666666664,0.0,904.0,2.4,-107395.2
856,1456,2026-02-05,Mirage,0,1,37.0,0.2888888888888889,-3.055555555555557,0,7,0.3877551020408163,0.7,0.03943452380952378,0.0022321428571429047,2.4336133554004498,14.346938775510203,0.20222222222222222,-113.05555555555561
857,1456,2026-02-05,Nuke,0,1,37.0,0.2888888888888889,-3.055555555555557,0,7,0.0073260073260073555,-0.16666666666666666,-0.01140873015873023,-0.0798611111111111,2.6567569067146595,0.27106227106227215,-0.04814814814814815,-113.05555555555561
858,1457,2026-02-05,Default,0,1,561.0,1.0,9.466666666666669,0,7,1.5,1.5,0.03125,-0.03125,0.916290731874155,841.5,1.5,5310.800000000001
832,175,2026-02-06,Overpass,1,-1,-262.0,-0.4,108.60000000000002,0,-1,-0.61976506639428,-0.7,0.022727272727272763,0.06818181818181818,0.0,162.37844739530135,0.27999999999999997,-28453.200000000004
833,175,2026-02-06,Dust2,1,-1,-262.0,-0.4,108.60000000000002,0,-1,-0.10988683740321625,-0.5,0.030642361111111127,0.0018229166666666186,0.7239188392266991,28.79035139964266,0.2,-28453.200000000004
834,176,2026-02-06,Dust2,1,1,179.0,0.2,-256.0,0,2,0.17730095990965558,0.5,-0.009756097560975618,-0.06829268292682922,0.4795730802618863,31.73687182382835,0.1,-45824.0
835,176,2026-02-06,Mirage,1,1,179.0,0.2,-256.0,0,2,0.6423280423280422,0.676923076923077,0.07099358974358971,-0.05283119658119656,0.6443570163905132,114.97671957671955,0.1353846153846154,-45824.0
836,1448,2026-02-06,Mirage,0,1,37.0,-0.1333333333333333,-37.0,0,9,1.393939393939394,1.6842105263157894,-0.019736842105263108,-0.266812865497076,3.3672958299864737,51.57575757575758,-0.22456140350877188,-1369.0
838,1448,2026-02-06,Overpass,0,-1,37.0,-0.1333333333333333,-37.0,0,9,-1.048951048951049,-1.0,-0.0980392156862745,0.3970588235294118,2.197224577336219,-38.81118881118881,0.1333333333333333,-1369.0
839,1449,2026-02-06,Nuke,0,-1,-53.0,-0.8,21.2,0,-7,-1.3423728813559321,-1.6,-0.20742753623188404,0.15443840579710144,-2.240709689275958,71.1457627118644,1.2800000000000002,-1123.6
840,1449,2026-02-06,Dust2,0,-1,-53.0,-0.8,21.2,0,-7,-0.4257619321449108,-1.0,-0.0025337837837837718,0.14358108108108109,-2.028148247292285,22.565382403680275,0.8,-1123.6
841,1450,2026-02-06,Nuke,0,1,0.0,1.0,0.0,0,3,1.1743119266055047,1.0,0.318287037037037,-0.11921296296296291,2.917770732084279,0.0,1.0,0.0
842,1450,2026-02-06,Mirage,0,1,0.0,1.0,0.0,0,3,1.25,1.0,0.27083333333333337,-0.15241228070175433,2.970414465569701,0.0,1.0,0.0
837,1448,2026-02-06,Ancient,0,-1,37.0,-0.1333333333333333,-37.0,0,9,-0.6914498141263941,-0.8,-0.05386178861788615,-0.022357723577235755,3.044522437723423,-25.58364312267658,0.10666666666666665,-1369.0
844,1451,2026-02-06,Mirage,0,1,75.0,-0.2,106.0,0,1,0.29166666666666663,0.6666666666666666,-0.01620370370370372,0.06365740740740744,1.33500106673234,21.874999999999996,-0.13333333333333333,7950.0
843,1451,2026-02-06,Dust2,0,-1,75.0,-0.2,106.0,0,1,-1.393103448275862,-2.0,-0.13333333333333325,0.012500000000000067,1.9459101490553132,-104.48275862068965,0.4,7950.0
852,1454,2026-02-06,Dust2,0,1,0.0,-0.7333333333333334,0.0,0,-1,1.2653061224489797,2.0,0.17291666666666666,-0.06666666666666665,-2.3513752571634776,0.0,-1.4666666666666668,0.0
851,1453,2026-02-06,Anubis,0,-1,111.0,-0.5333333333333333,226.10000000000002,0,5,-0.9508196721311475,-1.0,-0.15909090909090906,0.12878787878787878,1.791759469228055,-105.54098360655738,0.5333333333333333,25097.100000000002
850,1453,2026-02-06,Inferno,0,-1,111.0,-0.5333333333333333,226.10000000000002,0,5,-0.8311688311688312,-1.1428571428571428,-0.08333333333333331,0.35964912280701755,2.970414465569701,-92.25974025974027,0.6095238095238095,25097.100000000002
849,1453,2026-02-06,Dust2,0,1,111.0,-0.5333333333333333,226.10000000000002,0,5,0.6775956284153006,0.5,0.20402298850574713,-0.03304597701149414,2.70805020110221,75.21311475409837,-0.26666666666666666,25097.100000000002
853,1454,2026-02-06,Inferno,0,-1,0.0,-0.7333333333333334,0.0,0,-1,-1.1060291060291059,-2.0,0.16032608695652167,0.21829710144927533,-2.079441541679836,-0.0,1.4666666666666668,0.0
847,1452,2026-02-06,Overpass,0,1,37.0,0.2,-33.6,0,5,0.951048951048951,1.0,-0.01470588235294118,-0.06127450980392152,2.197224577336219,35.18881118881119,0.2,-1243.2
846,1452,2026-02-06,Dust2,0,-1,37.0,0.2,-33.6,0,5,-0.7804878048780488,-0.7142857142857143,-0.052083333333333315,-0.01157407407407407,2.512305623976115,-28.878048780487806,-0.14285714285714288,-1243.2
845,1451,2026-02-06,Ancient,0,1,75.0,-0.2,106.0,0,1,1.0082644628099173,1.3333333333333333,0.30034722222222227,-0.13541666666666663,2.525728644308255,75.6198347107438,-0.26666666666666666,7950.0
848,1452,2026-02-06,Default,0,1,37.0,0.2,-33.6,0,5,2.0,2.0,0.041666666666666664,-0.041666666666666664,0.4054651081081645,74.0,0.4,-1243.2
854,1454,2026-02-06,Anubis,0,-1,0.0,-0.7333333333333334,0.0,0,-1,-1.1428571428571428,-2.0,-0.017857142857142905,0.05357142857142855,-1.3862943611198904,-0.0,1.4666666666666668,0.0
819,1441,2026-02-07,Ancient,0,-1,561.0,0.4,-45.80000000000001,0,8,-1.4583333333333333,-1.6,-0.10555555555555551,0.03888888888888892,2.0794415416798357,-818.125,-0.6400000000000001,-25693.800000000007
810,173,2026-02-07,Nuke,1,1,548.0,0.6000000000000001,-62.799999999999955,0,-4,0.25153250929554805,0.08333333333333331,0.05593434343434345,-0.022979797979797933,0.2984929885559966,137.83981509396034,0.049999999999999996,-34414.39999999997
811,173,2026-02-07,Dust2,1,1,548.0,0.6000000000000001,-62.799999999999955,0,-4,0.44604792797563886,0.5777777777777777,0.05477729885057475,-0.09626436781609199,0.5679840376059393,244.4342645306501,0.3466666666666667,-34414.39999999997
812,174,2026-02-07,Mirage,1,-1,-196.0,0.0,125.40000000000003,0,-6,-0.1591007744853899,-0.21978021978021978,0.05699404761904764,0.059821428571428636,-0.3462762367178338,31.18375179913642,-0.0,-24578.400000000005
813,174,2026-02-07,Dust2,1,1,-196.0,0.0,125.40000000000003,0,-6,0.3402921853388659,0.30303030303030304,0.05993431855500814,-0.021038587848932644,-0.3600027340314069,-66.69726832641771,0.0,-24578.400000000005
814,174,2026-02-07,Nuke,1,-1,-196.0,0.0,125.40000000000003,0,-6,-0.48198262355789767,-0.8363636363636364,-0.011711711711711703,0.03879504504504505,-0.5930637220029626,94.46859421734794,-0.0,-24578.400000000005
815,1440,2026-02-07,Nuke,0,1,-53.0,-0.6,15.9,0,-6,-0.09139072847682128,-0.4666666666666667,0.05362277170787816,-0.0033064979873491107,-0.2336148511815055,4.843708609271528,0.27999999999999997,-842.7
816,1440,2026-02-07,Inferno,0,-1,-53.0,-0.6,15.9,0,-6,-0.32649420160570913,-0.6428571428571428,-0.0016025641025640969,0.06368899917287013,0.16989903679539742,17.304192685102585,0.3857142857142857,-842.7
817,1440,2026-02-07,Dust2,0,-1,-53.0,-0.6,15.9,0,-6,-0.24037403740374044,-0.8034188034188035,-0.00028875028875030573,0.05044467544467546,-0.05129329438755059,12.739823982398244,0.48205128205128206,-842.7
818,1441,2026-02-07,Nuke,0,-1,561.0,0.4,-45.80000000000001,0,8,0.3559322033898305,0.6363636363636364,0.08671171171171171,-0.08671171171171171,2.5389738710582757,199.67796610169492,0.2545454545454546,-25693.800000000007
820,1442,2026-02-07,Nuke,0,1,32.0,1.0,-231.5,0,2,0.24062571888658843,0.0,-0.060344827586206906,-0.08668582375478928,2.014903020542265,7.70002300437083,0.0,-7408.0
822,1443,2026-02-07,Dust2,0,-1,0.0,-0.8,0.0,0,3,-1.0140845070422535,-0.8571428571428572,-0.09606481481481477,0.041666666666666685,2.917770732084279,-0.0,0.6857142857142858,0.0
831,1447,2026-02-07,Inferno,0,1,-452.0,0.2814814814814814,-13.585185185185196,0,-7,0.882051282051282,1.0,0.09722222222222221,-0.2916666666666667,-2.4277482359480516,-398.6871794871795,0.2814814814814814,6140.503703703709
830,1447,2026-02-07,Mirage,0,1,-452.0,0.2814814814814814,-13.585185185185196,0,-7,0.9875,1.6,0.025537634408602128,0.0,-2.772588722239781,-446.35,0.45037037037037025,6140.503703703709
829,1446,2026-02-07,Dust2,0,-1,-53.0,-1.6,26.5,0,-9,-1.3888888888888888,-1.6923076923076923,-0.3696581196581197,0.1709401709401709,-2.5902671654458267,73.61111111111111,2.707692307692308,-1404.5
828,1446,2026-02-07,Overpass,0,-1,-53.0,-1.6,26.5,0,-9,-1.2380952380952381,-1.2857142857142856,-0.14120370370370372,0.1550925925925925,-1.8458266904983305,65.61904761904762,2.057142857142857,-1404.5
821,1442,2026-02-07,Inferno,0,1,32.0,1.0,-231.5,0,2,0.8308411214953271,1.4,0.028645833333333315,-0.055989583333333315,2.11021320034659,26.586915887850466,1.4,-7408.0
826,1445,2026-02-07,Mirage,0,1,42.0,1.0,63.794117647058826,0,2,0.9811320754716981,0.6,0.40027322404371585,-0.10109289617486333,3.4339872044851463,41.20754716981132,0.6,2679.3529411764707
825,1444,2026-02-07,Dust2,0,1,0.0,-0.2,27.6,0,-2,0.2910798122065726,2.0,0.04004329004329005,0.011904761904761918,-0.6061358035703157,0.0,-0.4,0.0
824,1444,2026-02-07,Mirage,0,1,0.0,-0.2,27.6,0,-2,-0.12983247422680405,-0.16666666666666669,-0.04046474358974361,0.08613782051282048,0.44183275227903884,-0.0,0.03333333333333334,0.0
823,1443,2026-02-07,Ancient,0,-1,0.0,-0.8,0.0,0,3,-0.7777777777777778,-0.5,-0.07870370370370366,0.10648148148148145,2.251291798606495,-0.0,0.4,0.0
827,1445,2026-02-07,Overpass,0,1,42.0,1.0,63.794117647058826,0,2,1.1130434782608696,1.25,0.1538461538461538,-0.13461538461538453,1.945910149055313,46.74782608695652,1.25,2679.3529411764707
798,1435,2026-02-08,Dust2,0,-1,244.0,-1.2,57.0,0,7,-1.5827338129496402,-1.5555555555555556,-0.13194444444444436,0.29166666666666663,2.525728644308255,-386.1870503597122,1.8666666666666667,13908.0
792,171,2026-02-08,Mirage,1,1,-439.0,-1.0,134.30000000000007,0,5,-0.19586431226765777,-0.05714285714285716,-0.060713349068974576,0.007179386309992097,0.27193371548364187,85.98443308550176,0.05714285714285716,-58957.70000000003
793,171,2026-02-08,Inferno,1,-1,-439.0,-1.0,134.30000000000007,0,5,-0.22126582278481027,-0.2,-0.061373873873873885,0.03632882882882882,0.29423947299794007,97.1356962025317,0.2,-58957.70000000003
794,171,2026-02-08,Nuke,1,-1,-439.0,-1.0,134.30000000000007,0,5,-0.015513522482163533,0.6111111111111112,-0.06706281833616295,0.0,0.19782574332991976,6.810436369669791,-0.6111111111111112,-58957.70000000003
795,171,2026-02-08,Overpass,1,-1,-439.0,-1.0,134.30000000000007,0,5,-0.24656502917372486,-1.1428571428571428,0.010937499999999989,0.07916666666666666,0.21130909366720685,108.24204780726521,1.1428571428571428,-58957.70000000003
796,172,2026-02-08,Dust2,1,1,-87.0,0.6000000000000001,46.69999999999999,0,-5,0.3733631427658895,0.6666666666666666,0.06486928104575168,-0.044852941176470595,0.5436154465889818,-32.482593420632384,0.4,-4062.899999999999
797,172,2026-02-08,Mirage,1,1,-87.0,0.6000000000000001,46.69999999999999,0,-5,0.1360853711571271,0.6,0.023392600574712596,0.01751077586206895,-0.09531017980432477,-11.839427290670058,0.36000000000000004,-4062.899999999999
799,1435,2026-02-08,Nuke,0,-1,244.0,-1.2,57.0,0,7,-0.8850174216027874,-1.1666666666666667,-0.07870370370370366,-0.0398148148148148,3.1354942159291497,-215.94425087108013,1.4000000000000001,13908.0
803,1437,2026-02-08,Inferno,0,1,53.0,1.2,-37.1,0,7,0.5124551710768634,0.5833333333333333,0.011039886039886038,-0.0830959164292498,0.6931471805599454,27.160124067073763,0.6999999999999998,-1966.3000000000002
801,1436,2026-02-08,Mirage,0,1,10.0,0.2,164.6,0,-1,0.9351982123644791,1.5,0.019841269841269826,-0.11878306878306877,-2.3671236141316165,9.351982123644792,0.30000000000000004,1646.0
802,1437,2026-02-08,Overpass,0,1,53.0,1.2,-37.1,0,7,0.7870717159106673,0.6666666666666666,0.13791423001949316,-0.07334307992202727,0.693147180559945,41.71480094326537,0.7999999999999999,-1966.3000000000002
804,1438,2026-02-08,Nuke,0,1,-20.0,-0.2,-10.800000000000004,0,-4,0.23972744166838733,0.2857142857142857,0.039052287581699374,-0.04248366013071897,-0.5436154465889818,-4.794548833367747,-0.05714285714285714,216.00000000000009
805,1438,2026-02-08,Mirage,0,-1,-20.0,-0.2,-10.800000000000004,0,-4,-0.8179500254971952,-1.0476190476190477,-0.03728070175438597,0.08881578947368424,-1.3862943611198906,16.359000509943904,0.20952380952380956,216.00000000000009
806,1438,2026-02-08,Ancient,0,1,-20.0,-0.2,-10.800000000000004,0,-4,0.22999261265698104,0.0,0.025000000000000022,0.02583333333333332,-0.8602012652231115,-4.599852253139621,-0.0,216.00000000000009
807,1439,2026-02-08,Overpass,0,-1,-42.0,-0.2,13.300000000000004,0,-3,-0.806473829201102,-1.3333333333333333,-0.0535714285714286,0.03571428571428564,-0.6286086594223743,33.871900826446286,0.26666666666666666,-558.6000000000001
808,1439,2026-02-08,Mirage,0,1,-42.0,-0.2,13.300000000000004,0,-3,0.5887517876741943,0.9285714285714286,0.028769841269841223,0.0026455026455026176,-1.4508328822574614,-24.72757508231616,-0.18571428571428572,-558.6000000000001
809,1439,2026-02-08,Inferno,0,-1,-42.0,-0.2,13.300000000000004,0,-3,-0.6212786335701175,-1.4,-0.09448924731182795,0.03481182795698928,-1.0678406300013559,26.093702609944934,0.27999999999999997,-558.6000000000001
800,1436,2026-02-08,Nuke,0,1,10.0,0.2,164.6,0,-1,1.280701754385965,1.6,0.11764705882352938,-0.19689542483660133,-1.504077396776274,12.807017543859649,0.32000000000000006,1646.0
784,1431,2026-02-09,Dust2,0,-1,0.0,-0.3764705882352941,0.0,0,2,-0.2363784223366766,-1.0,-0.056306306306306286,-0.038288288288288286,2.5389738710582757,-0.0,0.3764705882352941,0.0
782,1430,2026-02-09,Ancient,0,-1,561.0,-0.4,229.0,0,10,-0.7118241235888295,-2.0,0.0546875,0.0625,1.7346010553881064,-399.33333333333337,0.8,128469.0
785,1431,2026-02-09,Mirage,0,-1,0.0,-0.3764705882352941,0.0,0,2,-0.16865808823529418,-1.6,-0.01211240310077516,0.14437984496124034,2.6855773452501515,-0.0,0.6023529411764706,0.0
783,1430,2026-02-09,Dust2,0,-1,561.0,-0.4,229.0,0,10,-0.8764940239043825,-0.8,-0.19379844961240306,-0.17538759689922484,3.0910424533583156,-491.71314741035854,0.32000000000000006,128469.0
787,1432,2026-02-09,Mirage,0,-1,0.0,-1.2,0.0,0,-3,-1.6486486486486487,-1.6,-0.08796296296296297,0.17129629629629622,-1.6094379124341005,-0.0,1.92,0.0
788,1433,2026-02-09,Inferno,0,1,452.0,0.8,-141.0,0,10,1.1485148514851484,1.0,0.2806372549019608,-0.1323529411764705,2.862200880929468,519.1287128712871,0.8,-63732.0
789,1433,2026-02-09,Ancient,0,1,452.0,0.8,-141.0,0,10,1.35,2.0,0.14583333333333337,-0.1071428571428571,2.0149030205422647,610.2,1.6,-63732.0
790,1434,2026-02-09,Overpass,0,-1,-53.0,-1.8,53.0,0,-9,-1.319148936170213,-1.375,-0.31041666666666656,0.10833333333333328,-2.3513752571634776,69.91489361702128,2.475,-2809.0
791,1434,2026-02-09,Mirage,0,-1,-53.0,-1.8,53.0,0,-9,-1.53125,-2.0,-0.23958333333333334,0.20486111111111105,-1.8718021769015913,81.15625,3.6,-2809.0
786,1432,2026-02-09,Anubis,0,-1,0.0,-1.2,0.0,0,-3,-1.368421052631579,-2.0,-0.234375,0.08333333333333331,-1.5040773967762742,-0.0,2.4,0.0
760,1421,2026-02-10,Mirage,0,-1,0.0,0.5333333333333333,0.0,0,5,-0.4893617021276595,-0.5714285714285714,-0.018939393939393923,0.06818181818181818,1.791759469228055,-0.0,-0.30476190476190473,0.0
761,1421,2026-02-10,Dust2,0,1,0.0,0.5333333333333333,0.0,0,5,0.875,0.8,-0.03260869565217395,-0.10688405797101447,2.4849066497880004,0.0,0.4266666666666667,0.0
762,1421,2026-02-10,Overpass,0,1,0.0,0.5333333333333333,0.0,0,5,1.3870967741935485,2.0,0.09259259259259256,-0.14583333333333331,2.251291798606495,0.0,1.0666666666666667,0.0
763,1422,2026-02-10,Dust2,0,1,0.0,0.0,0.0,0,1,0.8911917098445596,0.75,-0.04838709677419356,-0.20295698924731181,2.772588722239781,0.0,0.0,0.0
764,1422,2026-02-10,Mirage,0,-1,0.0,0.0,0.0,0,1,-0.9372384937238494,-1.0,-0.09044715447154467,0.47256097560975613,3.044522437723423,-0.0,-0.0,0.0
765,1422,2026-02-10,Overpass,0,1,0.0,0.0,0.0,0,1,0.888888888888889,0.6666666666666667,0.11011904761904762,-0.06845238095238088,2.0149030205422647,0.0,0.0,0.0
766,1423,2026-02-10,Mirage,0,1,-410.0,1.0,-175.09999999999997,0,-6,0.045876504761334404,0.282051282051282,-0.013829703282828287,-0.023279671717171713,0.6480267452794752,-18.809366952147105,0.282051282051282,71790.99999999999
768,1424,2026-02-10,Nuke,0,1,37.0,0.8,-7.4,0,5,0.3063063063063064,-0.16666666666666666,0.05890804597701155,-0.0053160919540229945,0.36396537720141175,11.333333333333337,-0.13333333333333333,-273.8
769,1424,2026-02-10,Ancient,0,1,37.0,0.8,-7.4,0,5,0.27862418013737544,0.5111111111111111,0.009149029982363277,-0.021825396825396803,-0.2461330695389088,10.309094665082892,0.40888888888888886,-273.8
767,1423,2026-02-10,Nuke,0,1,-410.0,1.0,-175.09999999999997,0,-6,-0.11759029500964985,0.16666666666666669,-0.022342995169082114,0.03371578099838968,-0.2336148511815055,48.21202095395644,0.16666666666666669,71790.99999999999
771,1425,2026-02-10,Dust2,0,1,0.0,0.631578947368421,-117.98684210526316,0,1,0.8911917098445596,0.75,0.07661290322580638,-0.07795698924731181,2.367123614131617,0.0,0.47368421052631576,-0.0
770,1425,2026-02-10,Inferno,0,1,0.0,0.631578947368421,-117.98684210526316,0,1,0.6626984126984126,1.4285714285714286,0.1519396551724138,-0.08285440613026823,0.8362480242006187,0.0,0.9022556390977443,-0.0
780,1429,2026-02-10,Dust2,0,-1,0.0,-0.11891891891891893,244.32432432432432,0,-3,-0.875,-0.8,-0.1757246376811594,0.10688405797101447,-2.4849066497880004,-0.0,0.09513513513513515,0.0
779,1428,2026-02-10,Nuke,0,1,244.0,0.1333333333333333,105.63333333333335,0,8,1.144781144781145,0.9230769230769231,0.15217391304347827,-0.12862318840579706,2.7515353130419484,279.32659932659936,0.12307692307692306,25774.53333333334
778,1428,2026-02-10,Ancient,0,-1,244.0,0.1333333333333333,105.63333333333335,0,8,-0.11165577342047933,-1.1428571428571428,0.05882352941176472,0.041666666666666685,2.456735772821304,-27.24400871459696,-0.15238095238095234,25774.53333333334
777,1428,2026-02-10,Inferno,0,1,244.0,0.1333333333333333,105.63333333333335,0,8,1.0289017341040463,1.2,0.03749999999999998,-0.08749999999999997,2.740840023925201,251.0520231213873,0.15999999999999995,25774.53333333334
781,1429,2026-02-10,Mirage,0,-1,0.0,-0.11891891891891893,244.32432432432432,0,-3,-0.5106382978723405,-0.42857142857142855,-0.2102272727272727,0.14015151515151514,-1.3862943611198906,-0.0,0.050965250965250966,0.0
775,1427,2026-02-10,Dust2,0,1,37.0,0.4789473684210527,-29.078947368421055,0,9,1.2698412698412698,1.3333333333333333,0.19932432432432434,-0.09909909909909909,2.251291798606495,46.98412698412698,0.6385964912280702,-1075.921052631579
774,1426,2026-02-10,Anubis,0,1,0.0,-0.8025974025974025,-32.05454545454546,0,4,0.650863800723182,1.2,0.07552083333333337,-0.02083333333333337,1.88706964903238,0.0,-0.963116883116883,-0.0
773,1426,2026-02-10,Dust2,0,-1,0.0,-0.8025974025974025,-32.05454545454546,0,4,0.06838110677179278,-1.1111111111111112,0.0719246031746032,-0.03926917989417994,1.7404661748405044,0.0,0.8917748917748918,-0.0
772,1426,2026-02-10,Nuke,0,1,0.0,-0.8025974025974025,-32.05454545454546,0,4,1.045045045045045,1.3333333333333333,0.19444444444444442,-0.09166666666666662,2.327277705584417,0.0,-1.07012987012987,-0.0
776,1427,2026-02-10,Nuke,0,1,37.0,0.4789473684210527,-29.078947368421055,0,9,0.5278219395866456,1.1666666666666667,0.05890804597701155,-0.013649425287356298,2.9789251552376097,19.529411764705888,0.5587719298245615,-1075.921052631579
738,1412,2026-02-11,Ancient,0,1,0.0,0.0,7.4,0,4,0.1876667868734223,0.75,0.03133776792313375,-0.020565410199556544,0.28768207245178123,0.0,0.0,0.0
739,1412,2026-02-11,Overpass,0,-1,0.0,0.0,7.4,0,4,0.32584097859327227,0.2,0.025000000000000022,-0.11111111111111116,0.0,0.0,0.0,0.0
740,1412,2026-02-11,Anubis,0,-1,0.0,0.0,7.4,0,4,-0.32851063829787236,-1.0,0.02746212121212116,0.006944444444444475,0.9614111671546248,-0.0,-0.0,0.0
741,1413,2026-02-11,Ancient,0,-1,0.0,-0.04999999999999999,-18.75,0,2,-0.08936170212765959,-0.75,0.07926829268292684,0.0391260162601626,2.639057329615259,-0.0,0.03749999999999999,-0.0
742,1413,2026-02-11,Dust2,0,1,0.0,-0.04999999999999999,-18.75,0,2,0.9458128078817734,0.8888888888888888,0.18229166666666669,-0.08072916666666663,2.3978952727983707,0.0,-0.04444444444444443,-0.0
743,1413,2026-02-11,Inferno,0,-1,0.0,-0.04999999999999999,-18.75,0,2,-0.8651685393258427,-0.75,-0.0930555555555555,0.10277777777777775,2.740840023925201,-0.0,0.03749999999999999,-0.0
744,1414,2026-02-11,Dust2,0,1,37.0,1.1872340425531918,-213.3829787234043,0,8,0.8750569995440037,1.375,0.042324561403508765,-0.16644736842105262,1.8718021769015913,32.37710898312814,1.6324468085106387,-7895.170212765959
745,1414,2026-02-11,Mirage,0,-1,37.0,1.1872340425531918,-213.3829787234043,0,8,0.7857872529424828,0.9122807017543859,0.06339798850574713,-0.09249281609195403,1.8803128665695001,29.07412835887186,1.0830907054871222,-7895.170212765959
746,1414,2026-02-11,Nuke,0,1,37.0,1.1872340425531918,-213.3829787234043,0,8,1.1684210526315792,1.2307692307692308,0.11140536723163841,-0.06832627118644063,2.484906649788,43.23157894736843,1.4612111292962362,-7895.170212765959
747,1415,2026-02-11,Mirage,0,1,0.0,0.34634146341463423,7.4,0,7,0.935064935064935,0.8,0.2225378787878788,-0.1098484848484848,3.1135153092103742,0.0,0.2770731707317074,0.0
749,1416,2026-02-11,Nuke,0,1,0.0,0.4,-263.5,0,7,1.1052631578947367,1.4285714285714286,0.16869918699186992,-0.09654471544715443,2.351375257163478,0.0,0.5714285714285715,-0.0
750,1416,2026-02-11,Mirage,0,1,0.0,0.4,-263.5,0,7,-0.21986464239985365,-0.2,-0.05523989898989895,-0.02651515151515149,1.5040773967762737,-0.0,-0.08000000000000002,-0.0
748,1415,2026-02-11,Overpass,0,1,0.0,0.34634146341463423,7.4,0,7,0.5798245614035089,1.2,-0.05833333333333329,-0.1833333333333333,0.9808292530117262,0.0,0.41560975609756107,0.0
759,1420,2026-02-11,Inferno,0,-1,452.0,-0.34074074074074073,-101.56296296296296,0,11,-0.08213096559378473,-1.1111111111111112,0.028571428571428525,-0.04523809523809519,2.484906649788,-37.1231964483907,0.3786008230452675,-45906.45925925925
757,1419,2026-02-11,Overpass,0,1,42.0,0.6592592592592592,85.24444444444444,0,5,1.3548387096774195,1.5555555555555556,0.3333333333333333,-0.14999999999999997,2.0794415416798357,56.903225806451616,1.025514403292181,3580.2666666666664
756,1419,2026-02-11,Mirage,0,1,42.0,0.6592592592592592,85.24444444444444,0,5,0.2558462899759828,-0.2857142857142857,0.12094017094017095,0.06153846153846154,2.8033603809065344,10.745544178991278,-0.18835978835978834,3580.2666666666664
758,1420,2026-02-11,Mirage,0,-1,452.0,-0.34074074074074073,-101.56296296296296,0,11,-0.15846994535519132,-0.7142857142857143,0.18014705882352944,-0.013480392156862808,2.456735772821304,-71.62841530054648,0.24338624338624337,-45906.45925925925
754,1418,2026-02-11,Mirage,0,-1,0.0,-1.6,0.0,0,-6,-1.557692307692308,-1.5,0.23611111111111105,0.5208333333333333,-1.8718021769015913,-0.0,2.4000000000000004,0.0
753,1417,2026-02-11,Mirage,0,-1,0.0,-0.39999999999999997,-180.8,0,2,-1.0458015267175573,-1.6666666666666665,-0.11647727272727265,0.02178030303030304,3.1135153092103742,-0.0,0.6666666666666665,-0.0
752,1417,2026-02-11,Ancient,0,1,0.0,-0.39999999999999997,-180.8,0,2,1.2999999999999998,1.6,-0.09649122807017546,-0.3081140350877193,1.897119984885881,0.0,-0.64,-0.0
751,1417,2026-02-11,Nuke,0,-1,0.0,-0.39999999999999997,-180.8,0,2,-1.8444444444444446,-2.0,-0.23697916666666663,0.25781249999999994,2.1400661634962708,-0.0,0.7999999999999999,-0.0
755,1418,2026-02-11,Nuke,0,-1,0.0,-1.6,0.0,0,-6,-1.333333333333333,-1.5,-0.22826086956521735,0.13949275362318836,-2.4849066497880004,-0.0,2.4000000000000004,0.0
727,1407,2026-02-12,Ancient,0,1,37.0,0.8,-22.4,0,5,0.7146282973621103,0.7878787878787878,0.1569767441860465,-0.046834625322997425,2.3978952727983707,26.441247002398082,0.6303030303030304,-828.8
721,170,2026-02-12,Mirage,1,-1,0.0,0.018556701030927825,11.443298969072165,0,-2,-0.9803921568627451,-0.8,0.10638297872340419,0.25177304964539,-2.7725887222397816,-0.0,-0.01484536082474226,0.0
722,170,2026-02-12,Ancient,1,1,0.0,0.018556701030927825,11.443298969072165,0,-2,0.040093240093239946,0.16666666666666669,-0.07175925925925924,-0.01620370370370372,-0.35667494393873267,0.0,0.0030927835051546377,0.0
723,170,2026-02-12,Dust2,1,1,0.0,0.018556701030927825,11.443298969072165,0,-2,0.19839594765723934,0.4444444444444444,0.0540845648604269,0.005644499178981965,-1.998095902225884,0.0,0.008247422680412366,0.0
725,1406,2026-02-12,Dust2,0,1,244.0,0.4,26.400000000000006,0,8,-0.13473791521535983,-0.2,0.05041666666666672,0.03388888888888891,0.6931471805599454,-32.8760513125478,-0.08000000000000002,6441.600000000001
726,1406,2026-02-12,Anubis,0,1,244.0,0.4,26.400000000000006,0,8,1.4705882352941178,2.0,0.11574074074074076,-0.08333333333333331,-1.6094379124341005,358.82352941176475,0.8,6441.600000000001
728,1407,2026-02-12,Dust2,0,1,37.0,0.8,-22.4,0,5,1.3134328358208955,1.4117647058823528,0.1324786324786325,-0.09935897435897434,2.302585092994046,48.59701492537314,1.1294117647058823,-828.8
724,1406,2026-02-12,Ancient,0,-1,244.0,0.4,26.400000000000006,0,8,-0.23944374209860939,-0.2,-0.1023809523809523,-0.07976190476190476,1.5040773967762742,-58.42427307206069,-0.08000000000000002,6441.600000000001
730,1408,2026-02-12,Overpass,0,1,0.0,-0.4,195.4,0,-3,0.13043478260869565,0.2,0.0078125,-0.140625,-1.7346010553881064,0.0,-0.08000000000000002,0.0
731,1409,2026-02-12,Mirage,0,-1,0.0,-0.5333333333333333,-12.6,0,-7,-0.6290322580645162,-0.6,-0.13690476190476192,0.0267857142857143,-1.6094379124341003,-0.0,0.32,-0.0
732,1409,2026-02-12,Dust2,0,1,0.0,-0.5333333333333333,-12.6,0,-7,0.22388059701492538,0.3333333333333333,0.10243055555555558,-0.0642361111111111,-2.120263536200091,0.0,-0.17777777777777776,-0.0
737,1411,2026-02-12,Default,0,-1,0.0,-0.19999999999999996,-15.9,0,4,-1.3333333333333333,-1.3333333333333333,-0.027777777777777776,0.027777777777777776,0.6931471805599453,-0.0,0.2666666666666666,-0.0
733,1409,2026-02-12,Overpass,0,-1,0.0,-0.5333333333333333,-12.6,0,-7,-1.3142857142857143,-1.5,-0.21666666666666662,0.1520833333333333,-1.9459101490553132,-0.0,0.8,-0.0
734,1410,2026-02-12,Mirage,0,-1,42.0,0.2,88.2,0,-2,-0.6556989247311829,-0.8857142857142857,-0.07251082251082258,0.048250360750360766,1.4966424182887557,-27.53935483870968,-0.17714285714285716,3704.4
735,1410,2026-02-12,Overpass,0,1,42.0,0.2,88.2,0,-2,0.08869936034115145,0.09999999999999998,-0.0031249999999999334,0.001041666666666663,-0.21130909366720685,3.7253731343283607,0.019999999999999997,3704.4
736,1410,2026-02-12,Anubis,0,1,42.0,0.2,88.2,0,-2,0.21666666666666673,-0.3333333333333333,0.04398148148148151,-0.02630471380471372,0.8329091229351038,9.100000000000003,-0.06666666666666667,3704.4
729,1408,2026-02-12,Dust2,0,1,0.0,-0.4,195.4,0,-3,-0.12868117797695264,0.2,-0.027146464646464696,0.11300505050505055,-1.5804503755608483,-0.0,-0.08000000000000002,0.0
712,167,2026-02-13,Anubis,1,1,0.0,-0.4,0.0,0,-7,0.8322981366459627,1.0,0.03452380952380951,-0.05476190476190479,-2.8903717578961645,0.0,-0.4,0.0
713,167,2026-02-13,Mirage,1,1,0.0,-0.4,0.0,0,-7,1.0886075949367089,1.3333333333333333,0.17083333333333328,-0.020370370370370372,-2.730029107820985,0.0,-0.5333333333333333,0.0
714,168,2026-02-13,Anubis,1,-1,0.0,-0.30909090909090914,55.45454545454545,0,-8,-1.1677018633540373,-1.0,-0.21547619047619043,0.11190476190476184,-2.8903717578961645,-0.0,0.30909090909090914,0.0
715,168,2026-02-13,Overpass,1,-1,0.0,-0.30909090909090914,55.45454545454545,0,-8,-1.3692307692307693,-1.3333333333333333,-0.4791666666666667,0.20572916666666663,-2.1400661634962708,-0.0,0.41212121212121217,0.0
717,1404,2026-02-13,Dust2,0,1,-244.0,1.2,244.0,0,-9,1.509433962264151,1.4545454545454546,0.12499999999999994,-0.06250000000000006,-2.6026896854443837,-368.3018867924529,1.7454545454545454,-59536.0
718,1404,2026-02-13,Ancient,0,1,-244.0,1.2,244.0,0,-9,1.0254237288135593,1.25,0.08217592592592587,-0.2986111111111111,-2.917770732084279,-250.20338983050846,1.5,-59536.0
719,1405,2026-02-13,Dust2,0,1,42.0,0.6,74.6,0,-3,0.5038647342995168,0.42857142857142855,0.10891025641025642,-0.01785256410256414,0.7121953755306398,21.162318840579708,0.2571428571428571,3133.2
720,1405,2026-02-13,Overpass,0,1,42.0,0.6,74.6,0,-3,0.21777777777777774,0.43636363636363634,0.01377217553688137,-0.016923436041083095,-0.20067069546215155,9.146666666666665,0.2618181818181818,3133.2
716,169,2026-02-13,Nuke,1,-1,0.0,0.4,0.0,0,7,0.05882352941176469,0.25,-0.1468253968253968,-0.11507936507936511,2.662587827025453,0.0,0.1,0.0
699,162,2026-02-14,Inferno,1,-1,810.0,0.8,-128.89999999999998,0,1,0.08628817380610798,1.0,0.018327067669172914,0.0072838345864661425,0.29626581614317216,69.89342078294746,0.8,-104408.99999999999
693,160,2026-02-14,Mirage,1,1,496.0,0.39999999999999997,250.0,0,11,0.05666882137470375,0.5054945054945055,-0.0003629500580719647,0.04229578010065821,0.023530497410193973,28.10773540185306,0.20219780219780217,124000.0
694,160,2026-02-14,Inferno,1,1,496.0,0.39999999999999997,250.0,0,11,0.42666666666666664,0.6111111111111112,-0.003513071895424824,-0.02581699346405225,0.5172565140962813,211.62666666666667,0.24444444444444444,124000.0
695,161,2026-02-14,Nuke,1,-1,222.0,0.0,194.3,0,2,-0.44675476097940137,-1.5,-0.042297979797979834,0.012121212121212144,-0.2984929885559966,-99.17955693742711,-0.0,43134.600000000006
696,161,2026-02-14,Mirage,1,1,222.0,0.0,194.3,0,2,0.46748844375963017,0.7,0.044817927170868355,-0.06008403361344539,0.6931471805599454,103.7824345146379,0.0,43134.600000000006
697,161,2026-02-14,Dust2,1,1,222.0,0.0,194.3,0,2,0.40821049454142977,0.4666666666666666,0.017361111111111105,-0.04475308641975312,-0.11332868530700324,90.6227297881974,0.0,43134.600000000006
698,162,2026-02-14,Mirage,1,1,810.0,0.8,-128.89999999999998,0,1,0.6334916374148255,0.0,0.06853693181818182,-0.00035511363636359095,0.36101334553733055,513.1282263060086,0.0,-104408.99999999999
700,162,2026-02-14,Anubis,1,1,810.0,0.8,-128.89999999999998,0,1,1.2888888888888888,1.3333333333333333,0.159375,-0.2,-0.4054651081081646,1044.0,1.0666666666666667,-104408.99999999999
710,1403,2026-02-14,Dust2,0,-1,-53.0,-1.1939393939393939,36.939393939393945,0,-8,-1.4054054054054055,-1.6923076923076923,-0.23194444444444445,0.17291666666666666,-2.327277705584417,74.48648648648648,2.0205128205128204,-1957.787878787879
702,163,2026-02-14,Dust2,1,1,329.0,0.6,-52.299999999999955,0,-2,0.5882821841371063,0.6984126984126984,0.027991452991453003,-0.08985042735042731,-0.13815033848081715,193.54483858110797,0.419047619047619,-17206.699999999986
703,164,2026-02-14,Dust2,1,-1,81.0,0.0,-219.8,0,11,-0.5567194685743486,-0.7428571428571429,-0.06300322061191627,0.06008454106280192,-0.9057086225436182,-45.094276954522236,-0.0,-17803.8
704,164,2026-02-14,Inferno,1,1,81.0,0.0,-219.8,0,11,-0.1497810659821833,-0.14285714285714285,-0.016544117647058765,0.023692810457516367,0.055569851154810834,-12.132266344556847,-0.0,-17803.8
705,164,2026-02-14,Overpass,1,1,81.0,0.0,-219.8,0,11,0.09596178897090754,0.3333333333333333,-0.013194444444444453,0.001388888888888884,0.16705408466316607,7.772904906643511,0.0,-17803.8
706,165,2026-02-14,Overpass,1,1,152.0,0.6,-199.49999999999997,0,3,-0.41403979432148447,1.0,-0.03367003367003368,0.04040404040404044,-0.18232155679395445,-62.93404873686564,0.6,-30323.999999999996
707,165,2026-02-14,Ancient,1,1,152.0,0.6,-199.49999999999997,0,3,0.14261650758001115,0.8333333333333333,-0.0005723443223443203,0.010760073260073222,-0.07145896398214502,21.677709152161697,0.49999999999999994,-30323.999999999996
708,166,2026-02-14,Nuke,1,1,186.0,0.2,315.4,0,-5,-0.11470480381371469,0.14285714285714285,-0.03309692671394798,0.028664302600472757,-0.7801585575495751,-21.335093509350934,0.02857142857142857,58664.399999999994
709,166,2026-02-14,Mirage,1,1,186.0,0.2,315.4,0,-5,0.5732060798868858,0.5428571428571429,0.0640096618357488,-0.04490557751427321,-0.3483066942682158,106.61633085896075,0.1085714285714286,58664.399999999994
711,1403,2026-02-14,Ancient,0,-1,-53.0,-1.1939393939393939,36.939393939393945,0,-8,-1.28,-1.5555555555555556,-0.16911764705882348,0.13848039215686275,-2.169053700369523,67.84,1.8572390572390571,-1957.787878787879
701,163,2026-02-14,Nuke,1,1,329.0,0.6,-52.299999999999955,0,-2,0.05462909718228873,0.2,0.05345326716294457,-0.006823821339950353,-0.16989903679539742,17.97297297297299,0.12,-17206.699999999986
666,156,2026-02-15,Anubis,1,1,216.0,0.2,-10.599999999999994,0,0,0.35658914728682173,1.3333333333333333,-0.045138888888888895,0.02430555555555558,-1.1786549963416462,77.0232558139535,0.26666666666666666,-2289.5999999999985
667,156,2026-02-15,Dust2,1,-1,216.0,0.2,-10.599999999999994,0,0,-0.0008359933120535012,-0.25,0.018628747795414513,0.015156525573192248,-0.03509131981127034,-0.18057455540355627,-0.05,-2289.5999999999985
670,157,2026-02-15,Inferno,1,-1,-181.0,-0.2,265.90000000000003,0,2,-0.08137201240649522,-0.85,0.004597701149425315,-0.0023399014778324734,-0.18232155679395445,14.728334245575635,0.17,-48127.90000000001
669,157,2026-02-15,Mirage,1,1,-181.0,-0.2,265.90000000000003,0,2,-0.5189964157706093,-0.06666666666666671,-0.03856107660455482,0.024035973084886086,-0.8649974374866045,93.93835125448028,0.013333333333333343,-48127.90000000001
665,155,2026-02-15,Dust2,1,1,308.0,0.2,139.39999999999998,0,2,0.4637716027106138,0.8571428571428572,0.06444597069597069,-0.03594322344322348,-0.07145896398214502,142.84165363486906,0.17142857142857146,42935.19999999999
668,156,2026-02-15,Ancient,1,1,216.0,0.2,-10.599999999999994,0,0,0.49019607843137236,-0.5333333333333333,0.09088693957115007,-0.07537361923326835,-0.33647223662121295,105.88235294117644,-0.10666666666666667,-2289.5999999999985
664,155,2026-02-15,Anubis,1,1,308.0,0.2,139.39999999999998,0,2,1.2342105263157896,2.0,0.15482954545454547,-0.13778409090909088,-0.2876820724517808,380.1368421052632,0.4,42935.19999999999
659,153,2026-02-15,Ancient,1,1,-7.0,0.19999999999999996,-40.19999999999999,0,0,0.5827400727732952,1.2142857142857144,0.051724137931034475,0.01867816091954022,0.0,-4.079180509413066,0.24285714285714283,281.3999999999999
662,154,2026-02-15,Anubis,1,1,366.0,0.2,16.899999999999977,0,9,1.3571428571428572,2.0,0.00396825396825401,-0.16865079365079366,1.7047480922384255,496.7142857142857,0.4,6185.399999999991
661,154,2026-02-15,Overpass,1,1,366.0,0.2,16.899999999999977,0,9,0.5976430976430978,0.1333333333333333,0.002777777777777768,-0.02817460317460313,1.299282984130261,218.7373737373738,0.02666666666666666,6185.399999999991
660,154,2026-02-15,Mirage,1,-1,366.0,0.2,16.899999999999977,0,9,-0.39811472121941444,-1.0,-0.048300536672629735,0.05046213476446043,1.1451323043030026,-145.70998796630568,-0.2,6185.399999999991
658,153,2026-02-15,Nuke,1,1,-7.0,0.19999999999999996,-40.19999999999999,0,0,0.7521367521367521,1.2,-0.03240740740740744,-0.01388888888888895,-1.8458266904983305,-5.264957264957265,0.23999999999999994,281.3999999999999
657,152,2026-02-15,Nuke,1,1,704.0,0.6000000000000001,-139.3,0,3,0.6879811468970933,1.3333333333333333,0.10105298913043481,-0.036798007246376774,0.3184537311185345,484.3387274155537,0.8,-98067.20000000001
656,152,2026-02-15,Dust2,1,1,704.0,0.6000000000000001,-139.3,0,3,0.7682255601718688,1.3333333333333333,0.09249999999999997,-0.13305555555555554,0.17589066646366414,540.8307943609957,0.8,-98067.20000000001
655,152,2026-02-15,Mirage,1,-1,704.0,0.6000000000000001,-139.3,0,3,0.020242303392851824,-0.6,0.051031144781144844,0.011468855218855156,-0.08455738802806279,14.250581588567684,-0.36000000000000004,-98067.20000000001
671,157,2026-02-15,Dust2,1,-1,-181.0,-0.2,265.90000000000003,0,2,-0.32287966733085,-0.7474747474747474,-0.010665162260906969,0.04800666236836454,-0.3448404862917296,58.44121978688385,0.1494949494949495,-48127.90000000001
663,155,2026-02-15,Nuke,1,-1,308.0,0.2,139.39999999999998,0,2,-0.4999999999999999,-0.26666666666666666,-0.03535980148883372,0.023159636062861866,-0.8266785731844681,-153.99999999999997,-0.05333333333333334,42935.19999999999
672,158,2026-02-15,Inferno,1,-1,-22.0,-0.2,211.90000000000003,0,-11,-0.29587058322690507,-0.6909090909090909,0.05673345759552656,0.06966449207828518,-0.2363887780642302,6.509152830991912,0.13818181818181818,-4661.800000000001
676,1396,2026-02-15,Ancient,0,1,0.0,0.07912087912087915,202.42857142857144,0,-4,0.5310344827586206,0.9333333333333333,0.018452380952380942,-0.07976190476190465,-0.3184537311185349,0.0,0.07384615384615387,0.0
674,159,2026-02-15,Overpass,1,-1,-133.0,-0.6000000000000001,302.6,0,-7,-0.28973607038123167,-0.8,-0.05738304093567248,0.05263157894736842,-1.0498221244986776,38.53489736070381,0.4800000000000001,-40245.8
692,1402,2026-02-15,Nuke,0,1,-53.0,-0.6000000000000001,42.4,0,-7,-0.23982672617484907,-0.09090909090909091,0.020213293650793662,0.052579365079365115,-1.1837700970084164,12.710816487267001,0.05454545454545456,-2247.2
691,1402,2026-02-15,Overpass,0,-1,-53.0,-0.6000000000000001,42.4,0,-7,-0.9544973544973546,-1.0285714285714285,-0.15317460317460319,0.09623015873015878,-0.6931471805599454,50.588359788359796,0.6171428571428572,-2247.2
673,158,2026-02-15,Mirage,1,-1,-22.0,-0.2,211.90000000000003,0,-11,0.26060775801708447,0.5,-0.007936507936507964,-0.03710317460317458,-0.36464311358790935,-5.733370676375858,-0.1,-4661.800000000001
689,1401,2026-02-15,Default,0,1,0.0,0.6000000000000001,0.0,0,-4,0.8705882352941177,1.2,0.016666666666666666,-0.016666666666666666,-1.2992829841302609,0.0,0.7200000000000001,0.0
688,1400,2026-02-15,Anubis,0,-1,244.0,-1.2,-221.8,0,11,-1.0,-1.0,-0.16666666666666663,0.29166666666666663,0.916290731874155,-244.0,1.2,-54119.200000000004
687,1400,2026-02-15,Ancient,0,-1,244.0,-1.2,-221.8,0,11,-1.065040650406504,-1.2941176470588236,-0.08445945945945937,0.05180180180180183,2.9444389791664403,-259.869918699187,1.5529411764705883,-54119.200000000004
686,1399,2026-02-15,Nuke,0,-1,244.0,-0.2,-99.8,0,11,0.08108108108108107,-0.17647058823529413,-0.022499999999999964,0.02583333333333332,2.833213344056216,19.783783783783782,0.03529411764705883,-24351.2
685,1399,2026-02-15,Mirage,0,-1,244.0,-0.2,-99.8,0,11,-1.2977777777777777,-1.3333333333333333,-0.11666666666666664,0.27678571428571425,2.484906649788,-316.65777777777777,0.26666666666666666,-24351.2
690,1402,2026-02-15,Inferno,0,1,-53.0,-0.6000000000000001,42.4,0,-7,-0.26689078769202035,0.031746031746031744,0.004464285714285698,0.059523809523809534,-0.6592456288842641,14.14521174767708,-0.01904761904761905,-2247.2
683,1398,2026-02-15,Anubis,0,-1,0.0,-0.1333333333333333,0.0,0,-4,-1.6571428571428573,-2.0,-0.29761904761904756,0.20238095238095238,-1.3862943611198904,-0.0,0.2666666666666666,0.0
682,1398,2026-02-15,Mirage,0,1,0.0,-0.1333333333333333,0.0,0,-4,1.061662198391421,1.2727272727272727,0.10884353741496594,-0.04506802721088432,-3.2188758248682006,0.0,-0.16969696969696965,0.0
681,1398,2026-02-15,Dust2,0,-1,0.0,-0.1333333333333333,0.0,0,-4,-0.9473684210526316,-0.9473684210526316,-0.2450564971751412,0.11652542372881353,-3.401197381662155,-0.0,0.1263157894736842,0.0
680,1397,2026-02-15,Nuke,0,-1,244.0,-0.5333333333333333,-221.8,0,11,-0.918918918918919,-1.1764705882352942,-0.08499999999999991,0.17166666666666663,3.2386784521643803,-224.21621621621622,0.6274509803921569,-54119.200000000004
679,1397,2026-02-15,Anubis,0,-1,244.0,-0.5333333333333333,-221.8,0,11,-1.0,-1.0,-0.16666666666666663,0.20833333333333331,0.916290731874155,-244.0,0.5333333333333333,-54119.200000000004
678,1397,2026-02-15,Mirage,0,1,244.0,-0.5333333333333333,-221.8,0,11,0.7022222222222223,0.6666666666666667,0.008333333333333304,-0.07738095238095238,2.8903717578961645,171.34222222222223,-0.35555555555555557,-54119.200000000004
677,1396,2026-02-15,Mirage,0,1,0.0,0.07912087912087915,202.42857142857144,0,-4,-0.1050044682752457,1.2727272727272727,-0.07171201814058958,0.06604308390022678,-2.5257286443082556,-0.0,0.10069930069930073,0.0
675,159,2026-02-15,Nuke,1,-1,-133.0,-0.6000000000000001,302.6,0,-7,0.060333060333060365,-0.15686274509803919,-0.0035416666666667207,0.02104166666666668,-0.4353180712578455,-8.024297024297029,0.09411764705882353,-40245.8
684,1399,2026-02-15,Anubis,0,1,244.0,-0.2,-99.8,0,11,1.0,1.0,0.0625,-0.08333333333333331,0.5108256237659905,244.0,-0.2,-24351.2
637,148,2026-02-16,Mirage,1,-1,231.0,0.4,162.4,0,0,0.055695241709758564,0.5833333333333333,-0.0022254397254397595,0.03327434577434579,-0.12361395596717673,12.865600834954229,0.2333333333333333,37514.4
636,148,2026-02-16,Ancient,1,1,231.0,0.4,162.4,0,0,-0.05840898232202568,-0.16666666666666669,0.018686868686868696,-0.040277777777777746,0.09237332013101529,-13.492474916387932,-0.06666666666666668,37514.4
635,147,2026-02-16,Inferno,1,-1,39.0,-0.4,26.0,0,3,-0.006940777065258377,-0.25,0.022741147741147716,0.06456043956043955,1.6094379124341005,-0.2706903055450767,0.1,1014.0
634,147,2026-02-16,Nuke,1,-1,39.0,-0.4,26.0,0,3,0.2046486977589339,-0.42857142857142855,-0.008240297713981937,-0.012626262626262597,0.5306282510621707,7.981299212598422,0.17142857142857143,1014.0
633,146,2026-02-16,Inferno,1,-1,-548.0,-0.4,48.900000000000034,0,9,-0.26868919610855113,-0.47863247863247865,-0.045940170940170943,0.03098290598290604,0.0,147.24167946748602,0.19145299145299147,-26797.20000000002
629,144,2026-02-16,Anubis,1,-1,121.0,-0.2,-144.60000000000002,0,7,-0.28723404255319157,0.0,0.0009469696969697239,0.024621212121212155,1.5260563034950494,-34.75531914893618,-0.0,-17496.600000000002
631,145,2026-02-16,Mirage,1,1,116.0,0.39999999999999997,198.7,0,2,0.1863636363636364,0.7619047619047619,0.04224537037037035,-0.06134259259259256,0.2744368457017603,21.61818181818182,0.30476190476190473,23049.199999999997
630,145,2026-02-16,Inferno,1,1,116.0,0.39999999999999997,198.7,0,2,0.36086956521739116,0.6666666666666667,0.02048611111111115,-0.09409722222222228,0.2151113796169457,41.86086956521738,0.26666666666666666,23049.199999999997
628,144,2026-02-16,Inferno,1,-1,121.0,-0.2,-144.60000000000002,0,7,0.29669370462625877,0.1111111111111111,-0.02070512820512821,-0.036730769230769234,0.7121953755306398,35.89993825977731,-0.022222222222222223,-17496.600000000002
627,144,2026-02-16,Mirage,1,1,121.0,-0.2,-144.60000000000002,0,7,0.037519567742261284,-0.12307692307692308,-0.014621212121212146,0.001780303030303021,0.5485659517488375,4.539867696813616,0.02461538461538462,-17496.600000000002
632,146,2026-02-16,Dust2,1,-1,-548.0,-0.4,48.900000000000034,0,9,-0.9209461943865669,-1.3333333333333333,-0.07956989247311824,0.13608870967741937,-0.42121346507630353,504.67851452383866,0.5333333333333333,-26797.20000000002
639,149,2026-02-16,Overpass,1,1,-49.0,0.4,278.2,0,-10,-0.29696969696969694,-0.6363636363636364,0.06944444444444448,0.024999999999999967,-1.0986122886681098,14.55151515151515,-0.2545454545454546,-13631.8
638,148,2026-02-16,Nuke,1,1,231.0,0.4,162.4,0,0,-0.07789855072463767,-0.5,-0.07986111111111122,-0.11284722222222215,1.83258146374831,-17.9945652173913,-0.2,37514.4
641,150,2026-02-16,Anubis,1,1,48.0,0.4,-41.299999999999955,0,-1,-0.7619047619047621,-0.3333333333333333,-0.0925925925925925,0.1646825396825397,-0.22314355131421015,-36.571428571428584,-0.13333333333333333,-1982.3999999999978
640,149,2026-02-16,Mirage,1,1,-49.0,0.4,278.2,0,-10,0.9717273710782548,1.3846153846153846,0.10300925925925924,-0.0973875661375661,-0.9028677115420143,-47.61464118283448,0.5538461538461539,-13631.8
654,1395,2026-02-16,Dust2,0,1,0.0,1.0,21.0,0,9,0.8051948051948052,0.75,0.13301282051282048,-0.10576923076923073,2.6026896854443837,0.0,0.75,0.0
653,1395,2026-02-16,Overpass,0,1,0.0,1.0,21.0,0,9,1.275,1.3333333333333333,0.20833333333333331,-0.1515151515151515,2.4423470353692043,0.0,1.3333333333333333,0.0
652,1394,2026-02-16,Dust2,0,-1,452.0,0.043478260869565216,200.7782608695652,0,14,-1.121951219512195,-1.3333333333333333,-0.15416666666666662,-0.03125,1.9459101490553132,-507.12195121951214,-0.05797101449275362,90751.77391304346
650,1394,2026-02-16,Ancient,0,-1,452.0,0.043478260869565216,200.7782608695652,0,14,-0.8,-0.6666666666666667,-0.0666666666666666,0.024999999999999967,2.0794415416798357,-361.6,-0.028985507246376815,90751.77391304346
649,1393,2026-02-16,Nuke,0,-1,244.0,-0.7333333333333334,-153.74615384615387,0,12,-0.9504373177842566,-1.2222222222222223,-0.1515522875816993,0.007352941176470562,2.852631429913318,-231.9067055393586,0.8962962962962965,-37514.061538461545
651,1394,2026-02-16,Inferno,0,1,452.0,0.043478260869565216,200.7782608695652,0,14,0.8978605935127675,1.0769230769230769,-0.10576923076923078,-0.16987179487179488,2.302585092994046,405.83298826777093,0.046822742474916385,90751.77391304346
647,1393,2026-02-16,Dust2,0,1,244.0,-0.7333333333333334,-153.74615384615387,0,12,0.1183431952662723,0.6666666666666667,0.004629629629629595,0.09567901234567894,2.2335922215070942,28.87573964497044,-0.488888888888889,-37514.061538461545
646,151,2026-02-16,Inferno,1,-1,-147.0,-0.2,63.900000000000034,0,2,-0.35678391959798994,-0.3333333333333333,-0.019345238095238082,0.06812169312169314,-0.2436220826577502,52.44723618090452,0.06666666666666667,-9393.300000000005
645,151,2026-02-16,Ancient,1,-1,-147.0,-0.2,63.900000000000034,0,2,-0.2653198653198653,-0.2,-0.04381342701014829,0.0026834504293520856,-0.7598385550586175,39.0020202020202,0.04000000000000001,-9393.300000000005
644,151,2026-02-16,Mirage,1,1,-147.0,-0.2,63.900000000000034,0,2,-0.39642857142857146,-0.606060606060606,-0.06424313990103464,0.07217161493477287,-0.76460614454209,58.275000000000006,0.1212121212121212,-9393.300000000005
643,150,2026-02-16,Inferno,1,1,48.0,0.4,-41.299999999999955,0,-1,0.12367864693446093,0.0,0.0517156862745099,-0.01838235294117646,0.5436154465889818,5.936575052854124,0.0,-1982.3999999999978
642,150,2026-02-16,Mirage,1,-1,48.0,0.4,-41.299999999999955,0,-1,0.4219409282700421,0.2222222222222222,0.08087301587301593,-0.04785714285714293,0.16705408466316607,20.25316455696202,0.08888888888888889,-1982.3999999999978
648,1393,2026-02-16,Inferno,0,-1,244.0,-0.7333333333333334,-153.74615384615387,0,12,-1.0273224043715847,-1.0,-0.08736559139784944,-0.0013440860215053752,2.772588722239781,-250.66666666666669,0.7333333333333334,-37514.061538461545
616,140,2026-02-17,Inferno,1,1,134.0,0.0,-113.29999999999995,0,0,0.2627819876317394,0.19047619047619047,0.03253808243727602,-0.028785842293906738,0.24686007793152598,35.212786342653075,0.0,-15182.199999999993
611,138,2026-02-17,Dust2,1,1,190.0,0.0,-29.399999999999977,0,8,-0.4091647911977994,-0.3,-0.04356060606060608,0.03953598484848486,-0.08515780834030684,-77.74131032758189,-0.0,-5585.999999999995
612,138,2026-02-17,Inferno,1,-1,190.0,0.0,-29.399999999999977,0,8,-0.21405823132537394,-0.4,-0.03699218086010542,0.03331633520312771,0.35139788683788886,-40.67106395182105,-0.0,-5585.999999999995
613,138,2026-02-17,Mirage,1,1,190.0,0.0,-29.399999999999977,0,8,-0.05107990473844132,0.05194805194805194,-0.018837803320561897,0.033093869731800785,-0.24889604741662463,-9.70518190030385,0.0,-5585.999999999995
614,139,2026-02-17,Mirage,1,1,118.0,0.8,307.5,0,2,-0.007142857142857142,0.35714285714285715,-0.019482758620689655,-0.04931034482758623,-0.14310084364067333,-0.8428571428571427,0.28571428571428575,36285.0
615,139,2026-02-17,Ancient,1,1,118.0,0.8,307.5,0,2,0.3334667200213419,1.2,0.007291666666666696,-0.02916666666666662,-0.2151113796169457,39.34907296251835,0.96,36285.0
617,140,2026-02-17,Nuke,1,-1,134.0,0.0,-113.29999999999995,0,0,0.09440913696232844,0.0,-0.014090909090909043,-0.001136363636363602,-0.12260232209233246,12.65082435295201,0.0,-15182.199999999993
622,142,2026-02-17,Overpass,1,1,257.0,0.4,-18.599999999999966,0,13,0.4710648148148149,0.6285714285714286,-0.05815018315018311,-0.00869963369963378,0.5596157879354227,121.06365740740742,0.25142857142857145,-4780.199999999992
619,141,2026-02-17,Overpass,1,-1,-317.0,-0.4,22.80000000000001,0,-1,-0.7499999999999999,-1.0,-0.10606060606060602,0.14646464646464652,-0.5389965007326871,237.74999999999997,0.4,-7227.600000000004
620,141,2026-02-17,Mirage,1,-1,-317.0,-0.4,22.80000000000001,0,-1,0.4574829931972788,-0.19047619047619047,0.0638653981677238,-0.08478682170542634,0.6486954179891113,-145.02210884353738,0.0761904761904762,-7227.600000000004
621,142,2026-02-17,Mirage,1,1,257.0,0.4,-18.599999999999966,0,13,-0.5599599753694582,-1.1111111111111112,-0.012962962962962898,0.07662037037037034,0.8383291904044432,-143.90971366995075,-0.4444444444444445,-4780.199999999992
623,143,2026-02-17,Ancient,1,-1,-20.0,0.2,222.7,0,-9,-0.10156249999999994,0.07936507936507936,-0.026958560193587444,0.03153357531760442,-0.26236426446749084,2.031249999999999,0.015873015873015872,-4454.0
624,143,2026-02-17,Mirage,1,-1,-20.0,0.2,222.7,0,-9,0.2132284238996803,-0.14285714285714285,0.010927594260927542,0.011344678011344644,-0.30538164955118186,-4.264568477993606,-0.02857142857142857,-4454.0
625,1392,2026-02-17,Dust2,0,-1,244.0,-1.4,-160.2,0,13,-1.452513966480447,-1.3846153846153846,-0.12499999999999994,0.2217261904761904,2.6741486494265287,-354.41340782122904,1.9384615384615382,-39088.799999999996
626,1392,2026-02-17,Anubis,0,-1,244.0,-1.4,-160.2,0,13,-1.2,-1.2,-0.14999999999999997,0.01666666666666672,1.0986122886681096,-292.8,1.68,-39088.799999999996
618,140,2026-02-17,Mirage,1,-1,134.0,0.0,-113.29999999999995,0,0,-0.2998619737750172,-0.6285714285714286,0.005988529014844812,0.010543184885290158,-0.3677247801253172,-40.18150448585231,-0.0,-15182.199999999993
600,135,2026-02-18,Ancient,1,1,240.0,-0.2,5.300000000000011,0,-1,0.33923162761039366,0.6666666666666667,0.037916666666666654,-0.01708333333333334,-0.21357410029805912,81.41559062649448,-0.13333333333333336,1272.0000000000027
601,136,2026-02-18,Dust2,1,-1,-176.0,-0.2,105.80000000000001,0,-1,-1.008937528499772,-1.1384615384615384,-0.07219387755102041,0.13741496598639463,-1.5141277326297753,177.57300501595986,0.2276923076923077,-18620.800000000003
602,136,2026-02-18,Mirage,1,1,-176.0,-0.2,105.80000000000001,0,-1,0.2779973649538867,0.8,0.016066384180790927,-0.02255473163841809,-1.2611312181658842,-48.92753623188406,-0.16000000000000003,-18620.800000000003
604,137,2026-02-18,Overpass,1,1,138.0,0.8,72.30000000000001,0,-9,0.15513141828931287,-0.3,0.0357142857142857,-0.09573412698412698,-0.5260930958967793,21.408135723925177,-0.24,9977.400000000001
599,135,2026-02-18,Dust2,1,1,240.0,-0.2,5.300000000000011,0,-1,-0.19362745098039214,0.2,-0.10364145658263307,0.03746498599439774,-0.8472978603872034,-46.470588235294116,-0.04000000000000001,1272.0000000000027
606,1389,2026-02-18,Dust2,0,-1,0.0,-0.7384615384615385,113.56153846153845,0,-2,-1.196078431372549,-1.0,-0.16228070175438603,0.12280701754385964,-2.970414465569701,-0.0,0.7384615384615385,0.0
605,137,2026-02-18,Dust2,1,1,138.0,0.8,72.30000000000001,0,-9,0.6375508456433312,0.6785714285714286,0.06955087271179222,-0.05912090251170715,-0.06899287148695166,87.9820166987797,0.5428571428571429,9977.400000000001
610,1391,2026-02-18,Default,0,1,0.0,0.4,0.0,0,3,1.5882352941176472,2.0,0.03333333333333333,-0.03333333333333333,1.0986122886681096,0.0,0.8,0.0
603,136,2026-02-18,Ancient,1,-1,-176.0,-0.2,105.80000000000001,0,-1,-0.060855263157894746,0.0,0.008832565284178251,0.03590629800307221,-2.063693184711697,10.710526315789476,-0.0,-18620.800000000003
608,1390,2026-02-18,Overpass,0,1,0.0,1.4,-16.5235294117647,0,1,1.3333333333333333,1.3333333333333333,0.3703703703703704,-0.12499999999999994,1.6094379124341005,0.0,1.8666666666666665,-0.0
609,1390,2026-02-18,Inferno,0,1,0.0,1.4,-16.5235294117647,0,1,1.3893129770992365,1.3333333333333333,0.31380208333333337,-0.15624999999999994,2.3978952727983707,0.0,1.8666666666666665,-0.0
607,1389,2026-02-18,Mirage,0,-1,0.0,-0.7384615384615385,113.56153846153845,0,-2,-1.2936170212765956,-1.2,-0.23076923076923078,0.15598290598290593,-2.995732273553991,-0.0,0.8861538461538462,0.0
587,133,2026-02-19,Default,1,-1,-42.0,-1.6,-3.200000000000003,0,-8,-0.5555555555555554,-2.0,-0.005952380952380952,0.005952380952380952,-1.3862943611198904,23.333333333333325,3.2,134.40000000000012
589,1384,2026-02-19,Anubis,0,1,244.0,0.1333333333333333,-103.30000000000001,0,14,1.0,1.0,-0.04166666666666663,-0.06944444444444436,1.252762968495368,244.0,0.1333333333333333,-25205.200000000004
590,1384,2026-02-19,Mirage,0,-1,244.0,0.1333333333333333,-103.30000000000001,0,14,-1.3019607843137255,-1.3333333333333333,-0.3640350877192982,-0.19407894736842096,2.970414465569701,-317.678431372549,-0.17777777777777773,-25205.200000000004
591,1384,2026-02-19,Inferno,0,1,244.0,0.1333333333333333,-103.30000000000001,0,14,0.989247311827957,1.0,0.16536458333333331,-0.08984374999999994,2.803360380906535,241.3763440860215,0.1333333333333333,-25205.200000000004
588,134,2026-02-19,Dust2,1,-1,42.0,0.6434782608695652,-9.278260869565223,0,8,-0.5641304347826088,-1.1428571428571428,-0.028825995807127913,-0.04454926624737954,2.6026896854443837,-23.693478260869572,-0.7354037267080744,-389.6869565217394
593,1385,2026-02-19,Anubis,0,-1,0.0,-0.8631578947368421,0.0,0,4,-0.8205128205128205,-0.6666666666666667,-0.22916666666666663,0.3333333333333333,1.252762968495368,-0.0,0.5754385964912282,0.0
594,1386,2026-02-19,Overpass,0,1,0.0,0.0,44.91707317073171,0,-3,0.31177156177156184,1.3333333333333333,-0.0767543859649123,-0.00877192982456143,-1.6094379124341003,0.0,0.0,0.0
595,1386,2026-02-19,Dust2,0,1,0.0,0.0,44.91707317073171,0,-3,-0.14018691588785043,0.09090909090909091,-0.10924145299145299,-0.026175213675213693,-2.079441541679836,-0.0,0.0,0.0
596,1387,2026-02-19,Nuke,0,1,0.0,1.0999999999999999,-21.2,0,1,0.7309605817068505,0.2727272727272727,0.07440476190476197,-0.1577380952380953,1.2878542883066384,0.0,0.29999999999999993,-0.0
597,1387,2026-02-19,Ancient,0,1,0.0,1.0999999999999999,-21.2,0,1,1.3373493975903614,1.7777777777777777,0.15958333333333335,-0.07999999999999996,1.6486586255873819,0.0,1.9555555555555553,-0.0
598,1388,2026-02-19,Default,0,1,0.0,1.2,16.8,0,10,2.0,2.0,0.041666666666666664,-0.041666666666666664,0.916290731874155,0.0,2.4,0.0
592,1385,2026-02-19,Mirage,0,-1,0.0,-0.8631578947368421,0.0,0,4,-1.0833333333333335,-1.7142857142857144,-0.12407407407407406,0.3574074074074074,3.1354942159291497,-0.0,1.4796992481203008,0.0
574,129,2026-02-20,Ancient,1,-1,69.0,0.2,-23.30000000000001,0,-2,0.09129511677282362,-0.7727272727272727,0.034722222222222265,-0.06527777777777777,-1.1143606456362485,6.29936305732483,-0.15454545454545454,-1607.7000000000007
568,127,2026-02-20,Inferno,1,1,0.0,0.39999999999999997,1.799999999999999,0,1,1.3445378151260503,2.0,0.31646825396825395,-0.15873015873015872,1.9924301646902063,0.0,0.7999999999999999,0.0
569,127,2026-02-20,Mirage,1,1,0.0,0.39999999999999997,1.799999999999999,0,1,0.26666666666666666,0.26666666666666666,0.013888888888888895,0.08055555555555555,-0.4054651081081644,0.0,0.10666666666666666,0.0
570,128,2026-02-20,Overpass,1,1,37.0,1.0,-7.4,0,0,0.08958425335940952,0.19047619047619047,0.025054466230936878,-0.005718954248365993,0.054067221270275745,3.314617374298152,0.19047619047619047,-273.8
571,128,2026-02-20,Ancient,1,1,37.0,1.0,-7.4,0,0,0.4910945668619021,1.2323232323232323,0.038104256854256835,-0.05298520923520922,0.04546237407675724,18.17049897389038,1.2323232323232323,-273.8
572,129,2026-02-20,Dust2,1,-1,69.0,0.2,-23.30000000000001,0,-2,-0.5097976375789763,-0.6825396825396826,-0.04553571428571429,0.04970238095238094,-0.5645298027378516,-35.17603699294937,-0.13650793650793652,-1607.7000000000007
573,129,2026-02-20,Mirage,1,1,69.0,0.2,-23.30000000000001,0,-2,0.03307254623044098,0.5,0.0010149572649573169,0.02345085470085473,-0.8150369981689822,2.2820056899004277,0.1,-1607.7000000000007
575,130,2026-02-20,Dust2,1,1,0.0,0.39999999999999997,0.0,0,6,-0.049327354260089676,-0.09090909090909091,-0.006127450980392135,-0.015931372549019662,2.456735772821304,-0.0,-0.03636363636363636,0.0
579,1381,2026-02-20,Nuke,0,-1,244.0,0.1590909090909091,-45.16363636363637,0,14,0.2794321699220835,-0.29411764705882354,0.05902777777777779,-0.004273504273504314,2.5839975524322316,68.18144946098836,-0.04679144385026738,-11019.927272727275
577,132,2026-02-20,Nuke,1,1,42.0,0.8325581395348837,-40.53488372093023,0,8,-0.09375000000000001,-0.2,-0.0635964912280702,0.0910087719298246,1.897119984885881,-3.9375000000000004,-0.16651162790697674,-1702.4651162790697
586,1383,2026-02-20,Mirage,0,-1,0.0,-1.2,-2.1592592592592634,0,-3,-1.3224489795918368,-1.2727272727272727,-0.023958333333333304,0.15416666666666662,-3.0204248861443626,-0.0,1.5272727272727271,-0.0
576,131,2026-02-20,Mirage,1,1,37.0,1.0,-9.2,0,5,0.7248545303408147,0.9333333333333333,0.08709981167608283,-0.15371939736346518,2.7080502011022096,26.819617622610146,0.9333333333333333,-340.4
584,1382,2026-02-20,Default,0,1,0.0,0.1333333333333333,0.0,0,5,1.6818181818181817,2.0,0.034722222222222224,-0.034722222222222224,1.252762968495368,0.0,0.2666666666666666,0.0
583,1382,2026-02-20,Ancient,0,1,0.0,0.1333333333333333,0.0,0,5,1.3636363636363635,1.6666666666666665,0.03125,-0.11874999999999997,2.3513752571634776,0.0,0.22222222222222215,0.0
585,1383,2026-02-20,Anubis,0,-1,0.0,-1.2,-2.1592592592592634,0,-3,-1.8888888888888888,-2.0,-0.33712121212121215,0.1628787878787878,-1.791759469228055,-0.0,2.4,-0.0
581,1381,2026-02-20,Inferno,0,-1,244.0,0.1590909090909091,-45.16363636363637,0,14,-0.06122448979591838,-0.14285714285714285,-0.029671717171717238,0.07954545454545453,2.4277482359480516,-14.938775510204085,-0.022727272727272724,-11019.927272727275
580,1381,2026-02-20,Dust2,0,1,244.0,0.1590909090909091,-45.16363636363637,0,14,0.018707482993197355,0.7142857142857143,0.04722222222222222,0.09583333333333338,2.0476928433652555,4.564625850340155,0.11363636363636363,-11019.927272727275
578,132,2026-02-20,Overpass,1,1,42.0,0.8325581395348837,-40.53488372093023,0,8,1.4701986754966887,1.6363636363636362,0.01388888888888895,-0.15740740740740738,2.251291798606495,61.74834437086093,1.3623678646934458,-1702.4651162790697
582,1382,2026-02-20,Dust2,0,-1,0.0,0.1333333333333333,0.0,0,5,-1.0852017937219731,-1.1428571428571428,-0.46491228070175433,-0.31688596491228066,2.970414465569701,-0.0,-0.15238095238095234,0.0
556,120,2026-02-21,Nuke,1,-1,37.0,0.9333333333333333,-37.0,0,6,-0.6792452830188678,-0.9230769230769231,-0.14930555555555558,-0.054166666666666696,3.417726683613366,-25.13207547169811,-0.8615384615384616,-1369.0
551,118,2026-02-21,Mirage,1,-1,49.0,-0.19999999999999998,134.56470588235294,0,-8,-0.23312144529943127,-0.1111111111111111,-0.03207671957671959,0.00859788359788366,-1.4586150226995165,-11.422950819672133,0.02222222222222222,6593.670588235294
552,118,2026-02-21,Overpass,1,-1,49.0,-0.19999999999999998,134.56470588235294,0,-8,-0.33269720101781175,-0.8571428571428572,0.09722222222222221,0.08101851851851855,-1.5581446180465497,-16.302162849872776,0.17142857142857143,6593.670588235294
553,119,2026-02-21,Mirage,1,1,704.0,0.6,-253.10000000000002,0,1,0.1500808127453244,-0.10714285714285715,0.05659250879839112,0.004179235796882841,-0.13353139262452274,105.65689217270837,-0.0642857142857143,-178182.40000000002
554,119,2026-02-21,Dust2,1,1,704.0,0.6,-253.10000000000002,0,1,0.8758457907159717,1.4285714285714286,0.10526842948717946,-0.1459334935897436,0.2006706954621511,616.5954366640441,0.8571428571428571,-178182.40000000002
555,120,2026-02-21,Dust2,1,1,37.0,0.9333333333333333,-37.0,0,6,1.3527272727272728,1.5294117647058822,0.41145833333333337,-0.10833333333333328,3.0204248861443626,50.050909090909094,1.427450980392157,-1369.0
557,120,2026-02-21,Ancient,1,1,37.0,0.9333333333333333,-37.0,0,6,1.4006968641114983,1.5,0.2842592592592593,-0.12129629629629629,3.1354942159291497,51.825783972125436,1.4,-1369.0
558,122,2026-02-21,Overpass,1,1,8.0,-0.13617021276595742,44.25531914893618,0,-10,0.5949367088607596,0.36363636363636365,0.13486842105263153,0.08662280701754388,-1.897119984885881,4.759493670886076,-0.0495164410058027,354.04255319148945
559,122,2026-02-21,Nuke,1,1,8.0,-0.13617021276595742,44.25531914893618,0,-10,0.3318340829585207,0.6666666666666666,-0.026785714285714246,-0.06101190476190471,-0.9650808960435873,2.6546726636681655,-0.09078014184397161,354.04255319148945
567,1378,2026-02-21,Dust2,0,-1,0.0,-0.07526881720430106,-137.4064516129032,0,9,-1.2439024390243902,-1.3333333333333333,-0.2067901234567902,0.05092592592592593,1.9459101490553132,-0.0,0.10035842293906808,-0.0
565,1378,2026-02-21,Overpass,0,1,0.0,-0.07526881720430106,-137.4064516129032,0,9,1.3012048192771084,1.4285714285714286,0.33695652173913043,-0.1630434782608695,2.4849066497880004,0.0,-0.1075268817204301,-0.0
564,1377,2026-02-21,Mirage,0,-1,0.0,-1.2,0.0,0,6,-1.1167883211678833,-1.75,-0.12952898550724629,0.27626811594202894,3.157000421150113,-0.0,2.1,0.0
566,1378,2026-02-21,Inferno,0,-1,0.0,-0.07526881720430106,-137.4064516129032,0,9,0.6501377410468319,0.6666666666666666,-0.10763888888888895,-0.15972222222222227,1.6094379124341003,0.0,-0.05017921146953404,-0.0
562,1376,2026-02-21,Nuke,0,1,244.0,0.0309278350515464,-188.19175257731962,0,14,0.5070785070785071,0.1111111111111111,0.04343553459119498,-0.03144654088050314,2.379546134130174,123.72715572715573,0.0034364261168384888,-45918.78762886599
561,1376,2026-02-21,Dust2,0,-1,244.0,0.0309278350515464,-188.19175257731962,0,14,-0.4271844660194174,-0.3333333333333333,0.006720430107526876,0.08333333333333331,1.8562979903656263,-104.23300970873784,-0.010309278350515465,-45918.78762886599
560,1376,2026-02-21,Inferno,0,1,244.0,0.0309278350515464,-188.19175257731962,0,14,0.32362459546925565,0.3333333333333333,-0.020016339869281086,0.024101307189542454,2.169053700369523,78.96440129449837,0.010309278350515465,-45918.78762886599
563,1377,2026-02-21,Dust2,0,-1,0.0,-1.2,0.0,0,6,-1.1244635193133048,-1.25,-0.09401709401709402,0.14423076923076922,2.995732273553991,-0.0,1.5,0.0
538,112,2026-02-22,Inferno,1,-1,-75.0,0.34683544303797464,-8.163291139240506,0,-4,-0.17592592592592596,-1.4545454545454546,0.060101010101010044,0.016414141414141437,-1.7346010553881066,13.194444444444446,-0.5044879171461449,612.246835443038
531,109,2026-02-22,Anubis,1,-1,37.0,0.4,-20.299999999999997,0,-2,-0.36111929307805596,-1.0,0.016692546583850942,0.03157349896480327,0.4700036292457357,-13.361413843888071,-0.4,-751.0999999999999
532,109,2026-02-22,Ancient,1,1,37.0,0.4,-20.299999999999997,0,-2,0.5682857794411579,1.3384615384615386,0.04307802494101787,-0.06117290192113245,0.06595796779179741,21.026573839322843,0.5353846153846155,-751.0999999999999
533,109,2026-02-22,Overpass,1,1,37.0,0.4,-20.299999999999997,0,-2,0.09488211615871195,0.25,0.015679824561403544,-0.02456140350877195,0.04879016416943216,3.510638297872342,0.1,-751.0999999999999
534,110,2026-02-22,Ancient,1,1,75.0,1.031578947368421,5.363157894736844,0,4,1.0728476821192052,1.3333333333333333,-0.09876543209876537,-0.2469135802469135,2.6390573296152584,80.4635761589404,1.375438596491228,402.2368421052633
535,111,2026-02-22,Overpass,1,-1,-629.0,-1.0,196.90000000000003,0,1,-0.5783343040186371,-1.25,-0.030303030303030276,0.11029411764705876,-0.40546510810816416,363.7722772277227,1.25,-123850.10000000002
536,111,2026-02-22,Dust2,1,-1,-629.0,-1.0,196.90000000000003,0,1,-0.28157938765266843,-0.5333333333333333,-0.008244206773618479,0.0846702317290553,0.42488319396526597,177.11343483352846,0.5333333333333333,-123850.10000000002
539,113,2026-02-22,Anubis,1,1,35.0,0.4,-5.699999999999996,0,-10,0.6285714285714286,0.5,0.09821428571428575,-0.011904761904761918,-1.3217558399823195,22.0,0.2,-199.49999999999986
537,111,2026-02-22,Inferno,1,-1,-629.0,-1.0,196.90000000000003,0,1,-0.11718518518518517,-0.39999999999999997,-0.02412280701754388,0.010471491228070173,-0.05001042057466165,73.70948148148148,0.39999999999999997,-123850.10000000002
541,114,2026-02-22,Mirage,1,-1,75.0,0.548936170212766,-127.6021276595745,0,2,0.4747126436781608,0.16666666666666669,0.010879629629629628,-0.06388888888888894,0.7419373447293771,35.60344827586206,0.09148936170212767,-9570.159574468087
542,115,2026-02-22,Nuke,1,-1,13.0,0.0,29.6,0,-7,-0.3333333333333334,-0.07692307692307693,-0.1063012295081967,-0.002646857923497281,-1.929909807708872,-4.333333333333335,-0.0,384.8
550,1375,2026-02-22,Ancient,0,1,244.0,0.47058823529411764,-112.11764705882354,0,16,-0.14005069708491757,0.8888888888888888,-0.05235042735042744,0.0608974358974359,2.302585092994046,-34.17237008871989,0.4183006535947712,-27356.705882352944
543,115,2026-02-22,Mirage,1,1,13.0,0.0,29.6,0,-7,-0.9776921842400901,-0.7777777777777777,-0.09652777777777777,0.12013888888888896,-1.5459245067117746,-12.709998395121172,-0.0,384.8
544,115,2026-02-22,Overpass,1,1,13.0,0.0,29.6,0,-7,1.054054054054054,1.0,0.13125000000000003,-0.008333333333333304,-1.6582280766035324,13.702702702702702,0.0,384.8
545,116,2026-02-22,Mirage,1,1,156.0,0.4,-97.69999999999999,0,5,-0.20717917909326927,-0.3111111111111111,0.025788288288288275,0.02032657657657666,-0.07598590697792229,-32.319951938550005,-0.12444444444444445,-15241.199999999999
546,116,2026-02-22,Inferno,1,1,156.0,0.4,-97.69999999999999,0,5,0.48337639965546947,0.6428571428571428,-0.026249999999999996,-0.08479166666666665,0.4554755286828258,75.40671834625324,0.2571428571428571,-15241.199999999999
547,117,2026-02-22,Ancient,1,-1,-75.0,-1.4,49.9,0,-4,-1.0728476821192052,-1.3333333333333333,0.05709876543209874,0.2469135802469135,-2.6390573296152584,80.4635761589404,1.8666666666666665,-3742.5
548,1375,2026-02-22,Nuke,0,-1,244.0,0.47058823529411764,-112.11764705882354,0,16,-0.2401856897769704,-0.2631578947368421,-0.03858024691358025,0.012345679012345623,2.6210388241125804,-58.60530830558078,-0.12383900928792568,-27356.705882352944
549,1375,2026-02-22,Anubis,0,1,244.0,0.47058823529411764,-112.11764705882354,0,16,1.1428571428571428,1.1428571428571428,0.18452380952380953,-0.10119047619047616,1.3862943611198904,278.85714285714283,0.5378151260504201,-27356.705882352944
540,113,2026-02-22,Dust2,1,1,35.0,0.4,-5.699999999999996,0,-10,0.021946937182988693,-0.033333333333333354,-0.10595238095238096,-0.04880952380952375,-1.0986122886681096,0.7681428014046042,-0.013333333333333343,-199.49999999999986
521,106,2026-02-23,Anubis,1,1,75.0,0.948936170212766,-10.45744680851064,0,4,0.14285714285714285,1.0,-0.0803571428571429,-0.011904761904761918,0.980829253011726,10.714285714285714,0.948936170212766,-784.308510638298
522,106,2026-02-23,Mirage,1,1,75.0,0.948936170212766,-10.45744680851064,0,4,0.019607843137254777,0.26666666666666666,-0.028409090909090884,-0.017045454545454475,1.749199854809259,1.4705882352941082,0.2530496453900709,-784.308510638298
523,107,2026-02-23,Overpass,1,1,75.0,1.8,-74.68750000000001,0,6,1.155844155844156,1.2,0.04811507936507936,-0.214781746031746,1.4816045409242158,86.68831168831169,2.16,-5601.562500000001
524,107,2026-02-23,Mirage,1,1,75.0,1.8,-74.68750000000001,0,6,1.006787330316742,1.6,0.10770202020202024,-0.05871212121212116,0.36290549368936853,75.50904977375565,2.8800000000000003,-5601.562500000001
528,1374,2026-02-23,Overpass,0,-1,0.0,-0.432967032967033,11.64835164835165,0,-3,-0.4146341463414635,-0.5,-0.125,0.004166666666666652,-0.7884573603642704,-0.0,0.2164835164835165,0.0
526,1373,2026-02-23,Nuke,0,-1,244.0,-1.0,-244.0,0,17,-1.0079575596816976,-1.3,-0.09696969696969698,0.1393939393939394,3.3322045101752042,-245.94164456233423,1.3,-59536.0
527,1373,2026-02-23,Anubis,0,-1,244.0,-1.0,-244.0,0,17,-1.0,-1.0,-0.11458333333333331,0.078125,1.5040773967762742,-244.0,1.0,-59536.0
529,1374,2026-02-23,Ancient,0,1,0.0,-0.432967032967033,11.64835164835165,0,-3,-0.2613636363636363,-0.6,-0.04166666666666663,-0.0064102564102563875,-2.197224577336219,-0.0,0.25978021978021976,0.0
530,1374,2026-02-23,Nuke,0,-1,0.0,-0.432967032967033,11.64835164835165,0,-3,-0.4560914413158628,-1.3333333333333333,0.061781609195402265,-0.07543103448275856,-2.302585092994046,-0.0,0.5772893772893772,0.0
525,108,2026-02-23,Nuke,1,-1,-75.0,-0.8,26.4,0,-6,0.5229885057471264,0.35714285714285715,0.016129032258064502,-0.103494623655914,-1.8562979903656263,-39.224137931034484,-0.28571428571428575,-1980.0
514,100,2026-02-24,Mirage,1,1,75.0,1.0,-30.0,0,5,0.3972602739726026,0.6363636363636364,0.037137681159420344,-0.04619565217391303,1.5686159179138455,29.794520547945197,0.6363636363636364,-2250.0
513,100,2026-02-24,Nuke,1,1,75.0,1.0,-30.0,0,5,0.341733486063383,0.3333333333333333,-0.05176767676767674,-0.12752525252525254,2.1400661634962708,25.630011454753724,0.3333333333333333,-2250.0
515,101,2026-02-24,Mirage,1,1,0.0,0.2857142857142857,0.0,0,5,0.3095866314863676,0.11594202898550723,-0.00694444444444442,-0.05055555555555563,2.5455312716044354,0.0,0.03312629399585921,0.0
516,102,2026-02-24,Ancient,1,1,244.0,1.2,-244.0,0,19,1.0622710622710623,0.9473684210526316,0.13020833333333337,-0.12187500000000001,3.0204248861443626,259.1941391941392,1.1368421052631579,-59536.0
517,103,2026-02-24,Dust2,1,1,0.0,1.0,0.0,0,5,0.9552238805970149,0.8571428571428572,0.3298611111111111,-0.12152777777777773,3.417726683613366,0.0,0.8571428571428572,0.0
518,104,2026-02-24,Inferno,1,1,244.0,1.2,-244.0,0,19,1.037037037037037,1.1111111111111112,0.2464285714285714,-0.09404761904761905,2.8903717578961645,253.037037037037,1.3333333333333333,-59536.0
519,105,2026-02-24,Nuke,1,1,75.0,1.0,-106.6,0,5,0.9324742268041238,1.3333333333333333,0.06489898989898996,-0.08863636363636368,1.7346010553881066,69.93556701030928,1.3333333333333333,-7995.0
520,105,2026-02-24,Inferno,1,1,75.0,1.0,-106.6,0,5,1.0351270553064276,1.4545454545454546,-0.015581232492997255,-0.13725490196078438,1.4759065198095778,77.63452914798206,1.4545454545454546,-7995.0
500,95,2026-02-25,Anubis,1,1,0.0,0.6,-22.2,0,5,1.2163742690058479,1.1111111111111112,0.17476851851851855,-0.11458333333333331,2.917770732084279,0.0,0.6666666666666666,-0.0
501,96,2026-02-25,Ancient,1,-1,0.0,-1.0,7.4,0,-4,-0.6133333333333333,-0.6666666666666667,-0.12121212121212122,0.011363636363636354,-1.791759469228055,-0.0,0.6666666666666667,0.0
502,96,2026-02-25,Mirage,1,-1,0.0,-1.0,7.4,0,-4,-0.6516935011049475,-0.43333333333333335,-0.09926470588235298,0.06944444444444442,-2.0053335695261145,-0.0,0.43333333333333335,0.0
503,97,2026-02-25,Dust2,1,1,72.0,0.8,46.0,0,4,1.0246913580246912,1.3333333333333333,-0.010752688172043001,-0.10618279569892469,2.772588722239781,73.77777777777777,1.0666666666666667,3312.0
504,97,2026-02-25,Inferno,1,1,72.0,0.8,46.0,0,4,1.2615384615384615,1.3333333333333333,0.3229166666666667,-0.19270833333333331,1.5040773967762742,90.83076923076922,1.0666666666666667,3312.0
499,95,2026-02-25,Ancient,1,1,0.0,0.6,-22.2,0,5,1.1003460207612457,0.8571428571428572,0.25744047619047616,-0.08928571428571425,2.9444389791664403,0.0,0.5142857142857143,-0.0
506,98,2026-02-25,Anubis,1,1,0.0,0.3814432989690722,0.0,0,4,1.3469387755102042,1.5,0.13690476190476195,-0.1904761904761904,1.3862943611198904,0.0,0.5721649484536083,0.0
507,99,2026-02-25,Nuke,1,-1,-244.0,-0.48780487804878053,62.670731707317074,0,-20,-0.5180878552971577,-0.7619047619047619,-0.017857142857142794,0.11458333333333331,-1.9636097261547145,126.41343669250648,0.3716608594657375,-15291.658536585366
508,99,2026-02-25,Anubis,1,-1,-244.0,-0.48780487804878053,62.670731707317074,0,-20,-1.1111111111111112,-1.1111111111111112,-0.27314814814814814,0.12037037037037035,-1.6094379124341005,271.11111111111114,0.5420054200542006,-15291.658536585366
509,1371,2026-02-25,Ancient,0,-1,244.0,-0.7802197802197803,-53.62637362637363,0,20,-0.513726556129383,-1.1,0.0030487804878048808,-0.03556910569105687,2.639057329615259,-125.34927969556945,0.8582417582417584,-13084.835164835165
510,1371,2026-02-25,Mirage,0,-1,244.0,-0.7802197802197803,-53.62637362637363,0,20,-0.7236507240017551,-1.375,0.04540598290598297,-0.004807692307692291,1.742969305058623,-176.57077665642825,1.072802197802198,-13084.835164835165
511,1372,2026-02-25,Anubis,0,1,0.0,0.8,0.0,0,4,1.4814151365875503,2.0,0.0452380952380953,-0.13392857142857145,0.3101549283038394,0.0,1.6,0.0
512,1372,2026-02-25,Inferno,0,1,0.0,0.8,0.0,0,4,0.7450980392156863,0.3684210526315789,0.12752525252525249,-0.12554112554112556,1.4469189829363258,0.0,0.29473684210526313,0.0
505,98,2026-02-25,Mirage,1,1,0.0,0.3814432989690722,0.0,0,4,0.4357142857142857,-0.05555555555555558,0.019060283687943325,-0.05075354609929078,2.261763098473791,0.0,-0.021191294387170687,0.0
480,91,2026-02-26,Ancient,1,-1,172.0,-1.0,-94.6,0,18,0.10226109215017065,0.45714285714285713,0.01811315924219148,-0.012576804915514606,0.29546421289383584,17.58890784982935,-0.45714285714285713,-16271.199999999999
479,90,2026-02-26,Dust2,1,1,0.0,-0.22474226804123712,-31.284536082474222,0,-5,-0.12173649058894967,0.6111111111111112,-0.03871340523882899,0.06368772470467376,-1.6094379124341,-0.0,-0.13734249713631158,-0.0
478,90,2026-02-26,Anubis,1,1,0.0,-0.22474226804123712,-31.284536082474222,0,-5,-0.04572299485616302,0.0,-0.046171171171171255,0.0031531531531531765,-1.8458266904983307,-0.0,-0.0,-0.0
477,89,2026-02-26,Anubis,1,-1,-244.0,0.0,34.4,0,-22,-1.2,-1.2,-0.15833333333333333,0.12499999999999994,-1.2992829841302609,292.8,-0.0,-8393.6
476,89,2026-02-26,Mirage,1,-1,-244.0,0.0,34.4,0,-22,-0.31999999999999995,-0.30588235294117644,0.0,0.04791666666666672,-1.921812597476253,78.07999999999998,-0.0,-8393.6
475,88,2026-02-26,Dust2,1,-1,0.0,-0.6631578947368422,-19.510526315789473,0,-6,-0.26492819349962216,-0.8888888888888888,-0.0614406779661017,0.028460451977401047,-1.6964492894237297,-0.0,0.5894736842105264,-0.0
470,86,2026-02-26,Dust2,1,1,72.0,0.42474226804123705,91.48453608247422,0,5,-0.0005718642775447702,0.0,-0.025331439393939392,-0.04225852272727271,1.0116009116784799,-0.041174227983223455,0.0,6586.886597938144
472,87,2026-02-26,Dust2,1,-1,244.0,-0.8,-34.4,0,18,-0.6574074074074076,-0.2638888888888889,-0.05623234463276838,0.08392920197740111,-0.5978370007556202,-160.40740740740745,0.21111111111111114,-8393.6
471,86,2026-02-26,Nuke,1,1,72.0,0.42474226804123705,91.48453608247422,0,5,1.0285714285714287,1.4285714285714286,0.2331349206349206,-0.1071428571428571,1.4816045409242158,74.05714285714286,0.6067746686303387,6586.886597938144
469,85,2026-02-26,Dust2,1,-1,0.0,-0.2,0.0,0,2,0.020107477840131678,-0.013888888888888895,0.001612903225806428,-0.010483870967741948,0.4295626596872246,0.0,0.002777777777777779,0.0
468,85,2026-02-26,Mirage,1,-1,0.0,-0.2,0.0,0,2,-0.014074074074074051,0.11888111888111885,0.021563342318059286,-0.01732768579129762,0.07696104113612856,-0.0,-0.023776223776223772,0.0
481,91,2026-02-26,Nuke,1,-1,172.0,-1.0,-94.6,0,18,-0.060512460512460536,-0.7329192546583851,-0.021928024083196496,-0.003489326765188816,0.9864949905474036,-10.408143208143212,0.7329192546583851,-16271.199999999999
473,87,2026-02-26,Nuke,1,-1,244.0,-0.8,-34.4,0,18,-0.11765531765531764,-0.5543478260869565,-0.01892876236300456,-0.01179497460572032,0.2933478099874587,-28.707897507897506,0.44347826086956527,-8393.6
482,92,2026-02-26,Mirage,1,-1,0.0,-0.8255319148936171,84.1276595744681,0,-5,-0.6908771929824562,-0.7272727272727273,0.05654761904761907,0.1454081632653062,-2.302585092994046,-0.0,0.600386847195358,0.0
474,88,2026-02-26,Mirage,1,-1,0.0,-0.6631578947368422,-19.510526315789473,0,-6,-0.6491228070175439,-1.0,0.0018115942028985033,0.11911231884057971,-2.240709689275958,-0.0,0.6631578947368422,-0.0
484,93,2026-02-26,Dust2,1,1,0.0,0.6878048780487805,0.0,0,8,0.6391641533821628,0.875,0.034946236559139754,-0.14381720430107525,2.197224577336219,0.0,0.601829268292683,0.0
497,1369,2026-02-26,Default,0,1,0.0,1.8,0.0,0,6,1.0,1.0,0.020833333333333332,-0.020833333333333332,0.916290731874155,0.0,1.8,0.0
496,1368,2026-02-26,Dust2,0,-1,0.0,-0.4,-78.4,0,6,-0.586578103527256,-0.6666666666666666,0.02083333333333337,0.15509259259259256,2.0014800002101243,-0.0,0.26666666666666666,-0.0
494,1368,2026-02-26,Ancient,0,1,0.0,-0.4,-78.4,0,6,0.07202408522464102,-0.8,-0.010890151515151547,0.0,1.6094379124341,0.0,0.32000000000000006,-0.0
493,1367,2026-02-26,Mirage,0,-1,0.0,0.7604395604395606,-30.227472527472525,0,4,0.022998805256869814,0.09090909090909091,0.11653116531165308,-0.03929539295392953,2.351375257163478,0.0,0.06913086913086915,-0.0
492,1367,2026-02-26,Nuke,0,1,0.0,0.7604395604395606,-30.227472527472525,0,4,0.7533708824031404,1.1111111111111112,0.12116228070175439,-0.03947368421052633,2.054123733695546,0.0,0.8449328449328452,-0.0
491,1367,2026-02-26,Dust2,0,-1,0.0,0.7604395604395606,-30.227472527472525,0,4,0.07692307692307689,-0.2727272727272727,-0.06875000000000003,-0.1375,2.614959778036198,0.0,-0.20739260739260743,-0.0
495,1368,2026-02-26,Overpass,0,-1,0.0,-0.4,-78.4,0,6,-0.038631346578366504,-1.3333333333333333,-0.16597222222222224,-0.10347222222222224,1.6582280766035324,-0.0,0.5333333333333333,-0.0
490,1366,2026-02-26,Ancient,0,-1,37.0,-0.3333333333333333,-22.0,0,6,-0.6254071661237786,-0.5714285714285714,-0.05141843971631205,0.08776595744680854,3.1780538303479458,-23.140065146579808,0.19047619047619047,-814.0
498,1370,2026-02-26,Default,0,-1,244.0,0.19999999999999996,-64.0,0,24,-2.0,-2.0,-0.041666666666666664,0.041666666666666664,0.0,-488.0,-0.3999999999999999,-15616.0
485,93,2026-02-26,Mirage,1,1,0.0,0.6878048780487805,0.0,0,8,0.9925925925925926,0.8461538461538461,0.0691823899371069,-0.12106918238993708,3.295836866004329,0.0,0.5819887429643528,0.0
486,94,2026-02-26,Ancient,1,-1,-53.0,-1.0,10.6,0,0,-1.2113423092615259,-1.7777777777777777,-0.010714285714285676,0.12738095238095243,-1.5040773967762742,64.20114239086087,1.7777777777777777,-561.8
483,92,2026-02-26,Anubis,1,-1,0.0,-0.8255319148936171,84.1276595744681,0,-5,-1.0485362095531587,-1.6,0.05104166666666665,0.14999999999999997,0.2006706954621511,-0.0,1.3208510638297875,0.0
487,94,2026-02-26,Overpass,1,-1,-53.0,-1.0,10.6,0,0,-0.5581632653061225,-0.9047619047619047,-0.16250000000000003,0.028787878787878807,-1.3437347467010947,29.58265306122449,0.9047619047619047,-561.8
488,1366,2026-02-26,Mirage,0,1,37.0,-0.3333333333333333,-22.0,0,6,1.3663366336633664,1.4736842105263157,0.3927595628415301,-0.14275956284153002,3.4339872044851463,50.554455445544555,-0.49122807017543857,-814.0
489,1366,2026-02-26,Nuke,0,-1,37.0,-0.3333333333333333,-22.0,0,6,-0.7157894736842105,-1.0,-0.028225806451612878,0.19690860215053768,3.449987545831587,-26.48421052631579,0.3333333333333333,-814.0
447,80,2026-02-27,Overpass,1,-1,-53.0,-0.029268292682926855,12.926829268292684,0,-3,-1.4629629629629628,-1.625,-0.14756944444444442,0.13715277777777773,-2.120263536200091,77.53703703703702,0.04756097560975614,-685.1219512195122
449,81,2026-02-27,Inferno,1,1,0.0,-0.34285714285714286,15.857142857142858,0,-7,0.9343065693430657,0.5714285714285714,0.05673758865248224,0.027482269503546042,-3.1780538303479458,0.0,-0.19591836734693877,0.0
450,81,2026-02-27,Dust2,1,1,0.0,-0.34285714285714286,15.857142857142858,0,-7,0.0722610722610723,0.25,-0.1378968253968254,0.037698412698412676,-3.0602707946915615,0.0,-0.08571428571428572,0.0
451,82,2026-02-27,Dust2,1,1,72.0,0.39999999999999997,72.39999999999999,0,-1,0.2322697382938347,0.8,-0.0302414387780241,0.004958117762995817,-0.21130909366720685,16.7234211571561,0.32,5212.799999999999
452,82,2026-02-27,Nuke,1,1,72.0,0.39999999999999997,72.39999999999999,0,-1,0.956078431372549,1.5,0.16035353535353536,-0.11300505050505044,0.1910552367627094,68.83764705882353,0.6,5212.799999999999
453,83,2026-02-27,Inferno,1,-1,0.0,0.0,48.8,0,-2,-1.0656934306569343,-1.4285714285714286,-0.15159574468085107,0.11081560283687936,-2.261763098473791,-0.0,-0.0,0.0
454,83,2026-02-27,Ancient,1,-1,0.0,0.0,48.8,0,-2,0.2743768693918246,-0.10714285714285715,0.024305555555555525,-0.07035818713450293,1.4954936530848824,0.0,-0.0,0.0
455,84,2026-02-27,Ancient,1,-1,53.0,0.2,-53.0,0,2,-0.13445378151260506,0.39999999999999997,-0.01388888888888895,0.059027777777777735,1.3083328196501784,-7.1260504201680686,0.08,-2809.0
448,80,2026-02-27,Inferno,1,-1,-53.0,-0.029268292682926855,12.926829268292684,0,-3,-0.35282021151586374,-1.1428571428571428,-0.11661877394636017,0.00454980842911884,-1.4552872326068422,18.69947121034078,0.033449477351916404,-685.1219512195122
457,84,2026-02-27,Nuke,1,-1,53.0,0.2,-53.0,0,2,0.08635147190008921,-0.14285714285714285,-0.02993197278911569,-0.02953514739229024,1.1394342831883648,4.576628010704728,-0.02857142857142857,-2809.0
458,1361,2026-02-27,Default,0,-1,0.0,0.2,26.5,0,-5,-0.5384615384615385,-1.0,0.0,0.0,-0.5108256237659905,-0.0,-0.2,0.0
459,1362,2026-02-27,Anubis,0,1,-37.0,-0.6000000000000001,20.5,0,1,0.5341121495327102,1.2,-0.009375000000000022,-0.03576388888888887,-0.4462871026284194,-19.76214953271028,-0.7200000000000001,-758.5
460,1362,2026-02-27,Ancient,0,-1,-37.0,-0.6000000000000001,20.5,0,1,-0.5788072417465389,-1.284848484848485,-0.039467592592592526,0.05954861111111115,-0.06317890162153139,21.415867944621937,0.7709090909090911,-758.5
461,1362,2026-02-27,Overpass,0,-1,-37.0,-0.6000000000000001,20.5,0,1,-0.24832701765701845,-0.5111111111111111,-0.0357142857142857,0.041666666666666685,0.0,9.188099653309683,0.3066666666666667,-758.5
462,1363,2026-02-27,Mirage,0,1,244.0,-0.08045977011494253,-209.96781609195403,0,24,-0.23508771929824562,-0.2222222222222222,-0.06402439024390244,0.018292682926829285,2.639057329615259,-57.36140350877193,0.017879948914431672,-51232.14712643679
463,1363,2026-02-27,Anubis,0,1,244.0,-0.08045977011494253,-209.96781609195403,0,24,1.2727272727272727,1.2727272727272727,0.3333333333333333,-0.1515151515151515,1.791759469228055,310.54545454545456,-0.10240334378265413,-51232.14712643679
464,1364,2026-02-27,Ancient,0,-1,0.0,-0.2,-121.19999999999999,0,6,-0.7500000000000001,-0.5714285714285714,-0.06547619047619041,0.1160714285714286,1.9924301646902063,-0.0,0.11428571428571428,-0.0
465,1364,2026-02-27,Nuke,0,-1,0.0,-0.2,-121.19999999999999,0,6,-1.401206636500754,-2.0,-0.06944444444444448,0.19444444444444436,1.8458266904983305,-0.0,0.4,-0.0
466,1365,2026-02-27,Overpass,0,-1,0.0,-1.2,-8.4,0,-4,-1.3255813953488371,-1.5,-0.2569444444444444,0.1701388888888889,-2.525728644308255,-0.0,1.7999999999999998,-0.0
467,1365,2026-02-27,Nuke,0,-1,0.0,-1.2,-8.4,0,-4,-1.3812949640287768,-1.6,-0.39583333333333337,0.15104166666666663,-2.525728644308255,-0.0,1.92,-0.0
456,84,2026-02-27,Overpass,1,1,53.0,0.2,-53.0,0,2,1.1050682261208578,1.2916666666666665,0.15893308080808083,-0.11821338383838381,0.7339691750802002,58.56861598440546,0.2583333333333333,-2809.0
429,79,2026-02-28,Nuke,1,-1,0.0,-0.6,-10.9,0,6,-1.2083333333333333,-1.3333333333333333,-0.26315789473684215,0.013157894736842146,1.6094379124341003,-0.0,0.7999999999999999,-0.0
428,78,2026-02-28,Inferno,1,1,0.0,0.2,8.899999999999999,0,-1,-0.2403100775193798,-0.6,-0.1155303030303031,-0.03598484848484845,-2.0368819272610397,-0.0,-0.12,0.0
427,78,2026-02-28,Nuke,1,-1,0.0,0.2,8.899999999999999,0,-1,-0.558766859344894,-0.3333333333333333,-0.015325670498084365,0.022030651340996188,-2.014903020542265,-0.0,-0.06666666666666667,0.0
426,78,2026-02-28,Ancient,1,1,0.0,0.2,8.899999999999999,0,-1,-0.20833333333333334,-0.5333333333333333,-0.06763285024154592,-0.05736714975845414,-1.7917594692280552,-0.0,-0.10666666666666667,0.0
425,77,2026-02-28,Ancient,1,1,72.0,0.8,23.499999999999996,0,4,0.9529411764705883,0.6666666666666667,0.1675347222222222,-0.10546874999999994,2.11021320034659,68.61176470588235,0.5333333333333334,1691.9999999999998
420,76,2026-02-28,Dust2,1,-1,53.0,0.26075949367088613,-42.72151898734177,0,5,0.08587786259541993,-0.46153846153846156,0.09214092140921415,-0.14092140921409219,2.351375257163478,4.551526717557256,-0.12035053554040899,-2264.2405063291135
423,77,2026-02-28,Inferno,1,-1,72.0,0.8,23.499999999999996,0,4,-0.9066666666666667,-1.0,-0.09722222222222221,-0.0671296296296296,1.2039728043259361,-65.28,-0.8,1691.9999999999998
422,76,2026-02-28,Nuke,1,1,53.0,0.26075949367088613,-42.72151898734177,0,5,0.715600211528292,1.0769230769230769,0.09875,-0.08458333333333329,2.3223877202902257,37.926811210999475,0.28081791626095426,-2264.2405063291135
421,76,2026-02-28,Inferno,1,1,53.0,0.26075949367088613,-42.72151898734177,0,5,0.8092783505154638,1.25,0.11881313131313131,-0.14267676767676768,0.9490805546971459,42.89175257731958,0.32594936708860767,-2264.2405063291135
430,79,2026-02-28,Anubis,1,-1,0.0,-0.6,-10.9,0,6,0.2463768115942029,0.3333333333333333,-0.0763888888888889,-0.041666666666666685,1.2039728043259361,0.0,-0.19999999999999998,-0.0
424,77,2026-02-28,Nuke,1,1,72.0,0.8,23.499999999999996,0,4,-0.18333333333333335,0.22222222222222227,-0.11413043478260876,-0.10688405797101447,1.7917594692280552,-13.200000000000001,0.1777777777777778,1691.9999999999998
431,1354,2026-02-28,Mirage,0,-1,37.0,0.0,-84.1,0,6,0.1437264560996814,-0.6,0.06821236559139782,-0.0571236559139785,2.533696813957432,5.317878875688212,-0.0,-3111.7
446,1360,2026-02-28,Ancient,0,-1,0.0,-0.6,14.4,0,10,-0.8095238095238096,-0.75,-0.07007575757575751,0.05871212121212116,2.4423470353692043,-0.0,0.44999999999999996,0.0
433,1354,2026-02-28,Ancient,0,-1,37.0,0.0,-84.1,0,6,0.4197031039136302,0.175,0.016723356009070267,-0.04412320483749049,1.6094379124341,15.529014844804317,0.0,-3111.7
445,1360,2026-02-28,Mirage,0,-1,0.0,-0.6,14.4,0,10,-0.016722408026755863,-0.2727272727272727,-0.24833333333333335,-0.1225,2.833213344056216,-0.0,0.1636363636363636,0.0
432,1354,2026-02-28,Nuke,0,1,37.0,0.0,-84.1,0,6,0.4825930372148859,1.125,0.055989583333333315,0.005208333333333315,2.5649493574615363,17.85594237695078,0.0,-3111.7
444,1359,2026-02-28,Anubis,0,1,0.0,1.4,-10.6,0,3,1.7241379310344827,2.0,-0.19444444444444436,-0.3861111111111111,2.0794415416798357,0.0,2.8,-0.0
442,1358,2026-02-28,Mirage,0,1,0.0,1.0594594594594593,-133.51351351351352,0,4,0.9900497512437811,0.9696969696969697,0.275,-0.12222222222222223,1.3862943611198906,0.0,1.0273546273546272,-0.0
441,1358,2026-02-28,Nuke,0,1,0.0,1.0594594594594593,-133.51351351351352,0,4,1.4620689655172414,1.6666666666666665,0.5216666666666666,-0.16666666666666663,2.5649493574615367,0.0,1.7657657657657653,-0.0
440,1357,2026-02-28,Overpass,0,-1,-37.0,-0.6000000000000001,119.6,0,-8,-0.9308943089430894,-1.2,-0.05050505050505044,0.08080808080808083,-1.1895840668738364,34.44308943089431,0.7200000000000001,-4425.2
443,1359,2026-02-28,Mirage,0,1,0.0,1.4,-10.6,0,3,0.16384180790960454,0.45454545454545453,0.11631944444444442,0.01388888888888895,2.120263536200091,0.0,0.6363636363636364,-0.0
438,1356,2026-02-28,Inferno,0,-1,244.0,-0.6909090909090909,-74.32727272727271,0,24,-0.18532014575741804,-1.0,0.03472222222222221,0.012731481481481455,2.512305623976115,-45.21811556481,0.6909090909090909,-18135.854545454542
437,1356,2026-02-28,Dust2,0,-1,244.0,-0.6909090909090909,-74.32727272727271,0,24,-1.4778761061946903,-1.4117647058823528,-0.12499999999999994,0.2108585858585858,2.4277482359480516,-360.60176991150445,0.9754010695187165,-18135.854545454542
436,1355,2026-02-28,Nuke,0,1,0.0,0.8,-10.6,0,3,0.9100185528756957,0.4444444444444444,0.1684027777777778,-0.1678685897435897,1.4916548767777167,0.0,0.35555555555555557,-0.0
435,1355,2026-02-28,Dust2,0,1,0.0,0.8,-10.6,0,3,1.1365638766519823,0.8333333333333334,0.2345020325203252,-0.12093495934959347,2.1282317058492684,0.0,0.6666666666666667,-0.0
434,1355,2026-02-28,Mirage,0,-1,0.0,0.8,-10.6,0,3,0.24705882352941175,0.09090909090909091,0.15972222222222227,-0.0009920634920634885,2.662587827025453,0.0,0.07272727272727274,-0.0
439,1357,2026-02-28,Nuke,0,-1,-37.0,-0.6000000000000001,119.6,0,-8,-0.5182436611008039,-1.125,-0.06987847222222221,0.04340277777777779,-2.2284771208403233,19.175015460729743,0.675,-4425.2
394,1342,2026-03-01,Nuke,0,-1,37.0,-0.39999999999999997,-71.69999999999999,0,0,-0.3105246008471815,-1.1666666666666665,-0.03416053921568629,0.0227481617647059,0.058840500022933284,-11.489410231345715,0.46666666666666656,-2652.8999999999996
399,1344,2026-03-01,Inferno,0,1,0.0,0.2,-135.6,0,3,0.8599157663431605,1.0,-0.08500000000000002,-0.15499999999999992,1.4663370687934272,0.0,0.2,-0.0
398,1343,2026-03-01,Nuke,0,-1,28.0,-0.8,135.4,0,-4,-0.048444444444444436,0.2857142857142857,-0.012698412698412709,-0.018948412698412742,-0.04652001563489305,-1.3564444444444441,-0.22857142857142856,3791.2000000000003
397,1343,2026-03-01,Dust2,0,-1,28.0,-0.8,135.4,0,-4,-0.35965613754498194,-1.3333333333333333,-0.08393719806763283,0.04327697262479874,-0.8292793548845254,-10.070371851259495,1.0666666666666667,3791.2000000000003
396,1342,2026-03-01,Inferno,0,-1,37.0,-0.39999999999999997,-71.69999999999999,0,0,0.022042918454935622,-0.42857142857142855,-0.0012499999999999734,-0.03062500000000007,0.4554755286828258,0.815587982832618,0.1714285714285714,-2652.8999999999996
395,1342,2026-03-01,Dust2,0,1,37.0,-0.39999999999999997,-71.69999999999999,0,0,0.082190091562105,0.35,0.03897849462365588,0.009872080088987767,0.06453852113757108,3.041033387797885,-0.13999999999999999,-2652.8999999999996
393,1341,2026-03-01,Overpass,0,-1,0.0,0.0,0.0,0,-1,0.13836477987421394,0.3333333333333333,0.03968253968253971,0.027281746031746046,-0.5260930958967793,0.0,0.0,0.0
386,75,2026-03-01,Overpass,1,-1,-53.0,-0.8,21.2,0,-5,-1.4867256637168142,-1.6470588235294117,-0.023333333333333317,0.2320833333333333,-1.6486586255873819,78.79646017699116,1.3176470588235294,-1123.6
391,1341,2026-03-01,Anubis,0,-1,0.0,0.0,0.0,0,-1,-0.35985824742268024,-0.2857142857142857,-0.0763888888888889,0.026041666666666685,0.2682639865946794,-0.0,-0.0,0.0
390,1341,2026-03-01,Mirage,0,1,0.0,0.0,0.0,0,-1,0.038950328022493014,0.5897435897435896,-0.032196969696969724,0.012456293706293642,-0.5108256237659905,0.0,0.0,0.0
389,1341,2026-03-01,Inferno,0,1,0.0,0.0,0.0,0,-1,0.5462945697888827,0.9022556390977443,0.049249387254901966,-0.0539981617647059,0.058840500022933284,0.0,0.0,0.0
388,75,2026-03-01,Ancient,1,-1,-53.0,-0.8,21.2,0,-5,-1.3114754098360657,-1.6363636363636362,-0.09079391891891891,0.18201013513513514,-1.440361582390166,69.50819672131148,1.309090909090909,-1123.6
387,75,2026-03-01,Nuke,1,1,-53.0,-0.8,21.2,0,-5,0.4342528346589948,1.0,0.03329248366013071,0.04411764705882354,-1.3862943611198908,-23.015400236926723,-0.8,-1123.6
400,1344,2026-03-01,Mirage,0,1,0.0,0.2,-135.6,0,3,1.5714285714285714,1.5384615384615383,0.12009803921568624,-0.15196078431372545,2.197224577336219,0.0,0.3076923076923077,-0.0
392,1341,2026-03-01,Nuke,0,-1,0.0,0.0,0.0,0,-1,-0.13646788990825692,0.06060606060606061,-0.04844173441734417,0.027032520325203258,-0.30368241379822214,-0.0,0.0,0.0
401,1345,2026-03-01,Nuke,0,-1,0.0,-0.8,5.3,0,-6,-0.8564814814814815,-1.2727272727272727,-0.06233062330623301,0.002032520325203291,-2.351375257163478,-0.0,1.0181818181818183,0.0
402,1345,2026-03-01,Overpass,0,-1,0.0,-0.8,5.3,0,-6,-0.5653389238294898,-0.5,-0.14087301587301582,0.07936507936507936,-1.1451323043030028,-0.0,0.4,0.0
403,1346,2026-03-01,Dust2,0,-1,195.0,0.21276595744680854,-200.40638297872346,0,24,-1.5,-1.4444444444444444,-0.1323529411764705,0.2536764705882353,2.456735772821304,-292.5,-0.3073286052009457,-39079.24468085107
419,1353,2026-03-01,Mirage,0,-1,0.0,-0.8,5.3,0,-5,-0.4445118253486962,-1.6666666666666665,0.041666666666666685,0.05288461538461542,-2.197224577336219,-0.0,1.3333333333333333,0.0
418,1353,2026-03-01,Overpass,0,-1,0.0,-0.8,5.3,0,-5,-0.7037037037037037,-0.8333333333333333,-0.18055555555555552,0.052083333333333315,-0.6190392084062235,-0.0,0.6666666666666666,0.0
416,1352,2026-03-01,Mirage,0,-1,0.0,-1.4,18.097560975609756,0,-9,-0.9682213438735178,-1.0769230769230769,-0.10858585858585862,0.1208964646464647,-2.420368128650429,-0.0,1.5076923076923074,0.0
415,1351,2026-03-01,Mirage,0,-1,0.0,0.4,0.0,0,6,0.23809523809523808,0.20512820512820512,0.0784313725490196,0.01470588235294118,1.504077396776274,0.0,0.08205128205128205,0.0
414,1351,2026-03-01,Dust2,0,-1,0.0,0.4,0.0,0,6,-0.6206896551724137,-0.7333333333333334,-0.1264880952380953,0.09623015873015867,1.9810014688665836,-0.0,-0.2933333333333334,0.0
413,1350,2026-03-01,Dust2,0,1,371.0,1.0,239.12499999999994,0,7,1.5373665480427046,1.4666666666666668,0.06410256410256415,-0.1538461538461538,3.2771447329921766,570.3629893238434,1.4666666666666668,88715.37499999999
412,1350,2026-03-01,Mirage,0,1,371.0,1.0,239.12499999999994,0,7,1.235494880546075,1.0,0.2834699453551913,-0.13729508196721307,3.0285220963769817,458.36860068259386,1.0,88715.37499999999
417,1352,2026-03-01,Dust2,0,-1,0.0,-1.4,18.097560975609756,0,-9,-1.1623931623931623,-0.8333333333333334,-0.07936507936507936,0.12103174603174599,-3.068052935133617,-0.0,1.1666666666666667,0.0
410,1349,2026-03-01,Inferno,0,1,20.0,1.0,-158.10000000000002,0,8,0.057142857142857106,-0.3,-0.008796296296296302,-0.07777777777777772,0.09531017980432477,1.1428571428571421,-0.3,-3162.0000000000005
409,1348,2026-03-01,Inferno,0,-1,244.0,-1.0,-229.3,0,25,-1.0508474576271187,-1.0909090909090908,-0.09909909909909909,0.3277027027027027,2.9444389791664403,-256.40677966101697,1.0909090909090908,-55949.200000000004
408,1348,2026-03-01,Anubis,0,-1,244.0,-1.0,-229.3,0,25,-0.8333333333333334,-0.8333333333333334,-0.19791666666666663,-0.17013888888888895,1.8718021769015913,-203.33333333333334,0.8333333333333334,-55949.200000000004
407,1347,2026-03-01,Inferno,0,1,190.0,1.0,130.2,0,4,1.0757549611734252,0.8571428571428572,0.1186635944700461,-0.12154377880184325,1.3862943611198908,204.39344262295077,0.8571428571428572,24737.999999999996
406,1347,2026-03-01,Dust2,0,1,190.0,1.0,130.2,0,4,0.4844155844155844,0.2424242424242424,0.07023809523809521,-0.11309523809523808,1.791759469228055,92.03896103896103,0.2424242424242424,24737.999999999996
405,1346,2026-03-01,Nuke,0,1,195.0,0.21276595744680854,-200.40638297872346,0,24,0.6250000000000001,0.782608695652174,0.04625706214689268,-0.12135122410546134,2.148434413166787,121.87500000000003,0.16651248843663277,-39079.24468085107
411,1349,2026-03-01,Nuke,0,1,20.0,1.0,-158.10000000000002,0,8,-0.1333333333333333,0.6,-0.038194444444444364,0.06944444444444442,1.6094379124341003,-2.666666666666666,0.6,-3162.0000000000005
404,1346,2026-03-01,Ancient,0,1,195.0,0.21276595744680854,-200.40638297872346,0,24,0.5115942028985507,0.9523809523809523,0.055959302325581384,0.0019379844961240345,2.174751721484161,99.76086956521739,0.2026342451874367,-39079.24468085107
368,1333,2026-03-02,Dust2,0,1,561.0,-0.09090909090909088,-298.1999999999999,0,3,0.3555750658472344,1.2727272727272727,0.14537037037037037,0.05138888888888882,2.730029107820985,199.47761194029852,-0.11570247933884294,-167290.19999999992
367,1333,2026-03-02,Inferno,0,1,561.0,-0.09090909090909088,-298.1999999999999,0,3,1.1786833855799372,1.0909090909090908,0.18904320987654316,-0.12191358024691351,3.3141860046725258,661.2413793103448,-0.09917355371900823,-167290.19999999992
366,1333,2026-03-02,Mirage,0,-1,561.0,-0.09090909090909088,-298.1999999999999,0,3,-0.8067796610169492,-0.9333333333333333,-0.06702898550724629,0.06340579710144928,3.157000421150113,-452.6033898305085,0.08484848484848483,-167290.19999999992
365,1332,2026-03-02,Ancient,0,-1,70.0,0.0,34.80000000000001,0,0,-0.16982922201138528,-0.3333333333333333,-0.04811507936507936,0.09821428571428575,1.4816045409242158,-11.88804554079697,-0.0,2436.000000000001
364,1332,2026-03-02,Nuke,0,1,70.0,0.0,34.80000000000001,0,0,0.9777777777777777,1.25,0.13809523809523805,-0.09047619047619043,1.299282984130261,68.44444444444444,0.0,2436.000000000001
360,74,2026-03-02,Mirage,1,-1,-53.0,-0.8,53.0,0,-3,-1.1598119858989424,-1.5,-0.10096153846153844,0.19551282051282043,-0.6931471805599452,61.470035252643946,1.2000000000000002,-2809.0
361,1331,2026-03-02,Inferno,0,-1,103.0,0.10109890109890111,80.84175824175824,0,4,-0.09898305084745751,-1.25,-0.024456521739130432,-0.036118659420289856,0.3184537311185345,-10.195254237288124,-0.1263736263736264,8326.7010989011
359,74,2026-03-02,Overpass,1,-1,-53.0,-0.8,53.0,0,-3,-1.1846650524616629,-1.380952380952381,-0.15945512820512825,0.12206196581196588,-0.7308875085427924,62.787247780468135,1.1047619047619048,-2809.0
358,74,2026-03-02,Ancient,1,-1,-53.0,-0.8,53.0,0,-3,-0.08858267716535428,-0.6666666666666666,-0.00021929824561406353,-0.0390350877192982,-1.2656663733312756,4.694881889763777,0.5333333333333333,-2809.0
369,1334,2026-03-02,Anubis,0,-1,-153.0,0.0,-180.60000000000002,0,2,0.6555555555555554,0.16666666666666669,0.04211956521739124,-0.06476449275362317,1.5686159179138455,-100.29999999999998,0.0,27631.800000000003
363,1332,2026-03-02,Dust2,0,-1,70.0,0.0,34.80000000000001,0,0,-0.18796992481203006,-1.0,-0.05034722222222221,-0.027777777777777735,1.2729656758128873,-13.157894736842104,-0.0,2436.000000000001
370,1334,2026-03-02,Mirage,0,1,-153.0,0.0,-180.60000000000002,0,2,-0.4571891685736079,-0.7863247863247864,-0.022936786654960517,0.04565408252853381,1.3291359472799424,69.94994279176201,-0.0,27631.800000000003
362,1331,2026-03-02,Dust2,0,-1,103.0,0.10109890109890111,80.84175824175824,0,4,-0.2523809523809524,-1.1666666666666667,0.009953703703703687,0.03495370370370371,0.8383291904044432,-25.995238095238093,-0.11794871794871797,8326.7010989011
372,1335,2026-03-02,Mirage,0,-1,0.0,-1.2,18.5,0,-8,-1.0242718446601942,-0.9230769230769231,-0.154320987654321,0.1211419753086419,-2.908720896564361,-0.0,1.1076923076923078,0.0
371,1334,2026-03-02,Dust2,0,-1,-153.0,0.0,-180.60000000000002,0,2,0.44172363070000853,0.47619047619047616,0.023484848484848442,-0.08333333333333331,1.5404450409471493,-67.58371549710131,0.0,27631.800000000003
384,1340,2026-03-02,Anubis,0,-1,0.0,0.2,0.0,0,-6,-1.2413793103448276,-1.5,-0.15000000000000002,0.08749999999999997,-1.7047480922384253,-0.0,-0.30000000000000004,0.0
383,1340,2026-03-02,Mirage,0,1,0.0,0.2,0.0,0,-6,0.0243902439024391,0.07142857142857145,-0.046296296296296224,-0.033564814814814825,-1.33500106673234,0.0,0.01428571428571429,0.0
382,1340,2026-03-02,Overpass,0,1,0.0,0.2,0.0,0,-6,-0.6142322097378277,-0.6666666666666666,-0.1061111111111111,0.03833333333333333,-1.8718021769015916,-0.0,-0.13333333333333333,0.0
381,1340,2026-03-02,Dust2,0,-1,0.0,0.2,0.0,0,-6,0.21739130434782605,0.2727272727272727,0.07902298850574707,-0.04382183908045978,-1.7917594692280552,0.0,0.05454545454545454,0.0
380,1339,2026-03-02,Default,0,-1,0.0,-1.2,0.0,0,-8,-1.303370786516854,-1.5,-0.026515151515151516,0.026515151515151512,-1.791759469228055,-0.0,1.7999999999999998,0.0
385,1340,2026-03-02,Nuke,0,1,0.0,0.2,0.0,0,-6,0.6322580645161291,0.5714285714285714,0.03205128205128205,-0.17307692307692304,-2.6026896854443837,0.0,0.11428571428571428,0.0
378,1338,2026-03-02,Dust2,0,-1,-172.0,0.4,54.49999999999999,0,-14,0.5119410569105692,0.7017543859649122,0.004901960784313708,-0.06113445378151261,-0.0281708769666964,-88.05386178861791,0.2807017543859649,-9373.999999999998
377,1337,2026-03-02,Inferno,0,1,111.0,0.6,-55.98461538461538,0,1,1.0699588477366255,0.75,0.12906504065040653,-0.09451219512195114,2.351375257163478,118.76543209876543,0.44999999999999996,-6214.292307692307
376,1337,2026-03-02,Dust2,0,1,111.0,0.6,-55.98461538461538,0,1,0.7572815533980582,0.8,0.0625,-0.044270833333333315,2.3978952727983707,84.05825242718447,0.48,-6214.292307692307
375,1336,2026-03-02,Dust2,0,1,297.0,0.6000000000000001,186.7,0,5,0.9821371226718048,1.2444444444444445,0.10474318658280918,-0.10529350104821805,0.5549968420791282,291.694725433526,0.7466666666666668,55449.899999999994
374,1336,2026-03-02,Mirage,0,1,297.0,0.6000000000000001,186.7,0,5,0.5376491495303376,0.5194805194805194,0.058043293718166356,-0.0898769100169779,1.1474024528375417,159.68179741051026,0.3116883116883117,55449.899999999994
373,1335,2026-03-02,Dust2,0,-1,0.0,-1.2,18.5,0,-8,-0.9743589743589743,-0.9333333333333333,-0.03515625,0.12174479166666663,-3.075774981227527,-0.0,1.1199999999999999,0.0
379,1338,2026-03-02,Overpass,0,-1,-172.0,0.4,54.49999999999999,0,-14,-0.26720024626750805,-1.5,-0.02398989898989895,0.022411616161616243,-0.5705448584676129,45.95844235801138,-0.6000000000000001,-9373.999999999998
341,1323,2026-03-03,Inferno,0,1,561.0,-0.1333333333333333,-405.7,0,3,1.203647416413374,1.1666666666666667,-0.017424242424242398,-0.12121212121212116,3.3322045101752042,675.2462006079028,-0.15555555555555553,-227597.69999999998
340,1323,2026-03-03,Ancient,0,-1,561.0,-0.1333333333333333,-405.7,0,3,-1.5533980582524272,-2.0,-0.12254901960784309,0.25245098039215685,2.197224577336219,-871.4563106796116,0.2666666666666666,-227597.69999999998
339,1322,2026-03-03,Mirage,0,1,32.0,0.0,53.39999999999999,0,-4,-0.16963711529627923,-0.019230769230769218,-0.03664215686274508,0.052328431372549,-1.1895840668738367,-5.428387689480935,-0.0,1708.7999999999997
338,1322,2026-03-03,Overpass,0,-1,32.0,0.0,53.39999999999999,0,-4,-0.9830798886271148,-1.6363636363636362,-0.08601190476190473,0.10446428571428573,-0.9650808960435873,-31.458556436067674,-0.0,1708.7999999999997
337,1322,2026-03-03,Inferno,0,1,32.0,0.0,53.39999999999999,0,-4,0.2746632996632996,0.3333333333333333,0.012920673076923017,0.01081730769230771,-0.2006706954621511,8.789225589225587,0.0,1708.7999999999997
334,1321,2026-03-03,Overpass,0,1,190.0,0.2,26.0,0,4,0.4259991216512956,0.8,0.11805555555555558,0.055555555555555636,0.3677247801253172,80.93983311374616,0.16000000000000003,4940.0
335,1321,2026-03-03,Mirage,0,-1,190.0,0.2,26.0,0,4,-0.5503348022663537,-0.16666666666666669,-0.04155982905982908,-0.02339743589743587,0.523248143764548,-104.5636124306072,-0.03333333333333334,4940.0
333,1320,2026-03-03,Inferno,0,1,0.0,0.3066666666666667,-65.06666666666666,0,-1,0.3874643874643874,1.0,0.040000000000000036,-0.03722222222222227,1.8718021769015916,0.0,0.3066666666666667,-0.0
332,1320,2026-03-03,Anubis,0,1,0.0,0.3066666666666667,-65.06666666666666,0,-1,2.0,2.0,0.02083333333333326,-0.18749999999999994,0.4054651081081645,0.0,0.6133333333333334,-0.0
342,1323,2026-03-03,Nuke,0,-1,561.0,-0.1333333333333333,-405.7,0,3,-0.7639484978540773,-0.75,-0.0929487179487179,0.08653846153846156,2.995732273553991,-428.57510729613733,0.09999999999999998,-227597.69999999998
336,1321,2026-03-03,Dust2,0,1,190.0,0.2,26.0,0,4,0.4166007905138339,-0.07692307692307693,0.09375,-0.050863363363363334,1.072636802264849,79.15415019762844,-0.015384615384615385,4940.0
343,1324,2026-03-03,Dust2,0,1,0.0,1.0,0.0,0,-9,1.0478359908883828,1.125,0.09166666666666662,-0.08846153846153848,-3.49650756146648,0.0,1.125,0.0
344,1324,2026-03-03,Ancient,0,1,0.0,1.0,0.0,0,-9,1.3052631578947367,1.25,0.08333333333333331,-0.10897435897435898,-1.945910149055313,0.0,1.25,0.0
345,1325,2026-03-03,Nuke,0,1,111.0,0.6,-30.799999999999997,0,0,1.0288461538461537,0.6666666666666667,0.160515873015873,-0.12202380952380953,1.6376087894007967,114.20192307692307,0.4,-3418.7999999999997
356,1330,2026-03-03,Overpass,0,1,-49.0,-0.2,195.00000000000003,0,-19,-0.26990881458966565,-0.38461538461538464,0.09624094202898553,0.0031702898550723946,-0.9808292530117262,13.225531914893617,0.07692307692307693,-9555.000000000002
355,1329,2026-03-03,Nuke,0,-1,23.0,0.0,-147.6,0,6,0.3714285714285715,0.7878787878787878,0.016428571428571348,-0.13595238095238094,1.1786549963416464,8.542857142857144,0.0,-3394.7999999999997
354,1329,2026-03-03,Dust2,0,-1,23.0,0.0,-147.6,0,6,-0.9801980198019802,-0.8571428571428572,-0.15833333333333338,0.10277777777777775,2.197224577336219,-22.544554455445542,-0.0,-3394.7999999999997
353,1328,2026-03-03,Mirage,0,1,244.0,1.2,-3.6647058823529477,0,22,0.7635135135135135,0.7058823529411764,0.16812015503875966,-0.06492248062015499,2.6855773452501515,186.2972972972973,0.8470588235294116,-894.1882352941193
352,1328,2026-03-03,Nuke,0,1,244.0,1.2,-3.6647058823529477,0,22,1.0382775119617225,0.9090909090909091,-0.15347222222222218,-0.325,2.7245795030534206,253.33971291866027,1.0909090909090908,-894.1882352941193
357,1330,2026-03-03,Mirage,0,1,-49.0,-0.2,195.00000000000003,0,-19,0.7364864864864865,0.8941176470588235,0.06799095607235145,-0.08091085271317833,-0.8397506547518208,-36.08783783783784,-0.17882352941176471,-9555.000000000002
350,1327,2026-03-03,Inferno,0,-1,284.0,-0.443298969072165,255.83917525773194,0,6,-0.1303510273972603,-0.8,-0.02978098290598291,-0.029914529914529975,0.4700036292457357,-37.01969178082192,0.35463917525773203,72658.32577319587
349,1326,2026-03-03,Inferno,0,1,70.0,0.34683544303797464,-101.20759493670886,0,0,0.9444444444444444,1.0,0.0642361111111111,-0.07812499999999994,1.6094379124341003,66.11111111111111,0.34683544303797464,-7084.53164556962
348,1326,2026-03-03,Mirage,0,-1,70.0,0.34683544303797464,-101.20759493670886,0,0,0.2304347826086956,-0.3333333333333333,0.1527777777777778,-0.004166666666666652,2.0476928433652555,16.130434782608692,-0.11561181434599155,-7084.53164556962
347,1326,2026-03-03,Dust2,0,1,70.0,0.34683544303797464,-101.20759493670886,0,0,0.8951048951048951,0.5,0.05944444444444441,-0.07833333333333331,1.8718021769015916,62.65734265734266,0.17341772151898732,-7084.53164556962
346,1325,2026-03-03,Dust2,0,1,111.0,0.6,-30.799999999999997,0,0,-0.028935185185185203,0.1090909090909091,-0.005591630591630592,-0.023809523809523836,1.4469189829363258,-3.2118055555555576,0.06545454545454546,-3418.7999999999997
351,1327,2026-03-03,Dust2,0,-1,284.0,-0.443298969072165,255.83917525773194,0,6,-0.013994002570326847,-0.625,0.02864583333333337,0.009162808641975273,1.174119841176255,-3.9742967299728242,0.2770618556701031,72658.32577319587
314,1312,2026-03-04,Inferno,0,-1,70.0,0.2,-86.39999999999999,0,2,0.39826839826839827,0.1333333333333333,0.02954545454545454,-0.021969696969696972,0.7731898882334818,27.87878787878788,0.02666666666666666,-6047.999999999999
313,1312,2026-03-04,Anubis,0,1,70.0,0.2,-86.39999999999999,0,2,1.0857142857142856,1.0,0.36904761904761907,-0.17261904761904756,1.3862943611198904,76.0,0.2,-6047.999999999999
312,1311,2026-03-04,Dust2,0,1,0.0,1.1802197802197805,-15.043956043956046,0,2,1.0667166416791605,1.6,0.06907894736842102,-0.08406432748538017,2.2772672850097555,0.0,1.888351648351649,-0.0
311,1311,2026-03-04,Mirage,0,1,0.0,1.1802197802197805,-15.043956043956046,0,2,1.1206896551724137,1.0,0.11994949494949492,-0.1515151515151515,1.8607523407150064,0.0,1.1802197802197805,-0.0
310,73,2026-03-04,Mirage,1,1,0.0,0.5333333333333333,0.0,0,11,1.24822695035461,1.0769230769230769,0.01296296296296301,-0.1472222222222222,3.1354942159291497,0.0,0.5743589743589743,0.0
307,72,2026-03-04,Dust2,1,-1,0.0,-0.4272727272727273,24.034090909090914,0,-10,-0.47379711921544587,-0.07692307692307693,-0.08143939393939392,0.09943181818181823,-2.197224577336219,-0.0,0.03286713286713287,0.0
308,73,2026-03-04,Inferno,1,-1,0.0,0.5333333333333333,0.0,0,11,-1.1917098445595855,-1.5555555555555556,-0.21446078431372545,-0.13480392156862747,2.862200880929468,-0.0,-0.8296296296296296,0.0
306,72,2026-03-04,Inferno,1,1,0.0,-0.4272727272727273,24.034090909090914,0,-10,-0.1159824631327222,0.5555555555555556,-0.09456699346405228,0.034109477124182996,-0.9903987040278768,-0.0,-0.2373737373737374,0.0
305,72,2026-03-04,Nuke,1,-1,0.0,-0.4272727272727273,24.034090909090914,0,-10,-1.0585365853658537,-1.3333333333333333,-0.1680555555555555,0.1029761904761905,-1.9694406464655074,-0.0,0.5696969696969697,0.0
315,1312,2026-03-04,Mirage,0,1,70.0,0.2,-86.39999999999999,0,2,-0.2580369843527739,-0.34285714285714286,-0.03452620967741937,0.0012600806451612545,0.6325225587435104,-18.062588904694174,-0.06857142857142857,-6047.999999999999
309,73,2026-03-04,Dust2,1,1,0.0,0.5333333333333333,0.0,0,11,1.2430278884462151,1.0769230769230769,0.08143939393939392,-0.12026515151515149,3.1135153092103742,0.0,0.5743589743589743,0.0
316,1313,2026-03-04,Inferno,0,-1,561.0,-0.7749999999999999,-560.9999999999999,0,3,0.13467048710601723,0.0,0.035453216374269014,0.04970760233918131,2.961830721878309,75.55014326647567,-0.0,-314720.99999999994
331,1319,2026-03-04,Overpass,0,1,0.0,0.6000000000000001,-30.0,0,0,1.5621301775147929,1.5,0.09782608695652167,-0.1268115942028985,2.4849066497880004,0.0,0.9000000000000001,-0.0
318,1314,2026-03-04,Inferno,0,-1,116.0,-0.4,-82.89999999999999,0,1,0.03612479474548444,-0.8333333333333333,0.010101010101010055,-0.07687991021324347,0.19415601444095776,4.190476190476195,0.3333333333333333,-9616.4
330,1319,2026-03-04,Mirage,0,1,0.0,0.6000000000000001,-30.0,0,0,0.32068965517241377,0.2,0.03106060606060601,-0.10151515151515156,2.0149030205422647,0.0,0.12000000000000002,-0.0
317,1313,2026-03-04,Mirage,0,-1,561.0,-0.7749999999999999,-560.9999999999999,0,3,-0.8825396825396825,-1.0588235294117647,-0.06944444444444436,0.11197916666666669,2.793208009442517,-495.1047619047619,0.8205882352941176,-314720.99999999994
329,1318,2026-03-04,Overpass,0,-1,-133.0,-0.4,-7.200000000000003,0,-18,-0.2925252525252526,-0.7619047619047619,-0.06349206349206349,0.05530753968253971,-1.1394342831883648,38.905858585858596,0.3047619047619048,957.6000000000004
328,1318,2026-03-04,Dust2,0,-1,-133.0,-0.4,-7.200000000000003,0,-18,0.16157356194690273,0.13333333333333333,0.03819444444444442,0.003540305010893252,-0.055569851154810834,-21.489283738938063,-0.05333333333333334,957.6000000000004
327,1317,2026-03-04,Inferno,0,-1,322.0,0.0,-52.0,0,4,-0.794759825327511,-0.9090909090909091,-0.07083333333333325,0.11249999999999993,3.0204248861443626,-255.91266375545854,-0.0,-16744.0
325,1317,2026-03-04,Mirage,0,-1,322.0,0.0,-52.0,0,4,0.02044728434504789,-0.3333333333333333,0.06203703703703706,-0.060780423280423324,1.7609878105613008,6.58402555910542,-0.0,-16744.0
326,1317,2026-03-04,Dust2,0,1,322.0,0.0,-52.0,0,4,0.012987012987013102,-0.08823529411764708,-0.06799242424242424,-0.06212121212121208,2.415913778301049,4.181818181818219,-0.0,-16744.0
323,1316,2026-03-04,Overpass,0,1,30.0,0.4,-31.69999999999999,0,1,-0.2475868385823998,-1.0,-0.021214896214896195,0.02625152625152627,-0.45198512374305766,-7.427605157471994,-0.4,-950.9999999999997
322,1315,2026-03-04,Inferno,0,-1,561.0,-0.7333333333333334,-561.0,0,4,-0.8653295128939827,-1.0,-0.1103801169590643,0.2997076023391813,3.3672958299864737,-485.4498567335243,0.7333333333333334,-314721.0
321,1315,2026-03-04,Mirage,0,-1,561.0,-0.7333333333333334,-561.0,0,4,-0.8825396825396825,-1.0588235294117647,-0.19444444444444436,-0.09635416666666663,3.198673117550681,-495.1047619047619,0.7764705882352941,-314721.0
320,1315,2026-03-04,Anubis,0,1,561.0,-0.7333333333333334,-561.0,0,4,1.2884615384615383,1.6,0.28623188405797106,-0.13224637681159418,2.4849066497880004,722.826923076923,-1.1733333333333336,-314721.0
319,1314,2026-03-04,Mirage,0,-1,116.0,-0.4,-82.89999999999999,0,1,0.04655737704918033,0.3111111111111111,0.016313932980599632,-0.06459435626102294,0.24116205681688774,5.400655737704918,-0.12444444444444445,-9616.4
324,1316,2026-03-04,Nuke,0,1,30.0,0.4,-31.69999999999999,0,1,0.2958304853041695,0.75,0.03991841491841486,-0.049388111888111874,0.16034265007517945,8.874914559125084,0.30000000000000004,-950.9999999999997
286,1302,2026-03-05,Overpass,0,-1,42.0,-1.2,56.099999999999994,0,7,-0.6961325966850829,-0.6153846153846154,-0.09848484848484845,0.32007575757575757,2.4423470353692043,-29.23756906077348,0.7384615384615385,2356.2
288,1303,2026-03-05,Dust2,0,1,41.0,0.4,55.39999999999999,0,0,-0.006092832613271315,0.523076923076923,0.05366300366300358,0.032463369963370015,0.2876820724517808,-0.24980613714412392,0.20923076923076922,2271.3999999999996
287,1303,2026-03-05,Nuke,0,1,41.0,0.4,55.39999999999999,0,0,0.21644964124368854,0.0,0.012310606060606077,-0.04513888888888895,0.4754236967150747,8.87443529099123,0.0,2271.3999999999996
285,1302,2026-03-05,Mirage,0,-1,42.0,-1.2,56.099999999999994,0,7,-0.03773584905660377,-0.23076923076923078,0.16576086956521735,0.0033212560386473577,3.1498829533812494,-1.5849056603773584,0.27692307692307694,2356.2
280,70,2026-03-05,Inferno,1,-1,-53.0,-0.9170731707317072,40.07317073170732,0,-6,-0.9954533973225563,-1.4,-0.06597222222222227,0.10503472222222227,-1.550597412411167,52.75903005809548,1.28390243902439,-2123.878048780488
283,71,2026-03-05,Inferno,1,1,53.0,1.4,-37.1,0,7,1.3738317757009346,1.4,0.12152777777777773,-0.21614583333333337,2.11021320034659,72.81308411214954,1.9599999999999997,-1966.3000000000002
289,1304,2026-03-05,Overpass,0,-1,0.0,0.48181818181818187,-15.204545454545457,0,3,-0.34332148298628745,-0.6666666666666667,-0.006250000000000089,0.0534722222222222,1.4271163556401456,-0.0,-0.3212121212121213,-0.0
282,71,2026-03-05,Overpass,1,-1,53.0,1.4,-37.1,0,7,0.7804878048780488,0.9122807017543859,0.05401234567901231,-0.18518518518518517,1.9459101490553132,41.36585365853659,1.27719298245614,-1966.3000000000002
281,70,2026-03-05,Dust2,1,-1,-53.0,-0.9170731707317072,40.07317073170732,0,-6,-0.6896879240162823,-1.5714285714285714,-0.09072871572871577,0.08351370851370848,-1.276293465905562,36.55345997286296,1.441114982578397,-2123.878048780488
284,71,2026-03-05,Nuke,1,1,53.0,1.4,-37.1,0,7,1.1713395638629283,1.0666666666666667,0.298076923076923,-0.11858974358974356,3.2771447329921766,62.0809968847352,1.4933333333333332,-1966.3000000000002
290,1304,2026-03-05,Inferno,0,1,0.0,0.48181818181818187,-15.204545454545457,0,3,0.3468503937007874,2.0,-0.059294871794871806,-0.04113247863247865,1.349926716949016,0.0,0.9636363636363637,-0.0
300,1308,2026-03-05,Overpass,0,-1,0.0,-0.3333333333333333,0.0,0,-10,-1.1750972762645915,-1.4285714285714286,0.048958333333333326,0.21354166666666663,-3.0204248861443626,-0.0,0.47619047619047616,0.0
292,1305,2026-03-05,Nuke,0,1,-244.0,-0.2689655172413793,21.468965517241372,0,-20,0.985981308411215,1.1304347826086956,0.10245901639344257,-0.19774590163934427,-3.0285220963769817,-240.57943925233647,-0.30404797601199396,-5238.427586206895
291,1304,2026-03-05,Mirage,0,1,0.0,0.48181818181818187,-15.204545454545457,0,3,0.8154761904761905,1.2,0.05495169082125606,-0.08182367149758457,2.4638532405901676,0.0,0.5781818181818182,-0.0
304,1310,2026-03-05,Nuke,0,1,0.0,0.8,-50.23529411764706,0,4,0.05054466230936827,2.0,-0.08482142857142866,0.0029761904761904656,2.2686835413183646,0.0,1.6,-0.0
303,1310,2026-03-05,Mirage,0,1,0.0,0.8,-50.23529411764706,0,4,0.19047619047619044,0.2,-0.056159420289855044,-0.1096014492753623,2.7515353130419484,0.0,0.16000000000000003,-0.0
301,1309,2026-03-05,Inferno,0,-1,299.0,-0.4,-90.3,0,-2,-0.12939881083461796,-0.3333333333333333,0.0023096821877309215,0.05524759793052475,1.252762968495368,-38.69024443955077,0.13333333333333333,-26999.7
299,1308,2026-03-05,Mirage,0,-1,0.0,-0.3333333333333333,0.0,0,-10,-1.0457831325301206,-1.0,0.010606060606060563,0.12045454545454543,-3.3322045101752042,-0.0,0.3333333333333333,0.0
302,1309,2026-03-05,Dust2,0,-1,299.0,-0.4,-90.3,0,-2,0.39937106918238996,0.08333333333333331,0.09259259259259262,-0.04563492063492064,0.4321333551903259,119.4119496855346,-0.033333333333333326,-26999.7
297,1307,2026-03-05,Dust2,0,1,135.0,0.2,-43.89999999999999,0,4,0.5335240820219361,0.9230769230769231,0.0460526315789474,-0.10723684210526313,1.2656663733312756,72.02575107296138,0.18461538461538463,-5926.499999999999
293,1305,2026-03-05,Anubis,0,1,-244.0,-0.2689655172413793,21.468965517241372,0,-20,0.9230769230769231,0.9230769230769231,0.0929487179487179,-0.21474358974358973,-1.945910149055313,-225.23076923076925,-0.2482758620689655,-5238.427586206895
294,1306,2026-03-05,Ancient,0,1,0.0,0.2,-30.299999999999997,0,3,-0.1342641650564109,-0.30303030303030304,-0.030391054472763634,0.02280109945027481,-0.22738984219566127,-0.0,-0.06060606060606061,-0.0
298,1308,2026-03-05,Ancient,0,1,0.0,-0.3333333333333333,0.0,0,-10,1.3714285714285712,1.3333333333333333,0.09523809523809523,-0.23511904761904762,-2.0149030205422647,0.0,-0.4444444444444444,0.0
295,1306,2026-03-05,Overpass,0,1,0.0,0.2,-30.299999999999997,0,3,-0.40450819672131144,0.0,-0.053475935828877,0.1446078431372549,0.24512245803298516,-0.0,0.0,-0.0
296,1307,2026-03-05,Anubis,0,1,135.0,0.2,-43.89999999999999,0,4,-0.18498023715415018,0.0,-0.09722222222222221,0.00462962962962965,0.9162907318741553,-24.972332015810274,0.0,-5926.499999999999
279,1301,2026-03-06,Default,0,1,561.0,-0.7333333333333334,-561.0,0,5,1.6585365853658536,2.0,0.03333333333333333,-0.03333333333333333,1.0986122886681096,930.4390243902438,-1.4666666666666668,-314721.0
269,1296,2026-03-06,Nuke,0,1,254.0,0.2,202.09999999999997,0,-5,-0.009009009009009007,0.6111111111111112,0.007293007293007303,0.013459888459888492,-0.5465437063680696,-2.288288288288288,0.12222222222222223,51333.399999999994
271,1297,2026-03-06,Dust2,0,-1,381.0,0.2,-85.6,0,-3,-0.6505050505050505,-0.9333333333333333,-0.20000000000000007,0.061111111111111116,0.9808292530117262,-247.84242424242424,-0.18666666666666668,-32613.6
272,1297,2026-03-06,Inferno,0,1,381.0,0.2,-85.6,0,-3,0.09782608695652174,0.0,0.22265624999999994,0.03776041666666663,2.3978952727983707,37.27173913043478,0.0,-32613.6
270,1296,2026-03-06,Overpass,0,1,254.0,0.2,202.09999999999997,0,-5,0.6687500000000001,1.0,0.13541666666666669,-0.11458333333333337,0.0,169.8625,0.2,51333.399999999994
274,1298,2026-03-06,Ancient,0,-1,-49.0,-0.2,121.3,0,-19,-0.10676965015901865,-0.2,-0.00047348484848486194,0.07481060606060602,-1.6094379124341,5.231712857791914,0.04000000000000001,-5943.7
275,1298,2026-03-06,Mirage,0,-1,-49.0,-0.2,121.3,0,-19,0.6011417225117895,0.6767676767676767,0.04555422647527907,-0.06524122807017546,-0.8109302162163288,-29.455944403077687,-0.13535353535353534,-5943.7
276,1299,2026-03-06,Mirage,0,-1,0.0,-1.4,0.0,0,-12,-1.0682352941176472,-1.037037037037037,0.09002976190476192,0.24330357142857134,-3.349904087274605,-0.0,1.4518518518518517,0.0
277,1299,2026-03-06,Inferno,0,-1,0.0,-1.4,0.0,0,-12,-1.0676691729323309,-1.3333333333333333,-0.2361111111111111,0.11458333333333331,-3.198673117550681,-0.0,1.8666666666666665,0.0
278,1300,2026-03-06,Default,0,-1,0.0,-0.4,0.0,0,-12,-1.4065934065934065,-1.6,-0.027777777777777776,0.027777777777777776,-1.8718021769015913,-0.0,0.6400000000000001,0.0
273,1297,2026-03-06,Mirage,0,1,381.0,0.2,-85.6,0,-3,0.033395872420262644,-0.3333333333333333,0.04741863075196412,-0.043630751964085335,0.8472978603872034,12.723827392120068,-0.06666666666666667,-32613.6
244,1282,2026-03-07,Dust2,0,-1,450.0,-0.6000000000000001,-225.8,0,0,0.22727272727272724,-0.07575757575757575,0.012882447665056362,-0.08952294685990336,0.23922968906583408,102.27272727272725,0.045454545454545456,-101610.0
248,1284,2026-03-07,Ancient,0,-1,208.0,0.6000000000000001,-14.299999999999983,0,-19,-0.09375,-0.043478260869565216,0.013252314814814814,0.03721064814814817,-0.9954280524328789,-19.5,-0.026086956521739132,-2974.3999999999965
247,1283,2026-03-07,Ancient,0,1,0.0,0.2,108.5,0,-5,0.6207713854772681,1.6666666666666665,-0.006015704154002044,-0.06294326241134751,-1.163150809805681,0.0,0.3333333333333333,0.0
246,1283,2026-03-07,Anubis,0,1,0.0,0.2,108.5,0,-5,-0.5992337164750958,-0.3333333333333333,-0.08489583333333334,0.05677083333333338,-1.0414538748281612,-0.0,-0.06666666666666667,0.0
245,1282,2026-03-07,Overpass,0,-1,450.0,-0.6000000000000001,-225.8,0,0,0.3066779374471683,-0.39999999999999997,0.13005050505050503,-0.019781144781144788,0.8329091229351038,138.00507185122575,0.24000000000000002,-101610.0
243,1281,2026-03-07,Anubis,0,1,300.0,0.6000000000000001,11.299999999999955,0,0,1.3485714285714288,2.0,0.041666666666666685,-0.18551587301587297,0.13353139262452252,404.5714285714286,1.2000000000000002,3389.9999999999864
236,68,2026-03-07,Overpass,1,-1,53.0,1.0,-37.1,0,7,0.965093085106383,1.0,0.008035714285714257,-0.14166666666666666,1.5755363607584192,51.1499335106383,1.0,-1966.3000000000002
241,1281,2026-03-07,Mirage,0,-1,300.0,0.6000000000000001,11.299999999999955,0,0,-0.22735555163698346,0.19047619047619047,0.03705808080808087,0.0913510101010101,-0.37267528528517335,-68.20666549109504,0.1142857142857143,3389.9999999999864
240,69,2026-03-07,Nuke,1,1,0.0,1.6,-8.431818181818182,0,8,1.4230769230769231,1.3846153846153846,0.12403100775193793,-0.20445736434108525,2.3978952727983707,0.0,2.2153846153846155,-0.0
239,69,2026-03-07,Mirage,1,1,0.0,1.6,-8.431818181818182,0,8,1.1053790500157281,1.2307692307692308,0.05887681159420288,-0.15353260869565222,2.240709689275958,0.0,1.9692307692307693,-0.0
238,68,2026-03-07,Ancient,1,1,53.0,1.0,-37.1,0,7,1.3636363636363638,1.6923076923076923,0.09900284900284895,-0.17948717948717957,1.3862943611198904,72.27272727272728,1.6923076923076923,-1966.3000000000002
237,68,2026-03-07,Nuke,1,1,53.0,1.0,-37.1,0,7,-0.19897421485280686,-0.475,-0.03465166908563133,-0.06107885824866954,1.3499267169490161,-10.545633387198764,-0.475,-1966.3000000000002
249,1284,2026-03-07,Mirage,0,1,208.0,0.6000000000000001,-14.299999999999983,0,-19,0.30960188889617624,0.3742690058479532,0.06539961013645224,-0.02958089668615982,-0.16507975035944877,64.39719289040465,0.22456140350877196,-2974.3999999999965
242,1281,2026-03-07,Nuke,0,1,300.0,0.6000000000000001,11.299999999999955,0,0,0.5179063360881543,0.9333333333333333,-0.02083333333333337,-0.11553030303030304,1.5260563034950494,155.37190082644628,0.56,3389.9999999999864
250,1284,2026-03-07,Overpass,0,1,208.0,0.6000000000000001,-14.299999999999983,0,-19,0.21363290175171362,0.26666666666666666,0.05047619047619051,0.017500000000000016,-0.5500463369192721,44.43564356435643,0.16000000000000003,-2974.3999999999965
252,1285,2026-03-07,Overpass,0,1,0.0,0.7940298507462686,0.0,0,5,1.5026455026455026,1.4,0.1991666666666666,-0.1266666666666666,2.1594842493533726,0.0,1.111641791044776,0.0
267,1291,2026-03-07,Dust2,0,1,-86.0,0.0,244.90000000000003,0,3,-0.12256837794354244,-0.5833333333333333,-0.054618606701940076,-0.00925925925925919,-0.03509131981127034,10.54088050314465,-0.0,-21061.4
251,1285,2026-03-07,Nuke,0,-1,0.0,0.7940298507462686,0.0,0,5,-1.186206896551724,-1.0,-0.10775862068965514,0.10919540229885061,2.70805020110221,-0.0,-0.7940298507462686,0.0
266,1290,2026-03-07,Mirage,0,-1,150.0,-0.6000000000000001,78.30000000000001,0,-4,-0.09830246913580248,-0.3333333333333333,-0.034226190476190466,-0.0014880952380952883,0.23180161405732447,-14.745370370370372,0.2,11745.000000000002
265,1290,2026-03-07,Dust2,0,1,150.0,-0.6000000000000001,78.30000000000001,0,-4,0.6238783833889504,1.2142857142857144,0.046347793845012975,-0.08620689655172414,-0.06453852113757108,93.58175750834256,-0.7285714285714288,11745.000000000002
264,1290,2026-03-07,Nuke,0,-1,150.0,-0.6000000000000001,78.30000000000001,0,-4,-0.19606217616580313,-0.6666666666666666,0.007260101010100994,0.04466540404040403,-0.307484699747961,-29.409326424870468,0.4,11745.000000000002
263,1289,2026-03-07,Dust2,0,-1,0.0,-0.4,122.0,0,-13,0.013698630136986294,0.125,0.00694444444444442,-0.004419191919191878,-3.1060803307228557,0.0,-0.05,0.0
268,1291,2026-03-07,Mirage,0,1,-86.0,0.0,244.90000000000003,0,3,0.5461584276354972,0.25396825396825395,0.057705903145988,-0.049973488865323434,0.5596157879354227,-46.96962477665276,0.0,-21061.4
261,1288,2026-03-07,Ancient,0,-1,240.0,0.0,14.099999999999994,0,-5,0.19176319176319165,-0.06666666666666665,0.025106837606837684,-0.005494505494505586,-0.20479441264601306,46.023166023166,-0.0,3383.9999999999986
262,1289,2026-03-07,Mirage,0,-1,0.0,-0.4,122.0,0,-13,-1.089655172413793,-1.0714285714285714,-0.07821637426900585,0.11915204678362568,-3.3672958299864737,-0.0,0.4285714285714286,0.0
259,1288,2026-03-07,Dust2,0,1,240.0,0.0,14.099999999999994,0,-5,-0.1490436946042606,-0.06593406593406592,-0.10570245726495725,0.02958066239316237,-0.8556661100577201,-35.77048670502254,-0.0,3383.9999999999986
258,1287,2026-03-07,Anubis,0,-1,244.0,-0.05714285714285716,59.98571428571428,0,21,-1.0,-1.0,-0.09523809523809523,0.014880952380952384,2.0149030205422647,-244.0,0.05714285714285716,14636.514285714284
257,1287,2026-03-07,Dust2,0,-1,244.0,-0.05714285714285716,59.98571428571428,0,21,-0.07268170426065179,0.0,-0.06043543543543545,-0.06381381381381379,2.251291798606495,-17.734335839599037,-0.0,14636.514285714284
256,1286,2026-03-07,Mirage,0,1,123.0,0.2,-43.5,0,-8,0.44047619047619047,0.5,0.009027777777777746,-0.0756944444444444,-0.38946476676172326,54.17857142857143,0.1,-5350.5
255,1286,2026-03-07,Ancient,0,-1,123.0,0.2,-43.5,0,-8,-0.17160493827160497,-0.19047619047619047,-0.013047138047138085,0.06607744107744112,-1.2237754316221157,-21.10740740740741,-0.0380952380952381,-5350.5
254,1286,2026-03-07,Nuke,0,1,123.0,0.2,-43.5,0,-8,0.45446808510638304,0.11538461538461536,-0.025308641975308577,-0.08549382716049375,-1.5404450409471488,55.89957446808511,0.023076923076923075,-5350.5
253,1285,2026-03-07,Ancient,0,1,0.0,0.7940298507462686,0.0,0,5,1.2784810126582278,1.4545454545454546,0.19907407407407413,-0.14043209876543206,2.6390573296152584,0.0,1.154952510176391,0.0
260,1288,2026-03-07,Mirage,0,-1,240.0,0.0,14.099999999999994,0,-5,0.010483769104458742,-0.6000000000000001,0.0,0.01785714285714285,0.0,2.516104585070098,-0.0,3383.9999999999986
216,1272,2026-03-08,Dust2,0,1,489.0,-0.6000000000000001,-265.59999999999997,0,-4,0.10062604977859216,-0.03418803418803418,0.05435904654654661,-0.03214151651651648,0.2542341383842408,49.20613834173157,0.02051282051282051,-129878.39999999998
215,1271,2026-03-08,Nuke,0,-1,561.0,-1.4,-517.2,0,8,-0.825,-1.0,-0.09687499999999993,0.13124999999999998,3.0204248861443626,-462.825,1.4,-290149.2
214,1271,2026-03-08,Dust2,0,-1,561.0,-1.4,-517.2,0,8,-0.8813559322033898,-0.9230769230769231,-0.061631944444444364,0.1232638888888889,3.198673117550681,-494.4406779661017,1.2923076923076924,-290149.2
213,67,2026-03-08,Mirage,1,-1,0.0,0.2,-26.5,0,8,-0.796116504854369,-0.9333333333333333,-0.0763888888888889,0.1545138888888889,2.793208009442517,-0.0,-0.18666666666666668,-0.0
211,67,2026-03-08,Inferno,1,1,0.0,0.2,-26.5,0,8,0.2835087719298246,0.6666666666666667,0.15267857142857144,0.02901785714285715,1.3862943611198904,0.0,0.13333333333333336,-0.0
217,1272,2026-03-08,Overpass,0,-1,489.0,-0.6000000000000001,-265.59999999999997,0,-4,-0.019102540998377937,-0.4666666666666666,0.05538302277432716,0.04567805383022783,0.4700036292457357,-9.341142548206811,0.28,-129878.39999999998
209,66,2026-03-08,Overpass,1,-1,-53.0,-1.0,42.4,0,-7,-1.139130434782609,-1.2954545454545454,-0.15267094017094018,0.11314102564102563,-0.7949298748698879,60.373913043478275,1.2954545454545454,-2247.2
208,65,2026-03-08,Nuke,1,-1,0.0,0.2,-42.4,0,7,0.32559425096738537,0.1746031746031746,0.04144385026737962,-0.02523395721925137,0.9162907318741551,0.0,0.03492063492063492,-0.0
207,65,2026-03-08,Mirage,1,-1,0.0,0.2,-42.4,0,7,0.4895977808599168,0.26666666666666666,0.0843253968253968,-0.0657242063492064,1.8123787564307907,0.0,0.05333333333333334,-0.0
206,64,2026-03-08,Nuke,1,-1,-53.0,-1.0,26.5,0,-8,-0.5421652421652423,-1.2222222222222223,-0.11010101010101009,0.0648989898989899,-2.639057329615259,28.734757834757843,1.2222222222222223,-1404.5
205,64,2026-03-08,Inferno,1,-1,-53.0,-1.0,26.5,0,-8,-0.8052944862155389,-1.4545454545454546,-0.16887626262626265,0.04908459595959591,-1.329135947279942,42.68060776942356,1.4545454545454546,-1404.5
204,64,2026-03-08,Overpass,1,-1,-53.0,-1.0,26.5,0,-8,-0.8942420681551118,-0.8787878787878787,-0.1118055555555556,0.08749999999999997,-1.824549292051046,47.394829612220924,0.8787878787878787,-1404.5
210,66,2026-03-08,Nuke,1,-1,-53.0,-1.0,42.4,0,-7,-0.19738912276225723,-0.1111111111111111,0.021434937611408245,0.027317290552584694,-1.1349799328389851,10.461623506399633,0.1111111111111111,-2247.2
218,1272,2026-03-08,Inferno,0,1,489.0,-0.6000000000000001,-265.59999999999997,0,-4,0.0028679653679653805,-0.14285714285714285,-0.021671455938697348,0.05579501915708812,1.512588086444183,1.402435064935071,0.08571428571428573,-129878.39999999998
212,67,2026-03-08,Overpass,1,-1,0.0,0.2,-26.5,0,8,0.5837198144890452,0.2222222222222222,0.05018939393939398,-0.11363636363636359,1.5260563034950494,0.0,0.044444444444444446,-0.0
220,1273,2026-03-08,Anubis,0,1,175.0,0.8,-1.6000000000000227,0,-5,1.0666666666666667,1.2,0.06354166666666672,-0.12604166666666666,-0.2006706954621511,186.66666666666666,0.96,-280.000000000004
235,1280,2026-03-08,Overpass,0,-1,-308.0,-0.2,-27.600000000000023,0,5,-1.0984393757503002,-1.6,-0.11538461538461542,0.17948717948717946,-0.44183275227903884,338.31932773109247,0.32000000000000006,8500.800000000007
234,1280,2026-03-08,Nuke,0,-1,-308.0,-0.2,-27.600000000000023,0,5,0.3721106479727169,0.09523809523809523,0.03273809523809529,-0.013830532212885105,0.8472978603872034,-114.61007957559681,-0.01904761904761905,8500.800000000007
233,1279,2026-03-08,Overpass,0,1,175.0,-0.2,-107.4,0,-2,0.7841561423650977,1.3333333333333333,-0.10833333333333334,-0.09166666666666662,0.7884573603642704,137.2273249138921,-0.26666666666666666,-18795.0
232,1279,2026-03-08,Dust2,0,1,175.0,-0.2,-107.4,0,-2,-0.09696969696969707,0.26666666666666666,-0.09166666666666662,-0.008333333333333304,1.488077055429833,-16.969696969696987,-0.05333333333333334,-18795.0
231,1278,2026-03-08,Ancient,0,-1,84.0,-0.2,-141.4,0,-3,-0.05811638026403132,-0.09523809523809523,0.011904761904761918,0.04315476190476192,-0.9694005571881035,-4.881775942178631,0.01904761904761905,-11877.6
230,1278,2026-03-08,Dust2,0,-1,84.0,-0.2,-141.4,0,-3,-0.27073267326732675,-0.6593406593406593,-0.03087462462462459,0.018393393393393465,-1.072636802264849,-22.741544554455448,0.13186813186813187,-11877.6
229,1277,2026-03-08,Inferno,0,1,365.0,1.0,-238.0,0,0,0.4225776375242055,1.25,0.07697947214076245,0.004602476376669884,0.06062462181643502,154.240837696335,1.25,-86870.0
219,1273,2026-03-08,Ancient,0,1,175.0,0.8,-1.6000000000000227,0,-5,0.39342188488298524,0.0,0.05336257309941522,-0.01600064977257959,-0.33647223662121295,68.84882985452242,0.0,-280.000000000004
227,1276,2026-03-08,Ancient,0,1,-157.0,1.0,-31.0,0,-20,-0.41319353429445166,-0.043478260869565216,-0.037590579710144956,0.02672101449275366,-1.2851982442485217,64.87138488422892,-0.043478260869565216,4867.0
226,1276,2026-03-08,Dust2,0,1,-157.0,1.0,-31.0,0,-20,0.978937728937729,1.3333333333333333,0.07294891640866874,-0.12912796697626416,-0.7731898882334818,-153.69322344322345,1.3333333333333333,4867.0
225,1275,2026-03-08,Overpass,0,1,156.0,0.8,-312.6,0,0,0.5867321867321869,1.6666666666666665,-0.00347222222222221,-0.0402777777777778,0.5753641449035616,91.53022113022115,1.3333333333333333,-48765.600000000006
224,1275,2026-03-08,Ancient,0,1,156.0,0.8,-312.6,0,0,-0.12121212121212119,0.5333333333333333,-0.008578431372549045,0.011029411764705899,-0.664976303593249,-18.909090909090907,0.4266666666666667,-48765.600000000006
223,1274,2026-03-08,Mirage,0,-1,0.0,-0.1333333333333333,0.0,0,6,-0.8549618320610688,-0.9090909090909091,-0.21985815602836872,-0.18705673758865254,3.1780538303479458,-0.0,0.12121212121212119,0.0
222,1274,2026-03-08,Inferno,0,1,0.0,-0.1333333333333333,0.0,0,6,1.2554744525547445,2.0,0.007716049382716028,-0.11111111111111105,2.6390573296152584,0.0,-0.2666666666666666,0.0
221,1274,2026-03-08,Ancient,0,-1,0.0,-0.1333333333333333,0.0,0,6,-0.7976190476190477,-0.6666666666666667,-0.09226190476190471,-0.052083333333333315,2.6741486494265287,-0.0,0.08888888888888888,0.0
228,1277,2026-03-08,Mirage,0,1,365.0,1.0,-238.0,0,0,-0.1350931677018633,0.15584415584415584,-0.0006704980842912045,0.04715836526181355,-0.4274440148269396,-49.309006211180105,0.15584415584415584,-86870.0
185,1262,2026-03-09,Mirage,0,-1,-192.0,-0.8,123.0,0,6,0.17067307692307696,0.09090909090909091,0.05112547892720304,-0.05531609195402298,0.1823215567939549,-32.769230769230774,-0.07272727272727274,-23616.0
186,1262,2026-03-09,Anubis,0,-1,-192.0,-0.8,123.0,0,6,-0.7549425287356322,-0.8333333333333333,-0.06931818181818189,0.10416666666666669,0.08701137698962969,144.9489655172414,0.6666666666666666,-23616.0
187,1263,2026-03-09,Inferno,0,1,487.0,0.0,-239.4,0,2,0.11687756193191952,-0.13333333333333336,-0.02925746569814358,-0.059750807102502024,0.7270487322356263,56.91937266084481,-0.0,-116587.8
188,1263,2026-03-09,Dust2,0,1,487.0,0.0,-239.4,0,2,0.6149322879543835,0.8928571428571428,0.06202168367346944,-0.08803677721088438,0.41551544396166573,299.47202423378474,0.0,-116587.8
189,1264,2026-03-09,Dust2,0,-1,20.0,-0.2,66.19999999999999,0,19,-0.7216961130742048,-1.0303030303030303,-0.05431486076647368,0.09618830989798727,0.2231435513142097,-14.433922261484096,0.20606060606060606,1323.9999999999998
190,1264,2026-03-09,Ancient,0,1,20.0,-0.2,66.19999999999999,0,19,0.27439343689998247,0.3333333333333333,0.044089834515366466,-0.04066193853427891,0.4372138064227449,5.48786873799965,-0.06666666666666667,1323.9999999999998
191,1264,2026-03-09,Inferno,0,1,20.0,-0.2,66.19999999999999,0,19,0.10298102981029812,0.5,-0.005558076225045339,-0.003629764065335772,0.26236426446749084,2.0596205962059626,-0.1,1323.9999999999998
192,1265,2026-03-09,Dust2,0,-1,343.0,-0.8,-144.9,0,0,-0.6385080347928643,-1.25,-0.11778322440087147,0.0901416122004357,-0.054067221270275745,-219.00825593395246,1.0,-49700.700000000004
195,1266,2026-03-09,Dust2,0,-1,0.0,-1.8,55.45454545454546,0,-13,-1.009090909090909,-0.9411764705882353,-0.2027363184079602,0.12189054726368159,-3.120895416507997,-0.0,1.6941176470588235,0.0
194,1266,2026-03-09,Mirage,0,-1,0.0,-1.8,55.45454545454546,0,-13,-1.1020408163265305,-1.103448275862069,-0.1908524904214559,0.12212643678160917,-2.691243082785829,-0.0,1.986206896551724,0.0
196,1267,2026-03-09,Dust2,0,1,185.0,-0.4,70.5,0,-5,0.1455621301775148,-0.2857142857142857,-0.03735902255639101,-0.04879385964912275,-0.29626581614317216,26.928994082840237,0.11428571428571428,13042.5
197,1267,2026-03-09,Ancient,0,-1,185.0,-0.4,70.5,0,-5,0.2768572614372825,-0.5,0.054926108374384275,-0.023029556650246308,0.18232155679395445,51.21859336589726,0.2,13042.5
198,1267,2026-03-09,Inferno,0,1,185.0,-0.4,70.5,0,-5,-0.23960768660546272,-0.07142857142857145,0.019459706959707,0.04578754578754579,-0.46536324968923326,-44.3274220220106,0.02857142857142858,13042.5
200,1268,2026-03-09,Anubis,0,1,130.0,0.6,-210.5,0,2,0.45714285714285724,0.8,0.07261904761904758,-0.11428571428571421,-0.2876820724517808,59.42857142857144,0.48,-27365.0
201,1269,2026-03-09,Nuke,0,-1,0.0,-0.5931034482758621,-10.69655172413793,0,8,-1.1352459016393441,-2.0,-0.1868055555555556,-0.043055555555555514,1.6582280766035324,-0.0,1.1862068965517243,-0.0
202,1269,2026-03-09,Dust2,0,-1,0.0,-0.5931034482758621,-10.69655172413793,0,8,0.14806246385193755,-0.09090909090909091,0.12475775193798444,-0.060319767441860406,2.174751721484161,0.0,0.05391849529780565,-0.0
203,1270,2026-03-09,Dust2,0,1,0.0,0.19999999999999996,7.2,0,8,0.9172932330827067,0.9090909090909091,0.23934108527131778,-0.11240310077519372,3.0910424533583156,0.0,0.18181818181818177,0.0
193,1265,2026-03-09,Mirage,0,-1,343.0,-0.8,-144.9,0,0,-0.30063185899567674,-1.3333333333333333,0.024346405228758194,0.021813725490196056,0.5436154465889818,-103.11672763551712,1.0666666666666667,-49700.700000000004
199,1268,2026-03-09,Dust2,0,1,130.0,0.6,-210.5,0,2,-0.06813435952508809,0.08333333333333331,0.001495726495726546,0.023611111111111083,-0.7949298748698879,-8.857466738261452,0.04999999999999999,-27365.0
178,1259,2026-03-10,Inferno,0,-1,317.0,0.2,-143.3,0,-12,0.12466397849462368,-0.07692307692307693,-0.020299145299145283,-0.02580128205128207,0.4219944100593751,39.51848118279571,-0.015384615384615385,-45426.100000000006
176,1259,2026-03-10,Nuke,0,-1,317.0,0.2,-143.3,0,-12,0.09811494252873566,0.019323671497584544,-0.002852084972462643,0.003097954366640454,-0.40546510810816416,31.102436781609207,0.003864734299516909,-45426.100000000006
177,1259,2026-03-10,Dust2,0,1,317.0,0.2,-143.3,0,-12,0.6353540278454954,0.591304347826087,0.06479166666666664,-0.09583333333333327,0.21825356602001778,201.40722682702204,0.1182608695652174,-45426.100000000006
180,1260,2026-03-10,Dust2,0,-1,-5.0,-0.6000000000000001,223.09999999999997,0,3,0.2679318436894195,0.03418803418803418,0.04255952380952377,-0.07306547619047615,1.0055218656020979,-1.3396592184470977,-0.02051282051282051,-1115.4999999999998
181,1260,2026-03-10,Overpass,0,-1,-5.0,-0.6000000000000001,223.09999999999997,0,3,-0.4083333333333333,-0.34285714285714286,-0.05626780626780631,0.0854700854700855,0.3364722366212125,2.0416666666666665,0.20571428571428574,-1115.4999999999998
182,1261,2026-03-10,Dust2,0,1,319.0,-0.2,-248.3,0,-5,0.16468561584840657,-0.17777777777777776,-0.07478632478632474,-0.055733618233618276,-0.744440474947496,52.5347114556417,0.035555555555555556,-79207.7
183,1261,2026-03-10,Inferno,0,-1,319.0,-0.2,-248.3,0,-5,0.038329752018119514,0.3611111111111111,0.042949156406748734,0.008407432740538123,-0.2288415724288475,12.227190893780126,-0.07222222222222223,-79207.7
179,1260,2026-03-10,Mirage,0,1,-5.0,-0.6000000000000001,223.09999999999997,0,3,-0.3683734087694484,-0.16666666666666666,-0.0005952380952380931,0.018452380952380998,0.3429447511268302,1.841867043847242,0.1,-1115.4999999999998
184,1261,2026-03-10,Ancient,0,1,319.0,-0.2,-248.3,0,-5,0.5851314677225606,0.8,0.053156565656565624,-0.054166666666666696,-0.2984929885559966,186.65693820349685,-0.16000000000000003,-79207.7
175,1258,2026-03-11,Anubis,0,1,0.0,1.0,0.0,0,10,1.4157303370786516,1.5,0.268939393939394,-0.21590909090909088,1.791759469228055,0.0,1.5,0.0
174,1258,2026-03-11,Dust2,0,1,0.0,1.0,0.0,0,10,0.9640287769784173,1.0769230769230769,0.287962962962963,-0.11574074074074076,3.1354942159291497,0.0,1.0769230769230769,0.0
173,1257,2026-03-11,Anubis,0,1,0.0,1.0,-60.75,0,10,1.4157303370786516,1.5,0.31060606060606066,-0.21590909090909088,1.791759469228055,0.0,1.5,-0.0
172,1257,2026-03-11,Dust2,0,1,0.0,1.0,-60.75,0,10,0.9640287769784173,1.0769230769230769,0.1332010582010582,-0.16931216931216936,1.7491998548092593,0.0,1.0769230769230769,-0.0
171,1256,2026-03-11,Overpass,0,-1,0.0,-0.8379746835443038,65.74683544303797,0,-13,-1.2,-1.5,-0.05640243902439024,0.11966463414634138,-2.1282317058492684,-0.0,1.2569620253164557,0.0
170,1256,2026-03-11,Dust2,0,-1,0.0,-0.8379746835443038,65.74683544303797,0,-13,-0.18086052397564817,-1.0588235294117647,-0.09293300653594772,0.013888888888888895,-2.2881963555419462,-0.0,0.8872673119880864,0.0
169,1256,2026-03-11,Inferno,0,1,0.0,-0.8379746835443038,65.74683544303797,0,-13,0.7847245691111863,1.0,0.03528911564625853,-0.019699546485260733,-1.9661128563728327,0.0,-0.8379746835443038,0.0
163,62,2026-03-12,Mirage,1,1,0.0,0.8,-3.7,0,0,1.1,1.1,0.1375,-0.21041666666666675,0.18232155679395468,0.0,0.8800000000000001,-0.0
164,63,2026-03-12,Inferno,1,1,0.0,0.4,263.5,0,-2,0.8527131782945737,1.0,0.1264492753623188,-0.005072463768115987,-1.3862943611198908,0.0,0.4,0.0
166,1255,2026-03-12,Overpass,0,1,0.0,-0.08888888888888889,0.0,0,-10,1.3823529411764706,2.0,0.12878787878787878,-0.12878787878787884,-1.791759469228055,0.0,-0.17777777777777778,0.0
167,1255,2026-03-12,Anubis,0,-1,0.0,-0.08888888888888889,0.0,0,-10,-1.4747474747474747,-1.5555555555555556,-0.03125,0.21180555555555552,-1.8718021769015913,-0.0,0.13827160493827162,0.0
168,1255,2026-03-12,Dust2,0,1,0.0,-0.08888888888888889,0.0,0,-10,0.6079059829059829,1.0,-0.10235507246376813,0.11050724637681159,-2.7515353130419484,0.0,-0.08888888888888889,0.0
165,1254,2026-03-12,Default,0,-1,0.0,-1.0,33.6,0,-13,-1.4653465346534653,-1.6666666666666665,-0.028846153846153844,0.02884615384615384,-1.5404450409471486,-0.0,1.6666666666666665,0.0
152,55,2026-03-13,Ancient,1,-1,70.0,0.4,-76.6,0,5,-0.33712121212121227,-0.5333333333333333,-0.056521739130434845,0.0927536231884058,1.3862943611198908,-23.59848484848486,-0.21333333333333335,-5362.0
147,53,2026-03-13,Dust2,1,1,-121.0,-0.2,152.2,0,12,-0.864141733706951,-0.8333333333333333,-0.10077366902701285,0.11762391817466561,0.27193371548364187,104.56114977854108,0.16666666666666666,-18416.199999999997
148,53,2026-03-13,Ancient,1,1,-121.0,-0.2,152.2,0,12,-0.23322354878550836,0.12,-0.01961805555555557,0.006076388888888895,0.8472978603872034,28.22004940304651,-0.024,-18416.199999999997
149,54,2026-03-13,Dust2,1,-1,257.0,0.2,22.299999999999983,0,-4,-0.19584394056006152,-0.4,-0.010714285714285676,-0.04206349206349208,0.3184537311185349,-50.33189272393581,-0.08000000000000002,5731.099999999996
150,54,2026-03-13,Overpass,1,1,257.0,0.2,22.299999999999983,0,-4,0.5485766758494032,0.7142857142857143,-0.03541666666666671,-0.004166666666666652,0.4353180712578455,140.98420569329662,0.14285714285714288,5731.099999999996
151,54,2026-03-13,Mirage,1,-1,257.0,0.2,22.299999999999983,0,-4,-0.33568298723566387,-0.38461538461538464,0.019522144522144513,0.0437548562548562,0.5533852381847866,-86.2705277195656,-0.07692307692307693,5731.099999999996
153,56,2026-03-13,Inferno,1,-1,70.0,0.16666666666666663,-6.966666666666669,0,8,-1.1337579617834395,-1.2,-0.25320512820512814,-0.06730769230769224,2.6026896854443837,-79.36305732484077,-0.19999999999999996,-487.6666666666668
160,1253,2026-03-13,Dust2,0,-1,0.0,-0.710344827586207,3.3793103448275863,0,-12,-1.0601336302895323,-1.1111111111111112,-0.14281400966183577,0.12499999999999994,-3.1498829533812494,-0.0,0.7892720306513411,0.0
155,58,2026-03-13,Nuke,1,1,70.0,0.0681818181818182,-182.61818181818185,0,7,0.9605263157894737,1.1111111111111112,0.14855072463768115,-0.07427536231884052,2.079441541679836,67.23684210526315,0.07575757575757579,-12783.27272727273
156,59,2026-03-13,Ancient,1,-1,-134.0,-0.6000000000000001,189.4,0,-1,-0.3708016121809224,-1.2666666666666666,0.00553542673107893,0.028532608695652162,0.4328640822962786,49.6874160322436,0.7600000000000001,-25379.600000000002
157,59,2026-03-13,Mirage,1,-1,-134.0,-0.6000000000000001,189.4,0,-1,0.15655897726557086,0.4444444444444444,-0.014560931899641583,-0.002304147465437778,0.29546421289383584,-20.978902953586495,-0.2666666666666667,-25379.600000000002
158,60,2026-03-13,Anubis,1,1,55.0,0.2,70.89999999999999,0,-3,0.43393939393939396,1.3333333333333333,0.0,0.0034722222222222654,-0.33647223662121295,23.866666666666667,0.26666666666666666,3899.4999999999995
159,61,2026-03-13,Default,1,1,0.0,0.8,9.2,0,4,1.777777777777778,2.0,0.03125,-0.03125,0.916290731874155,0.0,1.6,0.0
161,1253,2026-03-13,Inferno,0,1,0.0,-0.710344827586207,3.3793103448275863,0,-12,0.17647058823529416,1.3333333333333333,-0.08499999999999996,-0.03583333333333333,-2.833213344056216,0.0,-0.9471264367816092,0.0
162,1253,2026-03-13,Ancient,0,1,0.0,-0.710344827586207,3.3793103448275863,0,-12,1.426086956521739,1.4,0.10555555555555551,-0.2361111111111111,-2.0794415416798357,0.0,-0.9944827586206897,0.0
154,57,2026-03-13,Ancient,1,1,70.0,0.5058823529411764,-20.329411764705885,0,7,0.7467948717948717,0.8,0.05181159420289849,-0.05724637681159417,1.3862943611198908,52.27564102564102,0.4047058823529412,-1423.058823529412
137,50,2026-03-14,Nuke,1,-1,138.0,0.2,-191.1,0,-12,-0.21834163218552022,0.08333333333333333,0.004761904761904745,0.029497354497354522,-1.3862943611198904,-30.13114524160179,0.016666666666666666,-26371.8
138,50,2026-03-14,Dust2,1,1,138.0,0.2,-191.1,0,-12,0.570015635795062,0.6933333333333334,0.07293377120963324,-0.057573891625615714,-0.3600027340314069,78.66215773971855,0.1386666666666667,-26371.8
139,50,2026-03-14,Inferno,1,1,138.0,0.2,-191.1,0,-12,-0.013757798752199643,0.0,0.015277777777777724,0.04201388888888896,-0.7691330875378677,-1.8985762278035507,0.0,-26371.8
140,51,2026-03-14,Mirage,1,1,235.0,0.0,-159.70000000000002,0,-2,-0.22733927197836282,-0.5164835164835164,0.016191123188405765,0.023890398550724612,0.3184537311185345,-53.42472891491526,-0.0,-37529.50000000001
142,51,2026-03-14,Dust2,1,1,235.0,0.0,-159.70000000000002,0,-2,0.1736070997216825,0.09090909090909091,-0.05359100877192979,-0.06318530701754388,0.1625189294977747,40.79766843459539,0.0,-37529.50000000001
143,52,2026-03-14,Inferno,1,-1,-70.0,-0.4,259.0,0,-8,0.6725744149057032,0.5,0.11651234567901236,-0.05401234567901231,-1.3862943611198906,-47.08020904339923,-0.2,-18130.0
141,51,2026-03-14,Ancient,1,-1,235.0,0.0,-159.70000000000002,0,-2,0.4753795379537954,0.5833333333333333,0.03046085858585862,-0.09169823232323226,0.7339691750802002,111.71419141914191,0.0,-37529.50000000001
145,1252,2026-03-14,Dust2,0,-1,0.0,-0.6000000000000001,0.0,0,-10,-1.0806100217864925,-1.1578947368421053,0.0017857142857142794,0.12440476190476185,-3.56953269648137,-0.0,0.6947368421052633,0.0
146,1252,2026-03-14,Ancient,0,-1,0.0,-0.6000000000000001,0.0,0,-10,0.312,0.2727272727272727,-0.08854166666666663,-0.00520833333333337,-1.7346010553881064,0.0,-0.16363636363636364,0.0
144,52,2026-03-14,Dust2,1,-1,-70.0,-0.4,259.0,0,-8,0.3320683111954459,-0.6666666666666667,0.037962962962962976,0.058333333333333404,-1.5404450409471488,-23.244781783681212,0.2666666666666667,-18130.0
136,1251,2026-03-15,Overpass,0,-1,0.0,-0.39999999999999997,0.0,0,13,-0.8449612403100775,-0.5,-0.05257936507936506,0.16369047619047616,3.068052935133617,-0.0,0.19999999999999998,0.0
119,46,2026-03-15,Inferno,1,1,70.0,-0.10109890109890111,-23.076923076923077,0,11,-0.20898307343729178,1.0,-0.05555555555555558,0.041906130268199226,1.4552872326068422,-14.628815140610424,-0.10109890109890111,-1615.3846153846155
120,46,2026-03-15,Ancient,1,-1,70.0,-0.10109890109890111,-23.076923076923077,0,11,0.16793478260869563,-0.42857142857142855,-0.030555555555555614,0.01722222222222225,1.8718021769015916,11.755434782608694,0.04332810047095762,-1615.3846153846155
121,46,2026-03-15,Nuke,1,-1,70.0,-0.10109890109890111,-23.076923076923077,0,11,-1.0987654320987654,-1.0,-0.10243055555555552,0.05381944444444442,2.525728644308255,-76.91358024691358,0.10109890109890111,-1615.3846153846155
123,47,2026-03-15,Anubis,1,-1,48.0,0.39999999999999997,-9.0,0,3,-1.084967320261438,-0.9333333333333333,-0.09327651515151514,0.15056818181818182,-0.2876820724517808,-52.078431372549026,-0.3733333333333333,-432.0
124,47,2026-03-15,Nuke,1,1,48.0,0.39999999999999997,-9.0,0,3,0.3281985175636481,0.7,-0.010756340579710144,-0.01449275362318836,0.3448404862917296,15.753528843055108,0.27999999999999997,-432.0
125,47,2026-03-15,Dust2,1,1,48.0,0.39999999999999997,-9.0,0,3,0.10256784359498104,-0.1090909090909091,-0.07777777777777783,-0.01736111111111116,-0.38946476676172326,4.92325649255909,-0.04363636363636363,-432.0
126,48,2026-03-15,Dust2,1,1,-49.0,-0.4,-1.5,0,-6,0.4488089906809119,0.38461538461538464,0.04502963976288188,-0.016130870953032395,-0.8938178760220965,-21.99164054336468,-0.15384615384615385,73.5
122,47,2026-03-15,Mirage,1,1,48.0,0.39999999999999997,-9.0,0,3,0.40227879845172543,-0.031746031746031744,0.06858585858585853,-0.056161616161616135,0.2682639865946794,19.30938232568282,-0.012698412698412697,-432.0
128,48,2026-03-15,Overpass,1,-1,-49.0,-0.4,-1.5,0,-6,-0.39233644859813077,-0.4861111111111111,0.08202214452214451,0.03904428904428908,-0.8109302162163288,19.22448598130841,0.19444444444444445,73.5
129,49,2026-03-15,Inferno,1,-1,70.0,0.16470588235294115,-130.20000000000002,0,11,0.37713324926439684,0.0,0.09615384615384615,0.01038903625110521,0.762140052046897,26.39932744850778,0.0,-9114.000000000002
130,49,2026-03-15,Dust2,1,1,70.0,0.16470588235294115,-130.20000000000002,0,11,0.9937888198757764,0.8571428571428572,-0.16269841269841268,-0.23214285714285715,1.9810014688665836,69.56521739130434,0.1411764705882353,-9114.000000000002
135,1251,2026-03-15,Ancient,0,-1,0.0,-0.39999999999999997,0.0,0,13,-0.6807302231237321,-1.2307692307692308,-0.09544159544159542,0.04202279202279202,0.30538164955118186,-0.0,0.4923076923076923,0.0
131,49,2026-03-15,Ancient,1,-1,70.0,0.16470588235294115,-130.20000000000002,0,11,-0.356439393939394,-1.4285714285714286,-0.0903846153846154,0.01294871794871788,0.6190392084062237,-24.95075757575758,-0.2352941176470588,-9114.000000000002
132,1250,2026-03-15,Ancient,0,-1,0.0,-0.5333333333333333,97.77777777777777,0,-12,-0.7310344827586208,-0.7692307692307692,-0.12037037037037035,0.050925925925925875,-1.5581446180465497,-0.0,0.4102564102564102,0.0
133,1250,2026-03-15,Dust2,0,-1,0.0,-0.5333333333333333,97.77777777777777,0,-12,-0.5924731182795699,-0.7,-0.06191314553990612,0.14935446009389675,-2.667228206581955,-0.0,0.3733333333333333,0.0
134,1251,2026-03-15,Mirage,0,1,0.0,-0.39999999999999997,0.0,0,13,0.591218872870249,1.1724137931034484,-0.0021186440677966045,-0.09754590395480228,1.8971199848858809,0.0,-0.4689655172413793,0.0
127,48,2026-03-15,Ancient,1,-1,-49.0,-0.4,-1.5,0,-6,-0.3460174055074905,-0.48717948717948717,-0.04577664399092973,0.09268707482993199,-1.3470736479666092,16.954852869867032,0.19487179487179487,73.5
114,1248,2026-03-17,Inferno,0,1,0.0,1.2409090909090912,0.0,0,12,1.0774907749077491,1.0,0.27369281045751637,-0.11437908496732019,3.258096538021482,0.0,1.2409090909090912,0.0
117,1249,2026-03-17,Ancient,0,1,244.0,0.9142857142857144,94.45714285714286,0,13,1.162534435261708,1.1851851851851851,0.012500000000000067,-0.13333333333333325,3.2386784521643803,283.6584022038567,1.0835978835978837,23047.542857142857
116,1249,2026-03-17,Dust2,0,-1,244.0,0.9142857142857144,94.45714285714286,0,13,-0.1256332320162109,-0.07407407407407407,-0.04734848484848486,0.004734848484848508,2.420368128650429,-30.65450861195546,-0.06772486772486773,23047.542857142857
118,1249,2026-03-17,Nuke,0,1,244.0,0.9142857142857144,94.45714285714286,0,13,1.0474040632054176,0.96,0.11067708333333337,-0.11979166666666663,3.4812400893356914,255.5665914221219,0.8777142857142858,23047.542857142857
115,1248,2026-03-17,Mirage,0,1,0.0,1.2409090909090912,0.0,0,12,1.143507972665148,1.2413793103448276,-0.11944444444444452,-0.3048611111111111,3.0122615755052013,0.0,1.5404388714733546,0.0
105,44,2026-03-18,Dust2,1,-1,-158.0,0.0,-99.99999999999997,0,-1,0.15718617343844757,0.3939393939393939,-0.012516801075268813,-0.032216061827957,0.030771658666753687,-24.835415403274716,0.0,15799.999999999996
103,44,2026-03-18,Nuke,1,1,-158.0,0.0,-99.99999999999997,0,-1,0.48170694213859677,-0.16666666666666669,0.050490196078431415,0.010098039215686305,0.3677247801253176,-76.10969685789829,-0.0,15799.999999999996
104,44,2026-03-18,Inferno,1,-1,-158.0,0.0,-99.99999999999997,0,-1,-0.2542857142857143,-1.2,-0.019298245614035092,-0.022149122807017585,0.4382549309311554,40.177142857142854,-0.0,15799.999999999996
106,45,2026-03-18,Mirage,1,1,365.0,1.0,-132.7,0,4,0.023310023310023353,0.43333333333333335,0.00703324808184147,0.025468883205456094,-0.2947995402206449,8.508158508158523,0.43333333333333335,-48435.49999999999
107,45,2026-03-18,Ancient,1,-1,365.0,1.0,-132.7,0,4,-0.11689291101055793,-0.19047619047619047,-0.011989247311827933,-0.04505376344086026,-0.2076393647782444,-42.665912518853645,-0.19047619047619047,-48435.49999999999
108,45,2026-03-18,Dust2,1,1,365.0,1.0,-132.7,0,4,0.41267237001445356,0.6666666666666666,-0.03149001536098306,-0.053891449052739404,-0.3746934494414105,150.62541505527554,0.6666666666666666,-48435.49999999999
109,1246,2026-03-18,Overpass,0,1,0.0,-0.1333333333333333,-162.66666666666666,0,6,1.5294117647058822,1.4285714285714286,0.2211538461538462,-0.13141025641025633,2.6026896854443837,0.0,-0.19047619047619044,-0.0
110,1246,2026-03-18,Nuke,0,1,0.0,-0.1333333333333333,-162.66666666666666,0,6,-0.03496503496503494,0.3333333333333333,0.041666666666666685,-0.023611111111111083,2.3353749158170363,-0.0,-0.04444444444444443,-0.0
111,1247,2026-03-18,Ancient,0,-1,0.0,-0.2309278350515464,0.0,0,-11,-0.8129032258064517,-0.8571428571428572,-0.19517543859649122,0.06359649122807015,-1.897119984885881,-0.0,0.19793814432989693,0.0
113,1247,2026-03-18,Dust2,0,1,0.0,-0.2309278350515464,0.0,0,-11,-0.0694736842105263,-0.14285714285714285,0.08449074074074076,0.12673611111111105,-3.191847152480281,-0.0,0.032989690721649485,0.0
112,1247,2026-03-18,Mirage,0,1,0.0,-0.2309278350515464,0.0,0,-11,0.8819599109131403,0.8,0.0840163934426229,-0.38456284153005466,-3.0285220963769817,0.0,-0.18474226804123714,0.0
85,39,2026-03-19,Overpass,1,1,947.0,0.4,101.10000000000002,0,-5,0.2598290598290597,0.5217391304347826,-0.003061529271206731,-0.08101851851851855,-0.5212969236332863,246.05811965811952,0.20869565217391306,95741.70000000003
86,39,2026-03-19,Nuke,1,1,947.0,0.4,101.10000000000002,0,-5,0.21630109267503028,0.8421052631578947,0.05368416305916307,-0.020585317460317554,-0.5166907432183887,204.8371347632537,0.3368421052631579,95741.70000000003
87,40,2026-03-19,Nuke,1,-1,156.0,0.0,-88.20000000000002,0,-1,-0.12913367489520255,-1.0,0.01081730769230771,0.008012820512820484,-0.07696104113612856,-20.1448532836516,-0.0,-13759.200000000003
88,40,2026-03-19,Inferno,1,-1,156.0,0.0,-88.20000000000002,0,-1,0.2753333333333334,0.27692307692307694,-0.03891900030111417,-0.06481481481481477,0.4054651081081646,42.952000000000005,0.0,-13759.200000000003
89,41,2026-03-19,Mirage,1,1,295.0,0.6000000000000001,58.400000000000006,0,-4,0.03568870074894172,0.2857142857142857,0.04217069892473119,0.016171034946236562,-0.030771658666753687,10.528166720937806,0.17142857142857146,17228.0
90,41,2026-03-19,Ancient,1,1,295.0,0.6000000000000001,58.400000000000006,0,-4,0.4839101396478444,0.7,0.047771672771672824,-0.015949328449328393,-0.20479441264601306,142.7534911961141,0.42000000000000004,17228.0
91,42,2026-03-19,Ancient,1,1,316.0,-0.2,-113.0,0,-1,0.33063885267275106,0.5555555555555556,0.03622159090909094,-0.0023082386363636465,1.6894806201076364,104.48187744458933,-0.11111111111111112,-35708.0
92,42,2026-03-19,Mirage,1,-1,316.0,-0.2,-113.0,0,-1,0.25242998056015553,-0.07692307692307693,0.04986979166666666,-0.05455729166666662,2.382627800667582,79.76787385700915,0.015384615384615385,-35708.0
94,43,2026-03-19,Mirage,1,1,512.0,0.6473684210526316,-201.49736842105267,0,7,0.12814465408805034,1.0588235294117647,-0.011209029066171938,0.007421150278293154,1.4271163556401456,65.61006289308177,0.6854489164086688,-103166.65263157897
95,43,2026-03-19,Overpass,1,1,512.0,0.6473684210526316,-201.49736842105267,0,7,0.9467181467181467,0.5714285714285714,0.11458333333333331,-0.04745370370370372,0.9162907318741547,484.7196911196911,0.36992481203007516,-103166.65263157897
96,1243,2026-03-19,Nuke,0,1,-244.0,-0.16703296703296705,2.5087912087912088,0,-10,0.22585168687618576,0.07692307692307693,0.0854700854700855,0.006837606837606869,-2.8033603809065344,-55.10781159778932,-0.012848689771766697,-612.1450549450549
97,1243,2026-03-19,Dust2,0,-1,-244.0,-0.16703296703296705,2.5087912087912088,0,-10,0.6751884627990825,0.35714285714285715,0.1388888888888889,-0.08981481481481474,-2.4423470353692043,-164.74598492297613,-0.05965463108320252,-612.1450549450549
98,1243,2026-03-19,Inferno,0,1,-244.0,-0.16703296703296705,2.5087912087912088,0,-10,1.0294117647058825,1.0666666666666667,0.09349593495934955,-0.07825203252032525,-3.044522437723423,-251.17647058823533,-0.1781684981684982,-612.1450549450549
99,1244,2026-03-19,Mirage,0,1,0.0,0.6473684210526316,3.4078947368421053,0,-13,0.4351648351648351,0.8387096774193549,-0.0356182795698925,-0.094758064516129,-3.0445224377234226,0.0,0.5429541595925298,0.0
100,1244,2026-03-19,Dust2,0,1,0.0,0.6473684210526316,3.4078947368421053,0,-13,0.12904790782292305,0.9090909090909091,0.04337899543378998,0.04166666666666663,-2.5123056239761152,0.0,0.5885167464114832,0.0
101,1245,2026-03-19,Anubis,0,1,0.0,0.6000000000000001,-14.4,0,5,1.1794871794871795,1.3333333333333333,0.18055555555555564,-0.09027777777777779,-0.5596157879354227,0.0,0.8,-0.0
102,1245,2026-03-19,Overpass,0,1,0.0,0.6000000000000001,-14.4,0,5,1.5532994923857868,1.5,0.22222222222222227,-0.13580246913580246,2.6390573296152584,0.0,0.9000000000000001,-0.0
93,42,2026-03-19,Dust2,1,1,316.0,-0.2,-113.0,0,-1,0.8885868026054943,1.3333333333333333,0.07422913343965981,-0.12885433280170122,1.5755363607584187,280.7934296233362,-0.26666666666666666,-35708.0
75,37,2026-03-20,Overpass,1,-1,175.0,-2.7755575615628914e-17,-57.599999999999994,0,4,0.3035343035343036,0.3333333333333333,0.012500000000000067,-0.014393939393939403,0.08701137698962969,53.11850311850313,-9.25185853854297e-18,-10079.999999999998
71,36,2026-03-20,Inferno,1,-1,10.0,-0.4,126.69999999999999,0,-9,-0.28389609486385925,-0.7,-0.05521978021978019,0.008333333333333304,-0.2876820724517808,-2.8389609486385927,0.27999999999999997,1267.0
72,36,2026-03-20,Dust2,1,-1,10.0,-0.4,126.69999999999999,0,-9,-0.2724071586742658,-0.4807692307692308,0.06321839080459768,0.014433124346917403,0.2657031657330058,-2.724071586742658,0.19230769230769232,1267.0
73,37,2026-03-20,Mirage,1,-1,175.0,-2.7755575615628914e-17,-57.599999999999994,0,4,-0.424287856071964,-0.6666666666666666,-0.0642959770114942,0.042385057471264365,0.8362480242006187,-74.2503748125937,1.850371707708594e-17,-10079.999999999998
74,37,2026-03-20,Ancient,1,1,175.0,-2.7755575615628914e-17,-57.599999999999994,0,4,-0.2639730639730639,1.0,-0.05469396195202647,0.006100082712985955,0.8266785731844681,-46.19528619528619,-2.7755575615628914e-17,-10079.999999999998
76,38,2026-03-20,Inferno,1,1,-13.0,0.8,-125.89999999999998,0,-5,0.5658295281582953,1.6,0.038541666666666696,-0.022916666666666696,-1.0986122886681096,-7.355783866057839,1.2800000000000002,1636.6999999999998
70,36,2026-03-20,Mirage,1,1,10.0,-0.4,126.69999999999999,0,-9,0.1530223169227318,0.325,0.011684303350969982,0.001631393298059891,-0.2513144282809061,1.530223169227318,-0.13,1267.0
78,1240,2026-03-20,Anubis,0,1,0.0,0.0,48.8,0,-13,-0.6222222222222222,-0.6666666666666666,-0.125,0.14930555555555564,-0.810930216216329,-0.0,-0.0,0.0
79,1240,2026-03-20,Dust2,0,1,0.0,0.0,48.8,0,-13,-0.4857220857220857,-0.37681159420289856,-0.05039414414414417,0.10247747747747754,-2.7080502011022096,-0.0,-0.0,0.0
80,1241,2026-03-20,Nuke,0,-1,0.0,0.4,0.0,0,3,-1.032258064516129,-0.8,-0.10416666666666663,0.1171875,2.3978952727983707,-0.0,-0.32000000000000006,0.0
81,1241,2026-03-20,Overpass,0,1,0.0,0.4,0.0,0,3,1.57487922705314,1.5555555555555556,0.15376984126984133,-0.13392857142857134,1.9810014688665836,0.0,0.6222222222222222,0.0
82,1241,2026-03-20,Anubis,0,-1,0.0,0.4,0.0,0,3,-0.5,-0.5,-0.02083333333333326,0.07291666666666669,0.916290731874155,-0.0,-0.2,0.0
83,1242,2026-03-20,Nuke,0,1,0.0,0.8352941176470589,-61.10588235294117,0,4,0.967741935483871,1.2,0.1875,-0.07031249999999994,2.803360380906535,0.0,1.0023529411764707,-0.0
77,38,2026-03-20,Ancient,1,1,-13.0,0.8,-125.89999999999998,0,-5,-0.3488372093023256,0.0,-0.03645833333333337,-0.00911458333333337,-2.3978952727983707,4.534883720930233,0.0,1636.6999999999998
84,1242,2026-03-20,Ancient,0,1,0.0,0.8352941176470589,-61.10588235294117,0,4,1.2685714285714285,1.5,0.18175287356321845,-0.14080459770114934,2.302585092994046,0.0,1.2529411764705882,-0.0
55,32,2026-03-21,Anubis,1,1,6.0,0.0,-69.4,0,-3,-0.283370288248337,0.0,0.060185185185185175,0.06712962962962965,0.6418538861723944,-1.700221729490022,0.0,-416.40000000000003
56,32,2026-03-21,Ancient,1,1,6.0,0.0,-69.4,0,-3,0.05245142454444801,0.6,0.004865967365967339,0.028175990675990636,1.0541605260972755,0.31470854726668807,0.0,-416.40000000000003
57,33,2026-03-21,Dust2,1,1,399.0,-0.6000000000000001,-142.8,0,0,-0.4082658914119588,-0.7012987012987013,-0.040609584214235384,0.07765151515151514,-0.6486954179891113,-162.89809067337157,0.42077922077922086,-56977.200000000004
58,33,2026-03-21,Inferno,1,-1,399.0,-0.6000000000000001,-142.8,0,0,-0.27123745819397993,-0.5,-0.031570961718020596,0.058123249299719904,0.20585205420414887,-108.22374581939799,0.30000000000000004,-56977.200000000004
59,33,2026-03-21,Nuke,1,-1,399.0,-0.6000000000000001,-142.8,0,0,-0.5407511926358933,-1.2,-0.017836257309941483,0.039152046783625716,-0.802346472524937,-215.75972586172145,0.7200000000000001,-56977.200000000004
60,34,2026-03-21,Nuke,1,1,-15.0,0.0,88.30000000000001,0,-6,0.37888556297490206,0.2909090909090909,0.05481481481481476,-0.0867592592592592,-0.3136575588550419,-5.683283444623531,0.0,-1324.5000000000002
68,1239,2026-03-21,Inferno,0,-1,561.0,-1.2,-289.6117647058823,0,8,-0.9260273972602739,-1.1764705882352942,-0.11357526881720431,-0.031586021505376316,3.449987545831587,-519.5013698630137,1.411764705882353,-162472.19999999998
62,34,2026-03-21,Ancient,1,-1,-15.0,0.0,88.30000000000001,0,-6,-0.20634920634920634,-0.16666666666666669,-0.0015432098765432722,0.03202160493827155,-0.7672551527136671,3.095238095238095,-0.0,-1324.5000000000002
63,35,2026-03-21,Dust2,1,1,-179.0,0.2,209.0,0,-2,0.04432255217199421,0.2745098039215686,0.011217948717948734,0.031951121794871806,-0.47378435208564174,-7.933736838786964,0.054901960784313725,-37411.0
64,35,2026-03-21,Inferno,1,1,-179.0,0.2,209.0,0,-2,0.09583871801499093,0.5098039215686274,0.04482526881720433,0.04616935483870965,-1.0986122886681096,-17.155130524683376,0.10196078431372549,-37411.0
65,1238,2026-03-21,Dust2,0,1,0.0,0.4,0.0,0,5,0.9664429530201343,1.0666666666666667,0.04166666666666663,-0.11081560283687936,3.1780538303479458,0.0,0.4266666666666667,0.0
66,1238,2026-03-21,Mirage,0,-1,0.0,0.4,0.0,0,5,-1.0402684563758389,-1.2727272727272727,-0.49019607843137253,-0.3839869281045752,3.258096538021482,-0.0,-0.5090909090909091,0.0
67,1238,2026-03-21,Ancient,0,-1,0.0,0.4,0.0,0,5,-0.8970588235294118,-0.8888888888888888,-0.19202898550724629,-0.09782608695652167,2.4849066497880004,-0.0,-0.35555555555555557,0.0
61,34,2026-03-21,Mirage,1,-1,-15.0,0.0,88.30000000000001,0,-6,-0.3238170502815371,-0.2,0.0025252525252525415,0.05366161616161619,-1.5804503755608483,4.857255754223057,-0.0,-1324.5000000000002
69,1239,2026-03-21,Dust2,0,-1,561.0,-1.2,-289.6117647058823,0,8,-0.887459807073955,-0.9411764705882353,-0.06330128205128205,0.10737179487179488,2.8716796248840124,-497.86495176848877,1.1294117647058823,-162472.19999999998
37,27,2026-03-22,Overpass,1,-1,-312.0,-0.2,223.00000000000003,0,0,-0.21177341725286936,-0.1833333333333333,-0.011863425925925875,0.06872106481481483,1.1939224684724343,66.07330618289524,0.03666666666666666,-69576.00000000001
39,28,2026-03-22,Ancient,1,-1,-226.0,-0.4,-263.90000000000003,0,4,-0.08121325027653256,-0.06666666666666671,-0.03784588159588159,0.00024131274131278246,-0.2702903297399115,18.35419456249636,0.026666666666666686,59641.40000000001
40,28,2026-03-22,Mirage,1,-1,-226.0,-0.4,-263.90000000000003,0,4,-0.17343661439637262,-0.20202020202020202,0.021390374331550832,0.03280971479500899,-0.2513144282809061,39.19667485358021,0.08080808080808081,59641.40000000001
41,29,2026-03-22,Mirage,1,1,-509.0,0.2,147.5,0,-7,0.7565432098765433,1.0,0.034444444444444444,-0.10472222222222227,-1.9859154836690125,-385.0804938271606,0.2,-75077.5
42,29,2026-03-22,Nuke,1,-1,-509.0,0.2,147.5,0,-7,-0.15833333333333333,-0.3333333333333333,-0.015476190476190477,-0.017658730158730207,-1.9694406464655074,80.59166666666667,-0.06666666666666667,-75077.5
43,29,2026-03-22,Dust2,1,-1,-509.0,0.2,147.5,0,-7,-0.35071323167732416,-0.6111111111111112,-0.09067085953878407,0.02351939203354303,-1.4240346891027378,178.513034923758,-0.12222222222222223,-75077.5
44,30,2026-03-22,Mirage,1,1,0.0,1.0,0.0,0,2,1.2090032154340835,1.125,0.34183673469387754,-0.14285714285714285,3.2188758248682006,0.0,1.125,0.0
38,27,2026-03-22,Dust2,1,-1,-312.0,-0.2,223.00000000000003,0,0,-0.26224148418491494,-0.4642857142857143,-0.032552083333333315,-0.0014204545454544748,0.3101549283038394,81.81934306569346,0.09285714285714286,-69576.00000000001
46,31,2026-03-22,Mirage,1,-1,-704.0,-1.0,127.10000000000002,0,4,-0.21883062085593719,0.09090909090909091,-0.07310606060606062,0.011553030303030287,0.2231435513142097,154.0567570825798,-0.09090909090909091,-89478.40000000002
47,31,2026-03-22,Overpass,1,-1,-704.0,-1.0,127.10000000000002,0,4,-1.1075620084694495,-2.0,-0.015594541910331328,0.15350877192982454,-0.693147180559945,779.7236539624924,2.0,-89478.40000000002
48,1235,2026-03-22,Ancient,0,1,-244.0,0.0,66.3,0,-8,-0.14285714285714288,-0.2,-0.04023692810457513,-0.004697712418300692,-2.3418058061473275,34.85714285714286,-0.0,-16177.199999999999
49,1235,2026-03-22,Nuke,0,-1,-244.0,0.0,66.3,0,-8,-0.5614035087719298,-0.5,-0.037563131313131326,0.04892676767676768,-2.595254706956865,136.98245614035088,-0.0,-16177.199999999999
50,1235,2026-03-22,Dust2,0,1,-244.0,0.0,66.3,0,-8,1.25084657462881,1.3793103448275863,0.1032608695652174,-0.038496376811594235,-2.240709689275958,-305.20656420942964,0.0,-16177.199999999999
51,1236,2026-03-22,Mirage,0,1,0.0,0.6444444444444446,0.0,0,-6,1.0714285714285714,1.3333333333333333,0.11858974358974356,-0.13862179487179488,-2.8716796248840124,0.0,0.8592592592592594,0.0
52,1236,2026-03-22,Nuke,0,-1,0.0,0.6444444444444446,0.0,0,-6,-0.25757575757575746,-0.2857142857142857,0.07936507936507942,-0.005952380952380931,-2.3978952727983707,-0.0,-0.18412698412698417,0.0
53,1236,2026-03-22,Ancient,0,1,0.0,0.6444444444444446,0.0,0,-6,0.9726027397260274,1.0,0.06944444444444436,-0.03125,-2.525728644308255,0.0,0.6444444444444446,0.0
45,30,2026-03-22,Overpass,1,1,0.0,1.0,0.0,0,2,1.1542857142857144,1.0,0.21014492753623187,-0.161231884057971,2.4849066497880004,0.0,1.0,0.0
54,1237,2026-03-22,Default,0,-1,561.0,0.39999999999999997,35.099999999999994,0,8,-0.20512820512820512,-0.6666666666666667,0.006944444444444444,-0.006944444444444444,0.8472978603872034,-115.07692307692307,-0.26666666666666666,19691.1
21,20,2026-03-23,Dust2,1,-1,-121.0,0.2,278.9,0,-7,-0.22974695702285947,-0.49122807017543857,-0.001080246913580274,0.0246913580246913,-0.5733459807473249,27.799381799765996,-0.09824561403508772,-33746.899999999994
20,20,2026-03-23,Mirage,1,1,-121.0,0.2,278.9,0,-7,0.21397710907299317,0.38596491228070173,0.02331349206349198,-0.016835901027077493,-0.5839478885949534,-25.891230197832172,0.07719298245614035,-33746.899999999994
19,19,2026-03-23,Ancient,1,1,244.0,1.0,-244.0,0,11,1.1354166666666667,1.1851851851851851,0.17531446540880502,-0.13050314465408802,3.295836866004329,277.0416666666667,1.1851851851851851,-59536.0
18,18,2026-03-23,Anubis,1,1,244.0,0.25274725274725274,-224.87912087912088,0,10,1.125,1.125,0.35416666666666663,-0.14583333333333331,1.7346010553881064,274.5,0.28434065934065933,-54870.505494505494
14,15,2026-03-23,Nuke,1,1,0.0,1.0,0.0,0,0,1.395973154362416,1.5,0.09413580246913583,-0.1589506172839506,2.6390573296152584,0.0,1.5,0.0
16,16,2026-03-23,Inferno,1,-1,-629.0,-1.2,23.900000000000034,0,0,-0.32849503437738736,-0.5,-0.038787262872628736,0.02446283391405346,0.023530497410193973,206.62337662337666,0.6,-15033.100000000022
15,16,2026-03-23,Mirage,1,-1,-629.0,-1.2,23.900000000000034,0,0,-0.31187053314712887,-0.2857142857142857,-0.04382122507122499,-0.009508547008546975,0.5787368293822008,196.16656534954407,0.3428571428571428,-15033.100000000022
13,13,2026-03-23,Overpass,1,1,-69.0,0.4,256.59999999999997,0,1,-0.5810234541577824,-0.6666666666666666,0.004166666666666652,0.11666666666666664,0.0,40.09061833688699,-0.26666666666666666,-17705.399999999998
12,13,2026-03-23,Nuke,1,1,-69.0,0.4,256.59999999999997,0,1,-0.015625000000000062,-0.05714285714285716,-0.012345679012345623,-0.00046967257112179306,0.15415067982725805,1.0781250000000042,-0.022857142857142868,-17705.399999999998
17,17,2026-03-23,Nuke,1,1,244.0,1.0,-244.0,0,11,1.0815450643776825,1.037037037037037,0.23694029850746265,-0.12499999999999994,3.5263605246161616,263.8969957081545,1.037037037037037,-59536.0
23,21,2026-03-23,Inferno,1,1,75.0,2.0,-33.38235294117648,0,0,0.6078576723498887,1.5,0.005952380952380931,-0.04642857142857143,1.9740810260220096,45.58932542624166,3.0,-2503.676470588236
22,20,2026-03-23,Nuke,1,1,-121.0,0.2,278.9,0,-7,0.26113432835820893,1.0909090909090908,0.0677935687625611,0.011556129773183987,-0.4519851237430572,-31.59725373134328,0.21818181818181817,-33746.899999999994
25,22,2026-03-23,Anubis,1,1,48.0,0.4,-90.09999999999997,0,2,-0.606060606060606,-0.3333333333333333,-0.06481481481481483,0.11458333333333337,-0.26236426446749084,-29.090909090909086,-0.13333333333333333,-4324.799999999998
24,21,2026-03-23,Mirage,1,1,75.0,2.0,-33.38235294117648,0,0,1.1201079622132255,1.6666666666666665,0.1232638888888889,-0.05729166666666663,1.6094379124341003,84.00809716599191,3.333333333333333,-2503.676470588236
36,1234,2026-03-23,Ancient,0,-1,244.0,-0.032967032967032975,-134.06593406593407,0,11,-0.8645833333333333,-0.8148148148148149,-0.07468553459119492,0.03616352201257861,3.295836866004329,-210.95833333333331,0.02686202686202687,-32712.087912087914
35,1234,2026-03-23,Anubis,0,1,244.0,-0.032967032967032975,-134.06593406593407,0,11,1.125,1.125,0.0625,-0.20833333333333331,1.7346010553881064,274.5,-0.037087912087912095,-32712.087912087914
34,1234,2026-03-23,Dust2,0,-1,244.0,-0.032967032967032975,-134.06593406593407,0,11,-1.4484679665738165,-1.4,-0.12588652482269497,0.2024231678486998,2.484906649788001,-353.42618384401123,0.04615384615384616,-32712.087912087914
33,1233,2026-03-23,Inferno,0,-1,561.0,-1.0,-375.2,0,8,-0.9546666666666667,-1.2222222222222223,-0.11838624338624337,0.3035714285714286,3.0602707946915615,-535.568,1.2222222222222223,-210487.19999999998
30,26,2026-03-23,Dust2,1,1,0.0,0.8,0.0,0,0,-0.014285714285714263,0.1090909090909091,-0.015740740740740722,-0.07407407407407401,-2.03688192726104,-0.0,0.08727272727272728,0.0
31,26,2026-03-23,Mirage,1,1,0.0,0.8,0.0,0,0,0.4953271028037383,0.6078431372549019,0.05250000000000005,-0.02916666666666662,-1.9859154836690125,0.0,0.48627450980392156,0.0
29,25,2026-03-23,Dust2,1,1,111.0,1.0,126.30000000000001,0,4,0.9928057553956834,1.1764705882352942,0.42581300813008127,-0.06300813008130074,3.044522437723423,110.20143884892086,1.1764705882352942,14019.300000000001
28,24,2026-03-23,Dust2,1,1,111.0,1.0,126.30000000000001,0,4,0.9928057553956834,1.1764705882352942,0.30081300813008127,-0.06300813008130074,3.044522437723423,110.20143884892086,1.1764705882352942,14019.300000000001
27,23,2026-03-23,Ancient,1,1,-111.0,0.6666666666666666,-186.3,0,-4,1.1812865497076024,1.3333333333333333,0.11962365591397844,-0.07795698924731181,-2.367123614131617,-131.12280701754386,0.8888888888888888,20679.300000000003
26,22,2026-03-23,Nuke,1,1,48.0,0.4,-90.09999999999997,0,2,0.43301580309454324,1.0285714285714285,-0.0057870370370370905,-0.024884259259259245,0.2744368457017603,20.784758548538075,0.4114285714285714,-4324.799999999998
32,1233,2026-03-23,Ancient,0,-1,561.0,-1.0,-375.2,0,8,-1.592920353982301,-2.0,-0.13657407407407407,0.337962962962963,2.251291798606495,-893.6283185840708,2.0,-210487.19999999998
4842,1,2026-03-24,Ancient,1,-1,0.0,0.0,3.7,0,1,-1.2307692307692308,-1.6666666666666665,-0.09461805555555552,0.14756944444444442,3.198673117550681,-0.0,-0.0,0.0
4843,1,2026-03-24,Mirage,1,-1,0.0,0.0,3.7,0,1,0.009523809523809521,0.0,-0.04640151515151514,0.011363636363636409,2.7080502011022096,0.0,0.0,0.0
4844,2,2026-03-24,Ancient,1,1,-111.0,0.2765957446808511,104.2340425531915,0,-4,0.2265193370165746,0.42857142857142855,0.11979166666666663,0.08593749999999994,-2.3978952727983707,-25.14364640883978,0.11854103343465046,-11569.978723404256
4845,2,2026-03-24,Dust2,1,1,-111.0,0.2765957446808511,104.2340425531915,0,-4,1.0416666666666667,0.8888888888888888,0.07440476190476192,-0.02182539682539686,-3.068052935133617,-115.62500000000001,0.2458628841607565,-11569.978723404256
4846,2,2026-03-24,Nuke,1,-1,-111.0,0.2765957446808511,104.2340425531915,0,-4,0.35689535689535695,0.2424242424242424,0.0064102564102563875,-0.05742521367521369,-2.079441541679836,-39.61538461538462,0.0670535138620245,-11569.978723404256
4847,4,2026-03-24,Anubis,1,-1,-111.0,-0.5294117647058824,24.882352941176464,0,-4,-0.18309859154929578,-0.2,0.02083333333333337,0.027777777777777735,-1.466337068793427,20.323943661971832,0.10588235294117648,-2761.9411764705874
4848,4,2026-03-24,Nuke,1,-1,-111.0,-0.5294117647058824,24.882352941176464,0,-4,-1.1025641025641026,-1.0909090909090908,-0.28525641025641024,0.11965811965811962,-2.302585092994046,122.38461538461539,0.5775401069518716,-2761.9411764705874
4849,4,2026-03-24,Overpass,1,1,-111.0,-0.5294117647058824,24.882352941176464,0,-4,0.4605263157894737,1.3333333333333333,0.02638888888888896,0.10000000000000003,-1.01160091167848,-51.118421052631575,-0.7058823529411764,-2761.9411764705874
4850,3,2026-03-24,Anubis,1,-1,42.0,-0.6476190476190475,-17.911111111111108,0,1,0.039999999999999994,-0.5,0.078125,0.11631944444444442,2.120263536200091,1.6799999999999997,0.32380952380952377,-752.2666666666665
4841,1,2026-03-24,Dust2,1,1,0.0,0.0,3.7,0,1,0.941747572815534,1.1111111111111112,0.022522522522522515,-0.07432432432432429,2.9444389791664403,0.0,0.0,0.0
1,5,2026-03-24,Anubis,1,-1,0.0,-0.34117647058823525,-53.71176470588235,0,2,-0.8400000000000001,-0.8571428571428572,-0.06862745098039208,0.024509803921568596,2.197224577336219,-0.0,0.2924369747899159,-0.0
11,14,2026-03-24,Nuke,1,-1,0.0,-0.8,0.0,0,-3,-1.4339622641509433,-1.5555555555555556,-0.34523809523809534,0.16666666666666663,-2.6741486494265287,-0.0,1.2444444444444445,0.0
10,12,2026-03-24,Anubis,1,1,0.0,-0.32941176470588235,67.88235294117646,0,-2,-0.058823529411764705,-0.2,-0.05303030303030304,-0.024621212121212155,-1.3862943611198906,-0.0,0.06588235294117648,0.0
9,11,2026-03-24,Default,1,-1,0.0,-0.2,14.4,0,-10,-0.9984615384615383,-1.6666666666666665,-0.008928571428571432,0.008928571428571428,-1.6094379124341003,-0.0,0.3333333333333333,0.0
8,10,2026-03-24,Nuke,1,-1,42.0,-0.3727272727272727,-80.52727272727273,0,1,-0.5471787577050735,-0.4444444444444444,-0.046875,0.0625,1.6094379124341003,-22.981507823613086,0.16565656565656564,-3382.145454545455
7,9,2026-03-24,Mirage,1,1,0.0,0.0,3.7,0,1,0.009523809523809521,0.0,-0.04640151515151514,0.011363636363636409,2.7080502011022096,0.0,0.0,0.0
6,8,2026-03-24,Nuke,1,-1,244.0,-0.2765957446808511,-147.2340425531915,0,10,-0.4006359300476948,-0.3333333333333333,-0.012867647058823484,0.05392156862745101,2.624668592163159,-97.75516693163753,0.09219858156028368,-35925.10638297872
5,8,2026-03-24,Anubis,1,-1,244.0,-0.2765957446808511,-147.2340425531915,0,10,-0.9411764705882353,-0.9411764705882353,-0.09068627450980388,0.133578431372549,1.7917594692280547,-229.64705882352942,0.26032540675844806,-35925.10638297872
4,7,2026-03-24,Dust2,1,1,0.0,0.95,38.25,0,-2,1.2359550561797752,1.3333333333333333,0.16249999999999998,-0.06805555555555554,-2.740840023925201,0.0,1.2666666666666666,0.0
3,7,2026-03-24,Inferno,1,1,0.0,0.95,38.25,0,-2,0.7272727272727273,0.8,0.09935897435897434,-0.10897435897435892,-2.6026896854443837,0.0,0.76,0.0
2,6,2026-03-24,Inferno,1,-1,0.0,0.2588235294117647,15.741176470588236,0,-11,-0.577639751552795,-1.1428571428571428,-0.024839743589743613,0.05666208791208793,-1.8908503718722862,-0.0,-0.29579831932773104,0.0
4851,3,2026-03-24,Mirage,1,-1,42.0,-0.6476190476190475,-17.911111111111108,0,1,-1.0683229813664596,-1.3333333333333333,-0.06369047619047613,-0.01607142857142857,3.56953269648137,-44.869565217391305,0.8634920634920633,-752.2666666666665
4852,3,2026-03-24,Nuke,1,1,42.0,-0.6476190476190475,-17.911111111111108,0,1,0.9122807017543859,0.8888888888888888,0.203125,-0.052083333333333315,2.525728644308255,38.315789473684205,-0.5756613756613755,-752.2666666666665
