game_id,match_id,date,map_name,is_lan,y,delta_rating,form_diff_10,sos_form_diff_10,days_since_last_match_diff,recent_matches_count_diff,map_strength_diff,map_recent_form_diff,map_t_side_winrate_diff,map_ct_side_winrate_diff,map_sample_diff,rating_x_map_strength,form_x_map_form,rating_x_sos
4459,2232,2025-03-31,Mirage,0,1,47.0,0.0,0.0,0,0,0.0,0.0,0.0,0.0,0.0,0.0,0.0,0.0
4458,2232,2025-03-31,Nuke,0,-1,47.0,0.0,0.0,0,0,0.0,0.0,0.0,0.0,0.0,0.0,0.0,0.0
4446,2228,2025-03-31,Anubis,0,1,357.0,0.0,0.0,-999,1,0.0,0.0,0.0,0.0,0.6931471805599453,0.0,0.0,0.0
4447,2228,2025-03-31,Train,0,-1,357.0,0.0,0.0,-999,1,0.0,0.0,0.0,0.0,0.0,0.0,0.0,0.0
4449,2229,2025-03-31,Inferno,0,-1,11.0,0.0,0.0,0,0,0.0,0.0,0.0,0.0,0.0,0.0,0.0,0.0
4450,2229,2025-03-31,Train,0,-1,11.0,0.0,0.0,0,0,0.0,0.0,0.0,0.0,0.0,0.0,0.0,0.0
4451,2230,2025-03-31,Anubis,0,-1,-357.0,0.0,0.0,30,-1,0.0,0.0,0.0,0.0,-0.6931471805599453,0.0,0.0,0.0
4448,2228,2025-03-31,Inferno,0,-1,357.0,0.0,0.0,-999,1,0.0,0.0,0.0,0.0,0.0,0.0,0.0,0.0
4453,2230,2025-03-31,Ancient,0,-1,-357.0,0.0,0.0,30,-1,0.0,0.0,0.0,0.0,0.0,0.0,0.0,0.0
4454,2230,2025-03-31,Nuke,0,-1,-357.0,0.0,0.0,30,-1,0.0,0.0,0.0,0.0,0.0,0.0,0.0,0.0
4455,2231,2025-03-31,Mirage,0,-1,-35.0,0.0,0.0,0,0,0.0,0.0,0.0,0.0,0.0,0.0,0.0,0.0
4456,2231,2025-03-31,Ancient,0,-1,-35.0,0.0,0.0,0,0,0.0,0.0,0.0,0.0,0.0,0.0,0.0,0.0
4457,2232,2025-03-31,Anubis,0,1,47.0,0.0,0.0,0,0,0.0,0.0,0.0,0.0,0.0,0.0,0.0,0.0
4452,2230,2025-03-31,Mirage,0,1,-357.0,0.0,0.0,30,-1,0.0,0.0,0.0,0.0,0.0,0.0,0.0,0.0
4435,2222,2025-04-01,Ancient,0,-1,48.0,1.5,-298.0,0,0,0.0,0.0,0.0,0.0,-0.6931471805599453,0.0,0.0,-14304.0
4429,2221,2025-04-01,Ancient,0,1,48.0,0.0,0.0,0,0,0.0,0.0,0.0,0.0,0.0,0.0,0.0,0.0
4430,2221,2025-04-01,Dust2,0,-1,48.0,0.0,0.0,0,0,0.0,0.0,0.0,0.0,0.0,0.0,0.0,0.0
4431,2221,2025-04-01,Mirage,0,1,48.0,0.0,0.0,0,0,0.0,0.0,0.0,0.0,0.0,0.0,0.0,0.0
4432,2222,2025-04-01,Anubis,0,1,48.0,1.5,-298.0,0,0,0.0,0.0,0.0,0.0,-0.6931471805599453,0.0,0.0,-14304.0
4433,2222,2025-04-01,Nuke,0,-1,48.0,1.5,-298.0,0,0,0.0,0.0,0.0,0.0,-0.6931471805599453,0.0,0.0,-14304.0
4434,2222,2025-04-01,Dust2,0,1,48.0,1.5,-298.0,0,0,0.0,0.0,0.0,0.0,0.0,0.0,0.0,-14304.0
4436,2222,2025-04-01,Inferno,0,1,48.0,1.5,-298.0,0,0,0.0,0.0,0.0,0.0,0.6931471805599453,0.0,0.0,-14304.0
4439,2224,2025-04-01,Anubis,0,1,57.0,2.0,-57.0,0,0,0.0,0.0,0.0,0.0,0.0,0.0,0.0,-3249.0
4438,2223,2025-04-01,Mirage,0,1,381.0,0.0,0.0,0,0,0.0,0.0,0.0,0.0,0.0,0.0,0.0,0.0
4440,2225,2025-04-01,Dust2,0,1,35.0,0.0,0.0,-998,1,0.0,0.0,0.0,0.0,0.0,0.0,0.0,0.0
4441,2225,2025-04-01,Mirage,0,1,35.0,0.0,0.0,-998,1,0.0,0.0,0.0,0.0,0.6931471805599453,0.0,0.0,0.0
4442,2225,2025-04-01,Ancient,0,1,35.0,0.0,0.0,-998,1,0.0,0.0,0.0,0.0,0.6931471805599453,0.0,0.0,0.0
4443,2226,2025-04-01,Inferno,0,-1,-57.0,-2.0,57.0,0,0,0.0,0.0,0.0,0.0,0.0,0.0,0.0,-3249.0
4444,2227,2025-04-01,Dust2,0,1,-47.0,0.0,0.0,30,-1,0.0,0.0,0.0,0.0,0.0,0.0,0.0,0.0
4445,2227,2025-04-01,Train,0,1,-47.0,0.0,0.0,30,-1,0.0,0.0,0.0,0.0,0.0,0.0,0.0,0.0
4437,2223,2025-04-01,Ancient,0,1,381.0,0.0,0.0,0,0,0.0,0.0,0.0,0.0,0.0,0.0,0.0,0.0
4409,2205,2025-04-02,Anubis,0,1,482.0,0.0,0.0,0,0,0.0,0.0,0.0,0.0,0.0,0.0,0.0,0.0
4410,2205,2025-04-02,Ancient,0,1,482.0,0.0,0.0,0,0,0.0,0.0,0.0,0.0,0.0,0.0,0.0,0.0
4411,2206,2025-04-02,Nuke,0,-1,41.0,0.0,0.0,-999,2,0.0,0.0,0.0,0.0,0.6931471805599453,0.0,0.0,0.0
4415,2208,2025-04-02,Anubis,0,-1,357.0,0.0,0.0,-999,3,0.0,0.0,0.0,0.0,1.0986122886681098,0.0,0.0,0.0
4413,2207,2025-04-02,Ancient,0,1,309.0,0.0,10.666666666666666,-1,2,0.0,0.0,0.0,-0.04166666666666674,0.0,0.0,0.0,3296.0
4414,2208,2025-04-02,Nuke,0,1,357.0,0.0,0.0,-999,3,0.0,0.0,0.0,0.0,0.6931471805599453,0.0,0.0,0.0
4416,2208,2025-04-02,Mirage,0,-1,357.0,0.0,0.0,-999,3,0.0,0.0,0.0,0.0,1.0986122886681098,0.0,0.0,0.0
4412,2207,2025-04-02,Mirage,0,1,309.0,0.0,10.666666666666666,-1,2,-1.0,-1.0,0.125,0.2708333333333333,0.4054651081081645,-309.0,-0.0,3296.0
4417,2209,2025-04-02,Mirage,0,-1,34.0,0.0,0.0,-999,1,0.0,0.0,0.0,0.0,0.0,0.0,0.0,0.0
4418,2210,2025-04-02,Mirage,0,1,37.0,0.0,0.0,-999,1,0.0,0.0,0.0,0.0,0.0,0.0,0.0,0.0
4420,2212,2025-04-02,Mirage,0,1,57.0,0.0,0.0,-998,2,0.0,0.0,0.0,0.0,0.0,0.0,0.0,0.0
4428,2220,2025-04-02,Ancient,0,1,41.0,2.0,-41.0,0,1,0.0,0.0,0.0,0.0,0.0,0.0,0.0,-1681.0
4427,2219,2025-04-02,Nuke,0,-1,-41.0,-2.0,41.0,0,-1,0.0,0.0,0.0,0.0,-0.6931471805599453,0.0,0.0,-1681.0
4426,2218,2025-04-02,Anubis,0,1,89.0,2.0,-89.0,0,0,0.0,0.0,0.0,0.0,0.0,0.0,0.0,-7921.0
4425,2217,2025-04-02,Nuke,0,-1,47.0,1.0,-47.0,0,2,0.0,0.0,0.0,0.0,0.6931471805599453,0.0,0.0,-2209.0
4424,2216,2025-04-02,Dust2,0,-1,-47.0,-1.0,47.0,0,-2,0.0,0.0,0.0,0.0,-0.6931471805599453,0.0,0.0,-2209.0
4423,2215,2025-04-02,Ancient,0,-1,-89.0,-2.0,89.0,0,0,0.0,0.0,0.0,0.0,0.0,0.0,0.0,-7921.0
4422,2214,2025-04-02,Ancient,0,1,37.0,0.0,0.0,-999,1,0.0,0.0,0.0,0.0,0.0,0.0,0.0,0.0
4421,2213,2025-04-02,Anubis,0,-1,34.0,-0.6666666666666667,-185.33333333333334,-1,-1,0.0,0.0,0.0,0.0,-1.0986122886681098,0.0,0.0,-6301.333333333334
4391,2189,2025-04-03,Ancient,0,-1,-41.0,0.0,0.0,30,-6,0.0,0.0,0.0,0.0,-0.6931471805599453,0.0,0.0,0.0
4392,2190,2025-04-03,Ancient,0,-1,482.0,0.0,0.0,-998,1,0.0,0.0,0.0,0.0,0.6931471805599453,0.0,0.0,0.0
4393,2190,2025-04-03,Anubis,0,-1,482.0,0.0,0.0,-998,1,0.0,0.0,0.0,0.0,0.6931471805599453,0.0,0.0,0.0
4394,2191,2025-04-03,Dust2,0,-1,-381.0,0.0,0.0,30,-1,0.0,0.0,0.0,0.0,0.0,0.0,0.0,0.0
4395,2191,2025-04-03,Mirage,0,-1,-381.0,0.0,0.0,30,-1,0.0,0.0,0.0,0.0,-0.6931471805599453,0.0,0.0,0.0
4397,2193,2025-04-03,Anubis,0,1,-34.0,0.0,0.0,30,-4,0.0,0.0,0.0,0.0,-0.6931471805599453,0.0,0.0,0.0
4398,2194,2025-04-03,Anubis,0,1,37.0,0.0,0.0,-999,3,0.0,0.0,0.0,0.0,0.0,0.0,0.0,0.0
4396,2192,2025-04-03,Nuke,0,1,-37.0,0.0,0.0,30,-3,0.0,0.0,0.0,0.0,0.0,0.0,0.0,0.0
4408,2204,2025-04-03,Train,0,-1,-41.0,0.33333333333333337,41.0,1,-5,0.0,0.0,0.0,0.0,0.0,0.0,0.0,-1681.0
4401,2197,2025-04-03,Mirage,0,1,34.0,0.0,0.0,-999,4,0.0,0.0,0.0,0.0,0.6931471805599453,0.0,0.0,0.0
4407,2203,2025-04-03,Nuke,0,-1,-41.0,-1.6666666666666665,41.0,0,-5,0.0,0.0,0.0,0.0,-1.0986122886681098,0.0,0.0,-1681.0
4406,2202,2025-04-03,Dust2,0,1,41.0,1.6666666666666665,-41.0,0,5,0.0,0.0,0.0,0.0,0.0,0.0,0.0,-1681.0
4405,2201,2025-04-03,Mirage,0,1,89.0,2.0,-89.0,0,2,0.0,0.0,0.0,0.0,0.0,0.0,0.0,-7921.0
4399,2195,2025-04-03,Train,0,-1,34.0,0.0,0.0,-999,4,0.0,0.0,0.0,0.0,0.0,0.0,0.0,0.0
4403,2199,2025-04-03,Ancient,0,-1,-89.0,-2.0,89.0,0,-2,0.0,0.0,0.0,0.0,-0.6931471805599453,0.0,0.0,-7921.0
4402,2198,2025-04-03,Mirage,0,-1,-47.0,-1.0,47.0,0,-4,0.0,0.0,0.0,0.0,-0.6931471805599453,0.0,0.0,-2209.0
4404,2200,2025-04-03,Dust2,0,1,47.0,1.0,-47.0,0,4,0.0,0.0,0.0,0.0,1.0986122886681098,0.0,0.0,-2209.0
4390,2188,2025-04-04,Dust2,0,1,69.0,0.0,0.0,0,0,0.0,0.0,0.0,0.0,0.0,0.0,0.0,0.0
4389,2188,2025-04-04,Mirage,0,1,69.0,0.0,0.0,0,0,0.0,0.0,0.0,0.0,0.0,0.0,0.0,0.0
4388,2187,2025-04-04,Nuke,0,-1,41.0,1.7142857142857144,-41.0,0,6,0.0,0.0,0.0,0.0,1.3862943611198906,0.0,0.0,-1681.0
4387,2186,2025-04-04,Dust2,0,1,47.0,1.2,-47.0,0,6,0.0,0.0,0.0,0.0,1.3862943611198906,0.0,0.0,-2209.0
4386,2185,2025-04-04,Train,0,-1,-47.0,-1.2,47.0,0,-6,0.0,0.0,0.0,0.0,-0.6931471805599453,0.0,0.0,-2209.0
4385,2184,2025-04-04,Anubis,0,-1,482.0,0.0,0.0,-998,2,0.0,0.0,0.0,0.0,1.0986122886681098,0.0,0.0,0.0
4384,2184,2025-04-04,Inferno,0,-1,482.0,0.0,0.0,-998,2,0.0,0.0,0.0,0.0,0.0,0.0,0.0,0.0
4379,2181,2025-04-05,Anubis,0,1,57.0,2.0,-57.0,0,3,0.0,0.0,0.0,0.0,0.6931471805599453,0.0,0.0,-3249.0
4380,2182,2025-04-05,Inferno,0,-1,-57.0,-2.0,57.0,0,-3,0.0,0.0,0.0,0.0,-0.6931471805599453,0.0,0.0,-3249.0
4381,2183,2025-04-05,Inferno,0,1,-69.0,0.0,0.0,30,-1,0.0,0.0,0.0,0.0,0.0,0.0,0.0,0.0
4383,2183,2025-04-05,Nuke,0,-1,-69.0,0.0,0.0,30,-1,0.0,0.0,0.0,0.0,0.0,0.0,0.0,0.0
4382,2183,2025-04-05,Dust2,0,-1,-69.0,0.0,0.0,30,-1,0.0,0.0,0.0,0.0,-0.6931471805599453,0.0,0.0,0.0
2310,1214,2025-04-07,Inferno,1,1,125.0,0.0,0.0,0,0,0.0,0.0,0.0,0.0,0.0,0.0,0.0,0.0
2309,1214,2025-04-07,Dust2,1,1,125.0,0.0,0.0,0,0,0.0,0.0,0.0,0.0,0.0,0.0,0.0,0.0
2311,1215,2025-04-07,Dust2,1,1,-110.0,0.0,0.0,0,0,0.0,0.0,0.0,0.0,0.0,0.0,0.0,0.0
2313,1215,2025-04-07,Inferno,1,1,-110.0,0.0,0.0,0,0,0.0,0.0,0.0,0.0,0.0,0.0,0.0,0.0
2312,1215,2025-04-07,Ancient,1,-1,-110.0,0.0,0.0,0,0,0.0,0.0,0.0,0.0,0.0,0.0,0.0,0.0
4377,2180,2025-04-07,Nuke,0,1,69.0,0.0,0.0,-997,2,0.0,0.0,0.0,0.0,0.6931471805599453,0.0,0.0,0.0
4378,2180,2025-04-07,Dust2,0,1,69.0,0.0,0.0,-997,2,0.0,0.0,0.0,0.0,1.0986122886681098,0.0,0.0,0.0
2297,1209,2025-04-08,Ancient,1,-1,-190.0,-2.0,-30.0,7,0,0.0,0.0,0.0,0.0,0.6931471805599453,0.0,0.0,5700.0
2298,1209,2025-04-08,Dust2,1,-1,-190.0,-2.0,-30.0,7,0,0.0,0.0,0.0,0.0,-0.6931471805599453,0.0,0.0,5700.0
2299,1210,2025-04-08,Anubis,1,-1,482.0,0.0,0.0,-995,3,0.0,0.0,0.0,0.0,1.3862943611198906,0.0,0.0,0.0
2300,1210,2025-04-08,Dust2,1,-1,482.0,0.0,0.0,-995,3,0.0,0.0,0.0,0.0,0.0,0.0,0.0,0.0
2301,1211,2025-04-08,Anubis,1,1,-32.0,0.0,0.0,30,-8,0.0,0.0,0.0,0.0,-0.6931471805599453,0.0,0.0,0.0
2302,1211,2025-04-08,Inferno,1,-1,-32.0,0.0,0.0,30,-8,0.0,0.0,0.0,0.0,0.0,0.0,0.0,0.0
4375,2178,2025-04-08,Default,0,1,-42.0,0.38775510204081637,-2.6683673469387745,0,1,2.0,2.0,0.041666666666666664,-0.041666666666666664,-0.6931471805599453,-84.0,0.7755102040816327,112.07142857142853
2304,1212,2025-04-08,Mirage,1,-1,191.0,0.0,0.0,-998,1,0.0,0.0,0.0,0.0,0.0,0.0,0.0,0.0
2305,1212,2025-04-08,Ancient,1,-1,191.0,0.0,0.0,-998,1,0.0,0.0,0.0,0.0,0.6931471805599453,0.0,0.0,0.0
4374,2177,2025-04-08,Default,0,-1,89.0,-1.0,-77.25,0,7,-2.0,-2.0,-0.041666666666666664,0.041666666666666664,0.6931471805599453,-178.0,2.0,-6875.25
4366,2172,2025-04-08,Nuke,0,-1,57.0,0.0,0.0,-999,8,0.0,0.0,0.0,0.0,0.0,0.0,0.0,0.0
4376,2179,2025-04-08,Default,0,-1,42.0,-0.38775510204081637,2.6683673469387745,0,-1,-2.0,-2.0,-0.041666666666666664,0.041666666666666664,0.6931471805599453,-84.0,0.7755102040816327,112.07142857142853
4373,2176,2025-04-08,Default,0,1,-89.0,1.0,77.25,0,-7,2.0,2.0,0.041666666666666664,-0.041666666666666664,-0.6931471805599453,-178.0,2.0,-6875.25
4372,2175,2025-04-08,Mirage,0,1,57.0,0.0,0.0,-999,8,0.0,0.0,0.0,0.0,0.6931471805599453,0.0,0.0,0.0
4371,2175,2025-04-08,Anubis,0,1,57.0,0.0,0.0,-999,8,0.0,0.0,0.0,0.0,1.0986122886681098,0.0,0.0,0.0
2303,1211,2025-04-08,Ancient,1,1,-32.0,0.0,0.0,30,-8,0.0,0.0,0.0,0.0,-1.0986122886681098,0.0,0.0,0.0
4369,2173,2025-04-08,Default,0,-1,-57.0,-2.0,57.0,0,-7,-2.0,-2.0,-0.041666666666666664,0.041666666666666664,0.0,114.0,4.0,-3249.0
4368,2172,2025-04-08,Inferno,0,1,57.0,0.0,0.0,-999,8,0.0,0.0,0.0,0.0,1.0986122886681098,0.0,0.0,0.0
4367,2172,2025-04-08,Ancient,0,1,57.0,0.0,0.0,-999,8,0.0,0.0,0.0,0.0,0.0,0.0,0.0,0.0
4370,2174,2025-04-08,Default,0,1,57.0,2.0,-57.0,0,7,2.0,2.0,0.041666666666666664,-0.041666666666666664,0.0,114.0,4.0,-3249.0
2279,1202,2025-04-09,Dust2,1,1,-190.0,0.0,1.5,5,-1,0.0,0.0,0.0,0.0,-1.0986122886681098,0.0,0.0,-285.0
2277,1201,2025-04-09,Inferno,1,-1,-410.0,0.0,0.0,-998,2,0.0,0.0,0.0,0.0,0.0,0.0,0.0,0.0
2276,1200,2025-04-09,Anubis,1,1,357.0,-0.9777777777777777,-180.33333333333334,6,3,0.0,0.0,0.0,0.0,1.3862943611198906,0.0,0.0,-64379.0
2275,1200,2025-04-09,Mirage,1,1,357.0,-0.9777777777777777,-180.33333333333334,6,3,-1.2857142857142856,-1.2857142857142856,0.04166666666666674,0.30555555555555564,0.6931471805599453,-458.99999999999994,1.257142857142857,-64379.0
2274,1199,2025-04-09,Nuke,1,-1,172.0,0.0,0.0,-998,4,0.0,0.0,0.0,0.0,0.0,0.0,0.0,0.0
2273,1199,2025-04-09,Mirage,1,-1,172.0,0.0,0.0,-998,4,0.0,0.0,0.0,0.0,0.0,0.0,0.0,0.0
2280,1202,2025-04-09,Anubis,1,1,-190.0,0.0,1.5,5,-1,0.0,0.0,0.0,0.0,0.6931471805599453,0.0,0.0,-285.0
2278,1201,2025-04-09,Train,1,-1,-410.0,0.0,0.0,-998,2,0.0,0.0,0.0,0.0,0.0,0.0,0.0,0.0
4362,2168,2025-04-09,Default,0,1,57.0,1.8,-57.0,0,9,2.0,2.0,0.041666666666666664,-0.041666666666666664,0.6931471805599453,114.0,3.6,-3249.0
4363,2169,2025-04-09,Default,0,-1,-57.0,-1.8,57.0,0,-9,-2.0,-2.0,-0.041666666666666664,0.041666666666666664,-0.6931471805599453,114.0,3.6,-3249.0
4364,2170,2025-04-09,Nuke,0,-1,41.0,-0.6666666666666667,-335.0,0,7,0.0,0.0,0.0,0.0,1.6094379124341003,0.0,0.0,-13735.0
4365,2171,2025-04-09,Train,0,1,-41.0,0.6666666666666667,335.0,0,-7,0.0,0.0,0.0,0.0,-0.6931471805599453,0.0,0.0,-13735.0
4361,2167,2025-04-10,Nuke,0,1,41.0,-0.8,-41.0,0,11,0.0,0.0,0.0,0.0,1.9459101490553132,0.0,0.0,-1681.0
4358,2165,2025-04-10,Mirage,0,1,41.0,0.0,0.0,-999,12,0.0,0.0,0.0,0.0,0.0,0.0,0.0,0.0
4360,2166,2025-04-10,Ancient,0,1,-41.0,0.8,41.0,0,-11,0.0,0.0,0.0,0.0,-1.0986122886681098,0.0,0.0,-1681.0
2272,1198,2025-04-10,Train,1,-1,191.0,-1.6,-433.4,0,1,0.0,0.0,0.0,0.0,0.0,0.0,0.0,-82779.4
2271,1198,2025-04-10,Dust2,1,-1,191.0,-1.6,-433.4,0,1,-2.0,-2.0,-0.24999999999999994,0.20833333333333331,0.0,-382.0,3.2,-82779.4
2270,1197,2025-04-10,Ancient,1,-1,-190.0,-0.3333333333333333,252.33333333333334,0,-1,0.0,0.0,0.0,-0.041666666666666685,0.0,-0.0,-0.0,-47943.333333333336
2269,1197,2025-04-10,Dust2,1,-1,-190.0,-0.3333333333333333,252.33333333333334,0,-1,0.0,0.0,0.0,0.0,-1.3862943611198906,0.0,0.0,-47943.333333333336
4359,2165,2025-04-10,Nuke,0,1,41.0,0.0,0.0,-999,12,0.0,0.0,0.0,0.0,1.9459101490553132,0.0,0.0,0.0
2267,1196,2025-04-10,Dust2,1,1,100.0,0.0,-482.0,0,0,0.0,0.0,0.0,0.0,0.0,0.0,0.0,-48200.0
2266,1196,2025-04-10,Mirage,1,-1,100.0,0.0,-482.0,0,0,0.0,0.0,0.0,0.0,-0.6931471805599453,0.0,0.0,-48200.0
2268,1196,2025-04-10,Ancient,1,1,100.0,0.0,-482.0,0,0,0.0,0.0,0.0,0.0,0.0,0.0,0.0,-48200.0
2256,1192,2025-04-11,Dust2,1,1,147.0,0.0,0.0,30,-2,0.0,0.0,0.0,0.0,-1.0986122886681098,0.0,0.0,0.0
4357,2164,2025-04-11,Anubis,0,1,41.0,0.0,0.0,-998,13,0.0,0.0,0.0,0.0,0.0,0.0,0.0,0.0
4356,2164,2025-04-11,Nuke,0,1,41.0,0.0,0.0,-998,13,0.0,0.0,0.0,0.0,2.0794415416798357,0.0,0.0,0.0
4355,2164,2025-04-11,Ancient,0,-1,41.0,0.0,0.0,-998,13,0.0,0.0,0.0,0.0,1.3862943611198906,0.0,0.0,0.0
4353,2163,2025-04-11,Nuke,0,1,482.0,0.0,0.0,-997,5,0.0,0.0,0.0,0.0,0.6931471805599453,0.0,0.0,0.0
4352,2162,2025-04-11,Mirage,0,1,-381.0,-0.6666666666666666,357.0,1,-1,0.0,0.0,0.0,0.22916666666666669,-0.4054651081081645,-0.0,-0.0,-136017.0
4354,2163,2025-04-11,Dust2,0,1,482.0,0.0,0.0,-997,5,0.0,0.0,0.0,0.0,0.6931471805599453,0.0,0.0,0.0
4350,2162,2025-04-11,Dust2,0,-1,-381.0,-0.6666666666666666,357.0,1,-1,0.0,0.0,0.0,0.0,-0.6931471805599453,0.0,0.0,-136017.0
2257,1192,2025-04-11,Mirage,1,1,147.0,0.0,0.0,30,-2,0.0,0.0,0.0,0.0,0.0,0.0,0.0,0.0
2261,1194,2025-04-11,Anubis,1,-1,-109.0,-0.16666666666666669,174.75,3,-3,0.0,0.0,0.0,0.0,-0.6931471805599453,0.0,0.0,-19047.75
2262,1194,2025-04-11,Nuke,1,-1,-109.0,-0.16666666666666669,174.75,3,-3,0.0,0.0,0.0,0.0,0.0,0.0,0.0,-19047.75
4351,2162,2025-04-11,Anubis,0,1,-381.0,-0.6666666666666666,357.0,1,-1,0.0,0.0,0.0,0.0,0.6931471805599453,0.0,0.0,-136017.0
4349,2161,2025-04-12,Ancient,0,1,48.0,0.8,-238.20000000000002,1,1,0.0,0.0,0.0,0.0,1.0986122886681098,0.0,0.0,-11433.6
4347,2160,2025-04-12,Anubis,0,1,37.0,0.0,0.0,-990,4,0.0,0.0,0.0,0.0,0.6931471805599453,0.0,0.0,0.0
4345,2160,2025-04-12,Dust2,0,-1,37.0,0.0,0.0,-990,4,0.0,0.0,0.0,0.0,0.0,0.0,0.0,0.0
2252,1190,2025-04-12,Dust2,1,-1,-147.0,0.0,145.42857142857142,2,1,0.0,0.0,0.0,-0.16666666666666663,0.0,-0.0,0.0,-21378.0
2251,1190,2025-04-12,Anubis,1,-1,-147.0,0.0,145.42857142857142,2,1,0.0,0.0,0.0,0.0,1.0986122886681098,0.0,0.0,-21378.0
4346,2160,2025-04-12,Mirage,0,1,37.0,0.0,0.0,-990,4,0.0,0.0,0.0,0.0,0.6931471805599453,0.0,0.0,0.0
4348,2161,2025-04-12,Nuke,0,1,48.0,0.8,-238.20000000000002,1,1,0.0,0.0,0.0,0.0,0.0,0.0,0.0,-11433.6
2247,1188,2025-04-13,Inferno,1,1,190.0,0.43333333333333335,-116.88333333333331,1,2,0.0,0.0,0.0,0.0,0.6931471805599453,0.0,0.0,-22207.83333333333
2246,1188,2025-04-13,Dust2,1,1,190.0,0.43333333333333335,-116.88333333333331,1,2,0.5,0.5,0.02083333333333337,-0.125,0.5108256237659905,95.0,0.21666666666666667,-22207.83333333333
4343,2158,2025-04-13,Default,0,-1,34.0,0.0,0.0,-989,5,0.0,0.0,0.0,0.0,0.0,0.0,0.0,0.0
4344,2159,2025-04-13,Default,0,1,-48.0,0.0,0.0,30,-3,0.0,0.0,0.0,0.0,0.0,0.0,0.0,0.0
4342,2157,2025-04-13,Anubis,0,-1,-381.0,0.0,0.0,30,-3,0.0,0.0,0.0,0.0,-0.6931471805599453,0.0,0.0,0.0
4341,2157,2025-04-13,Ancient,0,-1,-381.0,0.0,0.0,30,-3,0.0,0.0,0.0,0.0,-0.6931471805599453,0.0,0.0,0.0
4340,2156,2025-04-14,Inferno,0,-1,59.0,-0.8,-140.6615384615385,-12,-1,0.0,0.0,0.041666666666666685,0.0,0.0,0.0,-0.0,-8299.03076923077
4339,2155,2025-04-14,Ancient,0,1,-308.0,0.6521739130434783,-20.760869565217394,0,-4,0.0,0.0,0.0,0.020833333333333343,-0.4054651081081645,-0.0,0.0,6394.347826086958
4338,2154,2025-04-14,Train,0,-1,-37.0,0.7777777777777778,59.0,0,-5,0.0,0.0,0.0,0.0,0.0,0.0,0.0,-2183.0
4337,2153,2025-04-14,Dust2,0,1,41.0,0.0,0.0,-999,15,0.0,0.0,0.0,0.0,0.6931471805599453,0.0,0.0,0.0
4336,2153,2025-04-14,Ancient,0,1,41.0,0.0,0.0,-999,15,0.0,0.0,0.0,0.0,1.6094379124341003,0.0,0.0,0.0
4335,2152,2025-04-14,Mirage,0,-1,57.0,-1.0,31.083333333333336,0,0,0.0,0.0,0.0,0.0,0.0,0.0,0.0,1771.7500000000002
4334,2151,2025-04-14,Nuke,0,-1,191.0,0.0,0.0,-999,4,0.0,0.0,0.0,0.0,0.0,0.0,0.0,0.0
4333,2150,2025-04-14,Ancient,0,1,73.0,2.0,-37.0,-12,0,2.0,2.0,0.41666666666666663,-0.29166666666666663,0.0,146.0,4.0,-2701.0
4332,2149,2025-04-14,Train,0,-1,48.0,-0.9714285714285714,47.599999999999994,0,3,0.0,0.0,0.0,0.0,0.0,0.0,0.0,2284.7999999999997
4331,2149,2025-04-14,Dust2,0,-1,48.0,-0.9714285714285714,47.599999999999994,0,3,0.0,0.0,0.0,0.0,0.6931471805599453,0.0,0.0,2284.7999999999997
4330,2148,2025-04-14,Anubis,0,1,-59.0,2.0,29.461538461538467,0,-1,0.0,0.0,0.0,0.0,0.0,0.0,0.0,-1738.2307692307695
4328,2146,2025-04-14,Ancient,0,1,-37.0,0.7777777777777778,35.666666666666664,0,-4,0.0,0.0,0.0,0.0,-0.6931471805599453,0.0,0.0,-1319.6666666666665
4327,2145,2025-04-14,Anubis,0,-1,57.0,0.0,0.0,-999,2,0.0,0.0,0.0,0.0,0.6931471805599453,0.0,0.0,0.0
4326,2144,2025-04-14,Nuke,0,-1,41.0,0.0,0.0,-999,15,0.0,0.0,0.0,0.0,2.1972245773362196,0.0,0.0,0.0
4325,2144,2025-04-14,Mirage,0,-1,41.0,0.0,0.0,-999,15,0.0,0.0,0.0,0.0,0.6931471805599453,0.0,0.0,0.0
4324,2144,2025-04-14,Inferno,0,1,41.0,0.0,0.0,-999,15,0.0,0.0,0.0,0.0,0.0,0.0,0.0,0.0
4329,2147,2025-04-14,Mirage,0,1,-190.0,-0.8478260869565217,57.23913043478261,0,-1,-1.2307692307692308,-1.2307692307692308,-0.1527777777777778,0.2361111111111111,-0.6931471805599453,233.84615384615387,1.0434782608695652,-10875.434782608696
4323,2143,2025-04-15,Ancient,0,1,57.0,0.0,0.0,-998,3,0.0,0.0,0.0,0.0,0.6931471805599453,0.0,0.0,0.0
4322,2143,2025-04-15,Anubis,0,1,57.0,0.0,0.0,-998,3,0.0,0.0,0.0,0.0,1.0986122886681098,0.0,0.0,0.0
4321,2142,2025-04-15,Ancient,0,1,-322.0,-1.148936170212766,-6.751773049645401,0,-4,0.0,0.0,0.0,0.0,-1.3862943611198906,0.0,0.0,2174.070921985819
4320,2142,2025-04-15,Mirage,0,1,-322.0,-1.148936170212766,-6.751773049645401,0,-4,0.0,0.0,0.0,0.0,-1.6094379124341003,0.0,0.0,2174.070921985819
4319,2142,2025-04-15,Dust2,0,-1,-322.0,-1.148936170212766,-6.751773049645401,0,-4,0.0,0.0,0.0,0.0,-1.0986122886681098,0.0,0.0,2174.070921985819
4318,2141,2025-04-15,Default,0,1,57.0,0.0,0.0,-993,11,0.0,0.0,0.0,0.0,1.6094379124341003,0.0,0.0,0.0
4317,2140,2025-04-15,Mirage,0,1,37.0,-0.6829268292682926,-57.0,0,6,0.0,0.0,0.0,0.0,1.0986122886681098,0.0,0.0,-2109.0
4294,2130,2025-04-16,Dust2,0,-1,-59.0,1.393939393939394,-150.8181818181818,13,-2,0.0,0.0,0.0,0.0,-0.6931471805599453,0.0,0.0,8898.272727272726
4295,2130,2025-04-16,Mirage,0,-1,-59.0,1.393939393939394,-150.8181818181818,13,-2,0.0,0.0,0.0,0.125,0.0,-0.0,0.0,8898.272727272726
4275,2122,2025-04-17,Anubis,0,-1,48.0,0.0,0.0,-996,3,0.0,0.0,0.0,0.0,0.0,0.0,0.0,0.0
4270,2119,2025-04-17,Inferno,0,1,132.0,-0.75,-42.375,3,0,0.0,0.0,-0.04166666666666663,0.0,-0.4054651081081645,0.0,-0.0,-5593.5
4264,2117,2025-04-17,Dust2,0,1,47.0,0.0,0.0,-990,6,0.0,0.0,0.0,0.0,1.6094379124341003,0.0,0.0,0.0
4265,2117,2025-04-17,Anubis,0,1,47.0,0.0,0.0,-990,6,0.0,0.0,0.0,0.0,0.6931471805599453,0.0,0.0,0.0
4266,2118,2025-04-17,Anubis,0,-1,89.0,0.0,0.0,-999,8,0.0,0.0,0.0,0.0,1.0986122886681098,0.0,0.0,0.0
4267,2118,2025-04-17,Inferno,0,1,89.0,0.0,0.0,-999,8,0.0,0.0,0.0,0.0,0.6931471805599453,0.0,0.0,0.0
4268,2118,2025-04-17,Nuke,0,1,89.0,0.0,0.0,-999,8,0.0,0.0,0.0,0.0,0.0,0.0,0.0,0.0
4269,2119,2025-04-17,Mirage,0,-1,132.0,-0.75,-42.375,3,0,-0.8888888888888888,-0.8888888888888888,-0.10416666666666663,0.02777777777777779,-0.2876820724517808,-117.33333333333333,0.6666666666666666,-5593.5
4271,2119,2025-04-17,Ancient,0,-1,132.0,-0.75,-42.375,3,0,-1.0,-1.0,-0.14583333333333331,0.0,0.0,-132.0,0.75,-5593.5
4273,2121,2025-04-17,Nuke,0,1,37.0,0.366914103923648,-138.41463414634148,-1,5,-1.0,-1.0,0.020833333333333315,0.18749999999999994,-0.4054651081081645,-37.0,-0.366914103923648,-5121.341463414635
4263,2117,2025-04-17,Mirage,0,-1,47.0,0.0,0.0,-990,6,0.0,0.0,0.0,0.0,1.0986122886681098,0.0,0.0,0.0
4274,2122,2025-04-17,Train,0,1,48.0,0.0,0.0,-996,3,0.0,0.0,0.0,0.0,0.6931471805599453,0.0,0.0,0.0
4277,2123,2025-04-17,Mirage,0,-1,-59.0,-1.2,-57.3,3,-4,0.0,0.0,0.0,0.0,-1.3862943611198906,0.0,0.0,3380.7
4278,2123,2025-04-17,Anubis,0,1,-59.0,-1.2,-57.3,3,-4,0.0,0.0,0.0,0.0,-0.6931471805599453,0.0,0.0,3380.7
4279,2123,2025-04-17,Ancient,0,-1,-59.0,-1.2,-57.3,3,-4,-2.0,-2.0,-0.41666666666666663,0.12499999999999994,0.0,118.0,2.4,3380.7
4283,2126,2025-04-17,Mirage,0,1,41.0,0.0,0.0,-996,13,0.0,0.0,0.0,0.0,1.0986122886681098,0.0,0.0,0.0
4284,2126,2025-04-17,Train,0,-1,41.0,0.0,0.0,-996,13,0.0,0.0,0.0,0.0,1.0986122886681098,0.0,0.0,0.0
4285,2126,2025-04-17,Inferno,0,-1,41.0,0.0,0.0,-996,13,0.0,0.0,0.0,0.0,0.6931471805599453,0.0,0.0,0.0
4289,2128,2025-04-17,Dust2,0,1,-89.0,0.6190476190476192,15.761904761904763,13,-6,0.0,0.0,0.0,0.0,0.0,0.0,0.0,-1402.8095238095239
4290,2128,2025-04-17,Ancient,0,1,-89.0,0.6190476190476192,15.761904761904763,13,-6,-1.3333333333333335,-1.3333333333333335,-0.125,0.18055555555555552,-0.6931471805599453,118.66666666666669,-0.8253968253968257,-1402.8095238095239
4276,2122,2025-04-17,Dust2,0,-1,48.0,0.0,0.0,-996,3,0.0,0.0,0.0,0.0,1.0986122886681098,0.0,0.0,0.0
4257,2113,2025-04-18,Anubis,0,-1,-37.0,-1.0,58.24999999999999,1,-4,0.0,0.0,0.0,0.08333333333333331,-0.6931471805599453,-0.0,-0.0,-2155.2499999999995
4260,2115,2025-04-18,Dust2,0,-1,-47.0,0.2325581395348838,30.441860465116278,16,-5,0.38095238095238093,0.38095238095238093,0.02499999999999991,0.17500000000000002,-1.0986122886681096,-17.904761904761905,0.08859357696567001,-1430.7674418604652
4259,2115,2025-04-18,Train,0,-1,-47.0,0.2325581395348838,30.441860465116278,16,-5,1.0,1.0,0.062499999999999944,0.125,-0.4054651081081645,-47.0,0.2325581395348838,-1430.7674418604652
4262,2116,2025-04-18,Inferno,0,1,-89.0,0.0,0.0,30,-7,0.0,0.0,0.0,0.0,-1.0986122886681098,0.0,0.0,0.0
4261,2116,2025-04-18,Mirage,0,1,-89.0,0.0,0.0,30,-7,0.0,0.0,0.0,0.0,-0.6931471805599453,0.0,0.0,0.0
4258,2114,2025-04-18,Anubis,0,1,37.0,1.4166666666666667,-37.0,-15,6,2.0,2.0,0.24999999999999994,-0.24999999999999994,0.6931471805599453,74.0,2.8333333333333335,-1369.0
4255,2112,2025-04-19,Mirage,0,1,41.0,0.0,0.0,-997,9,0.0,0.0,0.0,0.0,1.3862943611198906,0.0,0.0,0.0
4254,2111,2025-04-19,Mirage,0,-1,-381.0,-0.1418439716312057,1.085106382978715,14,-5,-0.7272727272727273,-0.7272727272727273,0.008333333333333304,0.14166666666666666,-1.0986122886681096,277.0909090909091,0.10315925209542234,-413.4255319148904
4253,2111,2025-04-19,Dust2,0,-1,-381.0,-0.1418439716312057,1.085106382978715,14,-5,0.0,0.0,0.0,-0.08333333333333331,-0.6931471805599453,-0.0,-0.0,-413.4255319148904
4256,2112,2025-04-19,Nuke,0,1,41.0,0.0,0.0,-997,9,0.0,0.0,0.0,0.0,2.302585092994046,0.0,0.0,0.0
4252,2110,2025-04-20,Anubis,0,-1,37.0,1.0899550224887558,-54.58620689655173,0,4,1.0,1.0,0.04166666666666663,-0.125,0.5108256237659905,37.0,1.0899550224887558,-2019.689655172414
4251,2110,2025-04-20,Mirage,0,-1,37.0,1.0899550224887558,-54.58620689655173,0,4,2.0,2.0,0.12500000000000006,-0.24999999999999994,0.6931471805599453,74.0,2.1799100449775115,-2019.689655172414
4250,2110,2025-04-20,Nuke,0,1,37.0,1.0899550224887558,-54.58620689655173,0,4,0.0,0.0,0.0,0.0,1.0986122886681098,0.0,0.0,-2019.689655172414
2234,1183,2025-04-21,Mirage,1,1,371.0,0.0,0.0,0,0,0.0,0.0,0.0,0.0,0.0,0.0,0.0,0.0
2225,1179,2025-04-21,Inferno,1,1,464.0,0.0,0.0,0,0,0.0,0.0,0.0,0.0,0.0,0.0,0.0,0.0
2224,1179,2025-04-21,Mirage,1,1,464.0,0.0,0.0,0,0,0.0,0.0,0.0,0.0,0.0,0.0,0.0,0.0
2223,1179,2025-04-21,Anubis,1,-1,464.0,0.0,0.0,0,0,0.0,0.0,0.0,0.0,0.0,0.0,0.0,0.0
4240,2106,2025-04-21,Ancient,0,1,381.0,-0.18439716312056734,5.914893617021285,-2,5,0.0,0.0,0.0,0.0,1.6094379124341003,0.0,0.0,2253.5744680851094
4241,2106,2025-04-21,Mirage,0,1,381.0,-0.18439716312056734,5.914893617021285,-2,5,0.9629629629629629,0.9629629629629629,0.05555555555555558,-0.14583333333333331,1.252762968495368,366.88888888888886,-0.1775676385605463,2253.5744680851094
4242,2107,2025-04-21,Inferno,0,-1,41.0,1.2,-381.0,-8,10,0.0,0.0,0.0,0.0,1.0986122886681098,0.0,0.0,-15621.0
4245,2108,2025-04-21,Mirage,0,1,41.0,0.0,0.0,-999,11,0.0,0.0,0.0,0.0,1.791759469228055,0.0,0.0,0.0
4244,2107,2025-04-21,Mirage,0,-1,41.0,1.2,-381.0,-8,10,0.0,0.0,0.0,0.0,1.791759469228055,0.0,0.0,-15621.0
4239,2106,2025-04-21,Train,0,-1,381.0,-0.18439716312056734,5.914893617021285,-2,5,0.0,0.0,0.0,0.0,-0.6931471805599453,0.0,0.0,2253.5744680851094
4247,2109,2025-04-21,Dust2,0,1,48.0,0.21414141414141408,-135.89696969696965,2,3,-0.8888888888888888,-0.8888888888888888,0.04861111111111116,0.12499999999999994,0.2876820724517808,-42.666666666666664,-0.19034792368125694,-6523.054545454543
4248,2109,2025-04-21,Ancient,0,-1,48.0,0.21414141414141408,-135.89696969696965,2,3,1.3333333333333335,1.3333333333333335,-0.1111111111111111,-0.23611111111111105,0.6931471805599453,64.0,0.28552188552188545,-6523.054545454543
4249,2109,2025-04-21,Mirage,0,-1,48.0,0.21414141414141408,-135.89696969696965,2,3,1.0,1.0,0.2916666666666667,0.125,0.0,48.0,0.21414141414141408,-6523.054545454543
4243,2107,2025-04-21,Nuke,0,1,41.0,1.2,-381.0,-8,10,0.0,0.0,0.0,0.0,2.3978952727983707,0.0,0.0,-15621.0
2233,1183,2025-04-21,Inferno,1,-1,371.0,0.0,0.0,0,0,0.0,0.0,0.0,0.0,0.0,0.0,0.0,0.0
4246,2108,2025-04-21,Ancient,0,1,41.0,0.0,0.0,-999,11,0.0,0.0,0.0,0.0,1.791759469228055,0.0,0.0,0.0
2239,1185,2025-04-21,Ancient,1,1,310.0,0.34285714285714275,283.3714285714286,3,-1,0.0,0.0,0.0,0.0,0.6931471805599453,0.0,0.0,87845.14285714287
2235,1183,2025-04-21,Ancient,1,1,371.0,0.0,0.0,0,0,0.0,0.0,0.0,0.0,0.0,0.0,0.0,0.0
2240,1185,2025-04-21,Inferno,1,1,310.0,0.34285714285714275,283.3714285714286,3,-1,0.0,0.0,0.0,0.0,-0.6931471805599453,0.0,0.0,87845.14285714287
2229,1181,2025-04-21,Nuke,1,1,1000.0,0.0,0.0,0,0,0.0,0.0,0.0,0.0,0.0,0.0,0.0,0.0
2228,1181,2025-04-21,Anubis,1,1,1000.0,0.0,0.0,0,0,0.0,0.0,0.0,0.0,0.0,0.0,0.0,0.0
2238,1185,2025-04-21,Anubis,1,-1,310.0,0.34285714285714275,283.3714285714286,3,-1,0.0,0.0,0.0,0.0,-1.3862943611198906,0.0,0.0,87845.14285714287
2219,1177,2025-04-22,Inferno,1,-1,-314.0,-0.1333333333333333,35.599999999999994,6,3,0.0,0.0,0.29166666666666663,0.125,0.0,-0.0,-0.0,-11178.399999999998
2220,1177,2025-04-22,Nuke,1,-1,-314.0,-0.1333333333333333,35.599999999999994,6,3,0.0,0.0,0.0,0.0,0.0,0.0,0.0,-11178.399999999998
4236,2104,2025-04-23,Ancient,0,1,34.0,-0.6666666666666666,-211.0,8,-1,0.0,0.0,0.0,0.0,-0.6931471805599453,0.0,0.0,-7174.0
4237,2105,2025-04-23,Train,0,1,41.0,0.0,0.0,-997,12,0.0,0.0,0.0,0.0,1.3862943611198906,0.0,0.0,0.0
2195,1166,2025-04-23,Inferno,1,1,590.0,0.4,-186.0,-11,-1,0.0,0.0,0.0,0.0,-0.6931471805599453,0.0,0.0,-109740.0
2192,1165,2025-04-23,Inferno,1,-1,-395.0,0.0,0.0,30,-1,0.0,0.0,0.0,0.0,-0.6931471805599453,0.0,0.0,0.0
2193,1165,2025-04-23,Ancient,1,1,-395.0,0.0,0.0,30,-1,0.0,0.0,0.0,0.0,0.0,0.0,0.0,0.0
2194,1166,2025-04-23,Mirage,1,1,590.0,0.4,-186.0,-11,-1,0.0,0.0,0.0,0.0,-0.6931471805599453,0.0,0.0,-109740.0
2196,1167,2025-04-23,Mirage,1,-1,133.0,0.7578947368421054,-109.53684210526316,9,0,0.0,0.0,0.0,0.0,-0.6931471805599453,0.0,0.0,-14568.4
2197,1167,2025-04-23,Nuke,1,-1,133.0,0.7578947368421054,-109.53684210526316,9,0,2.0,2.0,0.0,-0.45833333333333326,0.0,266.0,1.5157894736842108,-14568.4
4238,2105,2025-04-23,Ancient,0,1,41.0,0.0,0.0,-997,12,0.0,0.0,0.0,0.0,1.9459101490553132,0.0,0.0,0.0
2191,1165,2025-04-23,Anubis,1,1,-395.0,0.0,0.0,30,-1,0.0,0.0,0.0,0.0,-0.6931471805599453,0.0,0.0,0.0
4230,2101,2025-04-24,Dust2,0,-1,-37.0,0.0,0.0,30,-8,0.0,0.0,0.0,0.0,-0.6931471805599453,0.0,0.0,0.0
4234,2103,2025-04-24,Inferno,0,-1,59.0,-0.608695652173913,91.54347826086959,-14,6,0.0,0.0,0.0,0.0,1.3862943611198906,0.0,0.0,5401.065217391306
4233,2103,2025-04-24,Mirage,0,1,59.0,-0.608695652173913,91.54347826086959,-14,6,0.0,0.0,0.0,0.0,1.6094379124341003,0.0,0.0,5401.065217391306
4232,2102,2025-04-24,Anubis,0,1,73.0,1.3333333333333335,153.5,-2,1,0.0,0.0,0.0,0.0,-0.6931471805599453,0.0,0.0,11205.5
4235,2103,2025-04-24,Dust2,0,1,59.0,-0.608695652173913,91.54347826086959,-14,6,0.0,0.0,0.0,0.0,1.0986122886681098,0.0,0.0,5401.065217391306
4229,2101,2025-04-24,Anubis,0,-1,-37.0,0.0,0.0,30,-8,0.0,0.0,0.0,0.0,-1.791759469228055,0.0,0.0,0.0
4231,2102,2025-04-24,Train,0,1,73.0,1.3333333333333335,153.5,-2,1,0.0,0.0,0.0,0.0,0.0,0.0,0.0,11205.5
4223,2099,2025-04-25,Anubis,0,1,-14.0,-0.6046511627906976,-31.364341085271306,0,4,-2.0,-2.0,0.0,0.41666666666666663,0.4054651081081645,28.0,1.2093023255813953,439.1007751937983
4227,2100,2025-04-25,Nuke,0,1,41.0,1.4285714285714286,-41.0,0,7,0.0,0.0,0.0,0.0,2.4849066497880004,0.0,0.0,-1681.0
4226,2100,2025-04-25,Ancient,0,1,41.0,1.4285714285714286,-41.0,0,7,1.4666666666666668,1.4666666666666668,0.1964285714285714,-0.12499999999999994,1.3862943611198904,60.13333333333334,2.0952380952380953,-1681.0
2189,1164,2025-04-25,Train,1,-1,-353.0,-0.06666666666666665,-313.6515151515151,0,4,0.0,0.0,0.0,0.0,-0.6931471805599453,0.0,0.0,110718.98484848483
2190,1164,2025-04-25,Nuke,1,-1,-353.0,-0.06666666666666665,-313.6515151515151,0,4,0.0,0.0,0.0,0.0,1.0986122886681098,0.0,0.0,110718.98484848483
4225,2099,2025-04-25,Mirage,0,1,-14.0,-0.6046511627906976,-31.364341085271306,0,4,0.0,0.0,0.0,0.0,1.791759469228055,0.0,0.0,439.1007751937983
4220,2097,2025-04-25,Train,0,1,37.0,0.0,0.0,-998,9,0.0,0.0,0.0,0.0,0.6931471805599453,0.0,0.0,0.0
4221,2097,2025-04-25,Dust2,0,1,37.0,0.0,0.0,-998,9,0.0,0.0,0.0,0.0,1.0986122886681098,0.0,0.0,0.0
4224,2099,2025-04-25,Ancient,0,-1,-14.0,-0.6046511627906976,-31.364341085271306,0,4,0.0,0.0,0.08333333333333337,0.15972222222222227,0.2876820724517808,-0.0,-0.0,439.1007751937983
4228,2100,2025-04-25,Mirage,0,1,41.0,1.4285714285714286,-41.0,0,7,0.0,0.0,0.0,0.0,1.9459101490553132,0.0,0.0,-1681.0
4222,2098,2025-04-25,Mirage,0,1,34.0,-0.04597701149425276,-41.0,-12,1,0.0,0.0,0.0,0.0,1.0986122886681098,0.0,0.0,-1394.0
4217,2096,2025-04-26,Nuke,0,1,-73.0,-1.5348837209302326,-19.023255813953497,2,-4,0.0,0.0,0.0,0.0,0.0,0.0,0.0,1388.6976744186054
4214,2095,2025-04-26,Ancient,0,1,22.0,-0.183163737280296,40.413043478260875,0,-2,0.4117647058823528,0.4117647058823528,0.19791666666666669,0.15625,0.5108256237659905,9.058823529411761,-0.07542036240953362,889.0869565217392
4213,2094,2025-04-26,Ancient,0,1,73.0,0.5875152998776011,1.654834761321922,-2,4,0.0,0.0,0.0,0.0,1.3862943611198906,0.0,0.0,120.80293757650031
4212,2094,2025-04-26,Dust2,0,1,73.0,0.5875152998776011,1.654834761321922,-2,4,2.0,2.0,0.16666666666666663,-0.24999999999999994,0.0,146.0,1.1750305997552022,120.80293757650031
4215,2095,2025-04-26,Train,0,-1,22.0,-0.183163737280296,40.413043478260875,0,-2,-2.0,-2.0,-0.12499999999999994,0.24999999999999994,-0.4054651081081645,-44.0,0.366327474560592,889.0869565217392
4218,2096,2025-04-26,Dust2,0,-1,-73.0,-1.5348837209302326,-19.023255813953497,2,-4,-2.0,-2.0,-0.5416666666666666,0.24999999999999994,0.0,146.0,3.0697674418604652,1388.6976744186054
4219,2096,2025-04-26,Anubis,0,-1,-73.0,-1.5348837209302326,-19.023255813953497,2,-4,-1.0,-1.0,-0.08333333333333331,0.14583333333333331,-0.4054651081081645,73.0,1.5348837209302326,1388.6976744186054
4216,2095,2025-04-26,Mirage,0,1,22.0,-0.183163737280296,40.413043478260875,0,-2,0.5882352941176472,0.5882352941176472,0.062499999999999944,0.00694444444444442,0.33647223662121295,12.941176470588239,-0.10774337487076238,889.0869565217392
4205,2091,2025-04-27,Mirage,0,-1,-14.0,-0.012244897959183654,10.773469387755107,1,2,2.0,2.0,0.41666666666666663,-0.17261904761904756,1.3862943611198904,-28.0,-0.024489795918367308,-150.82857142857148
4204,2090,2025-04-27,Mirage,0,1,-381.0,0.9767441860465116,6.976744186046503,8,-5,0.0,0.0,0.0,0.0,-2.0794415416798357,0.0,0.0,-2658.1395348837177
4208,2092,2025-04-27,Ancient,0,1,-36.0,-0.2,-5.199999999999999,1,3,-1.3846153846153846,-1.3846153846153846,0.0,0.2361111111111111,-0.2231435513142097,49.84615384615385,0.27692307692307694,187.2
4209,2092,2025-04-27,Anubis,0,-1,-36.0,-0.2,-5.199999999999999,1,3,0.282051282051282,0.282051282051282,0.07638888888888884,0.041666666666666685,0.5596157879354227,-10.153846153846152,-0.056410256410256404,187.2
4210,2093,2025-04-27,Anubis,0,1,34.0,0.023529411764705854,-124.11428571428571,-4,1,0.0,0.0,0.0,0.0,1.0986122886681098,0.0,0.0,-4219.885714285714
4211,2093,2025-04-27,Mirage,0,1,34.0,0.023529411764705854,-124.11428571428571,-4,1,0.6153846153846154,0.6153846153846154,0.05555555555555558,-0.11111111111111116,0.0,20.923076923076923,0.014479638009049757,-4219.885714285714
4203,2090,2025-04-27,Ancient,0,-1,-381.0,0.9767441860465116,6.976744186046503,8,-5,0.0,0.0,0.0,0.0,-1.791759469228055,0.0,0.0,-2658.1395348837177
4202,2090,2025-04-27,Dust2,0,1,-381.0,0.9767441860465116,6.976744186046503,8,-5,0.0,0.0,0.0,0.0,-1.6094379124341003,0.0,0.0,-2658.1395348837177
2174,1157,2025-04-27,Dust2,1,1,48.0,1.3953488372093024,-13.627906976744182,-24,1,0.8888888888888888,0.8888888888888888,0.24999999999999994,-0.02083333333333326,0.4054651081081645,42.666666666666664,1.2403100775193798,-654.1395348837207
4207,2092,2025-04-27,Train,0,-1,-36.0,-0.2,-5.199999999999999,1,3,0.0,0.0,0.04166666666666674,0.15277777777777776,0.6931471805599453,-0.0,-0.0,187.2
2175,1157,2025-04-27,Nuke,1,1,48.0,1.3953488372093024,-13.627906976744182,-24,1,1.1111111111111112,1.1111111111111112,-0.10416666666666663,-0.08333333333333331,0.4054651081081645,53.333333333333336,1.550387596899225,-654.1395348837207
4206,2091,2025-04-27,Dust2,0,-1,-14.0,-0.012244897959183654,10.773469387755107,1,2,-0.6153846153846154,-0.6153846153846154,-0.02777777777777768,0.11111111111111105,0.2876820724517808,8.615384615384617,0.007535321821036095,-150.82857142857148
2172,1156,2025-04-27,Mirage,1,1,-590.0,-0.7,152.25,-2,0,-2.0,-2.0,-0.20833333333333331,0.0625,0.4054651081081645,1180.0,1.4,-89827.5
2166,1155,2025-04-27,Nuke,1,-1,-1.0,0.4046511627906975,-9.572093023255817,9,1,-1.1111111111111112,-1.1111111111111112,0.0,0.08333333333333331,0.0,1.1111111111111112,-0.44961240310077505,9.572093023255817
2167,1155,2025-04-27,Dust2,1,1,-1.0,0.4046511627906975,-9.572093023255817,9,1,0.7777777777777778,0.7777777777777778,0.0,-0.23611111111111116,0.8472978603872034,-0.7777777777777778,0.3147286821705425,9.572093023255817
2168,1155,2025-04-27,Train,1,-1,-1.0,0.4046511627906975,-9.572093023255817,9,1,-0.6666666666666666,-0.6666666666666666,-0.04166666666666663,-0.16666666666666669,0.6931471805599453,0.6666666666666666,-0.269767441860465,9.572093023255817
2173,1156,2025-04-27,Nuke,1,-1,-590.0,-0.7,152.25,-2,0,0.0,0.0,0.0,-0.16666666666666666,0.0,-0.0,-0.0,-89827.5
2169,1156,2025-04-27,Inferno,1,-1,-590.0,-0.7,152.25,-2,0,-1.1111111111111112,-1.1111111111111112,-0.10416666666666663,0.0625,0.4054651081081645,655.5555555555555,0.7777777777777778,-89827.5
2170,1156,2025-04-27,Dust2,1,1,-590.0,-0.7,152.25,-2,0,0.0,0.0,0.0,0.0,0.6931471805599453,0.0,0.0,-89827.5
2171,1156,2025-04-27,Train,1,-1,-590.0,-0.7,152.25,-2,0,0.0,0.0,0.0,0.0,1.0986122886681098,0.0,0.0,-89827.5
4195,2087,2025-04-28,Ancient,0,-1,-34.0,0.0,0.0,30,-4,0.0,0.0,0.0,0.0,-0.6931471805599453,0.0,0.0,0.0
4197,2088,2025-04-28,Anubis,0,1,48.0,0.0,0.0,-992,3,0.0,0.0,0.0,0.0,0.6931471805599453,0.0,0.0,0.0
4198,2088,2025-04-28,Train,0,1,48.0,0.0,0.0,-992,3,0.0,0.0,0.0,0.0,1.0986122886681098,0.0,0.0,0.0
4199,2089,2025-04-28,Mirage,0,1,34.0,0.0,0.0,-999,4,0.0,0.0,0.0,0.0,1.791759469228055,0.0,0.0,0.0
4200,2089,2025-04-28,Nuke,0,-1,34.0,0.0,0.0,-999,4,0.0,0.0,0.0,0.0,0.0,0.0,0.0,0.0
4201,2089,2025-04-28,Anubis,0,1,34.0,0.0,0.0,-999,4,0.0,0.0,0.0,0.0,1.3862943611198906,0.0,0.0,0.0
4196,2087,2025-04-28,Mirage,0,-1,-34.0,0.0,0.0,30,-4,0.0,0.0,0.0,0.0,-1.791759469228055,0.0,0.0,0.0
4194,2086,2025-04-29,Anubis,0,-1,-34.0,0.0,0.0,30,-6,0.0,0.0,0.0,0.0,-1.791759469228055,0.0,0.0,0.0
4193,2086,2025-04-29,Dust2,0,-1,-34.0,0.0,0.0,30,-6,0.0,0.0,0.0,0.0,0.0,0.0,0.0,0.0
4192,2086,2025-04-29,Nuke,0,1,-34.0,0.0,0.0,30,-6,0.0,0.0,0.0,0.0,-0.6931471805599453,0.0,0.0,0.0
4191,2085,2025-04-29,Mirage,0,-1,34.0,0.4,-46.99999999999999,-14,5,1.7142857142857144,1.7142857142857144,-0.02083333333333326,-0.3333333333333333,1.252762968495368,58.28571428571429,0.6857142857142858,-1597.9999999999998
4190,2085,2025-04-29,Anubis,0,-1,34.0,0.4,-46.99999999999999,-14,5,-1.1304347826086956,-1.1304347826086956,-0.0666666666666666,0.1833333333333334,1.0986122886681096,-38.43478260869565,-0.45217391304347826,-1597.9999999999998
4189,2085,2025-04-29,Train,0,1,34.0,0.4,-46.99999999999999,-14,5,0.0,0.0,0.0,0.0,0.6931471805599453,0.0,0.0,-1597.9999999999998
4183,2082,2025-04-30,Anubis,0,1,57.0,1.7999999999999998,-73.0,15,-1,0.0,0.0,0.0,0.0,1.3862943611198906,0.0,0.0,-4161.0
4182,2082,2025-04-30,Inferno,0,-1,57.0,1.7999999999999998,-73.0,15,-1,0.0,0.0,0.0,0.0,1.3862943611198906,0.0,0.0,-4161.0
4181,2082,2025-04-30,Nuke,0,1,57.0,1.7999999999999998,-73.0,15,-1,0.0,0.0,0.125,0.0,0.0,0.0,0.0,-4161.0
4180,2081,2025-04-30,Nuke,0,-1,41.0,0.0,0.0,-994,6,0.0,0.0,0.0,0.0,2.5649493574615367,0.0,0.0,0.0
4185,2083,2025-04-30,Ancient,0,-1,-34.0,-0.7294117647058824,38.941176470588225,4,-6,0.0,0.0,0.0,-0.14583333333333334,-0.4054651081081645,-0.0,-0.0,-1323.9999999999995
4179,2081,2025-04-30,Train,0,1,41.0,0.0,0.0,-994,6,0.0,0.0,0.0,0.0,1.6094379124341003,0.0,0.0,0.0
4186,2083,2025-04-30,Anubis,0,-1,-34.0,-0.7294117647058824,38.941176470588225,4,-6,-1.0714285714285714,-1.0714285714285714,-0.2777777777777778,0.03472222222222221,-1.252762968495368,36.42857142857143,0.7815126050420169,-1323.9999999999995
2157,1151,2025-04-30,Mirage,1,-1,59.0,1.0,-9.399999999999991,-22,7,0.0,0.0,0.0,0.0,2.1972245773362196,0.0,0.0,-554.5999999999995
4188,2084,2025-04-30,Mirage,0,1,48.0,0.4031007751937985,-34.0,-2,3,0.6666666666666666,0.6666666666666666,0.1111111111111111,0.08333333333333337,0.6931471805599453,32.0,0.268733850129199,-1632.0
2156,1151,2025-04-30,Inferno,1,1,59.0,1.0,-9.399999999999991,-22,7,0.0,0.0,-0.22916666666666669,-0.125,0.916290731874155,0.0,0.0,-554.5999999999995
4178,2081,2025-04-30,Mirage,0,-1,41.0,0.0,0.0,-994,6,0.0,0.0,0.0,0.0,2.0794415416798357,0.0,0.0,0.0
2162,1153,2025-04-30,Dust2,1,1,73.0,1.6,-50.1,3,5,0.0,0.0,0.0,0.0,1.3862943611198906,0.0,0.0,-3657.3
2161,1153,2025-04-30,Nuke,1,1,73.0,1.6,-50.1,3,5,0.0,0.0,0.25000000000000006,0.125,0.0,0.0,0.0,-3657.3
2160,1152,2025-04-30,Nuke,1,1,307.0,0.0,0.0,30,-1,0.0,0.0,0.0,0.0,-0.6931471805599453,0.0,0.0,0.0
2159,1152,2025-04-30,Mirage,1,1,307.0,0.0,0.0,30,-1,0.0,0.0,0.0,0.0,0.0,0.0,0.0,0.0
2158,1151,2025-04-30,Dust2,1,1,59.0,1.0,-9.399999999999991,-22,7,0.0,0.0,0.0,0.0,1.6094379124341003,0.0,0.0,-554.5999999999995
4187,2084,2025-04-30,Nuke,0,1,48.0,0.4031007751937985,-34.0,-2,3,0.0,0.0,0.0,-0.41666666666666663,0.0,0.0,0.0,-1632.0
4177,2080,2025-04-30,Default,0,1,48.0,0.0,0.0,-999,4,0.0,0.0,0.0,0.0,0.6931471805599453,0.0,0.0,0.0
4184,2083,2025-04-30,Mirage,0,1,-34.0,-0.7294117647058824,38.941176470588225,4,-6,-1.4545454545454546,-1.4545454545454546,-0.0714285714285714,0.17857142857142855,-1.3862943611198904,49.45454545454545,1.0609625668449199,-1323.9999999999995
4173,2078,2025-05-01,Train,0,1,34.0,0.0,0.0,-999,9,0.0,0.0,0.0,0.0,1.3862943611198906,0.0,0.0,0.0
2146,1146,2025-05-01,Anubis,1,1,73.0,1.6,-12.100000000000001,-29,7,0.0,0.0,0.0,0.0,1.6094379124341003,0.0,0.0,-883.3000000000001
2144,1145,2025-05-01,Train,1,-1,-629.0,0.08780487804878045,-307.20000000000005,5,-1,0.0,0.0,0.0,0.0,-0.6931471805599453,0.0,0.0,193228.80000000002
2143,1145,2025-05-01,Inferno,1,-1,-629.0,0.08780487804878045,-307.20000000000005,5,-1,-1.0,-1.0,-0.14583333333333331,0.18749999999999997,0.0,629.0,-0.08780487804878045,193228.80000000002
2142,1145,2025-05-01,Mirage,1,1,-629.0,0.08780487804878045,-307.20000000000005,5,-1,1.1111111111111112,1.1111111111111112,0.0,-0.16666666666666663,-0.4054651081081645,-698.8888888888889,0.09756097560975606,193228.80000000002
2141,1144,2025-05-01,Inferno,1,-1,59.0,0.5333333333333334,-330.7,-9,6,-1.53125,-1.53125,-0.14999999999999997,0.2666666666666667,1.0986122886681096,-90.34375,-0.8166666666666669,-19511.3
4172,2078,2025-05-01,Anubis,0,1,34.0,0.0,0.0,-999,9,0.0,0.0,0.0,0.0,2.1972245773362196,0.0,0.0,0.0
2139,1143,2025-05-01,Nuke,1,-1,-190.0,-1.2,587.4,-7,1,-1.0,-1.0,-0.14583333333333331,0.16666666666666663,0.0,190.0,1.2,-111606.0
2138,1143,2025-05-01,Inferno,1,-1,-190.0,-1.2,587.4,-7,1,0.0,0.0,0.0,0.0,-1.0986122886681098,0.0,0.0,-111606.0
2137,1142,2025-05-01,Dust2,1,-1,-103.0,1.148936170212766,-740.6382978723406,-3,-2,0.0,0.0,0.0,0.0,-1.0986122886681098,0.0,0.0,76285.74468085107
2136,1142,2025-05-01,Ancient,1,-1,-103.0,1.148936170212766,-740.6382978723406,-3,-2,0.0,0.0,0.0,0.0,-0.6931471805599453,0.0,0.0,76285.74468085107
2135,1142,2025-05-01,Mirage,1,1,-103.0,1.148936170212766,-740.6382978723406,-3,-2,1.2307692307692308,1.2307692307692308,0.055555555555555525,-0.4583333333333333,-0.6931471805599453,-126.76923076923077,1.4140752864157122,76285.74468085107
2140,1144,2025-05-01,Mirage,1,-1,59.0,0.5333333333333334,-330.7,-9,6,1.5121951219512195,1.5121951219512195,0.10648148148148145,-0.1342592592592592,1.6094379124341005,89.21951219512195,0.8065040650406505,-19511.3
2145,1146,2025-05-01,Ancient,1,1,73.0,1.6,-12.100000000000001,-29,7,1.565217391304348,1.565217391304348,0.125,-0.16666666666666663,1.0986122886681096,114.26086956521739,2.5043478260869567,-883.3000000000001
4174,2079,2025-05-01,Train,0,-1,-48.0,-0.8452380952380953,108.0952380952381,4,-3,0.0,0.0,0.0,0.0,-1.6094379124341003,0.0,0.0,-5188.571428571429
4175,2079,2025-05-01,Anubis,0,1,-48.0,-0.8452380952380953,108.0952380952381,4,-3,-1.1111111111111112,-1.1111111111111112,-0.0625,0.02083333333333326,-0.4054651081081645,53.333333333333336,0.9391534391534393,-5188.571428571429
4176,2079,2025-05-01,Ancient,0,-1,-48.0,-0.8452380952380953,108.0952380952381,4,-3,0.0,0.0,0.15625,-0.020833333333333315,-0.5108256237659905,-0.0,-0.0,-5188.571428571429
4171,2078,2025-05-01,Ancient,0,-1,34.0,0.0,0.0,-999,9,0.0,0.0,0.0,0.0,1.6094379124341003,0.0,0.0,0.0
4170,2078,2025-05-01,Mirage,0,-1,34.0,0.0,0.0,-999,9,0.0,0.0,0.0,0.0,2.1972245773362196,0.0,0.0,0.0
4163,2076,2025-05-01,Train,0,1,-34.0,-1.0,37.0,29,-9,0.0,0.0,0.0,0.0,-1.3862943611198906,0.0,0.0,-1258.0
4169,2078,2025-05-01,Dust2,0,1,34.0,0.0,0.0,-999,9,0.0,0.0,0.0,0.0,0.6931471805599453,0.0,0.0,0.0
4168,2077,2025-05-01,Train,0,1,-48.0,0.0,0.0,30,-6,0.0,0.0,0.0,0.0,-1.6094379124341003,0.0,0.0,0.0
4167,2077,2025-05-01,Nuke,0,-1,-48.0,0.0,0.0,30,-6,0.0,0.0,0.0,0.0,-1.0986122886681098,0.0,0.0,0.0
4166,2077,2025-05-01,Mirage,0,1,-48.0,0.0,0.0,30,-6,0.0,0.0,0.0,0.0,-1.6094379124341003,0.0,0.0,0.0
4165,2076,2025-05-01,Ancient,0,-1,-34.0,-1.0,37.0,29,-9,0.0,0.0,0.0,0.0,-1.6094379124341003,0.0,0.0,-1258.0
4164,2076,2025-05-01,Anubis,0,-1,-34.0,-1.0,37.0,29,-9,0.0,0.0,0.0,0.0,-2.1972245773362196,0.0,0.0,-1258.0
2134,1141,2025-05-02,Ancient,1,-1,-59.0,-0.8,28.3,0,-5,-1.5454545454545454,-1.5454545454545454,-0.23333333333333334,-0.03333333333333344,-0.6931471805599452,91.18181818181817,1.2363636363636363,-1669.7
2133,1141,2025-05-02,Inferno,1,-1,-59.0,-0.8,28.3,0,-5,0.0,0.0,0.0,0.0,-1.9459101490553132,0.0,0.0,-1669.7
2130,1139,2025-05-02,Dust2,1,-1,-307.0,-0.7652173913043478,-185.5217391304348,5,0,0.0,0.0,-0.35416666666666663,-0.125,0.4054651081081645,-0.0,-0.0,56955.17391304349
4162,2075,2025-05-02,Train,0,-1,41.0,0.0,0.0,-997,6,0.0,0.0,0.0,0.0,1.791759469228055,0.0,0.0,0.0
2129,1139,2025-05-02,Anubis,1,-1,-307.0,-0.7652173913043478,-185.5217391304348,5,0,0.0,0.0,0.0,0.0,1.0986122886681098,0.0,0.0,56955.17391304349
2128,1138,2025-05-02,Inferno,1,-1,-69.0,0.2857142857142857,89.0,-11,1,2.0,2.0,0.16666666666666663,-0.33333333333333326,0.0,-138.0,0.5714285714285714,-6141.0
2127,1138,2025-05-02,Dust2,1,-1,-69.0,0.2857142857142857,89.0,-11,1,0.0,0.0,0.0,0.0,-1.3862943611198906,0.0,0.0,-6141.0
4160,2075,2025-05-02,Inferno,0,-1,41.0,0.0,0.0,-997,6,0.0,0.0,0.0,0.0,1.3862943611198906,0.0,0.0,0.0
4161,2075,2025-05-02,Nuke,0,1,41.0,0.0,0.0,-997,6,0.0,0.0,0.0,0.0,2.6390573296152584,0.0,0.0,0.0
4156,2073,2025-05-03,Ancient,0,1,-57.0,-1.7674418604651163,56.99999999999999,21,-1,0.0,0.0,0.0,0.0,-0.6931471805599453,0.0,0.0,-3248.9999999999995
4158,2074,2025-05-03,Train,0,-1,41.0,0.27329192546583847,-185.71428571428572,-9,5,-1.0,-1.0,-0.11805555555555552,0.048611111111111105,0.8472978603872034,-41.0,-0.27329192546583847,-7614.285714285715
4159,2074,2025-05-03,Mirage,0,-1,41.0,0.27329192546583847,-185.71428571428572,-9,5,1.2121212121212122,1.2121212121212122,0.13541666666666669,-0.10416666666666663,1.0986122886681098,49.696969696969695,0.3312629399585921,-7614.285714285715
2121,1136,2025-05-03,Dust2,1,-1,59.0,-0.2727272727272727,-210.88181818181818,-1,5,0.0,0.0,0.0,0.0,1.791759469228055,0.0,0.0,-12442.027272727273
4155,2073,2025-05-03,Inferno,0,-1,-57.0,-1.7674418604651163,56.99999999999999,21,-1,0.0,0.0,0.0,0.0,-1.6094379124341003,0.0,0.0,-3248.9999999999995
4150,2071,2025-05-03,Nuke,0,-1,48.0,0.0,0.0,-997,6,0.0,0.0,0.0,0.0,1.3862943611198906,0.0,0.0,0.0
4153,2072,2025-05-03,Dust2,0,1,37.0,-0.34324942791762014,-267.8512585812357,0,4,-0.6666666666666666,-0.6666666666666666,-0.02777777777777768,-0.06944444444444442,0.6931471805599453,-24.666666666666664,0.22883295194508008,-9910.496567505721
4152,2071,2025-05-03,Ancient,0,-1,48.0,0.0,0.0,-997,6,0.0,0.0,0.0,0.0,1.791759469228055,0.0,0.0,0.0
4151,2071,2025-05-03,Mirage,0,1,48.0,0.0,0.0,-997,6,0.0,0.0,0.0,0.0,1.791759469228055,0.0,0.0,0.0
2122,1136,2025-05-03,Inferno,1,1,59.0,-0.2727272727272727,-210.88181818181818,-1,5,-1.3406593406593406,-1.3406593406593406,-0.14285714285714285,0.21726190476190477,0.980829253011726,-79.0989010989011,0.3656343656343656,-12442.027272727273
2123,1136,2025-05-03,Mirage,1,-1,59.0,-0.2727272727272727,-210.88181818181818,-1,5,0.20707070707070713,0.20707070707070713,-0.008333333333333304,0.06666666666666665,1.2992829841302609,12.21717171717172,-0.05647382920110194,-12442.027272727273
4148,2069,2025-05-03,Train,0,1,47.0,1.3636363636363638,-64.54545454545455,-31,2,0.0,0.0,0.0,0.0,1.6094379124341003,0.0,0.0,-3033.6363636363635
4149,2070,2025-05-03,Dust2,0,1,47.0,0.0,0.0,-999,2,0.0,0.0,0.0,0.0,2.0794415416798357,0.0,0.0,0.0
4157,2073,2025-05-03,Train,0,1,-57.0,-1.7674418604651163,56.99999999999999,21,-1,0.0,0.0,0.0,0.0,0.0,0.0,0.0,-3248.9999999999995
4154,2072,2025-05-03,Anubis,0,1,37.0,-0.34324942791762014,-267.8512585812357,0,4,0.0,0.0,0.0,0.0,2.0794415416798357,0.0,0.0,-9910.496567505721
2114,1131,2025-05-04,Mirage,1,1,0.0,0.0,0.0,0,0,0.0,0.0,0.0,0.0,0.0,0.0,0.0,0.0
4141,2066,2025-05-04,Nuke,0,-1,37.0,-0.1333333333333333,-7.93333333333333,0,5,-0.5882352941176471,-0.5882352941176471,0.05555555555555558,0.22222222222222227,0.6931471805599453,-21.764705882352942,0.07843137254901959,-293.5333333333332
4147,2068,2025-05-04,Default,0,-1,-57.0,-0.3652173913043479,58.304347826086946,4,-2,0.0,0.0,0.0,0.0,-1.9459101490553132,0.0,0.0,-3323.347826086956
4146,2068,2025-05-04,Inferno,0,-1,-57.0,-0.3652173913043479,58.304347826086946,4,-2,-1.620253164556962,-1.620253164556962,-0.03472222222222221,0.24305555555555552,-0.8472978603872034,92.35443037974683,0.591744634012108,-3323.347826086956
4139,2066,2025-05-04,Anubis,0,-1,37.0,-0.1333333333333333,-7.93333333333333,0,5,0.0,0.0,0.0,0.0,2.1972245773362196,0.0,0.0,-293.5333333333332
4140,2066,2025-05-04,Dust2,0,1,37.0,-0.1333333333333333,-7.93333333333333,0,5,0.0,0.0,0.0,0.0,1.6094379124341003,0.0,0.0,-293.5333333333332
4142,2067,2025-05-04,Default,0,1,-57.0,0.06956521739130439,56.99999999999999,1,-2,-1.6,-1.6,-0.034722222222222224,0.034722222222222224,-0.8472978603872034,91.2,-0.11130434782608703,-3248.9999999999995
4143,2067,2025-05-04,Inferno,0,-1,-57.0,0.06956521739130439,56.99999999999999,1,-2,-1.620253164556962,-1.620253164556962,-0.1597222222222222,0.18055555555555552,-1.252762968495368,92.35443037974683,-0.11271326362135395,-3248.9999999999995
4144,2067,2025-05-04,Nuke,0,1,-57.0,0.06956521739130439,56.99999999999999,1,-2,0.0,0.0,0.0,0.0,-1.0986122886681098,0.0,0.0,-3248.9999999999995
4145,2067,2025-05-04,Ancient,0,1,-57.0,0.06956521739130439,56.99999999999999,1,-2,1.1111111111111112,1.1111111111111112,0.04166666666666663,0.04166666666666663,-0.4054651081081645,-63.333333333333336,0.07729468599033822,-3248.9999999999995
4137,2065,2025-05-05,Train,0,1,47.0,0.5454545454545454,-33.90909090909091,-17,4,0.49631449631449626,0.49631449631449626,0.2013888888888889,-0.10416666666666669,0.8472978603872034,23.326781326781322,0.2707169979897252,-1593.7272727272725
4127,2060,2025-05-05,Mirage,0,-1,48.0,0.0,0.0,-999,8,0.0,0.0,0.0,0.0,1.9459101490553132,0.0,0.0,0.0
4138,2065,2025-05-05,Dust2,0,1,47.0,0.5454545454545454,-33.90909090909091,-17,4,0.8711288711288712,0.8711288711288712,0.02083333333333326,-0.26562499999999994,1.0986122886681098,40.943056943056945,0.4751612024339297,-1593.7272727272725
4129,2060,2025-05-05,Nuke,0,1,48.0,0.0,0.0,-999,8,0.0,0.0,0.0,0.0,1.6094379124341003,0.0,0.0,0.0
4130,2061,2025-05-05,Train,0,1,-34.0,0.01739130434782607,38.52173913043478,2,-9,-1.0909090909090908,-1.0909090909090908,0.020833333333333315,0.11458333333333331,-0.916290731874155,37.090909090909086,-0.018972332015810257,-1309.7391304347825
4128,2060,2025-05-05,Train,0,1,48.0,0.0,0.0,-999,8,0.0,0.0,0.0,0.0,1.9459101490553132,0.0,0.0,0.0
4133,2062,2025-05-05,Train,0,1,48.0,1.0,-34.0,-7,7,0.0,0.0,0.0,0.0,1.9459101490553132,0.0,0.0,-1632.0
4132,2062,2025-05-05,Dust2,0,1,48.0,1.0,-34.0,-7,7,0.0,0.0,0.0,0.0,1.6094379124341003,0.0,0.0,-1632.0
4134,2063,2025-05-05,Default,0,1,41.0,0.75,-48.0,-3,6,0.0,0.0,0.0,0.0,-0.6931471805599453,0.0,0.0,-1968.0
4136,2064,2025-05-05,Train,0,-1,-47.0,-0.7878787878787878,33.90909090909091,30,-4,0.0,0.0,0.0,0.0,-1.9459101490553132,0.0,0.0,-1593.7272727272725
4135,2064,2025-05-05,Mirage,0,-1,-47.0,-0.7878787878787878,33.90909090909091,30,-4,-1.25,-1.25,0.05555555555555558,0.20833333333333331,-0.6931471805599453,58.75,0.9848484848484849,-1593.7272727272725
4131,2061,2025-05-05,Dust2,0,1,-34.0,0.01739130434782607,38.52173913043478,2,-9,0.0,0.0,0.0,0.0,-1.0986122886681098,0.0,0.0,-1309.7391304347825
4116,2055,2025-05-06,Dust2,0,-1,-381.0,-0.6193548387096774,24.90967741935484,-3,1,0.0,0.0,0.0,0.0,-1.791759469228055,0.0,0.0,-9490.587096774194
4117,2055,2025-05-06,Mirage,0,-1,-381.0,-0.6193548387096774,24.90967741935484,-3,1,0.15458937198067632,0.15458937198067632,0.03125,-0.00520833333333337,-1.0986122886681098,-58.89855072463768,-0.09574567554932212,-9490.587096774194
4118,2056,2025-05-06,Anubis,0,1,59.0,0.6363636363636364,-40.36363636363637,-3,6,0.6666666666666666,0.6666666666666666,0.12499999999999994,0.05555555555555558,0.6931471805599453,39.33333333333333,0.4242424242424242,-2381.4545454545455
4119,2056,2025-05-06,Mirage,0,1,59.0,0.6363636363636364,-40.36363636363637,-3,6,1.1914893617021276,1.1914893617021276,0.022727272727272707,-0.1098484848484848,1.3862943611198906,70.29787234042553,0.7582205029013539,-2381.4545454545455
4121,2057,2025-05-06,Mirage,0,-1,-48.0,0.3333333333333333,48.0,4,-7,1.1304347826086958,1.1304347826086958,0.029761904761904656,-0.08333333333333331,-1.3862943611198904,-54.2608695652174,0.37681159420289856,-2304.0
4122,2058,2025-05-06,Ancient,0,-1,57.0,0.0,0.0,-997,4,0.0,0.0,0.0,0.0,1.3862943611198906,0.0,0.0,0.0
4123,2058,2025-05-06,Inferno,0,1,57.0,0.0,0.0,-997,4,0.0,0.0,0.0,0.0,2.0794415416798357,0.0,0.0,0.0
4124,2058,2025-05-06,Anubis,0,1,57.0,0.0,0.0,-997,4,0.0,0.0,0.0,0.0,1.6094379124341003,0.0,0.0,0.0
4125,2059,2025-05-06,Ancient,0,-1,34.0,0.19999999999999998,-177.0,-14,11,1.565217391304348,1.565217391304348,0.16666666666666663,-0.20833333333333331,1.0986122886681096,53.21739130434783,0.31304347826086953,-6018.0
4126,2059,2025-05-06,Nuke,0,-1,34.0,0.19999999999999998,-177.0,-14,11,0.0,0.0,-0.0625,-0.125,0.4054651081081645,0.0,0.0,-6018.0
4120,2057,2025-05-06,Nuke,0,-1,-48.0,0.3333333333333333,48.0,4,-7,-1.5833333333333335,-1.5833333333333335,0.05833333333333335,0.26666666666666666,-1.0986122886681096,76.0,-0.5277777777777778,-2304.0
4112,2053,2025-05-07,Mirage,0,-1,47.0,1.1116333725029377,-34.47826086956522,0,4,0.0,0.0,0.0,0.0,1.6094379124341003,0.0,0.0,-1620.4782608695652
4113,2053,2025-05-07,Nuke,0,1,47.0,1.1116333725029377,-34.47826086956522,0,4,0.0,0.0,0.0,0.0,1.3862943611198906,0.0,0.0,-1620.4782608695652
4101,2049,2025-05-07,Inferno,0,1,-340.0,-0.42857142857142866,0.0,-1,6,0.0,0.0,0.0,0.0,1.6094379124341003,0.0,0.0,-0.0
4097,2048,2025-05-07,Mirage,0,-1,-59.0,0.0,0.0,30,-9,0.0,0.0,0.0,0.0,-2.5649493574615367,0.0,0.0,0.0
4098,2048,2025-05-07,Train,0,1,-59.0,0.0,0.0,30,-9,0.0,0.0,0.0,0.0,-1.0986122886681098,0.0,0.0,0.0
4099,2048,2025-05-07,Dust2,0,-1,-59.0,0.0,0.0,30,-9,0.0,0.0,0.0,0.0,-1.9459101490553132,0.0,0.0,0.0
4100,2049,2025-05-07,Ancient,0,1,-340.0,-0.42857142857142866,0.0,-1,6,0.16397515527950313,0.16397515527950313,-0.019097222222222265,0.02777777777777779,0.25131442828090633,-55.75155279503106,-0.0702750665483585,-0.0
4102,2050,2025-05-07,Anubis,0,1,-34.0,-0.8,56.99999999999999,21,-12,-1.4336283185840708,-1.4336283185840708,-0.4351851851851852,0.055555555555555525,-1.6094379124341005,48.743362831858406,1.1469026548672567,-1937.9999999999998
4103,2050,2025-05-07,Mirage,0,-1,-34.0,-0.8,56.99999999999999,21,-12,0.0,0.0,0.0,0.0,-2.302585092994046,0.0,0.0,-1937.9999999999998
4104,2050,2025-05-07,Ancient,0,1,-34.0,-0.8,56.99999999999999,21,-12,-1.2857142857142856,-1.2857142857142856,-0.4444444444444445,0.17361111111111105,-1.252762968495368,43.71428571428571,1.0285714285714285,-1937.9999999999998
4105,2051,2025-05-07,Anubis,0,-1,41.0,-0.3333333333333333,-42.5,-3,6,0.0,0.0,0.0,-0.20833333333333334,0.0,0.0,-0.0,-1742.5
4106,2051,2025-05-07,Train,0,1,41.0,-0.3333333333333333,-42.5,-3,6,0.0,0.0,0.0,0.0,2.0794415416798357,0.0,0.0,-1742.5
4108,2052,2025-05-07,Nuke,0,1,-89.0,-0.3999999999999999,61.6,-15,1,0.0,0.0,0.0,0.0,-0.6931471805599453,0.0,0.0,-5482.400000000001
4109,2052,2025-05-07,Inferno,0,-1,-89.0,-0.3999999999999999,61.6,-15,1,0.0,0.0,0.0,0.0,-1.3862943611198906,0.0,0.0,-5482.400000000001
4110,2052,2025-05-07,Ancient,0,-1,-89.0,-0.3999999999999999,61.6,-15,1,-0.9090909090909092,-0.9090909090909092,-0.07291666666666669,0.13541666666666663,-0.916290731874155,80.90909090909092,0.3636363636363636,-5482.400000000001
4107,2051,2025-05-07,Mirage,0,-1,41.0,-0.3333333333333333,-42.5,-3,6,1.1627906976744187,1.1627906976744187,-0.004166666666666652,-0.10416666666666663,1.7047480922384253,47.674418604651166,-0.3875968992248062,-1742.5
4115,2054,2025-05-07,Mirage,0,1,41.0,0.0,-41.0,-34,8,0.0,0.0,0.0,0.0,2.3978952727983707,0.0,0.0,-1681.0
4114,2054,2025-05-07,Default,0,1,41.0,0.0,-41.0,-34,8,0.0,0.0,0.0,0.0,0.6931471805599453,0.0,0.0,-1681.0
4111,2053,2025-05-07,Inferno,0,1,47.0,1.1116333725029377,-34.47826086956522,0,4,0.0,0.0,0.0,0.0,0.0,0.0,0.0,-1620.4782608695652
4092,2045,2025-05-08,Anubis,0,-1,-47.0,-0.9659863945578232,43.08163265306123,20,-6,-2.0,-2.0,-0.12499999999999994,0.22916666666666663,-0.4054651081081645,94.0,1.9319727891156464,-2024.8367346938776
4093,2046,2025-05-08,Inferno,0,1,89.0,0.0,0.0,-998,1,0.0,0.0,0.0,0.0,1.6094379124341003,0.0,0.0,0.0
4094,2046,2025-05-08,Anubis,0,1,89.0,0.0,0.0,-998,1,0.0,0.0,0.0,0.0,1.3862943611198906,0.0,0.0,0.0
4095,2047,2025-05-08,Nuke,0,1,-41.0,1.2,394.0,30,-10,0.0,0.0,0.0,0.0,-2.772588722239781,0.0,0.0,-16154.0
4096,2047,2025-05-08,Mirage,0,1,-41.0,1.2,394.0,30,-10,0.0,0.0,0.0,0.0,-2.6390573296152584,0.0,0.0,-16154.0
4081,2041,2025-05-08,Dust2,0,-1,-381.0,-0.3,35.48181818181817,-1,1,0.0,0.0,0.0,0.0,-1.9459101490553132,0.0,0.0,-13518.572727272724
4082,2041,2025-05-08,Anubis,0,1,-381.0,-0.3,35.48181818181817,-1,1,-1.0,-1.0,-0.14583333333333331,0.04166666666666663,0.0,381.0,0.3,-13518.572727272724
4083,2041,2025-05-08,Train,0,-1,-381.0,-0.3,35.48181818181817,-1,1,0.0,0.0,0.0,0.0,-0.6931471805599453,0.0,0.0,-13518.572727272724
4084,2042,2025-05-08,Mirage,0,-1,-18.0,-0.6000000000000001,88.0,-1,0,-0.47994987468671685,-0.47994987468671685,-0.028846153846153855,0.05769230769230771,0.0,8.639097744360903,0.28796992481203015,-1584.0
4085,2042,2025-05-08,Inferno,0,-1,-18.0,-0.6000000000000001,88.0,-1,0,0.0026478375992938785,0.0026478375992938785,0.008333333333333304,0.04062500000000002,-0.4054651081081646,-0.04766107678728981,-0.0015887025595763273,-1584.0
4086,2043,2025-05-08,Dust2,0,1,34.0,-0.004651162790697605,-107.34883720930233,-6,10,0.6974789915966386,0.6974789915966386,0.23611111111111116,-0.11111111111111105,0.0,23.71428571428571,-0.003244088333007573,-3649.860465116279
4087,2043,2025-05-08,Anubis,0,1,34.0,-0.004651162790697605,-107.34883720930233,-6,10,0.13688888888888884,0.13688888888888884,0.02916666666666662,-0.008333333333333304,1.2992829841302609,4.65422222222222,-0.0006366925064599386,-3649.860465116279
4091,2045,2025-05-08,Mirage,0,1,-47.0,-0.9659863945578232,43.08163265306123,20,-6,0.8709677419354839,0.8709677419354839,0.02499999999999991,-0.08333333333333331,-1.0986122886681096,-40.935483870967744,-0.8413429888084266,-2024.8367346938776
4088,2044,2025-05-08,Nuke,0,-1,41.0,0.09999999999999998,43.20000000000001,0,6,0.20224719101123598,0.20224719101123598,0.008333333333333304,-0.08333333333333331,1.6739764335716714,8.292134831460675,0.020224719101123594,1771.2000000000005
4089,2044,2025-05-08,Mirage,0,-1,41.0,0.09999999999999998,43.20000000000001,0,6,0.8771929824561404,0.8771929824561404,0.06517094017094016,-0.08012820512820512,1.2527629684953678,35.96491228070175,0.08771929824561402,1771.2000000000005
4090,2045,2025-05-08,Dust2,0,-1,-47.0,-0.9659863945578232,43.08163265306123,20,-6,-1.8113207547169812,-1.8113207547169812,-0.24999999999999994,0.28703703703703703,-1.6094379124341005,85.13207547169812,1.7497112052368118,-2024.8367346938776
4080,2040,2025-05-09,Nuke,0,1,89.0,0.0,0.0,-999,3,0.0,0.0,0.0,0.0,1.0986122886681098,0.0,0.0,0.0
4079,2040,2025-05-09,Ancient,0,1,89.0,0.0,0.0,-999,3,0.0,0.0,0.0,0.0,1.9459101490553132,0.0,0.0,0.0
4075,2038,2025-05-09,Mirage,0,1,47.0,1.2666666666666666,-47.0,-3,6,0.9090909090909091,0.9090909090909091,0.020833333333333315,-0.13194444444444436,0.8472978603872034,42.72727272727273,1.1515151515151514,-2209.0
4076,2039,2025-05-09,Dust2,0,-1,41.0,-0.4,47.0,-28,11,0.0,0.0,0.0,0.0,1.0986122886681098,0.0,0.0,1927.0
4069,2036,2025-05-09,Dust2,0,-1,-48.0,0.6,43.333333333333336,22,-9,1.1147540983606556,1.1147540983606556,0.13333333333333325,-0.125,-1.0986122886681096,-53.50819672131147,0.6688524590163933,-2080.0
4070,2036,2025-05-09,Train,0,1,-48.0,0.6,43.333333333333336,22,-9,0.5333333333333333,0.5333333333333333,0.04166666666666663,-0.01785714285714285,-1.3862943611198904,-25.6,0.32,-2080.0
4071,2036,2025-05-09,Nuke,0,1,-48.0,0.6,43.333333333333336,22,-9,0.0,0.0,0.0,0.0,-1.9459101490553132,0.0,0.0,-2080.0
4072,2037,2025-05-09,Mirage,0,-1,-89.0,-0.7801418439716312,46.99999999999999,1,-2,1.0909090909090908,1.0909090909090908,0.10416666666666663,0.08333333333333331,0.0,-97.09090909090908,-0.851063829787234,-4182.999999999999
4073,2037,2025-05-09,Ancient,0,-1,-89.0,-0.7801418439716312,46.99999999999999,1,-2,0.0,0.0,0.0,0.0,-1.9459101490553132,0.0,0.0,-4182.999999999999
4074,2038,2025-05-09,Train,0,1,47.0,1.2666666666666666,-47.0,-3,6,1.50561797752809,1.50561797752809,0.2202380952380953,-0.1904761904761904,1.3862943611198904,70.76404494382022,1.907116104868914,-2209.0
4078,2039,2025-05-09,Ancient,0,-1,41.0,-0.4,47.0,-28,11,-0.44859813084112155,-0.44859813084112155,-0.02777777777777768,0.1388888888888889,1.6094379124341005,-18.39252336448598,0.17943925233644864,1927.0
4077,2039,2025-05-09,Nuke,0,1,41.0,-0.4,47.0,-28,11,1.1088082901554404,1.1088082901554404,-0.0026041666666666297,-0.11718749999999994,2.1400661634962708,45.461139896373055,-0.44352331606217615,1927.0
2075,1117,2025-05-10,Nuke,1,1,250.0,0.6285714285714286,-18.48571428571435,-7,3,1.3333333333333335,1.3333333333333335,0.12499999999999994,-0.18055555555555558,-0.6931471805599453,333.33333333333337,0.8380952380952382,-4621.428571428588
2074,1117,2025-05-10,Mirage,1,1,250.0,0.6285714285714286,-18.48571428571435,-7,3,1.0,1.0,0.0,-0.47916666666666663,0.0,250.0,0.6285714285714286,-4621.428571428588
2072,1116,2025-05-10,Mirage,1,1,30.0,-2.0,190.0,-6,0,0.0,0.0,0.0,0.0,-1.0986122886681098,0.0,0.0,5700.0
2073,1116,2025-05-10,Nuke,1,1,30.0,-2.0,190.0,-6,0,0.0,0.0,0.0,0.0,0.0,0.0,0.0,5700.0
4060,2032,2025-05-10,Ancient,0,1,57.0,1.2,-56.99999999999999,-21,5,0.0,0.0,0.0,0.0,1.6094379124341003,0.0,0.0,-3248.9999999999995
4052,2029,2025-05-10,Ancient,0,-1,-340.0,-0.8212765957446809,3.0765957446808496,-2,8,0.2783027965284475,0.2783027965284475,-0.030357142857142916,0.013095238095238049,0.3184537311185349,-94.62295081967216,-0.22856357331910798,-1046.0425531914889
4053,2029,2025-05-10,Inferno,0,-1,-340.0,-0.8212765957446809,3.0765957446808496,-2,8,0.5806451612903225,0.5806451612903225,-0.07738095238095238,-0.04166666666666663,1.3862943611198904,-197.41935483870967,-0.47687028140013726,-1046.0425531914889
4065,2034,2025-05-10,Ancient,0,-1,-89.0,-1.0444177671068429,46.99999999999999,2,-2,0.0,0.0,0.0,0.0,-2.0794415416798357,0.0,0.0,-4182.999999999999
4064,2034,2025-05-10,Mirage,0,-1,-89.0,-1.0444177671068429,46.99999999999999,2,-2,0.6486486486486487,0.6486486486486487,0.06944444444444436,0.13888888888888884,-0.6931471805599453,-57.72972972972973,-0.6774601732584927,-4182.999999999999
4054,2030,2025-05-10,Mirage,0,1,48.0,0.06666666666666665,-41.0,-25,10,-0.9702970297029703,-0.9702970297029703,-0.02604166666666663,0.19270833333333331,1.5040773967762742,-46.57425742574257,-0.06468646864686467,-1968.0
4055,2030,2025-05-10,Nuke,0,-1,48.0,0.06666666666666665,-41.0,-25,10,-0.625,-0.625,-0.029761904761904656,0.047619047619047616,1.3862943611198904,-30.0,-0.04166666666666666,-1968.0
4059,2031,2025-05-10,Train,0,-1,37.0,-0.6074074074074075,-15.970370370370379,5,3,-0.5,-0.5,0.13541666666666674,0.21875,0.5108256237659905,-18.5,0.30370370370370375,-590.903703703704
4057,2031,2025-05-10,Nuke,0,1,37.0,-0.6074074074074075,-15.970370370370379,5,3,-1.0204081632653061,-1.0204081632653061,-0.04166666666666663,0.13541666666666669,0.916290731874155,-37.755102040816325,0.6198034769463342,-590.903703703704
4063,2033,2025-05-10,Inferno,0,-1,41.0,0.19999999999999996,-36.2,-12,11,0.0,0.0,0.0,0.0,2.0794415416798357,0.0,0.0,-1484.2
4062,2033,2025-05-10,Train,0,-1,41.0,0.19999999999999996,-36.2,-12,11,1.0,1.0,0.09375,-0.12499999999999994,1.5040773967762742,41.0,0.19999999999999996,-1484.2
4061,2032,2025-05-10,Nuke,0,1,57.0,1.2,-56.99999999999999,-21,5,0.0,0.0,0.0,0.0,1.3862943611198906,0.0,0.0,-3248.9999999999995
4058,2031,2025-05-10,Dust2,0,-1,37.0,-0.6074074074074075,-15.970370370370379,5,3,0.7474747474747475,0.7474747474747475,0.025000000000000022,-0.06666666666666665,0.6931471805599452,27.656565656565657,-0.454021698466143,-590.903703703704
4056,2030,2025-05-10,Ancient,0,1,48.0,0.06666666666666665,-41.0,-25,10,0.0,0.0,0.0,0.0,1.9459101490553132,0.0,0.0,-1968.0
2065,1112,2025-05-11,Nuke,1,-1,-425.0,0.3003663003663003,198.43223443223448,-29,1,-0.6203208556149733,-0.6203208556149733,-0.07291666666666669,0.13541666666666669,0.5108256237659905,263.6363636363636,-0.18632348044112748,-84333.69963369965
2064,1112,2025-05-11,Mirage,1,1,-425.0,0.3003663003663003,198.43223443223448,-29,1,0.6153846153846154,0.6153846153846154,0.13888888888888895,0.04166666666666674,0.6931471805599453,-261.53846153846155,0.18484080022541557,-84333.69963369965
2063,1112,2025-05-11,Anubis,1,-1,-425.0,0.3003663003663003,198.43223443223448,-29,1,0.7941176470588236,0.7941176470588236,0.10763888888888895,-0.05555555555555558,-0.2231435513142097,-337.5,0.23852617970265025,-84333.69963369965
2062,1111,2025-05-11,Ancient,1,1,57.0,1.2,-499.0,-9,4,0.0,0.0,0.0,0.0,1.791759469228055,0.0,0.0,-28443.0
4040,2023,2025-05-11,Inferno,0,1,-322.0,0.22231871471993056,-8.01128962223187,2,3,-0.06422018348623852,-0.06422018348623852,-0.19444444444444442,-0.18518518518518517,1.2039728043259361,20.678899082568805,-0.014277348651738658,2579.6352583586618
2060,1110,2025-05-11,Dust2,1,1,259.0,0.1607655502392346,129.09186602870815,-13,2,-0.29411764705882354,-0.29411764705882354,-0.02083333333333326,-0.013888888888888895,-0.2876820724517808,-76.17647058823529,-0.04728398536448077,33434.79330143541
2066,1113,2025-05-11,Inferno,1,1,464.0,-0.25,-141.50000000000003,10,-2,0.6666666666666666,0.6666666666666666,0.1388888888888889,0.03472222222222221,-0.2876820724517808,309.3333333333333,-0.16666666666666666,-65656.00000000001
4039,2023,2025-05-11,Ancient,0,1,-322.0,0.22231871471993056,-8.01128962223187,2,3,0.4466666666666666,0.4466666666666666,0.11111111111111105,0.13715277777777773,-0.25131442828090633,-143.82666666666665,0.09930235924156897,2579.6352583586618
4038,2023,2025-05-11,Mirage,0,-1,-322.0,0.22231871471993056,-8.01128962223187,2,3,0.3548233803263109,0.3548233803263109,0.0029761904761904656,0.000330687830687848,0.40546510810816416,-114.25312846507211,0.07888387786672653,2579.6352583586618
4037,2023,2025-05-11,Dust2,0,-1,-322.0,0.22231871471993056,-8.01128962223187,2,3,-0.554858934169279,-0.554858934169279,-0.035714285714285754,0.11309523809523808,0.0,178.66457680250784,-0.12335552509538467,2579.6352583586618
2061,1111,2025-05-11,Inferno,1,1,57.0,1.2,-499.0,-9,4,1.7575757575757576,1.7575757575757576,0.07812500000000006,-0.16666666666666663,1.5040773967762742,100.18181818181819,2.109090909090909,-28443.0
2067,1113,2025-05-11,Mirage,1,1,464.0,-0.25,-141.50000000000003,10,-2,0.6666666666666666,0.6666666666666666,0.055555555555555525,-0.13888888888888892,-0.6931471805599453,309.3333333333333,-0.16666666666666666,-65656.00000000001
4042,2024,2025-05-11,Mirage,0,1,-41.0,0.0,0.0,30,-13,0.0,0.0,0.0,0.0,-2.70805020110221,0.0,0.0,0.0
4041,2024,2025-05-11,Nuke,0,-1,-41.0,0.0,0.0,30,-13,0.0,0.0,0.0,0.0,-2.8903717578961645,0.0,0.0,0.0
4043,2024,2025-05-11,Inferno,0,1,-41.0,0.0,0.0,30,-13,0.0,0.0,0.0,0.0,-2.1972245773362196,0.0,0.0,0.0
2071,1115,2025-05-11,Anubis,1,1,310.0,0.6996699669966997,-200.73267326732673,-13,1,-2.0,-2.0,-0.08333333333333331,0.16666666666666663,0.0,-620.0,-1.3993399339933994,-62227.12871287129
4044,2025,2025-05-11,Nuke,0,-1,-34.0,0.016326530612244983,60.65714285714286,12,-12,2.0,2.0,0.12499999999999994,-0.08333333333333331,-0.6931471805599453,-68.0,0.032653061224489965,-2062.342857142857
4036,2023,2025-05-11,Default,0,1,-322.0,0.22231871471993056,-8.01128962223187,2,3,0.0,0.0,0.0,0.0,0.0,0.0,0.0,2579.6352583586618
4046,2026,2025-05-11,Ancient,0,1,-48.0,-0.8782608695652174,34.65217391304348,9,-10,-1.180722891566265,-1.180722891566265,-0.02380952380952378,0.09523809523809523,-1.3862943611198904,56.674698795180724,1.036982713462546,-1663.304347826087
4047,2026,2025-05-11,Dust2,0,1,-48.0,-0.8782608695652174,34.65217391304348,9,-10,0.0,0.0,0.0,0.0,-1.9459101490553132,0.0,0.0,-1663.304347826087
4048,2027,2025-05-11,Mirage,0,-1,-89.0,-1.7777777777777777,47.0,2,-4,-1.5384615384615383,-1.5384615384615383,-0.059027777777777735,0.23958333333333337,-0.2231435513142097,136.9230769230769,2.7350427350427347,-4183.0
4049,2027,2025-05-11,Dust2,0,1,-89.0,-1.7777777777777777,47.0,2,-4,0.0,0.0,0.0,0.0,-0.6931471805599453,0.0,0.0,-4183.0
4050,2027,2025-05-11,Nuke,0,1,-89.0,-1.7777777777777777,47.0,2,-4,0.7142857142857143,0.7142857142857143,0.06944444444444436,-0.09722222222222227,-0.6931471805599453,-63.57142857142857,-1.2698412698412698,-4183.0
4051,2028,2025-05-11,Default,0,1,89.0,0.0,0.0,-999,6,0.0,0.0,0.0,0.0,1.6094379124341003,0.0,0.0,0.0
2070,1115,2025-05-11,Mirage,1,1,310.0,0.6996699669966997,-200.73267326732673,-13,1,2.0,2.0,0.33333333333333326,-0.18055555555555552,0.6931471805599453,620.0,1.3993399339933994,-62227.12871287129
4045,2025,2025-05-11,Mirage,0,-1,-34.0,0.016326530612244983,60.65714285714286,12,-12,-1.226890756302521,-1.226890756302521,0.0,0.10833333333333328,-1.7047480922384253,41.714285714285715,-0.02003086949065351,-2062.342857142857
2059,1110,2025-05-11,Train,1,1,259.0,0.1607655502392346,129.09186602870815,-13,2,0.0,0.0,0.0,0.0,-1.0986122886681098,0.0,0.0,33434.79330143541
2057,1109,2025-05-11,Anubis,1,-1,322.0,-0.04999999999999999,-14.775,30,-1,0.0,0.0,0.0,0.0,1.6094379124341003,0.0,0.0,-4757.55
2058,1109,2025-05-11,Nuke,1,1,322.0,-0.04999999999999999,-14.775,30,-1,2.0,2.0,0.375,-0.29166666666666663,0.4054651081081645,644.0,-0.09999999999999998,-4757.55
2053,1108,2025-05-11,Anubis,1,-1,147.0,1.3333333333333335,-89.0,5,0,0.0,0.0,0.0,-0.125,0.0,0.0,0.0,-13083.0
2054,1108,2025-05-11,Dust2,1,1,147.0,1.3333333333333335,-89.0,5,0,0.0,0.0,0.0,0.0,1.0986122886681098,0.0,0.0,-13083.0
2055,1108,2025-05-11,Nuke,1,-1,147.0,1.3333333333333335,-89.0,5,0,0.0,0.0,0.0,0.0,-0.6931471805599453,0.0,0.0,-13083.0
2056,1109,2025-05-11,Mirage,1,1,322.0,-0.04999999999999999,-14.775,30,-1,-0.14285714285714285,-0.14285714285714285,0.10069444444444436,0.1388888888888889,0.2231435513142097,-46.0,0.007142857142857141,-4757.55
2045,1104,2025-05-12,Inferno,1,-1,-309.0,-0.25797101449275367,68.80652173913045,0,0,2.0,2.0,0.33333333333333326,-0.18749999999999994,0.4054651081081645,-618.0,-0.5159420289855073,-21261.21521739131
2044,1104,2025-05-12,Train,1,1,-309.0,-0.25797101449275367,68.80652173913045,0,0,1.1891891891891893,1.1891891891891893,0.5,0.06944444444444442,0.6931471805599453,-367.4594594594595,-0.30677634155895034,-21261.21521739131
2043,1104,2025-05-12,Anubis,1,-1,-309.0,-0.25797101449275367,68.80652173913045,0,0,0.9090909090909091,0.9090909090909091,-0.03333333333333344,0.0,-1.0986122886681096,-280.9090909090909,-0.2345191040843215,-21261.21521739131
2042,1103,2025-05-12,Mirage,1,1,-154.0,0.16350947158524426,152.25722831505485,0,1,0.0,0.0,0.0,0.010416666666666685,0.5108256237659905,-0.0,0.0,-23447.613160518446
2041,1103,2025-05-12,Inferno,1,1,-154.0,0.16350947158524426,152.25722831505485,0,1,0.0,0.0,0.0,0.041666666666666685,-0.6931471805599453,-0.0,0.0,-23447.613160518446
2040,1102,2025-05-12,Inferno,1,-1,-147.0,0.0,0.0,30,-1,0.0,0.0,0.0,0.0,0.0,0.0,0.0,0.0
2039,1102,2025-05-12,Ancient,1,1,-147.0,0.0,0.0,30,-1,0.0,0.0,0.0,0.0,0.0,0.0,0.0,0.0
2038,1102,2025-05-12,Dust2,1,-1,-147.0,0.0,0.0,30,-1,0.0,0.0,0.0,0.0,-1.3862943611198906,0.0,0.0,0.0
2037,1101,2025-05-12,Ancient,1,-1,-116.0,-1.2000000000000002,-67.44545454545455,24,-5,0.625,0.625,0.25,-0.04166666666666663,0.6931471805599453,-72.5,-0.7500000000000001,7823.6727272727285
2036,1101,2025-05-12,Dust2,1,-1,-116.0,-1.2000000000000002,-67.44545454545455,24,-5,-1.3846153846153846,-1.3846153846153846,-0.1736111111111111,0.2361111111111111,-0.2876820724517808,160.6153846153846,1.6615384615384619,7823.6727272727285
2047,1105,2025-05-12,Mirage,1,-1,22.0,-0.46222222222222226,224.41333333333336,0,0,0.2,0.2,0.07291666666666669,0.07291666666666663,0.0,4.4,-0.09244444444444445,4937.093333333334
2049,1106,2025-05-12,Nuke,1,-1,65.0,0.16296296296296295,-24.222222222222214,1,0,0.8888888888888888,0.8888888888888888,0.10416666666666663,-0.29166666666666663,-0.4054651081081645,57.77777777777777,0.1448559670781893,-1574.444444444444
2046,1105,2025-05-12,Ancient,1,-1,22.0,-0.46222222222222226,224.41333333333336,0,0,0.0,0.0,0.0,-0.10416666666666669,0.0,0.0,-0.0,4937.093333333334
4035,2022,2025-05-12,Mirage,0,1,47.0,1.0074074074074073,-61.0,2,4,1.0869565217391304,1.0869565217391304,0.07886904761904762,-0.12053571428571425,0.47000362924573547,51.086956521739125,1.0950080515297904,-2867.0
4034,2022,2025-05-12,Train,0,1,47.0,1.0074074074074073,-61.0,2,4,1.5643564356435642,1.5643564356435642,0.21875000000000006,-0.19270833333333331,1.0986122886681098,73.52475247524751,1.5759442610927756,-2867.0
2050,1107,2025-05-12,Train,1,1,482.0,0.5059288537549407,-317.7826086956521,0,0,0.0,0.0,0.0,0.0,0.0,0.0,0.0,-153171.2173913043
4033,2022,2025-05-12,Default,0,1,47.0,1.0074074074074073,-61.0,2,4,0.0,0.0,0.0,0.0,1.0986122886681098,0.0,0.0,-2867.0
4032,2021,2025-05-12,Ancient,0,-1,-48.0,0.0,0.0,30,-13,0.0,0.0,0.0,0.0,-2.302585092994046,0.0,0.0,0.0
4031,2021,2025-05-12,Train,0,-1,-48.0,0.0,0.0,30,-13,0.0,0.0,0.0,0.0,-2.1972245773362196,0.0,0.0,0.0
4030,2020,2025-05-12,Mirage,0,-1,-34.0,0.0,0.0,30,-12,0.0,0.0,0.0,0.0,-2.4849066497880004,0.0,0.0,0.0
2048,1106,2025-05-12,Anubis,1,-1,65.0,0.16296296296296295,-24.222222222222214,1,0,0.0,0.0,0.0,0.0,-1.0986122886681098,0.0,0.0,-1574.444444444444
4028,2019,2025-05-12,Ancient,0,1,-48.0,0.16296296296296295,44.888888888888886,2,-12,-0.8672566371681416,-0.8672566371681416,-0.10185185185185186,0.07407407407407407,-1.6094379124341005,41.6283185840708,-0.14133071124221566,-2154.6666666666665
4027,2019,2025-05-12,Nuke,0,1,-48.0,0.16296296296296295,44.888888888888886,2,-12,0.7777777777777778,0.7777777777777778,0.07291666666666663,-0.16666666666666669,-1.0986122886681098,-37.333333333333336,0.12674897119341563,-2154.6666666666665
4026,2019,2025-05-12,Mirage,0,-1,-48.0,0.16296296296296295,44.888888888888886,2,-12,-0.2438544739429695,-0.2438544739429695,-0.1435185185185185,-0.037037037037037035,-1.2039728043259361,11.705014749262535,-0.03973924760552095,-2154.6666666666665
2052,1107,2025-05-12,Inferno,1,1,482.0,0.5059288537549407,-317.7826086956521,0,0,0.0,0.0,-0.2916666666666667,0.0,0.0,0.0,0.0,-153171.2173913043
2051,1107,2025-05-12,Anubis,1,-1,482.0,0.5059288537549407,-317.7826086956521,0,0,0.020202020202020207,0.020202020202020207,0.004166666666666652,-0.04999999999999993,0.6931471805599452,9.73737373737374,0.010220784924342238,-153171.2173913043
4029,2020,2025-05-12,Ancient,0,-1,-34.0,0.0,0.0,30,-12,0.0,0.0,0.0,0.0,-2.0794415416798357,0.0,0.0,0.0
2031,1098,2025-05-13,Mirage,1,-1,-147.0,-0.3553113553113553,244.57142857142858,1,1,-1.0588235294117647,-1.0588235294117647,-0.07291666666666663,0.020833333333333315,0.916290731874155,155.64705882352942,0.3762120232708468,-35952.0
2030,1098,2025-05-13,Dust2,1,-1,-147.0,-0.3553113553113553,244.57142857142858,1,1,0.0,0.0,0.0,0.020833333333333315,-0.916290731874155,-0.0,-0.0,-35952.0
2029,1097,2025-05-13,Ancient,1,1,191.0,-0.9333333333333333,-140.78333333333333,-31,1,0.0,0.0,0.0,0.0,1.6094379124341003,0.0,0.0,-26889.616666666665
2028,1097,2025-05-13,Inferno,1,-1,191.0,-0.9333333333333333,-140.78333333333333,-31,1,0.0,0.0,0.0,0.0,1.0986122886681098,0.0,0.0,-26889.616666666665
2027,1097,2025-05-13,Dust2,1,1,191.0,-0.9333333333333333,-140.78333333333333,-31,1,-1.3333333333333333,-1.3333333333333333,-0.18055555555555564,0.11111111111111105,0.0,-254.66666666666666,1.2444444444444445,-26889.616666666665
2026,1096,2025-05-13,Mirage,1,1,-65.0,-0.2635135135135136,369.0506756756757,0,0,-2.0,-2.0,-0.33333333333333326,0.20833333333333331,0.4054651081081645,130.0,0.5270270270270272,-23988.29391891892
2025,1096,2025-05-13,Train,1,1,-65.0,-0.2635135135135136,369.0506756756757,0,0,0.0,0.0,0.0,0.0,0.6931471805599453,0.0,0.0,-23988.29391891892
2024,1095,2025-05-13,Inferno,1,1,107.0,-0.23076923076923078,60.541958041958054,0,0,0.2444444444444444,0.2444444444444444,0.14583333333333337,-0.020833333333333315,0.5108256237659905,26.15555555555555,-0.056410256410256404,6477.989510489512
2023,1095,2025-05-13,Train,1,1,107.0,-0.23076923076923078,60.541958041958054,0,0,0.0,0.0,0.0,0.0,-1.0986122886681098,0.0,0.0,6477.989510489512
4024,2018,2025-05-13,Dust2,0,1,-34.0,-0.9333333333333333,34.0,14,-11,-1.5294117647058822,-1.5294117647058822,-0.43750000000000006,0.20833333333333331,-0.916290731874155,52.0,1.427450980392157,-1156.0
4023,2017,2025-05-13,Anubis,0,1,381.0,0.0,0.0,-997,5,0.0,0.0,0.0,0.0,1.3862943611198906,0.0,0.0,0.0
4014,2014,2025-05-13,Dust2,0,1,-48.0,0.33333333333333337,41.92307692307693,5,-10,-0.8863636363636364,-0.8863636363636364,-0.13690476190476192,0.10119047619047616,-1.3862943611198904,42.54545454545455,-0.29545454545454547,-2012.3076923076924
4021,2017,2025-05-13,Mirage,0,-1,381.0,0.0,0.0,-997,5,0.0,0.0,0.0,0.0,2.3978952727983707,0.0,0.0,0.0
4022,2017,2025-05-13,Ancient,0,1,381.0,0.0,0.0,-997,5,0.0,0.0,0.0,0.0,2.302585092994046,0.0,0.0,0.0
4018,2015,2025-05-13,Anubis,0,1,34.0,0.4888888888888889,-153.55555555555557,-10,11,0.0,0.0,0.0,0.0,2.4849066497880004,0.0,0.0,-5220.88888888889
4017,2015,2025-05-13,Mirage,0,1,34.0,0.4888888888888889,-153.55555555555557,-10,11,0.7158836689038033,0.7158836689038033,0.09027777777777785,-0.010416666666666685,1.1786549963416462,24.34004474272931,0.3499875714640816,-5220.88888888889
4016,2015,2025-05-13,Inferno,0,-1,34.0,0.4888888888888889,-153.55555555555557,-10,11,0.0,0.0,0.0,0.0,-0.6931471805599453,0.0,0.0,-5220.88888888889
4015,2014,2025-05-13,Nuke,0,-1,-48.0,0.33333333333333337,41.92307692307693,5,-10,0.9661016949152542,0.9661016949152542,0.09722222222222221,-0.1782407407407408,-1.2039728043259361,-46.3728813559322,0.3220338983050848,-2012.3076923076924
4013,2014,2025-05-13,Inferno,0,-1,-48.0,0.33333333333333337,41.92307692307693,5,-10,0.0,0.0,0.0,0.0,0.0,0.0,0.0,-2012.3076923076924
4012,2013,2025-05-13,Dust2,0,1,41.0,0.0,0.0,-999,15,0.0,0.0,0.0,0.0,1.3862943611198906,0.0,0.0,0.0
4020,2016,2025-05-13,Inferno,0,1,41.0,-0.7333333333333334,28.200000000000003,-26,15,0.0,0.0,0.0,0.0,2.302585092994046,0.0,0.0,1156.2
4019,2016,2025-05-13,Mirage,0,1,41.0,-0.7333333333333334,28.200000000000003,-26,15,0.0,0.0,0.0,0.0,2.772588722239781,0.0,0.0,1156.2
4025,2018,2025-05-13,Nuke,0,1,-34.0,-0.9333333333333333,34.0,14,-11,1.4444444444444444,1.4444444444444444,0.09374999999999994,-0.052083333333333315,-0.916290731874155,-49.11111111111111,-1.348148148148148,-1156.0
4008,2010,2025-05-14,Inferno,0,-1,34.0,0.2888888888888889,-44.11111111111111,-4,11,-2.0,-2.0,-0.08333333333333331,0.41666666666666663,0.0,-68.0,-0.5777777777777778,-1499.7777777777776
4007,2010,2025-05-14,Anubis,0,-1,34.0,0.2888888888888889,-44.11111111111111,-4,11,1.3691275167785235,1.3691275167785235,0.02430555555555558,-0.1909722222222222,1.8718021769015913,46.5503355704698,0.3955257270693513,-1499.7777777777776
4006,2009,2025-05-14,Anubis,0,1,381.0,0.33043478260869563,-4.29999999999999,-6,5,-0.11111111111111112,-0.11111111111111112,0.20833333333333337,-0.0625,0.5108256237659905,-42.333333333333336,-0.03671497584541063,-1638.2999999999963
4005,2009,2025-05-14,Dust2,0,1,381.0,0.33043478260869563,-4.29999999999999,-6,5,0.0,0.0,0.0,0.0,2.1972245773362196,0.0,0.0,-1638.2999999999963
4004,2009,2025-05-14,Inferno,0,-1,381.0,0.33043478260869563,-4.29999999999999,-6,5,0.0,0.0,0.0,0.0,1.3862943611198906,0.0,0.0,-1638.2999999999963
4003,2008,2025-05-14,Mirage,0,1,34.0,0.7207547169811321,-48.54716981132076,-24,12,0.43902439024390244,0.43902439024390244,-0.0032051282051281937,0.07532051282051283,1.5404450409471486,14.926829268292684,0.316428900138058,-1650.6037735849056
4002,2008,2025-05-14,Dust2,0,1,34.0,0.7207547169811321,-48.54716981132076,-24,12,0.0,0.0,0.0,0.0,1.791759469228055,0.0,0.0,-1650.6037735849056
4010,2011,2025-05-14,Anubis,0,-1,-89.0,-1.1135135135135137,58.351351351351354,2,-5,-1.0638297872340425,-1.0638297872340425,-0.08333333333333331,0.15624999999999994,-0.5108256237659905,94.68085106382979,1.1845888441633123,-5193.270270270271
4011,2012,2025-05-14,Mirage,0,1,41.0,0.0,0.0,-998,16,0.0,0.0,0.0,0.0,2.833213344056216,0.0,0.0,0.0
4009,2011,2025-05-14,Nuke,0,-1,-89.0,-1.1135135135135137,58.351351351351354,2,-5,0.0,0.0,0.0,0.0,-1.6094379124341003,0.0,0.0,-5193.270270270271
2021,1094,2025-05-14,Dust2,1,1,-99.0,-0.42380952380952386,199.7555555555556,1,-1,-1.1020408163265307,-1.1020408163265307,-0.09374999999999994,0.0854166666666667,-0.18232155679395468,109.10204081632654,0.46705539358600595,-19775.800000000003
2019,1093,2025-05-14,Dust2,1,-1,-357.0,0.15444015444015446,-20.08011583011583,1,-1,0.0,0.0,0.0,0.0,0.6931471805599453,0.0,0.0,7168.601351351351
2022,1094,2025-05-14,Nuke,1,1,-99.0,-0.42380952380952386,199.7555555555556,1,-1,1.4117647058823528,1.4117647058823528,0.041666666666666685,-0.18055555555555552,0.6931471805599453,-139.76470588235293,-0.5983193277310924,-19775.800000000003
2020,1093,2025-05-14,Anubis,1,-1,-357.0,0.15444015444015446,-20.08011583011583,1,-1,0.7142857142857143,0.7142857142857143,-0.02777777777777779,-0.04861111111111116,-0.5596157879354227,-255.0,0.11031439602868176,7168.601351351351
3988,2003,2025-05-15,Default,0,1,-48.0,0.08333333333333333,46.25,3,-11,0.0,0.0,0.0,0.0,-1.0986122886681098,0.0,0.0,-2220.0
3987,2002,2025-05-15,Train,0,-1,41.0,0.0,0.0,-999,17,0.0,0.0,0.0,0.0,2.3978952727983707,0.0,0.0,0.0
3986,2002,2025-05-15,Nuke,0,-1,41.0,0.0,0.0,-999,17,0.0,0.0,0.0,0.0,2.995732273553991,0.0,0.0,0.0
3985,2001,2025-05-15,Ancient,0,-1,37.0,-0.5232558139534884,-29.126937984496124,0,1,0.0,0.0,0.0,0.0,1.6094379124341003,0.0,0.0,-1077.6967054263566
3984,2001,2025-05-15,Mirage,0,-1,37.0,-0.5232558139534884,-29.126937984496124,0,1,0.0,0.0,0.0,0.0,1.791759469228055,0.0,0.0,-1077.6967054263566
3991,2004,2025-05-15,Mirage,0,-1,-48.0,1.0,42.666666666666664,30,-13,0.7540983606557377,0.7540983606557377,0.02083333333333326,-0.1333333333333333,-1.7047480922384253,-36.19672131147541,0.7540983606557377,-2048.0
3997,2006,2025-05-15,Mirage,0,-1,34.0,0.2093023255813954,-132.79069767441862,-2,11,1.0477363720357253,1.0477363720357253,0.10694444444444445,-0.04652777777777778,1.1631508098056809,35.62303664921466,0.2192936592632914,-4514.883720930233
3983,2001,2025-05-15,Nuke,0,1,37.0,-0.5232558139534884,-29.126937984496124,0,1,0.27868852459016397,0.27868852459016397,0.09166666666666662,0.020833333333333315,0.6931471805599452,10.311475409836067,-0.145825390773923,-1077.6967054263566
3993,2005,2025-05-15,Train,0,-1,34.0,0.19999999999999998,-48.0,-9,11,-1.1724137931034484,-1.1724137931034484,-0.14166666666666666,0.05833333333333335,1.0986122886681096,-39.862068965517246,-0.23448275862068965,-1632.0
3982,2000,2025-05-15,Nuke,0,1,41.0,0.0,0.0,-999,17,0.0,0.0,0.0,0.0,2.995732273553991,0.0,0.0,0.0
3981,2000,2025-05-15,Train,0,1,41.0,0.0,0.0,-999,17,0.0,0.0,0.0,0.0,2.3978952727983707,0.0,0.0,0.0
3994,2005,2025-05-15,Mirage,0,1,34.0,0.19999999999999998,-48.0,-9,11,0.518324607329843,0.518324607329843,0.19027777777777777,-0.07777777777777778,1.6739764335716714,17.62303664921466,0.10366492146596859,-1632.0
3995,2005,2025-05-15,Anubis,0,-1,34.0,0.19999999999999998,-48.0,-9,11,0.0,0.0,0.0,0.0,2.6390573296152584,0.0,0.0,-1632.0
3996,2006,2025-05-15,Inferno,0,1,34.0,0.2093023255813954,-132.79069767441862,-2,11,-2.0,-2.0,-0.08333333333333331,0.14583333333333331,0.0,-68.0,-0.4186046511627908,-4514.883720930233
3992,2004,2025-05-15,Anubis,0,1,-48.0,1.0,42.666666666666664,30,-13,0.0,0.0,0.0,0.0,-1.3862943611198906,0.0,0.0,-2048.0
3998,2006,2025-05-15,Ancient,0,1,34.0,0.2093023255813954,-132.79069767441862,-2,11,1.2727272727272727,1.2727272727272727,0.23958333333333331,-0.19270833333333331,1.0986122886681098,43.27272727272727,0.266384778012685,-4514.883720930233
4000,2007,2025-05-15,Mirage,0,-1,47.0,0.0,0.0,-996,8,0.0,0.0,0.0,0.0,2.1972245773362196,0.0,0.0,0.0
3989,2003,2025-05-15,Nuke,0,1,-48.0,0.08333333333333333,46.25,3,-11,0.8769230769230769,0.8769230769230769,0.08749999999999997,-0.1611111111111111,-1.01160091167848,-42.09230769230769,0.07307692307692307,-2220.0
3999,2007,2025-05-15,Dust2,0,1,47.0,0.0,0.0,-996,8,0.0,0.0,0.0,0.0,2.3978952727983707,0.0,0.0,0.0
3990,2004,2025-05-15,Dust2,0,1,-48.0,1.0,42.666666666666664,30,-13,0.0,0.0,0.0,0.0,-2.1972245773362196,0.0,0.0,-2048.0
4001,2007,2025-05-15,Inferno,0,1,47.0,0.0,0.0,-996,8,0.0,0.0,0.0,0.0,0.6931471805599453,0.0,0.0,0.0
2009,1088,2025-05-16,Dust2,1,1,259.0,0.6771507863089733,-78.87974098057356,2,1,0.39930555555555547,0.39930555555555547,0.06458333333333338,-0.12291666666666667,-0.18232155679395468,103.42013888888887,0.2703900709219858,-20429.852913968552
2010,1089,2025-05-16,Inferno,1,-1,-57.0,-0.4825174825174826,57.0,7,-4,-1.7714285714285714,-1.7714285714285714,-0.1828703703703704,0.17592592592592587,-1.2039728043259361,100.97142857142856,0.8547452547452549,-3249.0
2011,1089,2025-05-16,Ancient,1,-1,-57.0,-0.4825174825174826,57.0,7,-4,0.9473684210526315,0.9473684210526315,0.09027777777777773,0.020833333333333315,-0.8472978603872034,-54.0,-0.4571218255428782,-3249.0
2012,1090,2025-05-16,Nuke,1,1,482.0,0.42225859247135844,-284.66202945990193,1,-1,0.0,0.0,0.0,0.0,1.3862943611198906,0.0,0.0,-137207.09819967274
3977,1998,2025-05-16,Inferno,0,-1,-89.0,-1.3142857142857143,129.57142857142858,12,-7,0.0,0.0,0.0,0.0,-1.791759469228055,0.0,0.0,-11531.857142857143
2014,1091,2025-05-16,Nuke,1,-1,273.0,0.2495851310985729,47.39694656488551,0,1,0.0,0.0,0.0,0.0,-0.6931471805599453,0.0,0.0,12939.366412213745
2015,1091,2025-05-16,Mirage,1,1,273.0,0.2495851310985729,47.39694656488551,0,1,0.6607142857142858,0.6607142857142858,0.08333333333333337,-0.06944444444444442,0.0,180.37500000000003,0.16490446161869995,12939.366412213745
2016,1091,2025-05-16,Ancient,1,-1,273.0,0.2495851310985729,47.39694656488551,0,1,-0.8064516129032258,-0.8064516129032258,-0.1166666666666667,0.05833333333333329,-1.0986122886681096,-220.16129032258064,-0.20127833153110716,12939.366412213745
2017,1092,2025-05-16,Mirage,1,-1,-47.0,0.45625,84.175,2,-1,0.7272727272727273,0.7272727272727273,-0.025000000000000022,-0.15833333333333327,0.0,-34.18181818181818,0.33181818181818185,-3956.225
2018,1092,2025-05-16,Anubis,1,-1,-47.0,0.45625,84.175,2,-1,-0.3006535947712418,-0.3006535947712418,-0.06547619047619047,-0.03869047619047622,-0.980829253011726,14.130718954248366,-0.13717320261437907,-3956.225
2008,1088,2025-05-16,Train,1,1,259.0,0.6771507863089733,-78.87974098057356,2,1,0.5769230769230769,0.5769230769230769,0.03125,-0.01041666666666674,-0.916290731874155,149.4230769230769,0.3906639151782538,-20429.852913968552
2013,1090,2025-05-16,Train,1,1,482.0,0.42225859247135844,-284.66202945990193,1,-1,1.0,1.0,0.18749999999999994,-0.25,-0.4054651081081645,482.0,0.42225859247135844,-137207.09819967274
3976,1997,2025-05-16,Dust2,0,1,381.0,0.4,-10.399999999999999,-13,7,1.7777777777777777,1.7777777777777777,0.1111111111111111,-0.2361111111111111,1.6094379124341005,677.3333333333333,0.7111111111111111,-3962.3999999999996
3978,1998,2025-05-16,Nuke,0,-1,-89.0,-1.3142857142857143,129.57142857142858,12,-7,0.782608695652174,0.782608695652174,0.1916666666666666,0.15000000000000002,-1.0986122886681096,-69.65217391304348,-1.0285714285714287,-11531.857142857143
3980,1999,2025-05-16,Dust2,0,1,47.0,1.270161290322581,-57.16129032258065,-5,6,1.254284390921723,1.254284390921723,0.16666666666666663,-0.2803030303030303,1.0986122886681098,58.95136637332098,1.593143480404608,-2686.5806451612902
3979,1999,2025-05-16,Mirage,0,1,47.0,1.270161290322581,-57.16129032258065,-5,6,0.20845624385447395,0.20845624385447395,0.020833333333333315,-0.050925925925925875,1.2039728043259361,9.797443461160276,0.2647730516699972,-2686.5806451612902
3975,1997,2025-05-16,Ancient,0,1,381.0,0.4,-10.399999999999999,-13,7,-0.7768595041322315,-0.7768595041322315,-0.1499999999999999,-0.15416666666666662,1.7047480922384253,-295.9834710743802,-0.3107438016528926,-3962.3999999999996
3974,1996,2025-05-16,Train,0,1,-48.0,-0.19999999999999996,42.400000000000006,7,-11,-1.3392857142857144,-1.3392857142857144,-0.060185185185185175,0.1388888888888889,-1.6094379124341005,64.28571428571429,0.26785714285714285,-2035.2000000000003
3973,1996,2025-05-16,Mirage,0,1,-48.0,-0.19999999999999996,42.400000000000006,7,-11,-0.806728022849889,-0.806728022849889,-0.10606060606060602,0.06912878787878785,-0.8754687373539001,38.722945096794675,0.16134560456997776,-2035.2000000000003
3972,1995,2025-05-16,Mirage,0,-1,-34.0,0.44999999999999996,37.25,10,-11,-0.31685789938217124,-0.31685789938217124,0.052083333333333315,0.049479166666666685,-1.7346010553881064,10.773168578993822,-0.14258605472197705,-1266.5
3971,1995,2025-05-16,Train,0,-1,-34.0,0.44999999999999996,37.25,10,-11,0.3424657534246575,0.3424657534246575,0.11805555555555564,0.0763888888888889,-0.8472978603872034,-11.643835616438356,0.15410958904109587,-1266.5
2000,1085,2025-05-17,Train,1,1,175.0,-0.4285714285714286,-53.3452380952381,0,-1,0.0,0.0,-0.0625,-0.3125,0.0,0.0,-0.0,-9335.416666666668
2002,1085,2025-05-17,Mirage,1,-1,175.0,-0.4285714285714286,-53.3452380952381,0,-1,-2.0,-2.0,-0.20833333333333331,0.30555555555555547,-0.2876820724517808,-350.0,0.8571428571428572,-9335.416666666668
2003,1086,2025-05-17,Mirage,1,1,166.0,0.5666666666666667,-46.091666666666725,0,2,1.0030395136778116,1.0030395136778116,0.15625,-0.02083333333333337,0.33647223662121295,166.50455927051672,0.5683890577507599,-7651.216666666676
2004,1086,2025-05-17,Nuke,1,-1,166.0,0.5666666666666667,-46.091666666666725,0,2,0.8,0.8,0.04166666666666663,-0.22222222222222215,0.2876820724517808,132.8,0.45333333333333337,-7651.216666666676
2005,1086,2025-05-17,Train,1,-1,166.0,0.5666666666666667,-46.091666666666725,0,2,0.0,0.0,0.08333333333333331,0.0,0.6931471805599453,0.0,0.0,-7651.216666666676
3970,1994,2025-05-17,Dust2,0,1,42.0,-0.19166666666666665,0.0,0,-1,-1.8591549295774648,-1.8591549295774648,-0.22916666666666663,0.26388888888888884,-1.466337068793427,-78.08450704225352,0.35633802816901405,0.0
3969,1994,2025-05-17,Mirage,0,1,42.0,-0.19166666666666665,0.0,0,-1,0.44099999999999995,0.44099999999999995,-0.004166666666666652,-0.08333333333333331,-0.6061358035703157,18.522,-0.08452499999999999,0.0
2001,1085,2025-05-17,Nuke,1,-1,175.0,-0.4285714285714286,-53.3452380952381,0,-1,-0.4,-0.4,0.01041666666666674,0.020833333333333315,0.5108256237659905,-70.0,0.17142857142857146,-9335.416666666668
1993,1082,2025-05-18,Mirage,1,1,-116.0,-0.5959183673469388,66.22448979591834,0,-1,-1.6666666666666665,-1.6666666666666665,-0.12499999999999994,0.2416666666666667,0.18232155679395468,193.33333333333331,0.9931972789115646,-7682.040816326528
1995,1083,2025-05-18,Anubis,1,-1,-125.0,0.0,113.4,0,2,0.7857142857142857,0.7857142857142857,0.16840277777777773,0.02256944444444442,0.25131442828090633,-98.21428571428571,0.0,-14175.0
1996,1083,2025-05-18,Inferno,1,1,-125.0,0.0,113.4,0,2,-0.45,-0.45,0.0763888888888889,0.034722222222222265,0.2876820724517808,56.25,-0.0,-14175.0
1997,1083,2025-05-18,Dust2,1,1,-125.0,0.0,113.4,0,2,1.0,1.0,0.10416666666666663,-0.22916666666666666,-0.4054651081081645,-125.0,0.0,-14175.0
1998,1084,2025-05-18,Train,1,-1,-57.0,-1.6363636363636365,211.66666666666666,30,-6,0.0,0.0,-0.5416666666666666,-0.25,0.0,-0.0,-0.0,-12065.0
1999,1084,2025-05-18,Ancient,1,-1,-57.0,-1.6363636363636365,211.66666666666666,30,-6,-1.1818181818181819,-1.1818181818181819,-0.15178571428571425,0.16666666666666663,-0.980829253011726,67.36363636363637,1.9338842975206614,-12065.0
1992,1082,2025-05-18,Nuke,1,-1,-116.0,-0.5959183673469388,66.22448979591834,0,-1,-0.5,-0.5,-0.02777777777777768,0.06944444444444453,0.0,58.0,0.2979591836734694,-7682.040816326528
1991,1082,2025-05-18,Dust2,1,-1,-116.0,-0.5959183673469388,66.22448979591834,0,-1,-1.0521739130434784,-1.0521739130434784,-0.08541666666666664,0.25000000000000006,-0.18232155679395468,122.05217391304349,0.6270097604259096,-7682.040816326528
1994,1082,2025-05-18,Train,1,-1,-116.0,-0.5959183673469388,66.22448979591834,0,-1,-0.1333333333333333,-0.1333333333333333,-0.10416666666666669,-0.13888888888888895,-0.2876820724517808,15.466666666666663,0.07945578231292516,-7682.040816326528
3965,1992,2025-05-18,Train,0,1,381.0,-0.6,-179.2,-32,8,0.0,0.0,0.0,0.0,1.0986122886681098,0.0,0.0,-68275.2
3966,1992,2025-05-18,Inferno,0,1,381.0,-0.6,-179.2,-32,8,0.0,0.0,0.0,0.0,1.6094379124341003,0.0,0.0,-68275.2
3955,1987,2025-05-19,Mirage,0,1,-34.0,-0.1714285714285715,39.228571428571435,5,-12,-1.4403669724770642,-1.4403669724770642,-0.28431372549019607,0.13480392156862736,-2.197224577336219,48.972477064220186,0.2469200524246397,-1333.7714285714287
3959,1989,2025-05-19,Default,0,1,41.0,1.25,-34.0,-3,15,0.0,0.0,0.0,0.0,1.0986122886681098,0.0,0.0,-1394.0
1989,1081,2025-05-19,Ancient,1,1,-121.0,-0.2222222222222221,436.3333333333333,8,0,0.0,0.0,0.0,-0.041666666666666685,-0.4054651081081645,-0.0,-0.0,-52796.33333333333
1988,1080,2025-05-19,Nuke,1,-1,24.0,0.41904761904761917,-110.11428571428578,30,-3,-0.4,-0.4,-0.20833333333333334,-0.008333333333333304,-1.0986122886681096,-9.600000000000001,-0.16761904761904767,-2642.742857142859
3954,1986,2025-05-19,Ancient,0,1,381.0,0.5714285714285714,-42.0,-3,7,0.0,0.0,0.0,0.0,2.4849066497880004,0.0,0.0,-16002.0
1990,1081,2025-05-19,Inferno,1,1,-121.0,-0.2222222222222221,436.3333333333333,8,0,-2.0,-2.0,-0.12499999999999994,0.08333333333333331,-0.6931471805599453,242.0,0.4444444444444442,-52796.33333333333
1987,1080,2025-05-19,Ancient,1,-1,24.0,0.41904761904761917,-110.11428571428578,30,-3,-1.1428571428571428,-1.1428571428571428,-0.19444444444444442,0.2361111111111111,-0.6931471805599453,-27.428571428571427,-0.47891156462585044,-2642.742857142859
3953,1986,2025-05-19,Train,0,1,381.0,0.5714285714285714,-42.0,-3,7,-0.6153846153846154,-0.6153846153846154,-0.04166666666666663,0.05555555555555558,0.2876820724517808,-234.46153846153848,-0.3516483516483517,-16002.0
3956,1987,2025-05-19,Dust2,0,1,-34.0,-0.1714285714285715,39.228571428571435,5,-12,0.6923076923076923,0.6923076923076923,0.055555555555555525,0.048611111111111105,-1.252762968495368,-23.538461538461537,-0.11868131868131873,-1333.7714285714287
1982,1078,2025-05-19,Dust2,1,1,371.0,0.8796296296296295,336.25000000000006,-7,0,0.0,0.0,0.0,0.0,-0.6931471805599453,0.0,0.0,124748.75000000001
1986,1080,2025-05-19,Anubis,1,1,24.0,0.41904761904761917,-110.11428571428578,30,-3,-0.9523809523809524,-0.9523809523809524,-0.4479166666666667,0.13541666666666663,-0.916290731874155,-22.857142857142858,-0.3990929705215421,-2642.742857142859
1985,1079,2025-05-19,Dust2,1,1,911.0,-0.25217391304347825,388.08260869565225,16,-10,-0.8108108108108109,-0.8108108108108109,0.1111111111111111,0.19444444444444436,-0.6931471805599453,-738.6486486486486,0.2044653349001175,353543.2565217392
1984,1079,2025-05-19,Inferno,1,1,911.0,-0.25217391304347825,388.08260869565225,16,-10,0.28985507246376807,0.28985507246376807,0.03472222222222221,-0.08333333333333337,-0.5596157879354227,264.0579710144927,-0.07309388783868934,353543.2565217392
1983,1078,2025-05-19,Mirage,1,1,371.0,0.8796296296296295,336.25000000000006,-7,0,2.0,2.0,0.41666666666666663,-0.16666666666666663,0.4054651081081645,742.0,1.759259259259259,124748.75000000001
3948,1984,2025-05-20,Mirage,0,-1,-34.0,0.32,37.66,0,-11,-0.13913043478260861,-0.13913043478260861,-0.10648148148148145,0.002314814814814825,-1.8458266904983305,4.730434782608693,-0.04452173913043476,-1280.4399999999998
1969,1072,2025-05-20,Dust2,1,-1,-8.0,-0.6798245614035088,-90.80921052631582,0,-10,1.4230769230769231,1.4230769230769231,0.13541666666666663,-0.19791666666666663,-0.916290731874155,-11.384615384615385,-0.9674426450742241,726.4736842105266
1970,1072,2025-05-20,Anubis,1,1,-8.0,-0.6798245614035088,-90.80921052631582,0,-10,-0.09824561403508769,-0.09824561403508769,-0.2375,-0.012500000000000011,-0.6931471805599452,0.7859649122807015,0.0667897814712219,726.4736842105266
1978,1076,2025-05-20,Nuke,1,1,147.0,0.032258064516129045,-46.09090909090908,2,3,-2.0,-2.0,-0.14583333333333331,0.16666666666666663,0.4054651081081645,-294.0,-0.06451612903225809,-6775.363636363634
1971,1073,2025-05-20,Mirage,1,1,190.0,0.8466505246166263,-123.70702179176754,0,0,0.0,0.0,0.41666666666666663,0.25,-0.4054651081081645,0.0,0.0,-23504.334140435833
1976,1075,2025-05-20,Anubis,1,1,-172.0,0.3333333333333334,-4.595238095238102,2,-2,-0.32132424537487825,-0.32132424537487825,0.09920634920634919,0.0575396825396825,-0.6931471805599452,55.267770204479056,-0.1071080817916261,790.3809523809535
1968,1072,2025-05-20,Inferno,1,1,-8.0,-0.6798245614035088,-90.80921052631582,0,-10,0.5952380952380952,0.5952380952380952,0.07738095238095238,-0.08333333333333331,-1.3862943611198904,-4.761904761904762,-0.4046574770258981,726.4736842105266
1975,1074,2025-05-20,Mirage,1,-1,284.0,-0.1348837209302326,106.45813953488368,2,6,0.5121951219512195,0.5121951219512195,0.22619047619047622,0.10416666666666663,0.980829253011726,145.46341463414635,-0.06908678389109475,30234.11162790697
1974,1074,2025-05-20,Anubis,1,-1,284.0,-0.1348837209302326,106.45813953488368,2,6,-0.27889908256880735,-0.27889908256880735,0.03518518518518521,0.09629629629629627,0.5108256237659909,-79.2073394495413,0.03761894602090891,30234.11162790697
1965,1070,2025-05-20,Nuke,1,-1,-943.0,-0.7774086378737544,-96.03322259136218,0,3,-1.2799999999999998,-1.2799999999999998,-0.29166666666666663,-0.04861111111111116,0.8472978603872034,1207.0399999999997,0.9950830564784054,90559.32890365453
1977,1075,2025-05-20,Mirage,1,1,-172.0,0.3333333333333334,-4.595238095238102,2,-2,1.5774647887323943,1.5774647887323943,0.16666666666666663,-0.1597222222222222,0.5596157879354227,-271.32394366197184,0.5258215962441316,790.3809523809535
1979,1076,2025-05-20,Inferno,1,1,147.0,0.032258064516129045,-46.09090909090908,2,3,2.0,2.0,0.04166666666666663,-0.24999999999999994,-0.6931471805599453,294.0,0.06451612903225809,-6775.363636363634
1973,1074,2025-05-20,Dust2,1,1,284.0,-0.1348837209302326,106.45813953488368,2,6,0.4761904761904763,0.4761904761904763,0.08333333333333331,-0.11666666666666667,-0.6931471805599452,135.23809523809527,-0.06423034330011078,30234.11162790697
1961,1068,2025-05-20,Dust2,1,1,337.0,-0.2967884828349945,417.6533776301219,0,0,0.4761904761904763,0.4761904761904763,0.16666666666666669,0.09166666666666667,-0.4054651081081644,160.4761904761905,-0.14132784896904502,140749.18826135108
3947,1984,2025-05-20,Dust2,0,1,-34.0,0.32,37.66,0,-11,0.9032258064516129,0.9032258064516129,0.05952380952380948,0.04464285714285715,-0.980829253011726,-30.709677419354836,0.2890322580645161,-1280.4399999999998
1981,1077,2025-05-20,Nuke,1,1,363.0,-0.12360688956433641,556.1590678824722,-3,-6,0.0699300699300699,0.0699300699300699,0.23263888888888895,0.09375000000000006,-0.2231435513142097,25.384615384615373,-0.008643838431072472,201885.7416413374
1964,1070,2025-05-20,Mirage,1,-1,-943.0,-0.7774086378737544,-96.03322259136218,0,3,0.16091954022988508,0.16091954022988508,-0.019444444444444486,-0.02499999999999991,0.4054651081081644,-151.74712643678163,-0.12510024057738578,90559.32890365453
1959,1068,2025-05-20,Ancient,1,1,337.0,-0.2967884828349945,417.6533776301219,0,0,0.3529411764705882,0.3529411764705882,0.09722222222222221,0.02777777777777779,-0.8472978603872034,118.94117647058822,-0.10474887629470392,140749.18826135108
1967,1071,2025-05-20,Train,1,-1,-302.0,0.2077922077922077,42.88311688311677,0,0,0.0,0.0,0.0,0.0,-0.6931471805599453,0.0,0.0,-12950.701298701264
1966,1071,2025-05-20,Inferno,1,-1,-302.0,0.2077922077922077,42.88311688311677,0,0,0.4444444444444445,0.4444444444444445,0.09027777777777779,0.034722222222222265,-0.2876820724517808,-134.22222222222223,0.09235209235209231,-12950.701298701264
1960,1068,2025-05-20,Nuke,1,-1,337.0,-0.2967884828349945,417.6533776301219,0,0,-0.38461538461538464,-0.38461538461538464,0.07638888888888895,0.08333333333333337,0.2876820724517808,-129.6153846153846,0.11414941647499788,140749.18826135108
3943,1982,2025-05-20,Dust2,0,1,48.0,-0.06666666666666671,-381.0,-3,9,0.0,0.0,0.0,0.0,2.302585092994046,0.0,0.0,-18288.0
3944,1982,2025-05-20,Ancient,0,1,48.0,-0.06666666666666671,-381.0,-3,9,0.9824561403508771,0.9824561403508771,0.4041666666666666,-0.08749999999999997,1.7047480922384253,47.1578947368421,-0.06549707602339185,-18288.0
3949,1984,2025-05-20,Anubis,0,-1,-34.0,0.32,37.66,0,-11,-1.1445086705202312,-1.1445086705202312,0.07440476190476197,0.181547619047619,-2.0149030205422647,38.91329479768786,-0.36624277456647397,-1280.4399999999998
1980,1077,2025-05-20,Train,1,1,363.0,-0.12360688956433641,556.1590678824722,-3,-6,-0.2745098039215687,-0.2745098039215687,-0.06481481481481483,-0.08796296296296297,-0.9162907318741553,-99.64705882352943,0.03393130301766099,201885.7416413374
1972,1073,2025-05-20,Anubis,1,1,190.0,0.8466505246166263,-123.70702179176754,0,0,1.0,1.0,0.27083333333333337,-0.2708333333333333,0.0,190.0,0.8466505246166263,-23504.334140435833
1963,1069,2025-05-21,Nuke,1,-1,-310.0,-0.020408163265306128,-152.96326530612245,1,-1,-0.9549224666426253,-0.9549224666426253,-0.12291666666666662,0.125,0.18232155679395468,296.02596465921386,0.01948821360495154,47418.61224489796
1958,1067,2025-05-21,Anubis,1,-1,-482.0,0.12727272727272732,-170.14545454545453,1,-5,0.0,0.0,0.0,0.0,-2.1972245773362196,0.0,0.0,82010.10909090909
1954,1063,2025-05-21,Train,1,1,-425.0,0.0222222222222222,136.37777777777782,1,-2,-2.0,-2.0,-0.41666666666666663,0.36111111111111105,-0.6931471805599453,850.0,-0.0444444444444444,-57960.55555555558
1955,1063,2025-05-21,Mirage,1,-1,-425.0,0.0222222222222222,136.37777777777782,1,-2,0.6575342465753424,0.6575342465753424,0.1388888888888889,-0.02083333333333326,0.33647223662121295,-279.4520547945205,0.014611872146118705,-57960.55555555558
3934,1977,2025-05-21,Train,0,-1,-48.0,0.3818181818181818,-219.8747474747475,-4,-1,0.8852459016393442,0.8852459016393442,-0.03333333333333344,-0.21666666666666662,-1.0986122886681096,-42.49180327868852,0.3380029806259314,10553.98787878788
3933,1977,2025-05-21,Dust2,0,-1,-48.0,0.3818181818181818,-219.8747474747475,-4,-1,1.0263157894736843,1.0263157894736843,0.0763888888888889,-0.01388888888888884,-0.5596157879354227,-49.26315789473685,0.391866028708134,10553.98787878788
3932,1976,2025-05-21,Nuke,0,1,41.0,0.0,0.0,-997,16,0.0,0.0,0.0,0.0,3.044522437723423,0.0,0.0,0.0
3931,1976,2025-05-21,Default,0,1,41.0,0.0,0.0,-997,16,0.0,0.0,0.0,0.0,1.3862943611198906,0.0,0.0,0.0
1962,1069,2025-05-21,Inferno,1,-1,-310.0,-0.020408163265306128,-152.96326530612245,1,-1,0.8979591836734694,0.8979591836734694,0.11458333333333331,-0.25,-0.5108256237659905,-278.3673469387755,-0.018325697625989176,47418.61224489796
1957,1067,2025-05-21,Dust2,1,-1,-482.0,0.12727272727272732,-170.14545454545453,1,-5,0.0,0.0,0.0,0.0,-1.3862943611198906,0.0,0.0,82010.10909090909
1956,1063,2025-05-21,Nuke,1,1,-425.0,0.0222222222222222,136.37777777777782,1,-2,-0.5935483870967742,-0.5935483870967742,-0.08214285714285718,0.07738095238095238,0.2876820724517808,252.25806451612902,-0.013189964157706078,-57960.55555555558
3930,1975,2025-05-21,Dust2,0,-1,48.0,0.0347694633408919,-44.88888888888888,-7,9,-1.15,-1.15,-0.09999999999999998,0.07916666666666666,1.7047480922384253,-55.199999999999996,-0.03998488284202568,-2154.666666666666
3929,1975,2025-05-21,Train,0,-1,48.0,0.0347694633408919,-44.88888888888888,-7,9,1.1764705882352942,1.1764705882352942,0.1958333333333333,-0.11249999999999993,1.7047480922384253,56.470588235294116,0.04090525098928459,-2154.666666666666
3928,1975,2025-05-21,Nuke,0,1,48.0,0.0347694633408919,-44.88888888888888,-7,9,0.0,0.0,0.0,0.0,2.4849066497880004,0.0,0.0,-2154.666666666666
3922,1973,2025-05-22,Anubis,0,-1,41.0,0.974468085106383,-147.29999999999998,-13,12,0.2424242424242425,0.2424242424242425,0.02083333333333337,-0.125,-0.2876820724517808,9.939393939393941,0.23623468729851715,-6039.299999999999
3923,1973,2025-05-22,Inferno,0,1,41.0,0.974468085106383,-147.29999999999998,-13,12,0.0,0.0,0.0,0.0,2.3978952727983707,0.0,0.0,-6039.299999999999
1950,1057,2025-05-22,Anubis,1,1,482.0,0.0,0.0,-998,8,0.0,0.0,0.0,0.0,2.302585092994046,0.0,0.0,0.0
1953,1058,2025-05-22,Nuke,1,1,-90.0,-0.4047619047619048,380.9613095238095,0,-1,0.03076923076923077,0.03076923076923077,0.0034722222222222654,0.06597222222222221,0.810930216216329,-2.769230769230769,-0.012454212454212457,-34286.517857142855
1951,1058,2025-05-22,Ancient,1,1,-90.0,-0.4047619047619048,380.9613095238095,0,-1,1.4893617021276595,1.4893617021276595,0.125,-0.21874999999999994,0.916290731874155,-134.04255319148936,-0.6028368794326242,-34286.517857142855
3924,1973,2025-05-22,Mirage,0,1,41.0,0.974468085106383,-147.29999999999998,-13,12,0.41666666666666663,0.41666666666666663,0.017769607843137247,-0.04044117647058826,1.2809338454620642,17.083333333333332,0.40602836879432624,-6039.299999999999
1952,1058,2025-05-22,Mirage,1,-1,-90.0,-0.4047619047619048,380.9613095238095,0,-1,-1.4545454545454546,-1.4545454545454546,-0.11904761904761901,0.2529761904761905,0.980829253011726,130.9090909090909,0.5887445887445889,-34286.517857142855
3917,1971,2025-05-23,Train,0,1,-48.0,0.5877551020408163,34.0,10,-11,0.0,0.0,0.0,0.0,-2.4849066497880004,0.0,0.0,-1632.0
1947,1055,2025-05-23,Dust2,1,1,-47.0,0.38461538461538464,93.79230769230767,0,-5,-2.0,-2.0,-0.29166666666666663,0.27777777777777773,-0.6931471805599453,94.0,-0.7692307692307693,-4408.238461538461
3916,1971,2025-05-23,Dust2,0,-1,-48.0,0.5877551020408163,34.0,10,-11,0.3241379310344828,0.3241379310344828,-0.1111111111111111,-0.052083333333333315,-1.466337068793427,-15.558620689655175,0.1905137227304715,-1632.0
1949,1056,2025-05-23,Anubis,1,1,482.0,1.0,61.5,-13,8,0.0,0.0,0.0,0.0,2.3978952727983707,0.0,0.0,29643.0
3912,1969,2025-05-23,Mirage,0,1,-48.0,0.5769442912300056,130.6216216216216,17,-12,0.8368794326241135,0.8368794326241135,0.02083333333333326,-0.14930555555555558,-1.8718021769015913,-40.170212765957444,0.48283281110028836,-6269.8378378378375
3913,1969,2025-05-23,Dust2,0,1,-48.0,0.5769442912300056,130.6216216216216,17,-12,0.0,0.0,0.0,0.0,-2.5649493574615367,0.0,0.0,-6269.8378378378375
3918,1971,2025-05-23,Nuke,0,-1,-48.0,0.5877551020408163,34.0,10,-11,0.8275862068965517,0.8275862068965517,0.14236111111111105,0.06944444444444442,-1.466337068793427,-39.724137931034484,0.4864180154820548,-1632.0
1948,1055,2025-05-23,Mirage,1,1,-47.0,0.38461538461538464,93.79230769230767,0,-5,0.37281227523375665,0.37281227523375665,-0.0267857142857143,-0.09970238095238093,-0.11778303565638382,-17.52217693598656,0.14338933662836795,-4408.238461538461
1942,1052,2025-05-24,Train,1,-1,482.0,1.0,80.8,-50,10,0.0,0.0,0.0,0.0,1.6094379124341003,0.0,0.0,38945.6
1943,1052,2025-05-24,Ancient,1,1,482.0,1.0,80.8,-50,10,0.0,0.0,0.0,0.0,1.0986122886681098,0.0,0.0,38945.6
1944,1052,2025-05-24,Nuke,1,1,482.0,1.0,80.8,-50,10,0.0,0.0,0.0,0.0,1.9459101490553132,0.0,0.0,38945.6
1940,1051,2025-05-25,Train,1,-1,590.0,0.5853427895981089,-50.230732860520135,-1,0,0.4897959183673469,0.4897959183673469,0.04166666666666663,0.10416666666666669,-0.5108256237659905,288.9795918367347,0.2866985091909105,-29636.13238770688
1941,1051,2025-05-25,Inferno,1,1,590.0,0.5853427895981089,-50.230732860520135,-1,0,1.375,1.375,0.22222222222222215,-0.17777777777777776,0.4054651081081644,811.25,0.8048463356973998,-29636.13238770688
1935,1049,2025-05-25,Inferno,1,-1,-629.0,-0.369469773725093,66.99898682877406,3,-1,-0.9361702127659575,-0.9361702127659575,-0.11458333333333331,0.15000000000000002,-0.18232155679395468,588.8510638297872,0.34588659667881044,-42142.362715298885
1934,1049,2025-05-25,Mirage,1,-1,-629.0,-0.369469773725093,66.99898682877406,3,-1,0.9795918367346939,0.9795918367346939,0.04166666666666663,-0.125,-0.2231435513142097,-616.1632653061224,-0.36192957426131556,-42142.362715298885
1933,1049,2025-05-25,Dust2,1,-1,-629.0,-0.369469773725093,66.99898682877406,3,-1,0.5714285714285714,0.5714285714285714,0.01388888888888884,-0.09722222222222227,-0.6931471805599453,-359.4285714285714,-0.21112558498576742,-42142.362715298885
1937,1050,2025-05-25,Dust2,1,-1,-482.0,-1.4,223.0538461538461,1,-10,0.0,0.0,0.0,0.0,-1.6094379124341003,0.0,0.0,-107511.95384615382
1938,1050,2025-05-25,Inferno,1,-1,-482.0,-1.4,223.0538461538461,1,-10,0.0,0.0,0.0,0.0,-1.3862943611198906,0.0,0.0,-107511.95384615382
1939,1051,2025-05-25,Dust2,1,1,590.0,0.5853427895981089,-50.230732860520135,-1,0,-0.5714285714285714,-0.5714285714285714,-0.07638888888888884,0.12847222222222227,-0.2231435513142097,-337.1428571428571,-0.3344815940560622,-29636.13238770688
1936,1050,2025-05-25,Ancient,1,1,-482.0,-1.4,223.0538461538461,1,-10,-1.4285714285714286,-1.4285714285714286,-0.27777777777777773,0.11111111111111105,-0.6931471805599453,688.5714285714286,2.0,-107511.95384615382
3888,1959,2025-05-26,Anubis,0,-1,-48.0,0.348936170212766,39.36170212765958,5,-8,-0.5217391304347825,-0.5217391304347825,-0.10416666666666669,0.04166666666666663,-0.5108256237659905,25.04347826086956,-0.1820536540240518,-1889.36170212766
3887,1959,2025-05-26,Train,0,1,-48.0,0.348936170212766,39.36170212765958,5,-8,-0.0700152207001522,-0.0700152207001522,-0.07291666666666669,-0.010416666666666685,-1.466337068793427,3.3607305936073057,-0.02443084296771269,-1889.36170212766
3886,1959,2025-05-26,Dust2,0,-1,-48.0,0.348936170212766,39.36170212765958,5,-8,0.7422556390977444,0.7422556390977444,0.059523809523809534,-0.014880952380952439,-1.0986122886681098,-35.62827067669173,0.25899984002559595,-1889.36170212766
3884,1958,2025-05-26,Dust2,0,1,-48.0,-0.8,48.0,14,-10,0.0,0.0,0.0,0.0,-2.70805020110221,0.0,0.0,-2304.0
3883,1958,2025-05-26,Default,0,-1,-48.0,-0.8,48.0,14,-10,0.0,0.0,0.0,0.0,-1.3862943611198906,0.0,0.0,-2304.0
3885,1958,2025-05-26,Ancient,0,1,-48.0,-0.8,48.0,14,-10,-1.1181102362204725,-1.1181102362204725,-0.12121212121212122,0.11363636363636359,-1.791759469228055,53.66929133858268,0.894488188976378,-2304.0
3866,1951,2025-05-27,Mirage,0,-1,34.0,0.1627906976744186,-222.20930232558138,0,9,0.39215686274509803,0.39215686274509803,0.09573412698412698,-0.07341269841269843,1.4816045409242158,13.333333333333334,0.06383948928408573,-7555.116279069767
3867,1951,2025-05-27,Train,0,-1,34.0,0.1627906976744186,-222.20930232558138,0,9,-0.787143723468769,-0.787143723468769,-0.026041666666666685,0.0,0.5877866649021193,-26.76288659793815,-0.12813967591352052,-7555.116279069767
3868,1952,2025-05-27,Default,0,-1,34.0,-0.010101010101010088,-46.3030303030303,-6,10,0.0,0.0,0.0,0.0,0.6931471805599453,0.0,0.0,-1574.30303030303
3871,1953,2025-05-27,Dust2,0,1,-34.0,-0.4230769230769231,46.11538461538461,13,-11,-0.8421052631578947,-0.8421052631578947,-0.13425925925925924,0.11574074074074076,-1.6094379124341005,28.631578947368418,0.3562753036437247,-1567.923076923077
3870,1953,2025-05-27,Train,0,1,-34.0,-0.4230769230769231,46.11538461538461,13,-11,0.0,0.0,0.0,0.0,-2.1972245773362196,0.0,0.0,-1567.923076923077
3869,1953,2025-05-27,Mirage,0,-1,-34.0,-0.4230769230769231,46.11538461538461,13,-11,-0.8259803921568627,-0.8259803921568627,-0.0714285714285714,-0.009920634920634885,-1.7047480922384255,28.083333333333332,0.34945324283559576,-1567.923076923077
3880,1956,2025-05-27,Ancient,0,1,34.0,0.13043478260869562,-48.00000000000001,-1,11,0.20964360587002095,0.20964360587002095,0.057870370370370405,-0.002314814814814825,1.2039728043259361,7.127882599580713,0.027344818156959248,-1632.0000000000002
3878,1956,2025-05-27,Mirage,0,1,34.0,0.13043478260869562,-48.00000000000001,-1,11,0.0,0.0,0.0,0.0,3.091042453358316,0.0,0.0,-1632.0000000000002
3877,1955,2025-05-27,Ancient,0,-1,-48.0,0.37545787545787546,-110.92582417582422,-2,-2,1.0909090909090908,1.0909090909090908,0.08333333333333331,-0.04166666666666663,0.4054651081081645,-52.36363636363636,0.40959040959040954,5324.439560439562
3879,1956,2025-05-27,Dust2,0,-1,34.0,0.13043478260869562,-48.00000000000001,-1,11,-1.1578947368421053,-1.1578947368421053,-0.19907407407407407,-0.11574074074074076,1.6094379124341005,-39.36842105263158,-0.15102974828375282,-1632.0000000000002
3875,1955,2025-05-27,Anubis,0,-1,-48.0,0.37545787545787546,-110.92582417582422,-2,-2,-0.9090909090909092,-0.9090909090909092,-0.14583333333333337,0.04166666666666663,-0.4054651081081645,43.63636363636364,-0.34132534132534137,5324.439560439562
3874,1954,2025-05-27,Train,0,-1,381.0,0.7627906976744185,-222.20930232558138,8,2,0.03580562659846542,0.03580562659846542,0.04166666666666663,-0.04166666666666663,0.0,13.641943734015326,0.02731219889371316,-84661.7441860465
3873,1954,2025-05-27,Ancient,0,1,381.0,0.7627906976744185,-222.20930232558138,8,2,1.3432835820895521,1.3432835820895521,0.06250000000000006,-0.14930555555555552,1.8718021769015913,511.79104477611935,1.0246442207566815,-84661.7441860465
3872,1954,2025-05-27,Mirage,0,-1,381.0,0.7627906976744185,-222.20930232558138,8,2,0.025922233300099698,0.025922233300099698,0.052083333333333315,-0.08333333333333331,0.8754687373539001,9.876370887337984,0.019773238424262093,-84661.7441860465
3876,1955,2025-05-27,Nuke,0,1,-48.0,0.37545787545787546,-110.92582417582422,-2,-2,-0.4743083003952569,-0.4743083003952569,0.07291666666666669,0.14583333333333337,-0.5108256237659905,22.766798418972332,-0.17808278677843895,5324.439560439562
3865,1950,2025-05-28,Mirage,0,1,-48.0,0.4444444444444445,211.35555555555558,-1,-5,0.2008318478906714,0.2008318478906714,-0.08269230769230773,0.0012820512820512775,-0.8472978603872034,-9.639928698752227,0.08925859906252064,-10145.066666666668
3864,1950,2025-05-28,Nuke,0,-1,-48.0,0.4444444444444445,211.35555555555558,-1,-5,-1.25,-1.25,0.01282051282051283,0.17147435897435892,-1.5404450409471486,60.0,-0.5555555555555556,-10145.066666666668
3863,1950,2025-05-28,Train,0,1,-48.0,0.4444444444444445,211.35555555555558,-1,-5,0.766798418972332,0.766798418972332,0.09679487179487184,0.0782051282051282,-0.8472978603872034,-36.80632411067194,0.3407992973210365,-10145.066666666668
3862,1949,2025-05-28,Anubis,0,1,34.0,-0.6043347571586775,-43.76744186046512,0,9,1.2183908045977012,1.2183908045977012,0.11527777777777787,-0.07500000000000001,1.6739764335716714,41.42528735632184,-0.7363159110209174,-1488.0930232558142
3861,1949,2025-05-28,Dust2,0,1,34.0,-0.6043347571586775,-43.76744186046512,0,9,-1.2380952380952381,-1.2380952380952381,-0.09999999999999998,0.020833333333333315,1.7047480922384253,-42.095238095238095,0.7482239850536007,-1488.0930232558142
3860,1949,2025-05-28,Mirage,0,-1,34.0,-0.6043347571586775,-43.76744186046512,0,9,-0.6415094339622642,-0.6415094339622642,-0.05113636363636359,0.05681818181818182,2.0368819272610397,-21.811320754716984,0.3876864479885856,-1488.0930232558142
3851,1945,2025-05-29,Dust2,0,1,381.0,0.8716356107660456,-52.57142857142857,-18,5,1.8399999999999999,1.8399999999999999,0.19696969696969696,-0.2121212121212121,1.3862943611198906,701.04,1.6038095238095238,-20029.714285714286
3852,1945,2025-05-29,Inferno,0,-1,381.0,0.8716356107660456,-52.57142857142857,-18,5,-1.2,-1.2,-0.11666666666666664,0.041666666666666685,1.0986122886681096,-457.2,-1.0459627329192547,-20029.714285714286
3855,1946,2025-05-29,Train,0,1,41.0,0.42392026578073094,-40.0,1,4,-1.096774193548387,-1.096774193548387,-0.12878787878787878,0.06818181818181818,1.791759469228055,-44.967741935483865,-0.4649448076304791,-1640.0
3853,1945,2025-05-29,Mirage,0,-1,381.0,0.8716356107660456,-52.57142857142857,-18,5,0.9770992366412213,0.9770992366412213,-0.10416666666666669,-0.23958333333333331,1.466337068793427,372.2748091603053,0.8516744899088079,-20029.714285714286
3856,1947,2025-05-29,Default,0,1,-144.0,0.0,0.0,-965,0,0.0,0.0,0.0,0.0,0.0,0.0,0.0,0.0
3854,1946,2025-05-29,Inferno,0,1,41.0,0.42392026578073094,-40.0,1,4,0.0,0.0,0.0,0.0,2.4849066497880004,0.0,0.0,-1640.0
3858,1948,2025-05-29,Train,0,1,-381.0,-0.5074899525027402,37.109243697478995,2,-4,0.819672131147541,0.819672131147541,0.16666666666666663,0.14166666666666672,-1.0986122886681096,-312.29508196721315,-0.4159753709038854,-14138.621848739496
3859,1948,2025-05-29,Ancient,0,-1,-381.0,-0.5074899525027402,37.109243697478995,2,-4,-1.401360544217687,-1.401360544217687,-0.30021367521367526,0.15705128205128205,-1.2527629684953678,533.9183673469388,0.7111763960242482,-14138.621848739496
3857,1948,2025-05-29,Dust2,0,-1,-381.0,-0.5074899525027402,37.109243697478995,2,-4,-0.7288888888888888,-0.7288888888888888,-0.09280303030303028,0.04545454545454547,-1.3862943611198906,277.70666666666665,0.36990378760199727,-14138.621848739496
3838,1940,2025-05-30,Ancient,0,-1,-48.0,-0.2718023255813954,82.29433139534879,24,-3,-1.2,-1.2,-0.16666666666666663,0.10416666666666663,-0.4054651081081645,57.599999999999994,0.32616279069767445,-3950.127906976742
3839,1940,2025-05-30,Train,0,-1,-48.0,-0.2718023255813954,82.29433139534879,24,-3,0.0,0.0,0.0,0.0,-1.9459101490553132,0.0,0.0,-3950.127906976742
3840,1941,2025-05-30,Inferno,0,-1,-41.0,-0.2111111111111112,41.291666666666664,2,-2,1.1347517730496453,1.1347517730496453,0.10069444444444436,-0.010416666666666685,-1.8718021769015913,-46.52482269503545,-0.2395587076438141,-1692.9583333333333
3841,1941,2025-05-30,Mirage,0,1,-41.0,-0.2111111111111112,41.291666666666664,2,-2,1.096774193548387,1.096774193548387,0.12280701754385964,-0.04020467836257313,-1.6094379124341003,-44.967741935483865,-0.2315412186379929,-1692.9583333333333
3843,1942,2025-05-30,Dust2,0,-1,-34.0,-0.7959183673469387,163.6122448979592,8,-6,0.03139306736429044,0.03139306736429044,0.007575757575757569,0.013257575757575746,-1.3862943611198906,-1.067364290385875,-0.024986318922598512,-5562.816326530612
3844,1942,2025-05-30,Mirage,0,-1,-34.0,-0.7959183673469387,163.6122448979592,8,-6,-1.2846715328467153,-1.2846715328467153,-0.18357487922705318,0.10507246376811591,-1.7917594692280552,43.67883211678832,1.0224936690004467,-5562.816326530612
3845,1943,2025-05-30,Inferno,0,1,-381.0,0.22730471498944405,46.79310344827586,14,-6,-0.64,-0.64,-0.0625,0.03472222222222221,-1.252762968495368,243.84,-0.1454750175932442,-17828.1724137931
3842,1941,2025-05-30,Nuke,0,1,-41.0,-0.2111111111111112,41.291666666666664,2,-2,0.18373929485040597,0.18373929485040597,0.06565656565656564,0.017676767676767735,-1.749199854809259,-7.533311088866645,-0.03878940669064127,-1692.9583333333333
3847,1943,2025-05-30,Train,0,-1,-381.0,0.22730471498944405,46.79310344827586,14,-6,0.0,0.0,0.0,0.0,-1.9459101490553132,0.0,0.0,-17828.1724137931
3848,1944,2025-05-30,Mirage,0,-1,41.0,0.044444444444444564,-369.0,-49,5,-1.096774193548387,-1.096774193548387,-0.12280701754385964,0.04714912280701755,1.897119984885881,-44.967741935483865,-0.04874551971326178,-15129.0
3849,1944,2025-05-30,Nuke,0,1,41.0,0.044444444444444564,-369.0,-49,5,1.2757201646090535,1.2757201646090535,0.2954545454545455,-0.12878787878787878,2.4423470353692043,52.30452674897119,0.05669867398262475,-15129.0
3850,1944,2025-05-30,Anubis,0,-1,41.0,0.044444444444444564,-369.0,-49,5,-1.4117647058823528,-1.4117647058823528,-0.19444444444444436,-0.1527777777777778,0.2876820724517808,-57.882352941176464,-0.06274509803921585,-15129.0
3846,1943,2025-05-30,Ancient,0,-1,-381.0,0.22730471498944405,46.79310344827586,14,-6,-0.45679012345679015,-0.45679012345679015,-0.10416666666666663,0.0714285714285714,-1.6094379124341003,174.03703703703704,-0.10383054882233865,-17828.1724137931
3829,1937,2025-05-31,Default,0,1,-144.0,0.0,0.0,30,-1,0.0,0.0,0.0,0.0,-0.6931471805599453,0.0,0.0,0.0
3826,1936,2025-05-31,Dust2,0,1,34.0,-0.1333333333333333,-228.42857142857142,0,7,0.987012987012987,0.987012987012987,0.20833333333333331,-0.12152777777777773,1.8718021769015913,33.55844155844156,-0.13160173160173158,-7766.571428571428
3827,1936,2025-05-31,Mirage,0,-1,34.0,-0.1333333333333333,-228.42857142857142,0,7,-0.6689895470383276,-0.6689895470383276,-0.05034722222222221,0.0954861111111111,1.83258146374831,-22.745644599303137,0.08919860627177699,-7766.571428571428
3837,1939,2025-05-31,Dust2,0,1,-48.0,-0.9966903073286053,57.18534278959811,24,-3,-1.1282051282051282,-1.1282051282051282,-0.22619047619047622,0.1071428571428571,-1.3862943611198904,54.15384615384615,1.1244711159604777,-2744.8964539007093
3836,1939,2025-05-31,Ancient,0,1,-48.0,-0.9966903073286053,57.18534278959811,24,-3,-0.5,-0.5,-0.1111111111111111,-0.15277777777777773,-0.2876820724517808,24.0,0.49834515366430265,-2744.8964539007093
3835,1939,2025-05-31,Nuke,0,-1,-48.0,-0.9966903073286053,57.18534278959811,24,-3,-1.1228070175438596,-1.1228070175438596,-0.1166666666666667,0.13333333333333325,-1.0986122886681096,53.89473684210526,1.1190908713865042,-2744.8964539007093
3834,1938,2025-05-31,Anubis,0,-1,381.0,0.020408163265306128,-41.57142857142858,0,2,1.2142857142857144,1.2142857142857144,0.12222222222222229,-0.12499999999999994,0.4054651081081644,462.64285714285717,0.02478134110787173,-15838.714285714288
3833,1938,2025-05-31,Ancient,0,-1,381.0,0.020408163265306128,-41.57142857142858,0,2,0.8541762101084134,0.8541762101084134,0.12499999999999994,-0.11388888888888898,1.3862943611198906,325.4411360513055,0.01743216755323293,-15838.714285714288
3832,1938,2025-05-31,Inferno,0,1,381.0,0.020408163265306128,-41.57142857142858,0,2,-0.26666666666666666,-0.26666666666666666,-0.05059523809523808,0.011904761904761973,0.980829253011726,-101.6,-0.005442176870748301,-15838.714285714288
3831,1938,2025-05-31,Dust2,0,-1,381.0,0.020408163265306128,-41.57142857142858,0,2,0.9682539682539683,0.9682539682539683,0.12499999999999994,-0.12847222222222227,1.466337068793427,368.9047619047619,0.01976028506640752,-15838.714285714288
3830,1938,2025-05-31,Mirage,0,1,381.0,0.020408163265306128,-41.57142857142858,0,2,-1.1232876712328768,-1.1232876712328768,-0.08333333333333331,0.05048076923076922,1.0296194171811581,-427.972602739726,-0.022924238188426063,-15838.714285714288
3828,1936,2025-05-31,Ancient,0,1,34.0,-0.1333333333333333,-228.42857142857142,0,7,0.0,0.0,0.0,0.0,2.3978952727983707,0.0,0.0,-7766.571428571428
3825,1935,2025-06-01,Dust2,0,1,-34.0,-0.5596638655462185,109.8655462184874,0,-8,0.04524284763805722,0.04524284763805722,-0.06891025641025639,-0.06891025641025639,-1.5404450409471486,-1.5382568196939455,-0.025320786997433706,-3735.4285714285716
3824,1935,2025-06-01,Mirage,0,1,-34.0,-0.5596638655462185,109.8655462184874,0,-8,-0.6483333333333333,-0.6483333333333333,-0.022777777777777786,0.006111111111111123,-1.8718021769015916,22.043333333333333,0.3628487394957983,-3735.4285714285716
3823,1934,2025-06-01,Nuke,0,-1,41.0,0.0,0.0,-997,6,0.0,0.0,0.0,0.0,3.1780538303479458,0.0,0.0,0.0
3822,1934,2025-06-01,Mirage,0,-1,41.0,0.0,0.0,-997,6,0.0,0.0,0.0,0.0,3.044522437723423,0.0,0.0,0.0
1932,1048,2025-06-03,Anubis,1,1,73.0,0.9846153846153847,178.62564102564102,-34,5,1.6774193548387097,1.6774193548387097,0.02777777777777779,-0.29166666666666663,1.252762968495368,122.45161290322581,1.6516129032258067,13039.671794871794
1931,1047,2025-06-03,Train,1,1,37.0,-0.8567026194144839,-45.57575757575757,0,0,-0.8461538461538463,-0.8461538461538463,0.05833333333333335,0.5333333333333333,1.0986122886681096,-31.30769230769231,0.7249022164276403,-1686.30303030303
1927,1043,2025-06-03,Dust2,1,1,26.0,0.5553470919324578,68.05003126954344,0,2,-0.43571428571428583,-0.43571428571428583,-0.08119658119658124,0.06303418803418803,-0.6931471805599452,-11.328571428571431,-0.2419726614848567,1769.3008130081294
3820,1933,2025-06-03,Inferno,0,-1,-41.0,0.611764705882353,40.588235294117645,18,-6,1.0129870129870129,1.0129870129870129,0.0929487179487179,-0.16666666666666663,-1.5404450409471486,-41.53246753246753,0.6197097020626432,-1664.1176470588234
1926,1042,2025-06-03,Inferno,1,1,59.0,0.8263988522238164,-131.2639885222382,-16,1,1.1596638655462186,1.1596638655462186,0.28409090909090906,-0.12878787878787878,1.791759469228055,68.4201680672269,0.9583448874528292,-7744.575322812054
1928,1044,2025-06-03,Dust2,1,1,-89.0,-0.6,-73.70000000000005,-1,1,-0.8275862068965517,-0.8275862068965517,-0.016666666666666663,0.10833333333333328,-1.0986122886681096,73.6551724137931,0.496551724137931,6559.300000000004
1929,1045,2025-06-03,Anubis,1,-1,10.0,0.9707317073170733,-173.97560975609758,16,-3,0.0,0.0,0.025000000000000022,-0.0805555555555556,0.4054651081081644,0.0,0.0,-1739.7560975609758
1930,1046,2025-06-03,Inferno,1,1,59.0,1.4146341463414636,156.85365853658539,-39,1,0.0,0.0,0.0,0.0,2.4849066497880004,0.0,0.0,9254.365853658537
3821,1933,2025-06-03,Nuke,0,-1,-41.0,0.611764705882353,40.588235294117645,18,-6,0.0,0.0,0.0,0.0,-3.2188758248682006,0.0,0.0,-1664.1176470588234
3819,1932,2025-06-04,Ancient,0,1,48.0,0.0,0.0,-992,6,0.0,0.0,0.0,0.0,2.5649493574615367,0.0,0.0,0.0
3818,1932,2025-06-04,Anubis,0,-1,48.0,0.0,0.0,-992,6,0.0,0.0,0.0,0.0,1.791759469228055,0.0,0.0,0.0
1925,1041,2025-06-04,Mirage,1,-1,37.0,0.7970794875327181,-195.72124259539882,0,1,0.967741935483871,0.967741935483871,0.2777777777777778,-0.12499999999999994,0.8472978603872034,35.806451612903224,0.7713672459994046,-7241.685976029757
3817,1932,2025-06-04,Mirage,0,1,48.0,0.0,0.0,-992,6,0.0,0.0,0.0,0.0,2.70805020110221,0.0,0.0,0.0
3816,1931,2025-06-04,Mirage,0,1,-41.0,-0.2594594594594594,146.54054054054055,18,-7,1.1934156378600824,1.1934156378600824,0.13095238095238088,-0.3273809523809524,-2.3978952727983707,-48.93004115226338,-0.30964297630964294,-6008.1621621621625
3815,1931,2025-06-04,Nuke,0,1,-41.0,-0.2594594594594594,146.54054054054055,18,-7,0.0,0.0,0.0,0.0,-3.258096538021482,0.0,0.0,-6008.1621621621625
1923,1039,2025-06-04,Mirage,1,1,57.0,0.7560975609756099,-102.66829268292683,-47,1,0.0,0.0,0.0,-0.25,0.4054651081081645,0.0,0.0,-5852.092682926829
1922,1038,2025-06-04,Anubis,1,1,-52.0,0.07357057177129153,-217.0573770491804,-1,1,0.30303030303030304,0.30303030303030304,0.03703703703703709,0.057870370370370405,0.35667494393873267,-15.757575757575758,0.02229411265796713,11286.98360655738
1921,1037,2025-06-04,Inferno,1,-1,-47.0,0.18095238095238092,23.276190476190493,30,-3,-1.3333333333333335,-1.3333333333333335,0.020833333333333315,0.24999999999999994,-0.2876820724517808,62.66666666666667,-0.24126984126984125,-1093.980952380953
1919,1035,2025-06-04,Mirage,1,1,73.0,1.157735225237636,25.442691830830682,1,3,1.375,1.375,0.23611111111111108,-0.22222222222222215,0.2876820724517808,100.375,1.5918859347017495,1857.3165036506398
1914,1034,2025-06-04,Train,1,-1,59.0,1.4062816616008107,70.02532928064845,-18,2,0.0,0.0,0.0,0.0,1.3862943611198906,0.0,0.0,4131.494427558258
1916,1034,2025-06-04,Inferno,1,1,59.0,1.4062816616008107,70.02532928064845,-18,2,1.2537313432835822,1.2537313432835822,0.29166666666666663,-0.13194444444444436,1.8718021769015913,73.97014925373135,1.7630993966338524,4131.494427558258
3814,1931,2025-06-04,Train,0,-1,-41.0,-0.2594594594594594,146.54054054054055,18,-7,-1.037593984962406,-1.037593984962406,-0.1736111111111111,0.11458333333333331,-1.8718021769015913,42.54135338345865,0.26921357447673233,-6008.1621621621625
1918,1035,2025-06-04,Anubis,1,-1,73.0,1.157735225237636,25.442691830830682,1,3,1.7402597402597402,1.7402597402597402,0.44642857142857145,-0.17857142857142855,1.3862943611198904,127.03896103896103,2.0147600023616,1857.3165036506398
1917,1035,2025-06-04,Ancient,1,1,73.0,1.157735225237636,25.442691830830682,1,3,1.3888888888888888,1.3888888888888888,0.0714285714285714,-0.13095238095238088,1.3862943611198904,101.38888888888889,1.6079655906078278,1857.3165036506398
1915,1034,2025-06-04,Dust2,1,1,59.0,1.4062816616008107,70.02532928064845,-18,2,1.0,1.0,0.328125,-0.08854166666666663,0.810930216216329,59.0,1.4062816616008107,4131.494427558258
1911,1032,2025-06-05,Inferno,1,-1,-89.0,-0.7619047619047619,-180.54761904761915,1,-1,-1.2444444444444445,-1.2444444444444445,-0.03645833333333337,0.11458333333333331,-1.5040773967762742,110.75555555555556,0.9481481481481481,16068.738095238105
1910,1031,2025-06-05,Nuke,1,1,-47.0,-0.2429995253915519,69.28096820123395,1,-2,1.6363636363636365,1.6363636363636365,0.20833333333333331,-0.1736111111111111,-1.252762968495368,-76.90909090909092,-0.3976355870043577,-3256.2055054579955
1909,1031,2025-06-05,Mirage,1,1,-47.0,-0.2429995253915519,69.28096820123395,1,-2,0.0,0.0,0.0,0.0,-2.4849066497880004,0.0,0.0,-3256.2055054579955
1908,1030,2025-06-05,Anubis,1,1,37.0,0.4302256335605109,-99.74869317805862,0,2,1.4285714285714286,1.4285714285714286,0.16249999999999998,-0.12083333333333329,1.01160091167848,52.85714285714286,0.614608047943587,-3690.7016475881687
1907,1030,2025-06-05,Nuke,1,1,37.0,0.4302256335605109,-99.74869317805862,0,2,0.46590909090909083,0.46590909090909083,-0.00694444444444442,-0.1388888888888889,0.8472978603872034,17.23863636363636,0.20044603381796527,-3690.7016475881687
1913,1032,2025-06-05,Mirage,1,-1,-89.0,-0.7619047619047619,-180.54761904761915,1,-1,0.0,0.0,0.0,0.0,-1.9459101490553132,0.0,0.0,16068.738095238105
3813,1930,2025-06-05,Anubis,0,-1,48.0,0.0436639772187945,-40.71428571428571,-1,5,-0.45322793148880103,-0.45322793148880103,-0.034722222222222265,-0.0625,0.8472978603872034,-21.75494071146245,-0.019789734075448363,-1954.285714285714
3812,1930,2025-06-05,Nuke,0,-1,48.0,0.0436639772187945,-40.71428571428571,-1,5,1.2658227848101267,1.2658227848101267,-0.008928571428571397,-0.23809523809523803,2.0149030205422647,60.75949367088608,0.05527085723898039,-1954.285714285714
1912,1032,2025-06-05,Dust2,1,1,-89.0,-0.7619047619047619,-180.54761904761915,1,-1,-0.6575342465753424,-0.6575342465753424,0.09027777777777773,0.21527777777777773,-1.252762968495368,58.52054794520548,0.5009784735812133,16068.738095238105
1905,1029,2025-06-06,Dust2,1,-1,47.0,-0.1538461538461539,-8.032478632478615,-2,3,0.4052287581699347,0.4052287581699347,0.02380952380952378,-0.10119047619047622,1.6094379124341003,19.04575163398693,-0.06234288587229767,-377.5264957264949
1904,1028,2025-06-06,Nuke,1,-1,-89.0,-0.2346253229974159,-104.48888888888892,0,-1,-0.7737451737451738,-0.7737451737451738,0.09722222222222227,0.21527777777777785,-0.5596157879354227,68.86332046332048,0.18154021130765308,9299.511111111115
1903,1028,2025-06-06,Inferno,1,-1,-89.0,-0.2346253229974159,-104.48888888888892,0,-1,-1.3523809523809525,-1.3523809523809525,-0.375,0.15277777777777773,-1.2039728043259361,120.36190476190477,0.3173028177679339,9299.511111111115
3810,1929,2025-06-06,Train,0,1,-41.0,0.1642857142857143,66.23214285714286,20,-6,0.8827586206896552,0.8827586206896552,0.10897435897435892,-0.052350427350427386,-1.2527629684953678,-36.19310344827586,0.14502463054187195,-2715.5178571428573
3809,1929,2025-06-06,Dust2,0,-1,-41.0,0.1642857142857143,66.23214285714286,20,-6,0.0,0.0,0.0,0.0,-1.6094379124341003,0.0,0.0,-2715.5178571428573
1906,1029,2025-06-06,Inferno,1,-1,47.0,-0.1538461538461539,-8.032478632478615,-2,3,1.5294117647058822,1.5294117647058822,-0.020833333333333315,-0.32291666666666663,0.0,71.88235294117646,-0.2352941176470589,-377.5264957264949
3811,1929,2025-06-06,Ancient,0,1,-41.0,0.1642857142857143,66.23214285714286,20,-6,-1.2413793103448276,-1.2413793103448276,-0.17803030303030304,0.09090909090909088,-1.0986122886681098,50.896551724137936,-0.20394088669950744,-2715.5178571428573
1879,1008,2025-06-08,Dust2,1,-1,65.0,-0.5615942028985508,-192.0235507246377,0,0,-0.9523809523809523,-0.9523809523809523,-0.2708333333333333,0.02083333333333326,-0.916290731874155,-61.9047619047619,0.5348516218081436,-12481.53079710145
1874,1006,2025-06-08,Dust2,1,1,-410.0,-0.19423832387603665,-226.68048886948932,-11,1,0.0,0.0,0.0,0.0,-1.791759469228055,0.0,0.0,92939.00043649062
1876,1006,2025-06-08,Mirage,1,-1,-410.0,-0.19423832387603665,-226.68048886948932,-11,1,1.5,1.5,0.13541666666666663,-0.24999999999999994,-0.916290731874155,-615.0,-0.29135748581405496,92939.00043649062
1877,1007,2025-06-08,Train,1,1,-37.0,-0.2870056497175142,350.78907721280603,20,-4,-0.6766169154228856,-0.6766169154228856,-0.3263888888888889,-0.034722222222222265,-0.5596157879354227,25.034825870646767,0.19419287742080563,-12979.195856873823
1878,1007,2025-06-08,Anubis,1,1,-37.0,-0.2870056497175142,350.78907721280603,20,-4,-0.20588235294117646,-0.20588235294117646,-0.10479797979797978,0.022727272727272707,-1.0986122886681098,7.617647058823529,0.05908939847125292,-12979.195856873823
1880,1008,2025-06-08,Mirage,1,-1,65.0,-0.5615942028985508,-192.0235507246377,0,0,1.0,1.0,0.0625,-0.10416666666666663,0.4054651081081645,65.0,-0.5615942028985508,-12481.53079710145
1881,1009,2025-06-08,Mirage,1,-1,101.0,0.16390858944050435,1.2718676122931427,16,-4,-0.6681270536692223,-0.6681270536692223,0.07440476190476186,0.24107142857142855,-0.980829253011726,-67.48083242059145,-0.10951176293396238,128.4586288416074
1882,1009,2025-06-08,Dust2,1,-1,101.0,0.16390858944050435,1.2718676122931427,16,-4,1.0545454545454545,1.0545454545454545,0.11071428571428577,-0.1476190476190476,-0.2876820724517808,106.5090909090909,0.17284905795544092,128.4586288416074
1883,1010,2025-06-08,Dust2,1,1,-14.0,0.0,-8.688888888888926,0,0,-0.2583844447344382,-0.2583844447344382,0.00462962962962965,0.09126984126984133,0.22314355131421015,3.6173822262821353,-0.0,121.64444444444496
1884,1011,2025-06-08,Dust2,1,1,482.0,0.5333333333333333,-135.60000000000002,-13,1,1.2142857142857144,1.2142857142857144,-0.016666666666666663,-0.13333333333333325,1.0986122886681096,585.2857142857143,0.6476190476190476,-65359.20000000001
1875,1006,2025-06-08,Nuke,1,-1,-410.0,-0.19423832387603665,-226.68048886948932,-11,1,1.0,1.0,-0.07291666666666674,-0.26041666666666663,-0.5108256237659905,-410.0,-0.19423832387603665,92939.00043649062
3805,1927,2025-06-08,Dust2,0,1,381.0,0.0,0.0,-991,5,0.0,0.0,0.0,0.0,2.6390573296152584,0.0,0.0,0.0
3806,1927,2025-06-08,Mirage,0,1,381.0,0.0,0.0,-991,5,0.0,0.0,0.0,0.0,2.70805020110221,0.0,0.0,0.0
3807,1928,2025-06-08,Anubis,0,-1,-48.0,-0.13333333333333328,48.0,1,-4,1.4761904761904763,1.4761904761904763,0.08928571428571425,-0.13095238095238093,-1.3862943611198904,-70.85714285714286,-0.19682539682539676,-2304.0
3808,1928,2025-06-08,Mirage,0,-1,-48.0,-0.13333333333333328,48.0,1,-4,-1.089820359281437,-1.089820359281437,-0.16666666666666669,0.09444444444444444,-2.0794415416798357,52.31137724550898,0.14530938123752488,-2304.0
3802,1926,2025-06-09,Inferno,0,1,381.0,0.61991341991342,-161.47272727272727,-10,5,-1.2340425531914894,-1.2340425531914894,-0.13541666666666663,0.109375,1.0986122886681098,-470.17021276595744,-0.7649995394676247,-61521.10909090909
1863,1002,2025-06-09,Ancient,1,1,410.0,0.16168327796234774,23.575858250276838,0,0,0.0,0.0,0.0,0.0,1.3862943611198906,0.0,0.0,9666.101882613504
1864,1002,2025-06-09,Nuke,1,-1,410.0,0.16168327796234774,23.575858250276838,0,0,1.2542372881355932,1.2542372881355932,0.05833333333333335,-0.1916666666666666,1.0986122886681096,514.2372881355932,0.20278919608836835,9666.101882613504
1865,1002,2025-06-09,Inferno,1,-1,410.0,0.16168327796234774,23.575858250276838,0,0,0.47619047619047616,0.47619047619047616,0.0,-0.07291666666666663,0.5108256237659905,195.23809523809524,0.0769920371249275,9666.101882613504
1866,1003,2025-06-09,Mirage,1,-1,423.0,0.0010604453870626251,-140.45652173913044,0,-3,-0.9019963702359346,-0.9019963702359346,-0.09722222222222221,0.06666666666666665,-0.9808292530117262,-381.54446460980034,-0.0009565178899639286,-59413.108695652176
1867,1003,2025-06-09,Train,1,1,423.0,0.0010604453870626251,-140.45652173913044,0,-3,1.2,1.2,0.054166666666666696,-0.2791666666666666,0.18232155679395468,507.59999999999997,0.00127253446447515,-59413.108695652176
1868,1003,2025-06-09,Dust2,1,1,423.0,0.0010604453870626251,-140.45652173913044,0,-3,0.13028169014084506,0.13028169014084506,-0.012500000000000067,-0.03333333333333338,-0.45198512374305744,55.109154929577464,0.00013815661732858144,-59413.108695652176
3803,1926,2025-06-09,Dust2,0,-1,381.0,0.61991341991342,-161.47272727272727,-10,5,1.7197452229299364,1.7197452229299364,0.10119047619047622,-0.23214285714285715,1.3217558399823195,655.2229299363057,1.0660931425262636,-61521.10909090909
1870,1004,2025-06-09,Nuke,1,1,65.0,-0.47269910933264503,-117.70737059506905,-2,-1,0.09090909090909088,0.09090909090909088,0.10416666666666669,-0.10416666666666663,0.0,5.909090909090907,-0.04297264630296772,-7650.979088679488
1869,1004,2025-06-09,Dust2,1,1,65.0,-0.47269910933264503,-117.70737059506905,-2,-1,-1.4285714285714286,-1.4285714285714286,-0.2708333333333333,-0.01388888888888895,-0.2876820724517808,-92.85714285714286,0.6752844419037787,-7650.979088679488
1872,1005,2025-06-09,Mirage,1,-1,-16.0,0.5445134575569357,-134.70910973084887,3,-1,0.42553191489361697,0.42553191489361697,0.10416666666666663,-0.13541666666666666,-0.2231435513142097,-6.8085106382978715,0.23170785427954707,2155.345755693582
1873,1005,2025-06-09,Train,1,-1,-16.0,0.5445134575569357,-134.70910973084887,3,-1,-0.9090909090909092,-0.9090909090909092,-0.20833333333333326,-0.04166666666666674,0.0,14.545454545454547,-0.49501223414266887,2155.345755693582
3804,1926,2025-06-09,Ancient,0,-1,381.0,0.61991341991342,-161.47272727272727,-10,5,1.393258426966292,1.393258426966292,0.18229166666666663,-0.10937499999999994,2.1400661634962708,530.8314606741573,0.863699596283866,-61521.10909090909
3799,1925,2025-06-09,Mirage,0,1,48.0,0.0,0.0,-998,6,0.0,0.0,0.0,0.0,2.833213344056216,0.0,0.0,0.0
3800,1925,2025-06-09,Anubis,0,-1,48.0,0.0,0.0,-998,6,0.0,0.0,0.0,0.0,2.1972245773362196,0.0,0.0,0.0
3801,1925,2025-06-09,Train,0,1,48.0,0.0,0.0,-998,6,0.0,0.0,0.0,0.0,2.70805020110221,0.0,0.0,0.0
1871,1005,2025-06-09,Ancient,1,1,-16.0,0.5445134575569357,-134.70910973084887,3,-1,-0.17607105538140028,-0.17607105538140028,-0.02083333333333337,-0.046875,0.0,2.8171368861024044,-0.09587305914142498,2155.345755693582
1855,998,2025-06-10,Ancient,1,1,190.0,-0.5569444444444445,-232.19652777777782,-1,0,1.25,1.25,0.25,-0.11111111111111105,0.6931471805599453,237.5,-0.6961805555555556,-44117.34027777779
1862,1001,2025-06-10,Inferno,1,-1,109.0,-0.13392857142857137,-62.18303571428571,-20,2,-0.5714285714285714,-0.5714285714285714,-0.15625,-0.020833333333333315,0.5108256237659905,-62.285714285714285,0.07653061224489792,-6777.950892857142
1861,1001,2025-06-10,Nuke,1,-1,109.0,-0.13392857142857137,-62.18303571428571,-20,2,1.3333333333333333,1.3333333333333333,0.30555555555555564,-0.04166666666666663,0.2876820724517808,145.33333333333331,-0.1785714285714285,-6777.950892857142
1860,1000,2025-06-10,Dust2,1,1,-73.0,0.10884353741496597,-17.74703955656338,6,-4,0.8297872340425532,0.8297872340425532,0.08854166666666663,0.05208333333333337,-1.5040773967762742,-60.57446808510638,0.09031697785497175,1295.5338876291266
1859,1000,2025-06-10,Mirage,1,1,-73.0,0.10884353741496597,-17.74703955656338,6,-4,-0.7683284457478006,-0.7683284457478006,0.0,0.09166666666666667,-0.6931471805599452,56.08797653958944,-0.08362758593173338,1295.5338876291266
1858,999,2025-06-10,Anubis,1,-1,59.0,0.7210884353741498,34.43537414965985,0,2,1.0,1.0,0.29166666666666663,0.01041666666666674,0.916290731874155,59.0,0.7210884353741498,2031.6870748299311
1857,999,2025-06-10,Ancient,1,1,59.0,0.7210884353741498,34.43537414965985,0,2,0.4722222222222222,0.4722222222222222,0.21626984126984133,0.06349206349206343,0.6931471805599452,27.86111111111111,0.34051398337112626,2031.6870748299311
1854,998,2025-06-10,Anubis,1,1,190.0,-0.5569444444444445,-232.19652777777782,-1,0,-0.13520408163265302,-0.13520408163265302,0.03125,-0.22222222222222218,-0.2231435513142097,-25.688775510204074,0.07530116213151926,-44117.34027777779
1856,999,2025-06-10,Dust2,1,-1,59.0,0.7210884353741498,34.43537414965985,0,2,0.04973062577704102,0.04973062577704102,-0.09753787878787884,-0.11268939393939398,0.8754687373539001,2.9341069208454202,0.03586017913174387,2031.6870748299311
3798,1924,2025-06-11,Ancient,0,-1,-48.0,-0.3074380165289256,272.7355371900826,0,-3,0.09510489510489512,0.09510489510489512,0.019230769230769218,-0.019230769230769218,-1.5404450409471486,-4.5650349650349655,-0.02923886031324048,-13091.305785123965
3796,1923,2025-06-11,Nuke,0,-1,41.0,-0.009844134536505317,-140.62264150943395,-15,7,-0.20071684587813618,-0.20071684587813618,-0.024572649572649596,-0.01282051282051283,1.9095425048844386,-8.229390681003583,0.001975883634567375,-5765.528301886792
3795,1923,2025-06-11,Anubis,0,-1,41.0,-0.009844134536505317,-140.62264150943395,-15,7,-0.5930735930735931,-0.5930735930735931,-0.02083333333333337,-0.03125,0.0,-24.316017316017316,0.0058382962402650585,-5765.528301886792
3794,1923,2025-06-11,Inferno,0,1,41.0,-0.009844134536505317,-140.62264150943395,-15,7,1.0666666666666667,1.0666666666666667,0.28869047619047616,-0.09226190476190471,2.0149030205422647,43.733333333333334,-0.010500410172272337,-5765.528301886792
3797,1924,2025-06-11,Nuke,0,-1,-48.0,-0.3074380165289256,272.7355371900826,0,-3,-0.17365269461077842,-0.17365269461077842,-0.08472222222222225,0.06388888888888888,-1.6739764335716714,8.335329341317365,0.05338743999604097,-13091.305785123965
1853,997,2025-06-12,Inferno,1,-1,911.0,0.5499999999999999,220.83333333333337,18,-6,0.5862068965517242,0.5862068965517242,0.03749999999999998,-0.09305555555555556,-0.45198512374305744,534.0344827586207,0.32241379310344825,201179.16666666672
1842,986,2025-06-12,Inferno,1,-1,-383.0,0.040807942485450194,-69.61814447107152,0,1,0.3846153846153846,0.3846153846153846,0.09999999999999998,0.04166666666666663,-0.4054651081081644,-147.3076923076923,0.015695362494403918,26663.74933242039
1844,988,2025-06-12,Ancient,1,1,-89.0,0.022727272727272707,132.13498622589526,0,-4,-1.5,-1.5,-0.13541666666666663,0.16145833333333331,-1.5040773967762742,133.5,-0.03409090909090906,-11760.013774104678
1852,996,2025-06-12,Mirage,1,-1,371.0,-0.2551834130781499,418.6720313179645,18,-2,0.2545454545454545,0.2545454545454545,-0.02083333333333337,-0.12499999999999994,0.5108256237659905,94.43636363636362,-0.06495577787443815,155327.32361896485
1846,990,2025-06-12,Dust2,1,-1,69.0,0.12820512820512822,229.74358974358978,22,-5,0.0,0.0,0.0,0.0,-1.9459101490553132,0.0,0.0,15852.307692307695
1847,991,2025-06-12,Train,1,1,464.0,-0.3207729468599033,135.96795491143314,-2,-1,1.0909090909090908,1.0909090909090908,0.12499999999999994,0.1875,-0.4054651081081645,506.18181818181813,-0.3499341238471672,63089.131078904975
1848,992,2025-06-12,Inferno,1,-1,-172.0,0.14920634920634923,279.80952380952374,20,-3,1.0,1.0,0.18749999999999994,0.0,-0.5108256237659905,-172.0,0.14920634920634923,-48127.238095238084
1849,993,2025-06-12,Anubis,1,1,167.0,0.19300106044538706,194.897136797455,-2,-2,-0.38928289992119786,-0.38928289992119786,0.03541666666666665,0.2520833333333334,0.7884573603642704,-65.01024428684005,-0.07513201249804667,32547.821845174985
1850,994,2025-06-12,Nuke,1,-1,66.0,-0.08914987321500065,-91.438008808221,21,-2,-0.28907168037602826,-0.28907168037602826,0.034722222222222265,-0.0034722222222222654,0.2231435513142097,-19.078730904817867,0.02577070365557011,-6034.908581342586
1851,995,2025-06-12,Dust2,1,1,242.0,0.80330448465775,219.33044846577502,-3,-1,0.9968354430379747,0.9968354430379747,0.11904761904761901,-0.16269841269841273,0.6931471805599452,241.23417721518987,0.8007623818582001,53077.96852871755
1845,989,2025-06-12,Dust2,1,-1,-125.0,-0.4466124661246613,184.5203252032521,0,-2,0.011627906976744262,0.011627906976744262,0.05059523809523808,-0.047619047619047616,-0.47000362924573547,-1.4534883720930327,-0.00519316821075191,-23065.040650406514
1843,987,2025-06-12,Dust2,1,1,307.0,0.6097560975609757,103.64227642276428,0,-4,0.7468354430379747,0.7468354430379747,0.02876984126984128,-0.16269841269841273,0.13353139262452252,229.27848101265823,0.4553874652670578,31818.178861788634
1821,972,2025-06-13,Mirage,1,1,302.0,0.12066905615292708,110.6953405017922,0,0,0.0,0.0,0.0,0.0,1.791759469228055,0.0,0.0,33429.99283154125
1820,972,2025-06-13,Nuke,1,-1,302.0,0.12066905615292708,110.6953405017922,0,0,0.0,0.0,0.0,0.0,0.6931471805599453,0.0,0.0,33429.99283154125
1819,972,2025-06-13,Dust2,1,1,302.0,0.12066905615292708,110.6953405017922,0,0,1.0,1.0,0.29166666666666663,-0.08333333333333331,0.4054651081081645,302.0,0.12066905615292708,33429.99283154125
1822,973,2025-06-13,Train,1,-1,34.0,0.05714285714285716,-44.85714285714285,-5,3,-0.4378478664192949,-0.4378478664192949,0.06944444444444442,0.050925925925925875,1.2039728043259361,-14.886827458256027,-0.025019878081102575,-1525.1428571428569
3791,1921,2025-06-13,Anubis,0,-1,41.0,-0.017391304347826125,-41.00000000000001,-16,7,0.3389830508474576,0.3389830508474576,0.10833333333333334,-0.10833333333333334,0.4054651081081644,13.898305084745761,-0.0058953574060427545,-1681.0000000000002
3792,1922,2025-06-13,Dust2,0,-1,381.0,-0.16786042240587692,-97.198347107438,2,3,1.5647058823529412,1.5647058823529412,0.13888888888888895,-0.17777777777777776,2.0794415416798357,596.1529411764706,-0.2626521903527251,-37032.57024793388
1823,973,2025-06-13,Dust2,1,1,34.0,0.05714285714285716,-44.85714285714285,-5,3,-1.0126582278481013,-1.0126582278481013,-0.09226190476190471,0.11904761904761907,1.6094379124341003,-34.43037974683544,-0.057866184448462955,-1525.1428571428569
3790,1921,2025-06-13,Ancient,0,-1,41.0,-0.017391304347826125,-41.00000000000001,-16,7,0.12,0.12,-0.02083333333333337,-0.02083333333333337,1.466337068793427,4.92,-0.002086956521739135,-1681.0000000000002
3788,1920,2025-06-13,Ancient,0,1,-48.0,-0.07659574468085106,156.98181818181817,12,-4,-0.5538079470198676,-0.5538079470198676,-0.0575396825396825,0.0714285714285714,-1.3217558399823195,26.582781456953644,0.04241933211216007,-7535.127272727272
3793,1922,2025-06-13,Anubis,0,-1,381.0,-0.16786042240587692,-97.198347107438,2,3,-0.29824561403508776,-0.29824561403508776,0.015277777777777724,-0.02916666666666662,0.15415067982725827,-113.63157894736844,0.05006363475262997,-37032.57024793388
1824,973,2025-06-13,Mirage,1,1,34.0,0.05714285714285716,-44.85714285714285,-5,3,1.2167832167832169,1.2167832167832169,0.2259615384615385,-0.09935897435897434,2.6026896854443837,41.37062937062937,0.06953046953046955,-1525.1428571428569
1830,976,2025-06-13,Anubis,1,1,-157.0,0.37766830870279167,38.035714285714334,0,0,2.0,2.0,0.22916666666666663,-0.24999999999999994,-0.4054651081081645,-314.0,0.7553366174055833,-5971.60714285715
1826,974,2025-06-13,Anubis,1,1,65.0,-0.6947115384615384,-160.59975961538458,0,0,-2.0,-2.0,-0.24999999999999994,-0.04166666666666674,0.0,-130.0,1.3894230769230769,-10438.984374999998
3787,1920,2025-06-13,Nuke,0,-1,-48.0,-0.07659574468085106,156.98181818181817,12,-4,0.7314285714285714,0.7314285714285714,0.05729166666666663,-0.11197916666666669,-1.2237754316221159,-35.10857142857143,-0.05602431610942249,-7535.127272727272
1841,985,2025-06-13,Ancient,1,-1,181.0,-0.02284946236559144,325.4314516129033,0,-3,0.5106382978723405,0.5106382978723405,0.0,-0.11458333333333337,-0.916290731874155,92.42553191489363,-0.011667810569663716,58903.09274193549
1840,984,2025-06-13,Dust2,1,1,1000.0,0.4151785714285715,41.253720238095354,0,-2,0.2795031055900621,0.2795031055900621,0.07291666666666669,0.02430555555555558,0.2231435513142097,279.5031055900621,0.11604370008873116,41253.72023809535
1839,983,2025-06-13,Ancient,1,1,241.0,0.5458409228901033,73.99544626593809,0,0,-1.0,-1.0,0.08333333333333337,0.22916666666666663,0.0,-241.0,-0.5458409228901033,17832.90255009108
1838,982,2025-06-13,Dust2,1,1,82.0,0.5223325062034739,26.43796526054591,0,-2,0.7557603686635943,0.7557603686635943,0.13750000000000007,-0.07500000000000001,0.15415067982725827,61.97235023041473,0.39475820745331663,2167.9131513647644
1837,981,2025-06-13,Nuke,1,-1,-919.0,-0.3441558441558442,-101.80627705627714,1,1,-0.8461538461538461,-0.8461538461538461,-0.22916666666666663,-0.12152777777777779,0.2231435513142097,777.6153846153846,0.29120879120879123,93559.96861471869
1836,980,2025-06-13,Anubis,1,-1,-101.0,0.4764492753623189,71.34239130434783,1,2,-0.3514431239388795,-0.3514431239388795,-0.0035714285714286143,0.13333333333333336,0.2876820724517808,35.49575551782683,-0.16744482173174877,-7205.581521739131
1835,979,2025-06-13,Inferno,1,-1,210.0,0.016129032258064516,135.93932411674348,1,0,-0.7407407407407407,-0.7407407407407407,-0.09166666666666662,-0.02916666666666662,0.6931471805599452,-155.55555555555554,-0.01194743130227001,28547.25806451613
1834,978,2025-06-13,Nuke,1,1,310.0,0.176982268317163,284.0555369688859,-1,-4,1.4594594594594594,1.4594594594594594,0.22222222222222215,-0.02777777777777779,-0.6931471805599453,452.43243243243245,0.2582984456520757,88057.21646035464
1833,977,2025-06-13,Train,1,1,482.0,0.27536231884057977,-70.17753623188405,0,1,-0.6575342465753424,-0.6575342465753424,-0.04166666666666663,0.0625,1.252762968495368,-316.93150684931504,-0.18106015485407984,-33825.57246376811
1832,977,2025-06-13,Mirage,1,1,482.0,0.27536231884057977,-70.17753623188405,0,1,-1.1619718309859155,-1.1619718309859155,-0.20833333333333331,-0.02083333333333337,0.5596157879354227,-560.0704225352113,-0.31996325780771595,-33825.57246376811
1831,976,2025-06-13,Train,1,1,-157.0,0.37766830870279167,38.035714285714334,0,0,-0.5217391304347825,-0.5217391304347825,0.0,0.11458333333333331,0.5108256237659905,81.91304347826085,-0.19704433497536952,-5971.60714285715
1829,975,2025-06-13,Nuke,1,1,48.0,0.0,0.0,-986,2,0.0,0.0,0.0,0.0,1.9459101490553132,0.0,0.0,0.0
1828,975,2025-06-13,Anubis,1,1,48.0,0.0,0.0,-986,2,0.0,0.0,0.0,0.0,1.3862943611198906,0.0,0.0,0.0
1827,974,2025-06-13,Dust2,1,1,65.0,-0.6947115384615384,-160.59975961538458,0,0,-0.42857142857142855,-0.42857142857142855,-0.07500000000000001,0.005555555555555591,0.4054651081081644,-27.857142857142854,0.2977335164835165,-10438.984374999998
1825,974,2025-06-13,Ancient,1,-1,65.0,-0.6947115384615384,-160.59975961538458,0,0,0.0,0.0,0.0,0.0,-0.6931471805599453,0.0,0.0,-10438.984374999998
3786,1920,2025-06-13,Mirage,0,1,-48.0,-0.07659574468085106,156.98181818181817,12,-4,-0.5333333333333333,-0.5333333333333333,-0.20669934640522886,0.017156862745098034,-1.504077396776274,25.6,0.04085106382978723,-7535.127272727272
3789,1921,2025-06-13,Inferno,0,1,41.0,-0.017391304347826125,-41.00000000000001,-16,7,0.0,0.0,0.0,0.0,2.772588722239781,0.0,0.0,-1681.0000000000002
1796,962,2025-06-14,Train,1,-1,-1000.0,-0.5044722719141324,-8.33094812164586,0,1,-0.45,-0.45,-0.06944444444444442,-0.02083333333333337,-0.2876820724517808,450.0,0.22701252236135958,8330.94812164586
1817,971,2025-06-14,Mirage,1,1,-34.0,-0.048525569242254596,37.94736842105263,0,-4,-0.661624203821656,-0.661624203821656,-0.10565476190476192,0.06845238095238093,-1.9810014688665836,22.495222929936304,0.03210569111489934,-1290.2105263157894
1816,970,2025-06-14,Dust2,1,1,48.0,0.3975044563279858,-77.98039215686275,-10,2,0.9767441860465116,0.9767441860465116,-0.0625,-0.21874999999999994,1.5040773967762742,46.883720930232556,0.3882601666459396,-3743.0588235294117
1815,970,2025-06-14,Nuke,1,-1,48.0,0.3975044563279858,-77.98039215686275,-10,2,0.7763713080168776,0.7763713080168776,0.015873015873015817,-0.041666666666666685,0.6931471805599452,37.265822784810126,0.30861105470189615,-3743.0588235294117
1814,970,2025-06-14,Ancient,1,1,48.0,0.3975044563279858,-77.98039215686275,-10,2,-0.21311475409836067,-0.21311475409836067,-0.04999999999999993,0.03749999999999998,0.6931471805599452,-10.229508196721312,-0.08471406446334125,-3743.0588235294117
1813,969,2025-06-14,Nuke,1,1,89.0,0.4194444444444445,63.1736111111111,0,1,1.0748440748440748,1.0748440748440748,0.18154761904761907,-0.10119047619047622,0.47000362924573547,95.66112266112266,0.45083737583737593,5622.451388888888
1812,969,2025-06-14,Inferno,1,1,89.0,0.4194444444444445,63.1736111111111,0,1,1.0274285714285716,1.0274285714285716,0.024242424242424232,-0.20757575757575764,0.6931471805599454,91.44114285714286,0.43094920634920647,5622.451388888888
1811,969,2025-06-14,Dust2,1,-1,89.0,0.4194444444444445,63.1736111111111,0,1,-0.30394736842105263,-0.30394736842105263,-0.11086309523809529,0.02901785714285715,0.11778303565638382,-27.051315789473684,-0.1274890350877193,5622.451388888888
1810,968,2025-06-14,Nuke,1,-1,16.0,0.37241379310344835,208.12337164750963,0,-1,-0.5330490405117271,-0.5330490405117271,-0.14722222222222225,0.14166666666666666,0.4054651081081644,-8.528784648187633,-0.19851481508712598,3329.973946360154
1809,968,2025-06-14,Inferno,1,-1,16.0,0.37241379310344835,208.12337164750963,0,-1,1.4230769230769231,1.4230769230769231,0.15625000000000006,-0.03125,0.916290731874155,22.76923076923077,0.5299734748010612,3329.973946360154
1808,967,2025-06-14,Dust2,1,-1,-34.0,-1.2765957446808511,41.0,30,-5,-1.064327485380117,-1.064327485380117,-0.16388888888888886,0.11944444444444441,-2.0794415416798357,36.18713450292398,1.3587159387831282,-1394.0
1807,967,2025-06-14,Inferno,1,-1,-34.0,-1.2765957446808511,41.0,30,-5,0.0,0.0,0.0,0.0,-1.3862943611198906,0.0,0.0,-1394.0
1797,962,2025-06-14,Dust2,1,-1,-1000.0,-0.5044722719141324,-8.33094812164586,0,1,-0.399403874813711,-0.399403874813711,0.025000000000000022,0.07500000000000001,0.0,399.40387481371096,0.2014881801385805,8330.94812164586
1794,961,2025-06-14,Anubis,1,-1,317.0,-0.07187301587301585,134.1233650793651,0,0,-1.0,-1.0,-0.0763888888888889,0.10416666666666663,0.2876820724517808,-317.0,0.07187301587301585,42517.10673015874
1793,961,2025-06-14,Mirage,1,1,317.0,-0.07187301587301585,134.1233650793651,0,0,-0.47619047619047616,-0.47619047619047616,-0.02083333333333326,0.055555555555555525,0.2231435513142097,-150.95238095238093,0.03422524565381707,42517.10673015874
1818,971,2025-06-14,Train,1,1,-34.0,-0.048525569242254596,37.94736842105263,0,-4,0.32945478723404253,0.32945478723404253,-0.05303030303030304,0.05397727272727271,-0.8754687373539001,-11.201462765957446,-0.015986981090117786,-1290.2105263157894
1795,961,2025-06-14,Inferno,1,1,317.0,-0.07187301587301585,134.1233650793651,0,0,-0.3076923076923077,-0.3076923076923077,0.00694444444444442,0.12499999999999994,0.5596157879354227,-97.53846153846155,0.02211477411477411,42517.10673015874
1806,966,2025-06-14,Train,1,1,-48.0,0.046251993620414655,37.94736842105263,0,-2,-0.3572228443449048,-0.3572228443449048,-0.14880952380952378,0.03720238095238093,-0.47000362924573547,17.14669652855543,-0.016522268717706914,-1821.4736842105262
1805,966,2025-06-14,Ancient,1,1,-48.0,0.046251993620414655,37.94736842105263,0,-2,0.0,0.0,0.0,0.0,-1.791759469228055,0.0,0.0,-1821.4736842105262
3785,1919,2025-06-14,Mirage,0,-1,-48.0,-0.20000000000000004,211.7,16,-6,0.24074605451936865,0.24074605451936865,-0.057870370370370294,-0.03009259259259256,-0.998528830111127,-11.555810616929694,-0.04814921090387374,-10161.599999999999
3783,1919,2025-06-14,Ancient,0,-1,-48.0,-0.20000000000000004,211.7,16,-6,-1.072289156626506,-1.072289156626506,-0.08888888888888885,0.08888888888888885,-1.6739764335716714,51.46987951807229,0.21445783132530125,-10161.599999999999
1800,963,2025-06-14,Mirage,1,-1,-14.0,-0.009302325581395404,-141.02118863049103,0,0,-0.16822945394373962,-0.16822945394373962,-0.07175925925925924,-0.02314814814814814,0.35667494393873267,2.3552123552123545,0.001564925152965029,1974.2966408268744
1801,964,2025-06-14,Train,1,1,34.0,0.2765957446808511,-36.875,-8,4,-1.265625,-1.265625,-0.0719696969696969,0.09185606060606061,0.8754687373539001,-43.03125,-0.35006648936170215,-1253.75
1799,963,2025-06-14,Inferno,1,1,-14.0,-0.009302325581395404,-141.02118863049103,0,0,0.17069243156199676,0.17069243156199676,-0.005555555555555647,-0.04583333333333334,0.15415067982725827,-2.389694041867955,-0.0015878365726697467,1974.2966408268744
1803,965,2025-06-14,Ancient,1,-1,120.0,0.40623493491884943,209.56869677004659,0,-3,-0.18433179723502296,-0.18433179723502296,0.05555555555555558,0.05833333333333335,-0.4054651081081644,-22.119815668202754,-0.07488201565324411,25148.24361240559
1804,965,2025-06-14,Anubis,1,-1,120.0,0.40623493491884943,209.56869677004659,0,-3,-0.35064935064935066,-0.35064935064935066,0.06597222222222227,0.14583333333333331,-0.33647223662121295,-42.07792207792208,-0.14244601614037578,25148.24361240559
3784,1919,2025-06-14,Train,0,1,-48.0,-0.20000000000000004,211.7,16,-6,0.7480519480519481,0.7480519480519481,0.09166666666666673,0.058333333333333404,-0.8266785731844679,-35.906493506493504,-0.14961038961038964,-10161.599999999999
1798,963,2025-06-14,Train,1,-1,-14.0,-0.009302325581395404,-141.02118863049103,0,0,-1.0909090909090908,-1.0909090909090908,-0.15625,0.22916666666666663,0.5108256237659905,15.272727272727272,0.01014799154334044,1974.2966408268744
1802,964,2025-06-14,Mirage,1,1,34.0,0.2765957446808511,-36.875,-8,4,0.4404703576678099,0.4404703576678099,0.05565476190476193,-0.0017857142857142794,1.5755363607584192,14.975992160705536,0.1218322265889687,-1253.75
1787,959,2025-06-15,Inferno,1,-1,48.0,0.06475485661424606,-36.78260869565217,1,2,0.0,0.0,0.0,0.0,1.3862943611198906,0.0,0.0,-1765.5652173913043
1791,960,2025-06-15,Dust2,1,-1,-34.0,-0.06666666666666671,41.0,30,-8,0.0,0.0,0.0,0.0,-2.995732273553991,0.0,0.0,-1394.0
1790,960,2025-06-15,Train,1,1,-34.0,-0.06666666666666671,41.0,30,-8,1.2748538011695907,1.2748538011695907,0.09523809523809523,-0.22916666666666669,-2.0149030205422647,-43.345029239766085,-0.0849902534113061,-1394.0
1788,959,2025-06-15,Nuke,1,1,48.0,0.06475485661424606,-36.78260869565217,1,2,0.5460992907801419,0.5460992907801419,0.15625,-0.10416666666666669,0.810930216216329,26.21276595744681,0.03536258127160955,-1765.5652173913043
1786,958,2025-06-15,Ancient,1,-1,-34.0,-0.4434782608695652,36.78260869565217,0,-7,0.4651162790697674,0.4651162790697674,0.03472222222222221,0.0798611111111111,-1.466337068793427,-15.813953488372091,-0.2062689585439838,-1250.6086956521738
1792,960,2025-06-15,Anubis,1,-1,-34.0,-0.06666666666666671,41.0,30,-8,0.0,0.0,0.0,0.0,-2.833213344056216,0.0,0.0,-1394.0
1784,958,2025-06-15,Dust2,1,-1,-34.0,-0.4434782608695652,36.78260869565217,0,-7,0.025974025974025927,0.025974025974025927,0.04020467836257319,-0.015350877192982448,-1.6094379124341003,-0.8831168831168815,-0.011518915866741933,-1250.6086956521738
1774,954,2025-06-15,Ancient,1,1,163.0,0.15555555555555556,63.48550724637681,0,0,1.0,1.0,0.14583333333333331,-0.03125,0.5108256237659905,163.0,0.15555555555555556,10348.13768115942
1775,954,2025-06-15,Dust2,1,1,163.0,0.15555555555555556,63.48550724637681,0,0,-0.6424242424242423,-0.6424242424242423,-0.12797619047619052,0.14285714285714285,-0.980829253011726,-104.7151515151515,-0.09993265993265991,10348.13768115942
1776,955,2025-06-15,Dust2,1,-1,-34.0,0.05161290322580636,37.38709677419355,1,-6,0.6926406926406926,0.6926406926406926,0.06798245614035087,0.06798245614035087,-2.3025850929940455,-23.549783549783548,0.03574919703951956,-1271.1612903225807
1777,955,2025-06-15,Train,1,-1,-34.0,0.05161290322580636,37.38709677419355,1,-6,0.5651763818147519,0.5651763818147519,-0.004761904761904745,0.02916666666666662,-0.9162907318741551,-19.215996981701565,0.02917039390011618,-1271.1612903225807
1785,958,2025-06-15,Train,1,1,-34.0,-0.4434782608695652,36.78260869565217,0,-7,1.2748538011695907,1.2748538011695907,0.09523809523809523,-0.17361111111111116,-1.3217558399823195,-43.345029239766085,-0.5653699466056445,-1250.6086956521738
1789,959,2025-06-15,Ancient,1,-1,48.0,0.06475485661424606,-36.78260869565217,1,2,-0.9736842105263158,-0.9736842105263158,-0.04166666666666663,0.08333333333333337,0.8472978603872034,-46.73684210526316,-0.06305078144018696,-1765.5652173913043
1779,956,2025-06-15,Dust2,1,-1,-34.0,-0.6363636363636364,40.1090909090909,17,-8,-0.6823593073593073,-0.6823593073593073,-0.1542397660818713,0.06798245614035087,-1.6094379124341003,23.20021645021645,0.434228650137741,-1363.7090909090907
1780,956,2025-06-15,Ancient,1,-1,-34.0,-0.6363636363636364,40.1090909090909,17,-8,0.0,0.0,0.0,0.0,-2.5649493574615367,0.0,0.0,-1363.7090909090907
1781,957,2025-06-15,Ancient,1,1,-282.0,0.5416666666666667,-156.04166666666669,0,5,0.4631578947368421,0.4631578947368421,0.025462962962962965,-0.03935185185185186,1.2039728043259361,-130.61052631578949,0.2508771929824562,44003.75000000001
1782,957,2025-06-15,Inferno,1,-1,-282.0,0.5416666666666667,-156.04166666666669,0,5,0.8766045548654244,0.8766045548654244,0.09374999999999994,-0.11111111111111105,0.6190392084062235,-247.2024844720497,0.4748274672187716,44003.75000000001
1783,957,2025-06-15,Nuke,1,-1,-282.0,0.5416666666666667,-156.04166666666669,0,5,0.750561797752809,0.750561797752809,0.08333333333333331,-0.16666666666666663,1.0986122886681098,-211.65842696629213,0.4065543071161049,44003.75000000001
1778,956,2025-06-15,Inferno,1,1,-34.0,-0.6363636363636364,40.1090909090909,17,-8,-1.1111111111111112,-1.1111111111111112,-0.23958333333333331,0.12499999999999994,-0.916290731874155,37.77777777777778,0.7070707070707071,-1363.7090909090907
3782,1918,2025-06-16,Anubis,0,1,381.0,-0.07338501291989663,-42.95348837209302,0,2,0.16697588126159546,0.16697588126159546,0.1026785714285714,-0.09970238095238099,0.47000362924573547,63.61781076066787,-0.012253527203693309,-16365.27906976744
3781,1918,2025-06-16,Mirage,0,1,381.0,-0.07338501291989663,-42.95348837209302,0,2,0.3574087862993299,0.3574087862993299,0.1111111111111111,-0.0222222222222222,1.3862943611198906,136.17274758004467,-0.026228448400260895,-16365.27906976744
3780,1918,2025-06-16,Ancient,0,-1,381.0,-0.07338501291989663,-42.95348837209302,0,2,-0.15289575289575286,-0.15289575289575286,0.04166666666666663,0.03594771241830069,1.504077396776274,-58.25328185328184,0.011220256801652145,-16365.27906976744
1773,953,2025-06-16,Dust2,1,-1,-65.0,-0.418519646664636,360.57569296375266,0,-1,0.2235165635238443,0.2235165635238443,0.14583333333333331,0.041666666666666685,0.0,-14.52857662904988,-0.09354607318969298,-23437.420042643924
1772,953,2025-06-16,Inferno,1,1,-65.0,-0.418519646664636,360.57569296375266,0,-1,0.8,0.8,0.04166666666666663,-0.08333333333333331,-0.4054651081081645,-52.0,-0.3348157173317088,-23437.420042643924
1771,953,2025-06-16,Mirage,1,-1,-65.0,-0.418519646664636,360.57569296375266,0,-1,0.4134615384615385,0.4134615384615385,-0.04513888888888895,0.00694444444444442,0.2231435513142097,-26.875000000000004,-0.17304177698633988,-23437.420042643924
3779,1917,2025-06-17,Train,0,-1,-48.0,-0.38224637681159424,154.30434782608697,-2,-5,0.4712605042016807,0.4712605042016807,-0.006076388888888895,-0.044270833333333315,-1.4469189829363256,-22.620504201680674,-0.18013762026549754,-7406.608695652174
3777,1916,2025-06-17,Train,0,-1,-381.0,-0.39157088122605355,36.17241379310344,2,-2,0.3236842105263158,0.3236842105263158,-0.05357142857142866,-0.059523809523809534,-0.2876820724517808,-123.32368421052632,-0.1267453115547489,-13781.68965517241
3776,1916,2025-06-17,Mirage,0,-1,-381.0,-0.39157088122605355,36.17241379310344,2,-2,-0.5291240551356158,-0.5291240551356158,-0.1032986111111111,-0.00434027777777779,-0.8873031950009029,201.59626500666963,0.207189572547356,-13781.68965517241
3778,1917,2025-06-17,Ancient,0,-1,-48.0,-0.38224637681159424,154.30434782608697,-2,-5,0.4508287292817679,0.4508287292817679,0.04166666666666663,-0.07552083333333337,-1.2237754316221159,-21.63977900552486,-0.17232764833053088,-7406.608695652174
3775,1915,2025-06-18,Train,0,1,48.0,-0.16279069767441862,-139.62790697674419,-1,3,-0.4973602274265601,-0.4973602274265601,-0.0014880952380952328,0.02380952380952378,0.11778303565638382,-23.873290916474886,0.08096561841827724,-6702.139534883721
3774,1915,2025-06-18,Inferno,0,-1,48.0,-0.16279069767441862,-139.62790697674419,-1,3,0.0,0.0,0.0,0.0,1.6094379124341003,0.0,0.0,-6702.139534883721
3773,1915,2025-06-18,Nuke,0,1,48.0,-0.16279069767441862,-139.62790697674419,-1,3,1.3211009174311927,1.3211009174311927,0.0,-0.18981481481481483,0.9162907318741553,63.41284403669725,-0.21506294004693838,-6702.139534883721
3769,1913,2025-06-19,Ancient,0,1,-381.0,-0.021276595744680875,188.8,30,-5,-1.1897435897435897,-1.1897435897435897,-0.1921296296296296,0.09722222222222221,-2.251291798606495,453.2923076923077,0.02531369339879981,-71932.8
1770,952,2025-06-19,Nuke,1,-1,-64.0,0.4666666666666666,94.625,2,-2,0.75,0.75,0.08333333333333331,-0.09375,0.2231435513142097,-48.0,0.35,-6056.0
1768,952,2025-06-19,Mirage,1,1,-64.0,0.4666666666666666,94.625,2,-2,0.22068965517241373,0.22068965517241373,-0.0845238095238095,-0.1559523809523809,-0.2876820724517808,-14.124137931034479,0.1029885057471264,-6056.0
3772,1914,2025-06-19,Nuke,0,1,-48.0,-0.544811320754717,101.84905660377358,13,-7,0.6702702702702703,0.6702702702702703,0.053921568627450955,-0.1764705882352941,-2.197224577336219,-32.17297297297297,-0.36517083120856714,-4888.754716981131
3771,1914,2025-06-19,Ancient,0,1,-48.0,-0.544811320754717,101.84905660377358,13,-7,-0.20207253886010365,-0.20207253886010365,0.04779411764705882,0.12009803921568624,-1.7917594692280547,9.699481865284975,0.11009140678463196,-4888.754716981131
3770,1913,2025-06-19,Inferno,0,1,-381.0,-0.021276595744680875,188.8,30,-5,0.1020408163265306,0.1020408163265306,-0.035879629629629595,-0.005787037037037035,-0.6931471805599456,-38.877551020408156,-0.002171081198436824,-71932.8
3767,1912,2025-06-19,Nuke,0,1,48.0,0.0,-158.0357142857143,-18,5,1.403225806451613,1.403225806451613,0.17499999999999993,-0.16666666666666663,1.2992829841302609,67.35483870967742,0.0,-7585.714285714286
3768,1912,2025-06-19,Ancient,0,1,48.0,0.0,-158.0357142857143,-18,5,0.8571428571428571,0.8571428571428571,0.15476190476190477,-0.017857142857142794,1.3862943611198904,41.14285714285714,0.0,-7585.714285714286
1769,952,2025-06-19,Dust2,1,-1,-64.0,0.4666666666666666,94.625,2,-2,0.4264264264264264,0.4264264264264264,0.02256944444444442,-0.13020833333333337,0.810930216216329,-27.29129129129129,0.19899899899899898,-6056.0
3760,1909,2025-06-20,Mirage,0,1,381.0,0.0,0.0,-998,6,0.0,0.0,0.0,0.0,2.8903717578961645,0.0,0.0,0.0
1766,951,2025-06-20,Anubis,1,-1,417.0,0.3945578231292518,23.789115646258516,3,-2,-0.06206896551724142,-0.06206896551724142,-0.032196969696969724,-0.032196969696969724,1.3862943611198906,-25.88275862068967,-0.02448979591836737,9920.0612244898
3761,1909,2025-06-20,Dust2,0,1,381.0,0.0,0.0,-998,6,0.0,0.0,0.0,0.0,2.833213344056216,0.0,0.0,0.0
3762,1910,2025-06-20,Inferno,0,-1,34.0,0.6857142857142857,-164.3095238095238,-16,8,0.0,0.0,0.0,0.0,1.791759469228055,0.0,0.0,-5586.523809523809
3763,1910,2025-06-20,Dust2,0,-1,34.0,0.6857142857142857,-164.3095238095238,-16,8,0.371900826446281,0.371900826446281,-0.0020833333333333814,-0.09583333333333338,1.9459101490553132,12.644628099173554,0.2550177095631641,-5586.523809523809
3764,1911,2025-06-20,Inferno,0,1,48.0,0.009917355371900832,-147.07438016528923,-6,5,-0.4242424242424242,-0.4242424242424242,-0.04583333333333334,0.02916666666666662,0.6931471805599452,-20.36363636363636,-0.004207362885048837,-7059.570247933883
1767,951,2025-06-20,Inferno,1,-1,417.0,0.3945578231292518,23.789115646258516,3,-2,0.5092592592592593,0.5092592592592593,-0.025000000000000022,-0.04444444444444445,0.4054651081081644,212.36111111111111,0.20093222474174863,9920.0612244898
3765,1911,2025-06-20,Train,0,-1,48.0,0.009917355371900832,-147.07438016528923,-6,5,1.3269230769230769,1.3269230769230769,-0.03240740740740744,-0.20833333333333331,1.6094379124341005,63.69230769230769,0.013159567705022258,-7059.570247933883
1765,951,2025-06-20,Nuke,1,1,417.0,0.3945578231292518,23.789115646258516,3,-2,-0.43933294997124794,-0.43933294997124794,-0.0580357142857143,0.09077380952380953,0.47000362924573547,-183.2018401380104,-0.17334225236960807,9920.0612244898
3766,1911,2025-06-20,Nuke,0,1,48.0,0.009917355371900832,-147.07438016528923,-6,5,0.013080444735120988,0.013080444735120988,-0.05151515151515157,0.009090909090909094,0.6931471805599454,0.6278613472858074,0.0001297234188607041,-7059.570247933883
3758,1908,2025-06-21,Nuke,0,-1,-48.0,-0.12413793103448278,99.6206896551724,1,-6,0.49006622516556286,0.49006622516556286,0.062499999999999944,-0.00347222222222221,-1.466337068793427,-23.52317880794702,-0.060835807261931954,-4781.793103448275
3759,1908,2025-06-21,Dust2,0,-1,-48.0,-0.12413793103448278,99.6206896551724,1,-6,-1.134020618556701,-1.134020618556701,-0.03240740740740744,0.0925925925925925,-1.2039728043259361,54.43298969072165,0.14077497333807326,-4781.793103448275
3757,1907,2025-06-22,Train,0,-1,48.0,0.2474576271186441,-36.84745762711864,-7,7,0.18993135011441648,0.18993135011441648,0.1069444444444444,-0.04722222222222233,0.45198512374305744,9.116704805491992,0.046999961214753916,-1768.6779661016944
1764,947,2025-06-22,Anubis,1,-1,-245.0,-0.028050490883590462,-62.368162692847136,2,1,0.6902286902286903,0.6902286902286903,0.041666666666666685,-0.05555555555555558,-0.4054651081081644,-169.10602910602913,-0.019361253582852463,15280.199859747549
3747,1904,2025-06-22,Nuke,0,1,48.0,0.3454545454545455,-101.67272727272729,-21,10,1.6179775280898876,1.6179775280898876,0.15476190476190477,-0.21130952380952378,1.6094379124341003,77.6629213483146,0.5589376915219613,-4880.29090909091
3748,1904,2025-06-22,Ancient,0,-1,48.0,0.3454545454545455,-101.67272727272729,-21,10,-0.3549999999999999,-0.3549999999999999,-0.060763888888888895,0.03993055555555558,0.810930216216329,-17.039999999999996,-0.12263636363636363,-4880.29090909091
3749,1904,2025-06-22,Anubis,0,-1,48.0,0.3454545454545455,-101.67272727272729,-21,10,1.5454545454545454,1.5454545454545454,0.19791666666666663,-0.11458333333333331,0.5108256237659905,74.18181818181819,0.5338842975206612,-4880.29090909091
3750,1905,2025-06-22,Dust2,0,-1,-381.0,0.0,0.0,30,-7,0.0,0.0,0.0,0.0,-2.8903717578961645,0.0,0.0,0.0
3751,1905,2025-06-22,Anubis,0,1,-381.0,0.0,0.0,30,-7,0.0,0.0,0.0,0.0,-2.1972245773362196,0.0,0.0,0.0
3752,1905,2025-06-22,Train,0,-1,-381.0,0.0,0.0,30,-7,0.0,0.0,0.0,0.0,-2.1972245773362196,0.0,0.0,0.0
3753,1906,2025-06-22,Nuke,0,-1,-48.0,-0.3090909090909091,236.45454545454547,3,-9,0.0,0.0,0.0,0.0,-2.70805020110221,0.0,0.0,-11349.818181818182
3754,1906,2025-06-22,Inferno,0,-1,-48.0,-0.3090909090909091,236.45454545454547,3,-9,0.1616161616161616,0.1616161616161616,-0.01785714285714285,-0.0452380952380953,-0.2876820724517808,-7.757575757575757,-0.049954086317722676,-11349.818181818182
3755,1907,2025-06-22,Dust2,0,-1,48.0,0.2474576271186441,-36.84745762711864,-7,7,0.42935779816513764,0.42935779816513764,-0.041666666666666685,-0.0625,1.2992829841302609,20.60917431192661,0.10624786191883069,-1768.6779661016944
3756,1907,2025-06-22,Inferno,0,1,48.0,0.2474576271186441,-36.84745762711864,-7,7,0.0,0.0,0.0,0.0,2.0794415416798357,0.0,0.0,-1768.6779661016944
1763,947,2025-06-22,Mirage,1,-1,-245.0,-0.028050490883590462,-62.368162692847136,2,1,-0.6922677737415673,-0.6922677737415673,-0.010416666666666685,0.11458333333333331,-0.5877866649021193,169.605604566684,0.0194184508763413,15280.199859747549
3746,1903,2025-06-23,Mirage,0,1,-381.0,0.0,0.0,30,-7,0.0,0.0,0.0,0.0,-2.9444389791664403,0.0,0.0,0.0
3744,1903,2025-06-23,Dust2,0,-1,-381.0,0.0,0.0,30,-7,0.0,0.0,0.0,0.0,-2.9444389791664403,0.0,0.0,0.0
3742,1902,2025-06-23,Inferno,0,-1,69.0,1.1111111111111112,-69.0,-27,0,-1.0,-1.0,-0.08333333333333331,0.10416666666666669,0.4054651081081645,-69.0,-1.1111111111111112,-4761.0
3741,1902,2025-06-23,Dust2,0,1,69.0,1.1111111111111112,-69.0,-27,0,2.0,2.0,0.16666666666666663,-0.3125,0.916290731874155,138.0,2.2222222222222223,-4761.0
3743,1902,2025-06-23,Nuke,0,1,69.0,1.1111111111111112,-69.0,-27,0,2.0,2.0,0.10416666666666663,-0.2708333333333333,0.4054651081081645,138.0,2.2222222222222223,-4761.0
3745,1903,2025-06-23,Ancient,0,1,-381.0,0.0,0.0,30,-7,0.0,0.0,0.0,0.0,-2.995732273553991,0.0,0.0,0.0
3738,1901,2025-06-24,Anubis,0,1,482.0,0.0,0.0,-995,4,0.0,0.0,0.0,0.0,2.5649493574615367,0.0,0.0,0.0
3739,1901,2025-06-24,Nuke,0,-1,482.0,0.0,0.0,-995,4,0.0,0.0,0.0,0.0,2.1972245773362196,0.0,0.0,0.0
3740,1901,2025-06-24,Inferno,0,-1,482.0,0.0,0.0,-995,4,0.0,0.0,0.0,0.0,1.9459101490553132,0.0,0.0,0.0
3735,1900,2025-06-25,Ancient,0,-1,69.0,1.5652173913043477,-69.0,-77,1,0.0,0.0,0.0,0.0,0.0,0.0,0.0,-4761.0
3736,1900,2025-06-25,Train,0,1,69.0,1.5652173913043477,-69.0,-77,1,0.0,0.0,0.0,0.0,0.0,0.0,0.0,-4761.0
3737,1900,2025-06-25,Dust2,0,-1,69.0,1.5652173913043477,-69.0,-77,1,2.0,2.0,0.41666666666666663,-0.30833333333333335,1.0986122886681096,138.0,3.1304347826086953,-4761.0
3733,1899,2025-06-27,Mirage,0,1,69.0,1.3076923076923077,-44.5,-59,2,0.0,0.0,0.0,0.0,0.6931471805599453,0.0,0.0,-3070.5
3734,1899,2025-06-27,Default,0,1,69.0,1.3076923076923077,-44.5,-59,2,0.0,0.0,0.0,0.0,0.0,0.0,0.0,-3070.5
3731,1898,2025-06-28,Mirage,0,1,69.0,0.023809523809523836,-482.0,-3,2,0.0,0.0,0.0,0.0,1.0986122886681098,0.0,0.0,-33258.0
3732,1898,2025-06-28,Nuke,0,1,69.0,0.023809523809523836,-482.0,-3,2,0.0,0.0,0.04166666666666674,0.19444444444444448,0.6931471805599453,0.0,0.0,-33258.0
3728,1897,2025-07-01,Dust2,0,-1,-69.0,-0.40425531914893625,79.0,30,-4,-1.5522388059701493,-1.5522388059701493,-0.19444444444444448,0.2569444444444444,-1.252762968495368,107.1044776119403,0.6275007939028264,-5451.0
3730,1897,2025-07-01,Nuke,0,1,-69.0,-0.40425531914893625,79.0,30,-4,0.0,0.0,0.0,0.0,-1.6094379124341003,0.0,0.0,-5451.0
3729,1897,2025-07-01,Mirage,0,1,-69.0,-0.40425531914893625,79.0,30,-4,0.0,0.0,0.0,0.16666666666666666,-0.6931471805599453,-0.0,-0.0,-5451.0
3726,1896,2025-07-02,Nuke,0,-1,482.0,0.4727272727272727,-208.07272727272718,4,0,0.21749408983451538,0.21749408983451538,0.020833333333333315,0.09259259259259256,1.2039728043259361,104.8321513002364,0.1028153879217709,-100291.0545454545
3727,1896,2025-07-02,Anubis,0,-1,482.0,0.4727272727272727,-208.07272727272718,4,0,1.0534351145038168,1.0,0.07051282051282048,-0.12820512820512814,1.945910149055313,507.7557251908397,0.4727272727272727,-100291.0545454545
3720,1893,2025-07-09,Nuke,0,1,-482.0,0.0,0.0,30,-2,0.0,0.0,0.0,0.0,-2.3978952727983707,0.0,0.0,0.0
3721,1893,2025-07-09,Inferno,0,1,-482.0,0.0,0.0,30,-2,0.0,0.0,0.0,0.0,-2.1972245773362196,0.0,0.0,0.0
3722,1894,2025-07-09,Inferno,0,-1,482.0,0.0,0.0,-999,2,0.0,0.0,0.0,0.0,2.1972245773362196,0.0,0.0,0.0
3723,1894,2025-07-09,Anubis,0,-1,482.0,0.0,0.0,-999,2,0.0,0.0,0.0,0.0,2.70805020110221,0.0,0.0,0.0
3724,1895,2025-07-09,Dust2,0,1,35.0,0.0,0.0,-941,0,0.0,0.0,0.0,0.0,0.6931471805599453,0.0,0.0,0.0
3725,1895,2025-07-09,Nuke,0,1,35.0,0.0,0.0,-941,0,0.0,0.0,0.0,0.0,1.0986122886681098,0.0,0.0,0.0
1761,944,2025-07-10,Ancient,1,1,-65.0,0.0,0.0,30,-1,0.0,0.0,0.0,0.0,-0.6931471805599453,0.0,0.0,0.0
1762,944,2025-07-10,Anubis,1,1,-65.0,0.0,0.0,30,-1,0.0,0.0,0.0,0.0,-1.6094379124341003,0.0,0.0,0.0
3716,1891,2025-07-10,Mirage,0,1,34.0,1.0,-41.0,-30,0,0.0,0.0,0.0,0.0,3.4011973816621555,0.0,0.0,-1394.0
3719,1892,2025-07-10,Dust2,0,1,69.0,-0.027272727272727254,-40.99999999999999,-53,3,-0.35820895522388063,-0.5217391304347827,-0.011904761904761862,-0.20833333333333331,1.3862943611198904,-24.716417910447763,0.0142292490118577,-2828.9999999999995
3718,1892,2025-07-10,Ancient,0,1,69.0,-0.027272727272727254,-40.99999999999999,-53,3,-2.0,-2.0,-0.16666666666666663,0.2708333333333333,-0.4054651081081645,-138.0,0.05454545454545451,-2828.9999999999995
3717,1891,2025-07-10,Dust2,0,1,34.0,1.0,-41.0,-30,0,0.0,0.0,0.0,0.0,3.091042453358316,0.0,0.0,-1394.0
3715,1891,2025-07-10,Train,0,-1,34.0,1.0,-41.0,-30,0,0.0,0.0,0.0,0.0,2.772588722239781,0.0,0.0,-1394.0
3712,1889,2025-07-11,Ancient,0,1,35.0,0.0,0.0,-997,1,0.0,0.0,0.0,0.0,1.3862943611198906,0.0,0.0,0.0
3711,1889,2025-07-11,Mirage,0,1,35.0,0.0,0.0,-997,1,0.0,0.0,0.0,0.0,1.791759469228055,0.0,0.0,0.0
3710,1888,2025-07-11,Inferno,0,1,381.0,0.0,0.0,-981,0,0.0,0.0,0.0,0.0,2.3978952727983707,0.0,0.0,0.0
3709,1888,2025-07-11,Ancient,0,-1,381.0,0.0,0.0,-981,0,0.0,0.0,0.0,0.0,3.044522437723423,0.0,0.0,0.0
3708,1888,2025-07-11,Dust2,0,1,381.0,0.0,0.0,-981,0,0.0,0.0,0.0,0.0,2.995732273553991,0.0,0.0,0.0
3714,1890,2025-07-11,Mirage,0,1,-69.0,-0.47619047619047633,364.0,8,-2,-1.441860465116279,-1.3333333333333335,-0.14583333333333337,0.28124999999999994,-0.916290731874155,99.48837209302324,0.6349206349206352,-25116.0
3713,1890,2025-07-11,Dust2,0,1,-69.0,-0.47619047619047633,364.0,8,-2,0.0,0.0,0.0,0.0,-2.1972245773362196,0.0,0.0,-25116.0
3707,1887,2025-07-12,Inferno,0,1,69.0,0.0,0.0,-998,4,0.0,0.0,0.0,0.0,1.3862943611198906,0.0,0.0,0.0
3706,1887,2025-07-12,Nuke,0,1,69.0,0.0,0.0,-998,4,0.0,0.0,0.0,0.0,1.791759469228055,0.0,0.0,0.0
3705,1886,2025-07-12,Ancient,0,-1,-35.0,0.0,0.0,30,-2,0.0,0.0,0.0,0.0,-1.6094379124341003,0.0,0.0,0.0
3704,1886,2025-07-12,Mirage,0,-1,-35.0,0.0,0.0,30,-2,0.0,0.0,0.0,0.0,-1.9459101490553132,0.0,0.0,0.0
3703,1886,2025-07-12,Nuke,0,1,-35.0,0.0,0.0,30,-2,0.0,0.0,0.0,0.0,-1.3862943611198906,0.0,0.0,0.0
3702,1885,2025-07-12,Mirage,0,1,381.0,1.2093023255813953,-381.0,-33,1,1.1640211640211642,1.1428571428571428,0.3377192982456141,-0.09210526315789475,2.3025850929940455,443.49206349206355,1.3820598006644518,-145161.0
3701,1885,2025-07-12,Inferno,0,1,381.0,1.2093023255813953,-381.0,-33,1,0.0,0.0,0.0,0.0,2.4849066497880004,0.0,0.0,-145161.0
3696,1882,2025-07-12,Mirage,0,-1,-34.0,-0.44334487877288475,47.914893617021285,26,-1,-0.46171648987463837,-1.2989690721649483,-0.12222222222222223,0.054166666666666696,-2.3353749158170363,15.698360655737705,0.5758912858286955,-1629.1063829787238
3695,1882,2025-07-12,Dust2,0,-1,-34.0,-0.44334487877288475,47.914893617021285,26,-1,-1.3138075313807531,-1.3138075313807531,0.011363636363636409,0.2140151515151515,-2.0368819272610397,44.66945606694561,0.582469840730903,-1629.1063829787238
3687,1879,2025-07-13,Mirage,0,-1,-34.0,-0.3828521434820648,192.21259842519686,-1,-1,-0.02050438596491222,-0.03508771929824556,-0.07849462365591403,0.04166666666666663,-1.6739764335716716,0.6971491228070155,0.013433408543230323,-6535.2283464566935
3686,1878,2025-07-13,Train,0,1,69.0,0.8056265984654731,-41.0,-66,4,2.0,0.0,0.16666666666666663,-0.16666666666666663,0.0,138.0,0.0,-2829.0
3685,1878,2025-07-13,Ancient,0,1,69.0,0.8056265984654731,-41.0,-66,4,0.0,0.0,0.0,0.0,1.0986122886681098,0.0,0.0,-2829.0
3684,1878,2025-07-13,Mirage,0,-1,69.0,0.8056265984654731,-41.0,-66,4,1.0689655172413792,0.9411764705882353,0.15833333333333338,-0.22499999999999998,1.0986122886681096,73.75862068965516,0.7582367985557394,-2829.0
3683,1877,2025-07-13,Ancient,0,-1,381.0,0.3772965879265092,-192.21259842519686,0,2,-0.26346300533943556,-0.32602339181286555,0.0037878787878787845,-0.024242424242424288,1.3437347467010947,-100.37940503432495,-0.1230075133152216,-73233.0
3682,1877,2025-07-13,Mirage,0,-1,381.0,0.3772965879265092,-192.21259842519686,0,2,-0.01970680124969959,-0.025518341307814996,0.10793650793650794,-0.031746031746031744,1.299282984130261,-7.508291276135544,-0.009627983104982692,-73233.0
3681,1877,2025-07-13,Inferno,0,1,381.0,0.3772965879265092,-192.21259842519686,0,2,-0.11144883485309018,-0.11144883485309018,-0.04567307692307693,-0.0641025641025641,1.0296194171811581,-42.46200607902736,-0.04204926511845594,-73233.0
3689,1879,2025-07-13,Ancient,0,1,-34.0,-0.3828521434820648,192.21259842519686,-1,-1,-0.25399319193506154,-0.25399319193506154,-0.009615384615384581,0.13846153846153852,-0.8472978603872034,8.635768525792091,0.09724183796218981,-6535.2283464566935
3688,1879,2025-07-13,Inferno,0,1,-34.0,-0.3828521434820648,192.21259842519686,-1,-1,0.3971631205673759,0.3971631205673759,0.0034722222222222654,-0.02083333333333337,-0.33647223662121295,-13.50354609929078,-0.1520547520212456,-6535.2283464566935
3690,1880,2025-07-13,Inferno,0,1,-381.0,-0.4067656765676568,141.4059405940594,23,-3,1.0476190476190477,1.0476190476190477,0.11858974358974356,-0.2692307692307692,-1.945910149055313,-399.14285714285717,-0.4261354706899262,-53875.66336633663
3693,1881,2025-07-13,Ancient,0,-1,-35.0,-1.2962962962962963,30.111111111111114,30,-3,0.0,0.0,0.0,0.0,-1.791759469228055,0.0,0.0,-1053.888888888889
3694,1881,2025-07-13,Anubis,0,-1,-35.0,-1.2962962962962963,30.111111111111114,30,-3,-2.0,-2.0,-0.2708333333333333,0.0625,0.4054651081081645,70.0,2.5925925925925926,-1053.888888888889
3692,1880,2025-07-13,Mirage,0,-1,-381.0,-0.4067656765676568,141.4059405940594,23,-3,0.7214611872146118,0.7272727272727273,0.03373015873015872,0.031746031746031744,-2.3978952727983707,-274.8767123287671,-0.29582958295829587,-53875.66336633663
3691,1880,2025-07-13,Ancient,0,-1,-381.0,-0.4067656765676568,141.4059405940594,23,-3,-1.0347826086956522,-0.9722222222222222,-0.12878787878787878,0.09090909090909088,-2.0368819272610397,394.25217391304346,0.395466629996333,-53875.66336633663
3677,1875,2025-07-14,Nuke,0,1,35.0,1.1264367816091954,-31.06896551724138,-1,3,-1.4,-1.4,-0.13541666666666663,-0.04166666666666663,0.916290731874155,-49.0,-1.5770114942528735,-1087.4137931034484
3680,1876,2025-07-14,Nuke,0,1,69.0,0.38775510204081637,-155.2,-60,5,0.29743589743589743,0.19607843137254904,0.07638888888888878,-0.08333333333333331,0.5596157879354227,20.52307692307692,0.07603041216486596,-10708.8
3679,1876,2025-07-14,Ancient,0,1,69.0,0.38775510204081637,-155.2,-60,5,0.0,0.0,0.0,0.0,1.3862943611198906,0.0,0.0,-10708.8
3676,1874,2025-07-14,Inferno,0,-1,69.0,0.2444444444444444,187.84444444444443,4,0,-0.6666666666666666,-0.6666666666666666,0.05555555555555558,0.05555555555555558,0.0,-46.0,-0.16296296296296292,12961.266666666666
3675,1874,2025-07-14,Mirage,0,1,69.0,0.2444444444444444,187.84444444444443,4,0,-0.5405405405405406,-0.5405405405405406,0.41666666666666663,0.4523809523809524,-1.3862943611198904,-37.2972972972973,-0.13213213213213212,12961.266666666666
3678,1875,2025-07-14,Train,0,1,35.0,1.1264367816091954,-31.06896551724138,-1,3,0.0,0.0,0.0,0.0,0.0,0.0,0.0,-1087.4137931034484
3673,1873,2025-07-14,Mirage,0,1,34.0,1.0416666666666667,-55.32786885245901,-72,3,1.3453453453453454,0.0,0.022135416666666685,-0.12630208333333331,2.803360380906535,45.74174174174175,0.0,-1881.1475409836064
3672,1873,2025-07-14,Dust2,0,1,34.0,1.0416666666666667,-55.32786885245901,-72,3,1.3492063492063493,0.0,-0.0706521739130434,-0.27536231884057966,2.4849066497880004,45.87301587301587,0.0,-1881.1475409836064
3671,1872,2025-07-14,Ancient,0,1,381.0,0.4,-138.7,-45,4,0.9834710743801653,0.9502262443438915,0.15806159420289856,-0.14945652173913043,1.5686159179138455,374.702479338843,0.3800904977375566,-52844.7
3670,1872,2025-07-14,Anubis,0,-1,381.0,0.4,-138.7,-45,4,-0.44696969696969696,-0.46846846846846846,-0.1574074074074075,-0.1481481481481482,0.9162907318741553,-170.29545454545453,-0.1873873873873874,-52844.7
3669,1872,2025-07-14,Mirage,0,1,381.0,0.4,-138.7,-45,4,0.7121212121212122,0.7413793103448276,0.016098484848484917,-0.0785984848484848,1.5260563034950494,271.3181818181818,0.29655172413793107,-52844.7
3674,1874,2025-07-14,Nuke,0,-1,69.0,0.2444444444444444,187.84444444444443,4,0,0.0,0.0,0.0,0.0,0.6931471805599453,0.0,0.0,12961.266666666666
1748,937,2025-07-15,Nuke,1,-1,73.0,0.37037037037037035,-196.4074074074074,12,0,1.3333333333333333,1.3333333333333333,0.3472222222222222,-0.02777777777777768,0.6931471805599453,97.33333333333333,0.49382716049382713,-14337.740740740739
3663,1869,2025-07-15,Ancient,0,-1,-34.0,-0.036363636363636404,41.127272727272725,23,-5,0.6040268456375839,0.6040268456375839,0.05654761904761901,-0.10119047619047622,-2.0149030205422647,-20.536912751677853,-0.02196461256863944,-1398.3272727272727
3662,1869,2025-07-15,Mirage,0,-1,-34.0,-0.036363636363636404,41.127272727272725,23,-5,-0.23925318075735896,0.0,-0.06862745098039214,0.0202205882352941,-1.9459101490553132,8.134608145750205,-0.0,-1398.3272727272727
3661,1868,2025-07-15,Train,0,-1,381.0,0.4,-193.8,-32,6,0.843183609141056,1.3617021276595744,0.1435185185185185,0.06481481481481477,0.9162907318741553,321.2529550827423,0.5446808510638298,-73837.8
3660,1868,2025-07-15,Mirage,0,-1,381.0,0.4,-193.8,-32,6,0.016460905349794275,0.3557692307692308,0.02113526570048313,-0.00664251207729466,1.7917594692280552,6.271604938271619,0.14230769230769233,-73837.8
1744,936,2025-07-15,Nuke,1,1,191.0,0.0,97.80000000000001,23,0,0.08108108108108109,0.3333333333333333,-0.052083333333333315,-0.031250000000000056,0.5108256237659905,15.486486486486488,0.0,18679.800000000003
1745,936,2025-07-15,Ancient,1,1,191.0,0.0,97.80000000000001,23,0,1.0,1.0,0.09027777777777773,-0.1597222222222222,0.8472978603872034,191.0,0.0,18679.800000000003
1746,937,2025-07-15,Dust2,1,-1,73.0,0.37037037037037035,-196.4074074074074,12,0,0.1111111111111111,0.1111111111111111,0.027777777777777735,-0.07407407407407407,1.2039728043259361,8.11111111111111,0.04115226337448559,-14337.740740740739
1747,937,2025-07-15,Mirage,1,1,73.0,0.37037037037037035,-196.4074074074074,12,0,0.5333333333333333,0.5333333333333333,0.04999999999999993,-0.06388888888888888,0.15415067982725827,38.93333333333333,0.19753086419753085,-14337.740740740739
1749,938,2025-07-15,Inferno,1,-1,-57.0,-0.6075471698113208,324.6264150943396,-7,0,0.21978021978021967,0.2857142857142857,-0.03333333333333344,-0.09583333333333338,-1.2992829841302609,-12.52747252747252,-0.17358490566037738,-18503.70566037736
3665,1870,2025-07-15,Train,0,1,34.0,0.3851851851851852,-106.42592592592592,-24,5,0.6190476190476191,0.6459627329192547,0.1796875,-0.054687499999999944,1.7346010553881064,21.047619047619047,0.24881527490223143,-3618.4814814814813
1751,939,2025-07-15,Nuke,1,-1,-37.0,-0.4146341463414634,200.2219512195122,3,0,0.0,0.0,0.0,0.0,-2.0794415416798357,0.0,0.0,-7408.2121951219515
1752,939,2025-07-15,Train,1,1,-37.0,-0.4146341463414634,200.2219512195122,3,0,0.0,0.0,0.0,0.0,-2.0794415416798357,0.0,0.0,-7408.2121951219515
1753,939,2025-07-15,Anubis,1,1,-37.0,-0.4146341463414634,200.2219512195122,3,0,0.2501414827391058,0.8,-0.052083333333333315,-0.00694444444444442,-0.9555114450274365,-9.255234861346915,-0.33170731707317075,-7408.2121951219515
1754,940,2025-07-15,Anubis,1,1,-482.0,0.8181818181818181,42.090909090909086,30,-3,1.0738255033557047,0.0,0.3694444444444444,0.2777777777777778,-2.0794415416798357,-517.5838926174497,0.0,-20287.81818181818
1755,940,2025-07-15,Dust2,1,1,-482.0,0.8181818181818181,42.090909090909086,30,-3,0.0,0.0,0.0,0.0,-2.1972245773362196,0.0,0.0,-20287.81818181818
1756,941,2025-07-15,Inferno,1,1,65.0,0.7619047619047619,34.987711213517684,-53,2,1.0731707317073171,0.0,0.22916666666666669,-0.052083333333333315,0.916290731874155,69.75609756097562,0.0,2274.2012288786495
1758,942,2025-07-15,Inferno,1,-1,57.0,0.8,313.5,13,0,0.0,0.0,0.1736111111111111,0.0625,-0.2876820724517808,0.0,0.0,17869.5
1759,942,2025-07-15,Ancient,1,1,57.0,0.8,313.5,13,0,0.0,0.0,0.0,0.0,1.791759469228055,0.0,0.0,17869.5
3664,1870,2025-07-15,Mirage,0,-1,34.0,0.3851851851851852,-106.42592592592592,-24,5,-0.67966573816156,-0.6666666666666667,-0.05637254901960781,0.19852941176470593,2.456735772821304,-23.10863509749304,-0.25679012345679014,-3618.4814814814813
3668,1871,2025-07-15,Ancient,0,-1,-381.0,0.0,0.0,30,-6,0.0,0.0,0.0,0.0,-3.2188758248682006,0.0,0.0,0.0
3667,1871,2025-07-15,Inferno,0,-1,-381.0,0.0,0.0,30,-6,0.0,0.0,0.0,0.0,-2.70805020110221,0.0,0.0,0.0
3666,1870,2025-07-15,Dust2,0,-1,34.0,0.3851851851851852,-106.42592592592592,-24,5,1.3811320754716983,1.3811320754716983,0.08506944444444442,-0.14930555555555552,1.83258146374831,46.95849056603774,0.5319916142557652,-3618.4814814814813
1750,938,2025-07-15,Anubis,1,-1,-57.0,-0.6075471698113208,324.6264150943396,-7,0,0.3921568627450982,0.0,0.03472222222222221,0.14583333333333331,-1.252762968495368,-22.352941176470598,0.0,-18503.70566037736
1757,941,2025-07-15,Dust2,1,1,65.0,0.7619047619047619,34.987711213517684,-53,2,0.927536231884058,0.0,0.2619047619047619,-0.07738095238095238,1.3862943611198904,60.289855072463766,0.0,2274.2012288786495
1760,942,2025-07-15,Dust2,1,1,57.0,0.8,313.5,13,0,0.0,0.0,0.0,0.0,-1.6094379124341003,0.0,0.0,17869.5
3659,1867,2025-07-16,Ancient,0,1,347.0,0.0,0.0,-1,2,-0.32969330855018586,-0.3171680497925311,0.01611111111111113,0.0955555555555555,0.485507815781701,-114.40357806691449,-0.0,0.0
1739,933,2025-07-16,Ancient,1,1,57.0,-0.4644268774703557,-92.86561264822132,0,0,0.0,0.0,0.0,0.0,1.9459101490553132,0.0,0.0,-5293.339920948615
1740,934,2025-07-16,Dust2,1,1,81.0,1.0,108.58260869565217,0,0,0.8235294117647058,0.0,0.25,-0.12499999999999994,0.0,66.70588235294117,0.0,8795.191304347825
1741,934,2025-07-16,Ancient,1,1,81.0,1.0,108.58260869565217,0,0,0.0,0.0,0.06944444444444442,0.0,-0.2876820724517808,0.0,0.0,8795.191304347825
1736,932,2025-07-16,Nuke,1,-1,-65.0,-0.2,-68.31818181818181,0,-2,-0.7538461538461538,-0.7538461538461538,-0.2,0.125,0.0,49.0,0.15076923076923077,4440.681818181818
3658,1867,2025-07-16,Anubis,0,-1,347.0,0.0,0.0,-1,2,-0.5841818612360882,-0.747565543071161,-0.02303921568627454,-0.002450980392156854,-0.49247648509779385,-202.71110584892259,-0.0,0.0
3657,1867,2025-07-16,Dust2,0,1,347.0,0.0,0.0,-1,2,0.317195690157251,0.271246343841404,0.04750000000000004,-0.01708333333333334,-0.21357410029805912,110.06690448456611,0.0,0.0
3656,1866,2025-07-16,Inferno,0,-1,-381.0,-0.35966386554621854,118.98319327731093,2,-7,0.4256120527306968,0.4256120527306968,-0.0222222222222222,-0.004166666666666652,-1.1631508098056809,-162.1581920903955,-0.15307727610818342,-45332.596638655465
3655,1866,2025-07-16,Mirage,0,-1,-381.0,-0.35966386554621854,118.98319327731093,2,-7,-0.7417802726543705,-0.8048038760888615,-0.1232638888888889,0.045138888888888895,-1.021651247531981,282.61828388131516,0.2894588730806998,-45332.596638655465
3654,1865,2025-07-16,Mirage,0,1,89.0,0.3333333333333333,180.3,8,0,0.0,0.0,0.0,0.0,2.1972245773362196,0.0,0.0,16046.7
3653,1865,2025-07-16,Dust2,0,1,89.0,0.3333333333333333,180.3,8,0,0.6666666666666667,0.6666666666666667,0.053240740740740755,-0.06944444444444436,1.2039728043259361,59.33333333333334,0.22222222222222224,16046.7
1735,932,2025-07-16,Dust2,1,1,-65.0,-0.2,-68.31818181818181,0,-2,0.13095238095238093,0.029220779220779203,0.109375,-0.03125,0.0,-8.511904761904761,-0.005844155844155841,4440.681818181818
1734,931,2025-07-16,Anubis,1,1,-36.0,0.17391304347826086,-12.26086956521739,0,0,-0.3527131782945736,-0.4565217391304348,0.004807692307692291,0.06650641025641024,0.44183275227903884,12.697674418604649,-0.07939508506616258,441.39130434782606
1733,931,2025-07-16,Ancient,1,1,-36.0,0.17391304347826086,-12.26086956521739,0,0,-0.512987012987013,-0.47619047619047616,0.029629629629629617,0.09074074074074084,-0.5108256237659909,18.467532467532468,-0.08281573498964803,441.39130434782606
1732,931,2025-07-16,Nuke,1,-1,-36.0,0.17391304347826086,-12.26086956521739,0,0,0.6964769647696478,0.8444444444444443,0.06770833333333337,-0.041666666666666685,0.5877866649021193,-25.07317073170732,0.14685990338164248,441.39130434782606
1731,930,2025-07-16,Inferno,1,1,-134.0,0.18181818181818182,-227.0,0,0,1.0705800139762405,0.7647058823529411,0.16919191919191917,-0.05303030303030304,1.0986122886681098,-143.45772187281622,0.13903743315508021,30418.0
1730,930,2025-07-16,Nuke,1,-1,-134.0,0.18181818181818182,-227.0,0,0,-0.26507276507276506,-0.22222222222222227,-0.020833333333333315,-0.04375000000000001,-0.18232155679395468,35.51975051975052,-0.040404040404040414,30418.0
1729,930,2025-07-16,Mirage,1,1,-134.0,0.18181818181818182,-227.0,0,0,0.7821350762527233,0.5,0.07291666666666663,-0.18402777777777773,-0.33647223662121295,-104.80610021786492,0.09090909090909091,30418.0
1738,933,2025-07-16,Nuke,1,1,57.0,-0.4644268774703557,-92.86561264822132,0,0,0.0,0.0,0.0,0.0,2.302585092994046,0.0,0.0,-5293.339920948615
1737,932,2025-07-16,Anubis,1,1,-65.0,-0.2,-68.31818181818181,0,-2,0.25423728813559326,0.25423728813559326,-0.004166666666666652,-0.04166666666666663,-0.6931471805599452,-16.52542372881356,-0.050847457627118654,4440.681818181818
1728,929,2025-07-17,Nuke,1,1,16.0,0.4642166344294004,107.1218568665377,0,-2,-0.6415291961246399,-0.5432835820895523,-0.1111111111111111,0.08333333333333337,0.0,-10.264467137994238,-0.25220127601836084,1713.9497098646032
1727,929,2025-07-17,Ancient,1,1,16.0,0.4642166344294004,107.1218568665377,0,-2,0.9375,1.2,0.13194444444444442,-0.16666666666666663,0.2876820724517808,15.0,0.5570599613152805,1713.9497098646032
1726,928,2025-07-17,Inferno,1,-1,482.0,-1.0,-227.59459459459458,1,1,0.0,0.0,0.0,0.0,2.302585092994046,0.0,0.0,-109700.59459459459
1725,928,2025-07-17,Train,1,1,482.0,-1.0,-227.59459459459458,1,1,1.4285714285714286,0.0,0.38095238095238093,-0.244047619047619,1.3862943611198904,688.5714285714286,0.0,-109700.59459459459
1724,928,2025-07-17,Ancient,1,-1,482.0,-1.0,-227.59459459459458,1,1,1.0,1.0,0.10416666666666663,-0.08333333333333331,0.916290731874155,482.0,-1.0,-109700.59459459459
1723,927,2025-07-17,Nuke,1,-1,-191.0,-0.1527272727272727,101.68,1,-1,-0.9211087420042643,-1.0952380952380951,-0.048611111111111105,0.09722222222222221,-0.5596157879354227,175.9317697228145,0.16727272727272724,-19420.88
1722,927,2025-07-17,Mirage,1,-1,-191.0,-0.1527272727272727,101.68,1,-1,0.15151515151515155,0.22222222222222227,-0.10912698412698413,0.01388888888888895,-0.6931471805599452,-28.939393939393945,-0.03393939393939394,-19420.88
3652,1864,2025-07-17,Nuke,0,1,69.0,0.8702702702702703,-52.35135135135135,-7,5,1.431578947368421,1.3333333333333335,0.13020833333333331,-0.14583333333333331,1.0986122886681098,98.77894736842106,1.1603603603603605,-3612.243243243243
3651,1864,2025-07-17,Dust2,0,1,69.0,0.8702702702702703,-52.35135135135135,-7,5,0.643298969072165,0.48947368421052634,0.046296296296296335,-0.20370370370370372,1.2039728043259361,44.38762886597939,0.4259743954480797,-3612.243243243243
3650,1863,2025-07-17,Dust2,0,1,381.0,-0.09090909090909091,-261.1636363636364,-2,9,0.5258620689655172,0.4786729857819906,0.1032196969696969,-0.07291666666666669,1.5260563034950494,200.35344827586206,-0.04351572598018096,-99503.34545454546
3649,1863,2025-07-17,Train,0,1,381.0,-0.09090909090909091,-261.1636363636364,-2,9,0.126692878986457,0.31716906946264745,0.09583333333333338,0.052083333333333315,0.7884573603642704,48.26998689384012,-0.028833551769331587,-99503.34545454546
3648,1863,2025-07-17,Ancient,0,-1,381.0,-0.09090909090909091,-261.1636363636364,-2,9,-0.8368794326241135,-0.8188976377952756,-0.03525641025641024,0.1939102564102564,2.197224577336219,-318.8510638297872,0.0744452397995705,-99503.34545454546
3647,1862,2025-07-17,Mirage,0,1,-381.0,0.2032520325203252,30.970731707317068,2,-9,0.7601476014760147,0.6949152542372882,0.036666666666666625,-0.15777777777777774,-1.8718021769015916,-289.6162361623616,0.14124293785310735,-11799.848780487802
3646,1862,2025-07-17,Dust2,0,1,-381.0,0.2032520325203252,30.970731707317068,2,-9,-0.8875641966250917,-0.840375113441565,-0.08238636363636359,0.07291666666666669,-1.5260563034950494,338.1619589141599,-0.17080794988649695,-11799.848780487802
3645,1861,2025-07-17,Ancient,0,1,89.0,0.0,0.0,-998,1,0.0,0.0,0.0,0.0,2.3978952727983707,0.0,0.0,0.0
3644,1861,2025-07-17,Nuke,0,-1,89.0,0.0,0.0,-998,1,0.0,0.0,0.0,0.0,2.302585092994046,0.0,0.0,0.0
3643,1861,2025-07-17,Mirage,0,1,89.0,0.0,0.0,-998,1,0.0,0.0,0.0,0.0,2.302585092994046,0.0,0.0,0.0
3642,1860,2025-07-17,Inferno,0,-1,-69.0,-0.7214953271028037,145.26168224299067,3,-5,-1.1363636363636365,0.0,0.04166666666666663,0.08333333333333331,-0.916290731874155,78.40909090909092,0.0,-10023.056074766357
3641,1860,2025-07-17,Ancient,0,-1,-69.0,-0.7214953271028037,145.26168224299067,3,-5,-1.5789473684210527,-1.5789473684210527,0.23958333333333337,0.41666666666666663,-0.916290731874155,108.94736842105263,1.1392031480570586,-10023.056074766357
3640,1860,2025-07-17,Nuke,0,1,-69.0,-0.7214953271028037,145.26168224299067,3,-5,-0.4791979949874686,-0.19047619047619052,-0.07812499999999994,0.08333333333333337,-0.5877866649021193,33.064661654135335,0.13742768135291503,-10023.056074766357
1721,926,2025-07-17,Nuke,1,1,37.0,0.12195121951219512,-146.77141963727328,-1,1,0.20803782505910173,0.2638888888888889,0.15972222222222227,0.1111111111111111,1.2039728043259361,7.697399527186764,0.03218157181571816,-5430.542526579112
1720,926,2025-07-17,Dust2,1,1,37.0,0.12195121951219512,-146.77141963727328,-1,1,-0.02506265664160401,0.17142857142857143,0.02777777777777779,-0.006944444444444475,0.5596157879354227,-0.9273182957393483,0.020905923344947733,-5430.542526579112
1719,926,2025-07-17,Mirage,1,-1,37.0,0.12195121951219512,-146.77141963727328,-1,1,0.07313997477931916,-0.6153846153846154,0.02777777777777779,-0.009920634920634885,0.13353139262452252,2.706179066834809,-0.075046904315197,-5430.542526579112
3639,1859,2025-07-18,Inferno,0,1,-69.0,-1.2666666666666666,66.66666666666667,30,-8,-1.3559322033898304,-1.5384615384615383,-0.17083333333333334,0.08333333333333331,-0.6931471805599452,93.5593220338983,1.9487179487179485,-4600.0
1718,925,2025-07-18,Inferno,1,1,-24.0,-0.05333333333333329,-87.12666666666665,1,-1,0.6857745735888869,0.8,0.002777777777777768,-0.12430555555555561,0.7731898882334818,-16.458589766133287,-0.04266666666666663,2091.0399999999995
1717,925,2025-07-18,Ancient,1,1,-24.0,-0.05333333333333329,-87.12666666666665,1,-1,0.03374908290535589,-0.25,0.057870370370370405,0.0011574074074074403,0.6931471805599456,-0.8099779897285413,0.013333333333333322,2091.0399999999995
1716,924,2025-07-18,Dust2,1,-1,-191.0,-0.06763285024154589,26.212560386473427,1,-1,0.9138755980861244,0.7017543859649122,0.11851851851851852,-0.18611111111111117,0.5108256237659909,-174.55023923444975,-0.047461649292312905,-5006.599033816425
1715,924,2025-07-18,Nuke,1,-1,-191.0,-0.06763285024154589,26.212560386473427,1,-1,-1.277673545966229,-1.4256410256410255,-0.19940476190476197,0.07936507936507942,-0.13353139262452252,244.03564727954972,0.09642016598538336,-5006.599033816425
1714,923,2025-07-18,Dust2,1,1,47.0,0.0,0.0,-999,1,0.0,0.0,0.0,0.0,2.833213344056216,0.0,0.0,0.0
1713,923,2025-07-18,Mirage,1,1,47.0,0.0,0.0,-999,1,0.0,0.0,0.0,0.0,2.5649493574615367,0.0,0.0,0.0
1712,922,2025-07-18,Mirage,1,-1,20.0,0.5655172413793104,89.7448275862069,1,-1,-0.033151059466848876,0.5714285714285714,-0.010416666666666685,0.062499999999999944,0.0,-0.6630211893369775,0.3231527093596059,1794.896551724138
1711,922,2025-07-18,Ancient,1,-1,20.0,0.5655172413793104,89.7448275862069,1,-1,0.6449839670178653,0.5555555555555556,-0.009920634920634885,-0.16071428571428575,0.13353139262452252,12.899679340357306,0.314176245210728,1794.896551724138
1710,922,2025-07-18,Dust2,1,1,20.0,0.5655172413793104,89.7448275862069,1,-1,0.4722222222222222,0.3076923076923077,0.04761904761904756,-0.11904761904761907,-1.3862943611198904,9.444444444444445,0.1740053050397878,1794.896551724138
1709,921,2025-07-18,Dust2,1,1,47.0,0.5387205387205387,-36.94949494949494,-72,1,0.0,0.0,0.0,0.0,2.833213344056216,0.0,0.0,-1736.6262626262621
1708,921,2025-07-18,Inferno,1,1,47.0,0.5387205387205387,-36.94949494949494,-72,1,1.2,1.2,0.21666666666666665,-0.1833333333333333,1.0986122886681096,56.4,0.6464646464646464,-1736.6262626262621
3633,1857,2025-07-18,Dust2,0,1,-69.0,-1.6,41.0,30,-8,0.0,0.0,0.0,0.0,-2.3978952727983707,0.0,0.0,-2829.0
3637,1858,2025-07-18,Inferno,0,-1,-89.0,0.72,172.45999999999998,30,-2,0.6115702479338843,0.0,0.03525641025641024,-0.27884615384615385,-1.945910149055313,-54.4297520661157,0.0,-15348.939999999999
3636,1858,2025-07-18,Anubis,0,-1,-89.0,0.72,172.45999999999998,30,-2,1.23943661971831,0.0,0.10937499999999994,-0.4322916666666667,-1.5040773967762742,-110.30985915492958,0.0,-15348.939999999999
3635,1857,2025-07-18,Nuke,0,-1,-69.0,-1.6,41.0,30,-8,-1.328,-1.2432432432432432,-0.17916666666666675,0.1375,-1.7047480922384253,91.632,1.9891891891891893,-2829.0
3634,1857,2025-07-18,Train,0,-1,-69.0,-1.6,41.0,30,-8,-2.0,-2.0,-0.08333333333333331,0.16666666666666663,-0.4054651081081645,138.0,3.2,-2829.0
3638,1859,2025-07-18,Nuke,0,1,-69.0,-1.2666666666666666,66.66666666666667,30,-8,0.0,0.0,0.0,0.0,-2.3978952727983707,0.0,0.0,-4600.0
3631,1856,2025-07-19,Ancient,0,1,-69.0,-0.5636363636363637,143.8863636363636,-1,-7,0.0,0.0,0.0,0.0,-1.791759469228055,0.0,0.0,-9928.159090909088
3632,1856,2025-07-19,Train,0,1,-69.0,-0.5636363636363637,143.8863636363636,-1,-7,0.0,0.0,0.0,-0.06944444444444442,-0.6931471805599453,-0.0,0.0,-9928.159090909088
3627,1854,2025-07-19,Inferno,0,-1,-89.0,-0.7636363636363637,143.8863636363636,0,-2,-0.8195187165775402,-1.4782608695652173,0.21726190476190477,0.2172619047619047,-1.6094379124341003,72.93716577540107,1.1288537549407114,-12805.88636363636
3629,1855,2025-07-19,Mirage,0,-1,-89.0,-0.5111111111111111,67.44444444444444,1,-3,-1.8653846153846154,-2.0,-0.3666666666666667,0.19583333333333325,-1.7047480922384253,166.01923076923077,1.0222222222222221,-6002.555555555556
3628,1855,2025-07-19,Train,0,1,-89.0,-0.5111111111111111,67.44444444444444,1,-3,0.0,0.0,0.0,0.0,0.6931471805599453,0.0,0.0,-6002.555555555556
3623,1853,2025-07-19,Dust2,0,-1,35.0,0.9872340425531914,-245.0,-33,5,1.5,1.5,0.15624999999999994,-0.23958333333333337,-0.5108256237659905,52.5,1.4808510638297872,-8575.0
1693,914,2025-07-19,Dust2,1,-1,144.0,0.5,-37.5,-34,2,2.0,2.0,0.29166666666666663,-0.08333333333333331,0.0,288.0,1.0,-5400.0
3625,1853,2025-07-19,Mirage,0,-1,35.0,0.9872340425531914,-245.0,-33,5,0.7699530516431924,0.631578947368421,-0.0674603174603175,-0.2876984126984127,0.6931471805599452,26.948356807511733,0.6235162374020156,-8575.0
3624,1853,2025-07-19,Ancient,0,1,35.0,0.9872340425531914,-245.0,-33,5,1.3333333333333333,1.3333333333333333,0.12499999999999994,-0.19444444444444442,0.5596157879354227,46.666666666666664,1.3163120567375883,-8575.0
3630,1855,2025-07-19,Nuke,0,1,-89.0,-0.5111111111111111,67.44444444444444,1,-3,0.7692307692307692,0.8181818181818181,0.0492424242424242,-0.018939393939393978,-1.791759469228055,-68.46153846153845,-0.4181818181818181,-6002.555555555556
3626,1854,2025-07-19,Nuke,0,-1,-89.0,-0.7636363636363637,143.8863636363636,0,-2,0.7692307692307692,0.0,0.0492424242424242,-0.14393939393939398,-1.791759469228055,-68.46153846153845,0.0,-12805.88636363636
1694,914,2025-07-19,Ancient,1,-1,144.0,0.5,-37.5,-34,2,0.0,0.0,0.0,0.0,0.0,0.0,0.0,-5400.0
1690,913,2025-07-19,Mirage,1,1,47.0,0.9604810996563574,-49.57646048109966,-63,2,0.42857142857142855,0.38095238095238093,0.052350427350427386,-0.06837606837606847,1.2527629684953678,20.142857142857142,0.3658975617738504,-2330.093642611684
1695,915,2025-07-19,Mirage,1,1,154.0,0.0,-21.9,-1,1,-0.0010853344186677327,0.40476190476190477,-0.001736111111111105,-0.01678240740740744,-0.10536051565782634,-0.16714150047483084,0.0,-3372.6
1696,915,2025-07-19,Nuke,1,1,154.0,0.0,-21.9,-1,1,0.2835845347313237,0.33583959899749377,-0.03564814814814821,-0.09212962962962956,-0.09531017980432477,43.67201834862385,0.0,-3372.6
1697,916,2025-07-19,Nuke,1,1,57.0,0.3554310613134142,-225.9094304388423,-1,0,0.7692307692307693,0.8888888888888888,0.15833333333333333,-0.10833333333333328,1.0986122886681096,43.84615384615385,0.31593872116747923,-12876.83753501401
1698,916,2025-07-19,Inferno,1,1,57.0,0.3554310613134142,-225.9094304388423,-1,0,-0.1470588235294118,-0.17391304347826086,0.02564102564102566,-0.032051282051282104,1.945910149055313,-8.382352941176473,-0.0618140976197242,-12876.83753501401
1699,917,2025-07-19,Nuke,1,1,144.0,0.0,0.0,-999,2,0.0,0.0,0.0,0.0,0.6931471805599453,0.0,0.0,0.0
1700,917,2025-07-19,Inferno,1,1,144.0,0.0,0.0,-999,2,0.0,0.0,0.0,0.0,0.0,0.0,0.0,0.0
1701,918,2025-07-19,Dust2,1,-1,-144.0,0.0,0.0,30,-2,0.0,0.0,0.0,0.0,-0.6931471805599453,0.0,0.0,0.0
1702,918,2025-07-19,Nuke,1,-1,-144.0,0.0,0.0,30,-2,0.0,0.0,0.0,0.0,-0.6931471805599453,0.0,0.0,0.0
1703,919,2025-07-19,Nuke,1,1,-57.0,0.0,0.0,30,-3,0.0,0.0,0.0,0.0,-2.3978952727983707,0.0,0.0,0.0
1704,919,2025-07-19,Train,1,1,-57.0,0.0,0.0,30,-3,0.0,0.0,0.0,0.0,-1.0986122886681098,0.0,0.0,0.0
1705,920,2025-07-19,Train,1,1,191.0,0.0,0.0,-999,5,0.0,0.0,0.0,0.0,1.3862943611198906,0.0,0.0,0.0
1706,920,2025-07-19,Dust2,1,-1,191.0,0.0,0.0,-999,5,0.0,0.0,0.0,0.0,1.9459101490553132,0.0,0.0,0.0
1707,920,2025-07-19,Nuke,1,1,191.0,0.0,0.0,-999,5,0.0,0.0,0.0,0.0,2.302585092994046,0.0,0.0,0.0
1692,913,2025-07-19,Dust2,1,-1,47.0,0.9604810996563574,-49.57646048109966,-63,2,1.1314451706608568,1.5,0.13848039215686275,-0.18627450980392152,1.2809338454620642,53.17792302106027,1.440721649484536,-2330.093642611684
1691,913,2025-07-19,Inferno,1,-1,47.0,0.9604810996563574,-49.57646048109966,-63,2,1.3846153846153846,1.3846153846153846,0.2777777777777778,-0.17361111111111105,1.252762968495368,65.07692307692308,1.3298969072164948,-2330.093642611684
1689,912,2025-07-20,Dust2,1,-1,191.0,0.0,0.0,-999,7,0.0,0.0,0.0,0.0,2.0794415416798357,0.0,0.0,0.0
1687,912,2025-07-20,Mirage,1,-1,191.0,0.0,0.0,-999,7,0.0,0.0,0.0,0.0,2.3978952727983707,0.0,0.0,0.0
1686,911,2025-07-20,Ancient,1,1,-134.0,0.5931034482758621,50.86896551724138,1,-3,0.004357298474945592,-0.2982456140350877,0.015625,-0.04479166666666662,0.2006706954621511,-0.5838779956427094,-0.17689050211736237,-6816.441379310345
1685,911,2025-07-20,Mirage,1,1,-134.0,0.5931034482758621,50.86896551724138,1,-3,0.7449898878470307,0.5396825396825397,0.0500000000000001,-0.17083333333333334,-0.6061358035703157,-99.82864497150211,0.3200875752599891,-6816.441379310345
1684,911,2025-07-20,Nuke,1,1,-134.0,0.5931034482758621,50.86896551724138,1,-3,-0.6875073451639442,-0.6666666666666667,-0.034722222222222265,0.09166666666666662,-0.45198512374305744,92.12598425196852,-0.3954022988505748,-6816.441379310345
1683,911,2025-07-20,Inferno,1,-1,-134.0,0.5931034482758621,50.86896551724138,1,-3,1.5085753098998131,1.8461538461538463,0.20089285714285715,-0.09226190476190477,1.0986122886681098,-202.14909152657495,1.0949602122015918,-6816.441379310345
1688,912,2025-07-20,Ancient,1,1,191.0,0.0,0.0,-999,7,0.0,0.0,0.0,0.0,2.1972245773362196,0.0,0.0,0.0
3618,1851,2025-07-20,Mirage,0,1,34.0,0.0,71.69999999999999,-64,7,0.3369565217391304,0.3502824858757062,-0.00952380952380949,0.03511904761904766,2.484906649788,11.456521739130434,0.0,2437.7999999999997
3619,1851,2025-07-20,Ancient,0,-1,34.0,0.0,71.69999999999999,-64,7,-0.6857142857142857,-0.6857142857142857,-0.062499999999999944,-0.010416666666666685,2.1400661634962708,-23.314285714285713,-0.0,2437.7999999999997
3620,1852,2025-07-20,Train,0,-1,-89.0,-0.28,77.64,0,-3,1.2,1.2,0.16666666666666669,-0.10416666666666663,0.4054651081081645,-106.8,-0.336,-6909.96
3621,1852,2025-07-20,Mirage,0,1,-89.0,-0.28,77.64,0,-3,-1.8823529411764706,-2.0,-0.22159090909090906,0.1856060606060606,-1.3862943611198906,167.52941176470588,0.56,-6909.96
3622,1852,2025-07-20,Nuke,0,-1,-89.0,-0.28,77.64,0,-3,0.9090909090909091,0.96,0.15625,0.11458333333333331,-1.466337068793427,-80.9090909090909,-0.26880000000000004,-6909.96
3617,1851,2025-07-20,Dust2,0,-1,34.0,0.0,71.69999999999999,-64,7,0.20284697508896796,0.20284697508896796,0.05128205128205121,-0.0913461538461538,2.197224577336219,6.89679715302491,0.0,2437.7999999999997
3616,1850,2025-07-21,Inferno,0,-1,381.0,-0.2,-98.8,-34,11,1.1910112359550562,1.1910112359550562,0.1953125,-0.13802083333333331,1.7346010553881064,453.7752808988764,-0.23820224719101124,-37642.799999999996
3615,1849,2025-07-23,Ancient,0,1,41.0,0.0,0.0,-959,0,0.0,0.0,0.0,0.0,2.6390573296152584,0.0,0.0,0.0
3614,1849,2025-07-23,Mirage,0,1,41.0,0.0,0.0,-959,0,0.0,0.0,0.0,0.0,3.1354942159291497,0.0,0.0,0.0
1671,905,2025-07-23,Ancient,1,1,190.0,0.22479338842975205,62.41157024793391,26,-2,0.4531590413943355,-0.5,0.10416666666666663,-0.034722222222222265,0.8472978603872034,86.10021786492375,-0.11239669421487603,11858.198347107444
1668,904,2025-07-23,Overpass,1,1,-25.0,0.4231404958677686,-23.18181818181818,24,-2,0.0,0.0,0.0,0.0,0.0,0.0,0.0,579.5454545454545
1682,910,2025-07-23,Overpass,1,-1,57.0,1.2153846153846155,-194.66153846153844,-5,4,0.0,0.0,0.0,0.0,0.0,0.0,0.0,-11095.707692307691
1681,910,2025-07-23,Inferno,1,-1,57.0,1.2153846153846155,-194.66153846153844,-5,4,0.4432515337423313,0.397887323943662,0.06944444444444448,0.008333333333333304,1.3862943611198906,25.265337423312882,0.48358613217768154,-11095.707692307691
1680,909,2025-07-23,Nuke,1,1,57.0,0.27417794970986464,-124.56648936170215,-4,3,0.9122807017543859,0.9,-0.14393939393939398,-0.18181818181818177,1.791759469228055,52.0,0.2467601547388782,-7100.289893617023
1679,909,2025-07-23,Inferno,1,1,57.0,0.27417794970986464,-124.56648936170215,-4,3,0.0,0.0,-0.09722222222222221,0.04166666666666674,0.0,0.0,0.0,-7100.289893617023
1678,908,2025-07-23,Inferno,1,1,132.0,-0.2,-129.1,-40,8,-0.507499234771962,-0.85,-0.06474358974358974,0.08205128205128204,-0.8472978603872034,-66.98989898989899,0.17,-17041.2
1677,908,2025-07-23,Mirage,1,1,132.0,-0.2,-129.1,-40,8,-0.5782925782925783,-0.40476190476190477,-0.00639204545454547,0.06368371212121215,-0.3483066942682158,-76.33462033462034,0.08095238095238096,-17041.2
1676,907,2025-07-23,Mirage,1,-1,-482.0,0.16744186046511622,136.4,30,-4,0.06965174129353235,0.0,-0.059523809523809534,0.003968253968253954,-0.6931471805599452,-33.572139303482594,0.0,-65744.8
1675,907,2025-07-23,Dust2,1,1,-482.0,0.16744186046511622,136.4,30,-4,0.0,0.0,0.0,0.0,-2.302585092994046,0.0,0.0,-65744.8
1674,907,2025-07-23,Inferno,1,-1,-482.0,0.16744186046511622,136.4,30,-4,-0.5555555555555556,-0.5940594059405941,0.03333333333333338,0.03749999999999998,-1.2992829841302609,267.77777777777777,-0.0994704121574948,-65744.8
1673,906,2025-07-23,Ancient,1,1,81.0,0.3967611336032389,-84.17813765182186,-1,2,0.967741935483871,1.0909090909090908,0.10555555555555551,-0.1833333333333334,0.4054651081081644,78.38709677419355,0.43283032756716966,-6818.42914979757
1672,906,2025-07-23,Train,1,1,81.0,0.3967611336032389,-84.17813765182186,-1,2,0.0,0.0,0.0,0.0,-1.6094379124341003,0.0,0.0,-6818.42914979757
1670,905,2025-07-23,Inferno,1,1,190.0,0.22479338842975205,62.41157024793391,26,-2,0.1435406698564593,-0.1333333333333333,0.12222222222222223,0.08194444444444443,-0.15415067982725827,27.272727272727266,-0.0299724517906336,11858.198347107444
1667,904,2025-07-23,Nuke,1,-1,-25.0,0.4231404958677686,-23.18181818181818,24,-2,0.4045828857858934,0.4862155388471179,-0.016666666666666607,-0.1833333333333333,0.9808292530117262,-10.114572144647335,0.20573748420638377,579.5454545454545
1669,904,2025-07-23,Ancient,1,1,-25.0,0.4231404958677686,-23.18181818181818,24,-2,-0.17136886102403343,0.058823529411764705,-0.029166666666666674,0.053240740740740755,-0.09531017980432477,4.284221525600835,0.024890617403986386,579.5454545454545
3613,1848,2025-07-24,Ancient,0,-1,41.0,0.0,0.0,-998,1,0.0,0.0,0.0,0.0,2.70805020110221,0.0,0.0,0.0
1655,898,2025-07-24,Train,1,-1,-73.0,-0.4528829057658115,172.05232410464822,0,0,-1.2727272727272727,-1.2727272727272727,-0.36666666666666675,-0.05277777777777776,0.4054651081081644,92.9090909090909,0.5763964255201237,-12559.81965963932
1666,902,2025-07-24,Ancient,1,1,57.0,0.44718178424785365,-250.0160507652109,0,3,0.3975903614457831,0.27536231884057966,0.03125,-0.13541666666666669,1.0986122886681098,22.662650602409634,0.12313701305375678,-14250.914893617022
1665,902,2025-07-24,Dust2,1,1,57.0,0.44718178424785365,-250.0160507652109,0,3,1.2131147540983607,1.5,0.04166666666666663,-0.19940476190476197,-0.980829253011726,69.14754098360656,0.6707726763717805,-14250.914893617022
1664,901,2025-07-24,Ancient,1,-1,-57.0,-0.8038461538461539,16.55384615384618,0,-4,-1.4871794871794872,0.0,0.037878787878787845,0.29545454545454547,-1.791759469228055,84.76923076923077,0.0,-943.5692307692323
1663,901,2025-07-24,Inferno,1,-1,-57.0,-0.8038461538461539,16.55384615384618,0,-4,-1.5428571428571427,-1.4805194805194806,-0.1953125,0.13541666666666663,-1.2237754316221159,87.94285714285714,1.19010989010989,-943.5692307692323
1662,901,2025-07-24,Overpass,1,1,-57.0,-0.8038461538461539,16.55384615384618,0,-4,0.0,0.0,0.0,0.0,-0.6931471805599453,0.0,0.0,-943.5692307692323
1661,900,2025-07-24,Dust2,1,-1,33.0,0.21025308241401688,8.449707981829977,0,4,0.2449242668385433,0.09090909090909088,0.08585858585858591,0.039141414141414144,-1.0986122886681098,8.082500805671929,0.019113916583092437,278.84036340038926
1660,900,2025-07-24,Nuke,1,-1,33.0,0.21025308241401688,8.449707981829977,0,4,-0.5092592592592593,-0.4714640198511166,-0.04055059523809529,0.16741071428571425,-0.7537718023763804,-16.805555555555557,-0.0991267634210005,278.84036340038926
1659,899,2025-07-24,Inferno,1,-1,59.0,0.11857707509881427,-47.12252964426878,0,0,1.2030075187969924,1.5238095238095237,0.12003968253968245,-0.13690476190476192,1.3217558399823195,70.97744360902256,0.1806888763410503,-2780.229249011858
1658,899,2025-07-24,Mirage,1,1,59.0,0.11857707509881427,-47.12252964426878,0,0,0.7430555555555556,0.5155555555555555,0.11580882352941174,-0.06188725490196073,1.2809338454620642,43.84027777777778,0.06113306982872202,-2780.229249011858
1657,899,2025-07-24,Dust2,1,-1,59.0,0.11857707509881427,-47.12252964426878,0,0,-1.027027027027027,-1.1111111111111112,-0.3680555555555555,-0.2604166666666667,1.8718021769015913,-60.59459459459459,-0.13175230566534918,-2780.229249011858
1652,897,2025-07-24,Mirage,1,1,121.0,1.2212692967409948,-66.24528301886792,0,-1,-0.35016835016835013,-0.09090909090909088,-0.16666666666666663,-0.08333333333333326,0.2876820724517808,-42.37037037037037,-0.1110244815219086,-8015.679245283019
1653,897,2025-07-24,Inferno,1,-1,121.0,1.2212692967409948,-66.24528301886792,0,-1,0.8092133854845718,0.48611111111111105,0.1076388888888889,-0.052083333333333315,0.33647223662121295,97.91481964363318,0.5936725748046502,-8015.679245283019
1654,897,2025-07-24,Nuke,1,1,121.0,1.2212692967409948,-66.24528301886792,0,-1,0.09090909090909088,0.09090909090909088,0.125,0.15624999999999994,0.5108256237659905,10.999999999999996,0.1110244815219086,-8015.679245283019
1656,898,2025-07-24,Ancient,1,-1,-73.0,-0.4528829057658115,172.05232410464822,0,0,-0.9729729729729729,-0.8247422680412371,-0.1856060606060606,0.12594696969696967,-0.8754687373539001,71.02702702702702,0.37351167485840125,-12559.81965963932
3611,1848,2025-07-24,Mirage,0,1,41.0,0.0,0.0,-998,1,0.0,0.0,0.0,0.0,3.1780538303479458,0.0,0.0,0.0
3612,1848,2025-07-24,Dust2,0,-1,41.0,0.0,0.0,-998,1,0.0,0.0,0.0,0.0,1.791759469228055,0.0,0.0,0.0
3610,1847,2025-07-25,Nuke,0,1,48.0,0.0,0.0,-963,0,0.0,0.0,0.0,0.0,2.9444389791664403,0.0,0.0,0.0
3609,1847,2025-07-25,Mirage,0,1,48.0,0.0,0.0,-963,0,0.0,0.0,0.0,0.0,2.995732273553991,0.0,0.0,0.0
1651,896,2025-07-25,Dust2,1,-1,-291.0,0.34883720930232565,54.1,-2,7,-0.5669151184781399,-0.48275862068965514,-0.055208333333333304,0.1333333333333333,-0.2006706954621511,164.9722994771387,-0.16840417000801927,-15743.1
1637,891,2025-07-25,Nuke,1,1,126.0,-0.023255813953488396,39.03023255813953,0,5,0.08396598846037051,0.15172523707068292,-0.045138888888888895,-0.010416666666666685,0.3677247801253172,10.579714546006684,-0.0035284938853647227,4917.809302325581
1638,891,2025-07-25,Ancient,1,-1,126.0,-0.023255813953488396,39.03023255813953,0,5,1.1612903225806452,1.3055555555555556,0.18518518518518517,-0.11574074074074076,0.6931471805599456,146.3225806451613,-0.030361757105943184,4917.809302325581
1639,891,2025-07-25,Inferno,1,1,126.0,-0.023255813953488396,39.03023255813953,0,5,-0.3475378787878788,-0.49527665317139,-0.05555555555555558,0.04861111111111116,0.0,-43.78977272727273,0.011518061701660245,4917.809302325581
1641,892,2025-07-25,Ancient,1,1,24.0,-0.06956521739130436,-42.26956521739131,0,-1,-0.4468629961587709,-0.30125,-0.0625,-0.010416666666666685,-0.6190392084062235,-10.724711907810502,0.02095652173913044,-1014.4695652173914
1642,893,2025-07-25,Overpass,1,-1,-73.0,-0.37706093189964157,109.11720430107525,0,-1,2.0,2.0,0.16666666666666663,-0.33333333333333326,0.0,-146.0,-0.7541218637992831,-7965.555913978493
1640,892,2025-07-25,Inferno,1,1,24.0,-0.06956521739130436,-42.26956521739131,0,-1,-0.7079796264855688,-0.799354491662184,-0.018382352941176405,0.12377450980392163,-0.9444616088408513,-16.99151103565365,0.05560726898519542,-1014.4695652173914
1644,894,2025-07-25,Nuke,1,-1,-69.0,0.3884297520661157,18.697075651621105,0,-1,-0.5405405405405406,-0.5405405405405406,0.16666666666666663,0.24999999999999994,0.0,37.2972972972973,-0.20996202814384632,-1290.0982199618563
1645,894,2025-07-25,Dust2,1,1,-69.0,0.3884297520661157,18.697075651621105,0,-1,2.0,2.0,0.3958333333333333,0.02083333333333337,0.0,-138.0,0.7768595041322314,-1290.0982199618563
1646,894,2025-07-25,Ancient,1,-1,-69.0,0.3884297520661157,18.697075651621105,0,-1,-1.2592592592592593,-1.0,-0.10416666666666663,0.11111111111111105,-0.2876820724517808,86.88888888888889,-0.3884297520661157,-1290.0982199618563
1647,895,2025-07-25,Ancient,1,1,-65.0,-0.4330918795272589,71.97941288600839,2,-2,0.625,0.8,0.125,-0.04166666666666663,-0.2231435513142097,-40.625,-0.3464735036218072,-4678.6618375905455
1648,895,2025-07-25,Nuke,1,-1,-65.0,-0.4330918795272589,71.97941288600839,2,-2,-0.5750165234633179,-0.5750165234633179,-0.18402777777777773,0.02430555555555558,-0.810930216216329,37.37607402511566,0.24903498690595852,-4678.6618375905455
1649,895,2025-07-25,Inferno,1,-1,-65.0,-0.4330918795272589,71.97941288600839,2,-2,-0.71875,-1.0337381916329285,-0.14880952380952378,0.004960317460317498,0.13353139262452252,46.71875,0.44770361635341477,-4678.6618375905455
1650,896,2025-07-25,Nuke,1,-1,-291.0,0.34883720930232565,54.1,-2,7,0.49449449449449445,0.5815602836879432,0.08080808080808083,-0.051136363636363646,0.08004270767353638,-143.89789789789788,0.20286986640277094,-15743.1
1643,893,2025-07-25,Mirage,1,-1,-73.0,-0.37706093189964157,109.11720430107525,0,-1,-0.6561825470243601,-0.6774193548387097,-0.06190476190476191,0.1738095238095238,-0.2876820724517808,47.901325932778285,0.25542837322233786,-7965.555913978493
1625,885,2025-07-26,Mirage,1,1,274.0,-0.6,31.099999999999994,30,-2,0.38399189463019257,0.07142857142857145,0.014583333333333393,-0.1166666666666667,0.18232155679395468,105.21377912867277,-0.04285714285714287,8521.399999999998
3606,1846,2025-07-26,Nuke,0,-1,-48.0,-0.055335968379446626,39.73913043478261,5,0,0.062499999999999944,0.09009009009009006,-0.05847953216374263,-0.07309941520467833,-1.6094379124341003,-2.9999999999999973,-0.004985222376526721,-1907.4782608695652
3607,1846,2025-07-26,Overpass,0,1,-48.0,-0.055335968379446626,39.73913043478261,5,0,0.0,0.0,0.0,0.0,0.0,0.0,0.0,-1907.4782608695652
3608,1846,2025-07-26,Ancient,0,-1,-48.0,-0.055335968379446626,39.73913043478261,5,0,0.8809523809523809,0.8571428571428572,0.07870370370370366,-0.07407407407407407,-1.8458266904983305,-42.285714285714285,-0.04743083003952568,-1907.4782608695652
1624,885,2025-07-26,Ancient,1,-1,274.0,-0.6,31.099999999999994,30,-2,-1.710144927536232,-1.6363636363636362,-0.24999999999999994,0.1071428571428571,-0.980829253011726,-468.57971014492756,0.9818181818181817,8521.399999999998
1626,885,2025-07-26,Nuke,1,1,274.0,-0.6,31.099999999999994,30,-2,-1.3061224489795917,-1.4285714285714286,-0.01666666666666672,0.24166666666666664,-1.0986122886681096,-357.87755102040813,0.8571428571428571,8521.399999999998
1634,889,2025-07-26,Inferno,1,1,-335.0,-0.26666666666666666,220.45555555555552,30,-4,0.7372881355932204,0.6891891891891891,0.21306818181818177,-0.04734848484848486,-0.8754687373539001,-246.99152542372883,-0.18378378378378377,-73852.6111111111
1630,887,2025-07-26,Overpass,1,1,809.0,0.6,76.9,30,-11,0.0,0.0,0.0,0.0,0.0,0.0,0.0,62212.100000000006
1631,888,2025-07-26,Nuke,1,1,229.0,0.1826086956521739,127.15652173913043,30,-7,1.2380952380952381,1.1688311688311688,0.10937499999999994,-0.13541666666666663,-1.0986122886681098,283.5238095238095,0.2134387351778656,29118.843478260867
1632,888,2025-07-26,Ancient,1,1,229.0,0.1826086956521739,127.15652173913043,30,-7,-0.07393209200438114,-0.08771929824561403,0.10000000000000003,0.08333333333333331,-0.2876820724517808,-16.93044906900328,-0.016018306636155607,29118.843478260867
1633,889,2025-07-26,Dust2,1,1,-335.0,-0.26666666666666666,220.45555555555552,30,-4,0.2180801491146318,0.05882352941176466,0.0961174242424242,0.03409090909090906,-0.2876820724517808,-73.05684995340165,-0.01568627450980391,-73852.6111111111
1635,890,2025-07-26,Nuke,1,1,353.0,-0.2173913043478261,297.6478260869565,30,-6,-0.09328198545143349,-0.31764705882352945,0.11458333333333331,0.00694444444444442,-0.6190392084062235,-32.92854086435602,0.0690537084398977,105069.68260869564
1636,890,2025-07-26,Mirage,1,1,353.0,-0.2173913043478261,297.6478260869565,30,-6,0.5137420718816068,1.0555555555555556,0.021296296296296313,-0.04444444444444445,-0.5108256237659909,181.3509513742072,-0.22946859903381644,105069.68260869564
1629,887,2025-07-26,Nuke,1,1,809.0,0.6,76.9,30,-11,0.5874999999999999,0.522875816993464,0.1450320512820512,0.03846153846153849,-1.0296194171811581,475.2874999999999,0.31372549019607837,62212.100000000006
1612,879,2025-07-27,Dust2,1,1,291.0,0.22127659574468087,-261.4851063829787,0,-7,0.6502570493846394,0.5873015873015872,0.06365740740740744,-0.1261574074074075,0.26236426446749084,189.22480137093004,0.1299560959135427,-76092.1659574468
3605,1845,2025-07-27,Mirage,0,-1,-41.0,-1.04,41.0,1,-1,-0.9170305676855895,-0.7777777777777778,-0.29340277777777773,0.10937499999999994,-2.525728644308255,37.59825327510917,0.8088888888888889,-1681.0
3603,1844,2025-07-27,Dust2,0,1,69.0,0.0,0.0,-991,7,0.0,0.0,0.0,0.0,2.4849066497880004,0.0,0.0,0.0
1611,879,2025-07-27,Inferno,1,1,291.0,0.22127659574468087,-261.4851063829787,0,-7,-0.6072588879606424,-0.6289978678038379,-0.10069444444444442,0.019345238095238027,0.485507815781701,-176.71233639654696,-0.13918250691829606,-76092.1659574468
1613,880,2025-07-27,Inferno,1,-1,-853.0,-0.7272727272727273,191.36363636363635,0,0,-0.051136363636363646,0.036363636363636376,0.0845238095238095,0.08333333333333337,-0.2876820724517808,43.61931818181819,-0.026446280991735547,-163233.1818181818
3604,1845,2025-07-27,Ancient,0,-1,-41.0,-1.04,41.0,1,-1,-0.9852941176470589,-0.625,-0.033333333333333326,0.07500000000000001,-2.0794415416798357,40.39705882352941,0.65,-1681.0
1615,881,2025-07-27,Overpass,1,1,-24.0,0.21014492753623193,-0.3931159420289845,0,-1,0.0,0.0,0.0,0.0,0.0,0.0,0.0,9.434782608695627
1622,884,2025-07-27,Inferno,1,1,302.0,0.5617647058823529,147.13823529411764,30,-4,-0.08217592592592594,-0.2638297872340426,0.01785714285714285,-0.03333333333333338,0.2876820724517808,-24.817129629629633,-0.1482102628285357,44435.74705882352
1621,883,2025-07-27,Nuke,1,1,234.0,0.16595744680851063,243.13404255319148,30,-5,0.17575757575757578,0.006779661016949157,0.002777777777777768,-0.05972222222222223,-0.15415067982725827,41.12727272727273,0.0011251352326000726,56893.365957446804
1620,883,2025-07-27,Ancient,1,1,234.0,0.16595744680851063,243.13404255319148,30,-5,-0.07692307692307691,0.1463414634146342,-0.08680555555555558,-0.048611111111111105,-1.466337068793427,-17.999999999999996,0.024286455630513758,56893.365957446804
1619,882,2025-07-27,Mirage,1,-1,100.0,-0.36363636363636365,95.90909090909092,0,0,-0.619047619047619,-0.28571428571428575,-0.053240740740740755,0.10648148148148145,-0.35667494393873267,-61.9047619047619,0.10389610389610392,9590.909090909092
1618,882,2025-07-27,Dust2,1,-1,100.0,-0.36363636363636365,95.90909090909092,0,0,-0.2222222222222222,-1.0,-0.125,-0.2708333333333332,0.5596157879354227,-22.22222222222222,0.36363636363636365,9590.909090909092
1617,881,2025-07-27,Dust2,1,-1,-24.0,0.21014492753623193,-0.3931159420289845,0,-1,1.1363636363636365,1.3513513513513513,0.08333333333333331,-0.18055555555555552,-0.2231435513142097,-27.272727272727273,0.28397963180571884,9.434782608695627
1614,880,2025-07-27,Train,1,-1,-853.0,-0.7272727272727273,191.36363636363635,0,0,0.0,0.0,0.0,0.0,-1.6094379124341003,0.0,0.0,-163233.1818181818
1623,884,2025-07-27,Train,1,1,302.0,0.5617647058823529,147.13823529411764,30,-4,1.3333333333333333,1.3333333333333333,0.38888888888888895,-0.19444444444444436,0.6931471805599453,402.66666666666663,0.7490196078431373,44435.74705882352
1616,881,2025-07-27,Inferno,1,-1,-24.0,0.21014492753623193,-0.3931159420289845,0,-1,-0.40342781806196426,0.06633499170812604,-0.20238095238095244,-0.09672619047619047,-0.47000362924573547,9.682267633487143,0.013939962025620693,9.434782608695627
3598,1842,2025-07-28,Nuke,0,-1,48.0,0.0,0.0,-997,2,0.0,0.0,0.0,0.0,3.044522437723423,0.0,0.0,0.0
3599,1842,2025-07-28,Dust2,0,1,48.0,0.0,0.0,-997,2,0.0,0.0,0.0,0.0,2.772588722239781,0.0,0.0,0.0
3600,1842,2025-07-28,Ancient,0,1,48.0,0.0,0.0,-997,2,0.0,0.0,0.0,0.0,2.995732273553991,0.0,0.0,0.0
3601,1843,2025-07-28,Inferno,0,1,-41.0,0.1693121693121693,154.33333333333334,6,-2,-0.29517502365184484,-0.37362637362637363,-0.11892361111111105,0.02604166666666663,-1.4469189829363256,12.102175969725637,-0.0632594918309204,-6327.666666666667
3602,1843,2025-07-28,Mirage,0,1,-41.0,0.1693121693121693,154.33333333333334,6,-2,-0.5580746424834322,-0.3717948717948718,-0.014999999999999958,0.07000000000000006,-1.4663370687934272,22.88106034182072,-0.06294939628272961,-6327.666666666667
3597,1841,2025-07-28,Dust2,0,1,69.0,0.5710569105691057,-75.4,-11,6,1.4603174603174605,1.3523809523809525,0.2222222222222222,-0.24652777777777773,1.1786549963416462,100.76190476190477,0.7722864885791715,-5202.6
3596,1841,2025-07-28,Ancient,0,1,69.0,0.5710569105691057,-75.4,-11,6,0.0,0.0,0.0,0.0,1.9459101490553132,0.0,0.0,-5202.6
1603,873,2025-07-28,Mirage,1,-1,-72.0,-0.22448979591836735,-16.209183673469397,0,-4,0.047749914118859565,0.06666666666666667,0.06547619047619047,0.020833333333333315,-0.11778303565638382,-3.4379938165578885,-0.014965986394557823,1167.0612244897966
1610,877,2025-07-28,Nuke,1,-1,93.0,-0.23715415019762845,-18.59683794466403,1,0,-0.2594594594594594,-0.1333333333333333,0.062499999999999944,-0.041666666666666685,-0.5108256237659905,-24.129729729729725,0.031620553359683785,-1729.505928853755
1609,877,2025-07-28,Mirage,1,-1,93.0,-0.23715415019762845,-18.59683794466403,1,0,0.456640134059489,0.4935064935064935,-0.07118055555555558,-0.15451388888888895,-0.25131442828090633,42.46753246753248,-0.11703711308454391,-1729.505928853755
1608,875,2025-07-28,Nuke,1,-1,50.0,-0.8363636363636364,35.8727272727273,30,-1,-0.14685314685314688,-0.358974358974359,-0.02083333333333337,-0.08333333333333337,-0.15415067982725827,-7.342657342657343,0.30023310023310024,1793.636363636365
1607,875,2025-07-28,Dust2,1,-1,50.0,-0.8363636363636364,35.8727272727273,30,-1,-0.35555555555555557,-0.35555555555555557,-0.043518518518518456,0.060185185185185175,-0.5108256237659909,-17.77777777777778,0.2973737373737374,1793.636363636365
1606,874,2025-07-28,Inferno,1,-1,-66.0,0.16666666666666666,-467.8166666666666,0,7,-0.004815409309791352,-0.06620209059233445,0.06597222222222221,0.11458333333333337,0.25131442828090633,0.31781701444622923,-0.011033681765389075,30875.899999999994
1605,874,2025-07-28,Ancient,1,-1,-66.0,0.16666666666666666,-467.8166666666666,0,7,1.1020408163265305,1.1868131868131868,0.0920138888888889,-0.14583333333333331,0.810930216216329,-72.73469387755101,0.1978021978021978,30875.899999999994
1604,873,2025-07-28,Dust2,1,-1,-72.0,-0.22448979591836735,-16.209183673469397,0,-4,-0.20627357554099665,-0.48484848484848486,0.012362637362637319,0.015109890109890112,-0.5596157879354227,14.851697438951758,0.10884353741496598,1167.0612244897966
1602,873,2025-07-28,Train,1,1,-72.0,-0.22448979591836735,-16.209183673469397,0,-4,0.14634146341463405,0.4878048780487805,-0.002083333333333326,-0.052083333333333315,-0.4054651081081646,-10.536585365853652,-0.1095072175211548,1167.0612244897966
1594,869,2025-07-29,Overpass,1,-1,64.0,0.0,-45.333333333333314,0,0,0.0,0.0,0.0,0.0,0.0,0.0,0.0,-2901.333333333332
3594,1840,2025-07-29,Ancient,0,1,-48.0,-0.46097201767304863,40.78350515463918,30,-3,0.0,0.0,0.0,0.0,-3.044522437723423,0.0,0.0,-1957.6082474226805
3593,1840,2025-07-29,Overpass,0,-1,-48.0,-0.46097201767304863,40.78350515463918,30,-3,0.0,0.0,0.0,0.0,-0.6931471805599453,0.0,0.0,-1957.6082474226805
3592,1839,2025-07-29,Mirage,0,-1,34.0,-0.6428571428571428,-23.842857142857156,8,2,0.5363245910627797,0.4198564593301435,0.06134259259259256,-0.04050925925925919,1.6650077635889111,18.23503609613451,-0.2699077238550922,-810.6571428571433
3591,1839,2025-07-29,Inferno,0,-1,34.0,-0.6428571428571428,-23.842857142857156,8,2,-0.5933806146572105,-0.5933806146572105,0.03125,-0.0014880952380952328,0.47000362924573547,-20.174940898345156,0.38145896656534956,-810.6571428571433
1595,870,2025-07-29,Mirage,1,-1,-690.0,-0.16666666666666674,60.16666666666666,0,0,0.5707070707070708,0.4313725490196078,0.0,-0.13333333333333341,0.6061358035703157,-393.78787878787887,-0.07189542483660133,-41514.99999999999
1601,872,2025-07-29,Mirage,1,1,-167.0,0.6363636363636364,-63.02727272727276,-1,4,-0.12280701754385964,0.0,0.01666666666666672,0.024999999999999967,-0.6061358035703157,20.50877192982456,0.0,10525.55454545455
3595,1840,2025-07-29,Mirage,0,1,-48.0,-0.46097201767304863,40.78350515463918,30,-3,-1.2448979591836735,-1.3142857142857143,-0.275,0.08333333333333331,-1.9459101490553132,59.755102040816325,0.6058489375131496,-1957.6082474226805
1599,871,2025-07-29,Train,1,-1,-416.0,0.2548148148148148,-174.94666666666666,1,0,-0.2948717948717948,-0.4444444444444444,0.10479797979797983,0.04292929292929287,1.0986122886681098,122.66666666666664,-0.11325102880658436,72777.81333333332
1593,869,2025-07-29,Mirage,1,1,64.0,0.0,-45.333333333333314,0,0,-0.31884057971014484,-0.3725490196078431,0.02314814814814814,0.1203703703703704,0.35667494393873267,-20.40579710144927,-0.0,-2901.333333333332
1598,871,2025-07-29,Inferno,1,-1,-416.0,0.2548148148148148,-174.94666666666666,1,0,-0.5576462538487855,-0.6923076923076923,-0.13020833333333331,-0.08333333333333331,0.0,231.98084160109477,-0.17641025641025643,72777.81333333332
1592,869,2025-07-29,Ancient,1,-1,64.0,0.0,-45.333333333333314,0,0,-0.91005291005291,-1.4285714285714286,-0.1111111111111111,0.027777777777777846,0.0,-58.24338624338624,-0.0,-2901.333333333332
1591,868,2025-07-29,Inferno,1,-1,-274.0,-0.18518518518518517,32.03333333333333,0,2,-0.6927813889839206,-0.8589743589743589,-0.09598214285714285,0.0014880952380952883,-0.11778303565638382,189.82210058159424,0.1590693257359924,-8777.133333333333
1590,868,2025-07-29,Ancient,1,-1,-274.0,-0.18518518518518517,32.03333333333333,0,2,1.7619047619047619,1.7142857142857144,0.19444444444444436,-0.10416666666666663,0.810930216216329,-482.76190476190476,-0.31746031746031744,-8777.133333333333
1589,867,2025-07-29,Inferno,1,-1,-335.0,-0.3230769230769231,250.96923076923076,0,-4,0.6009538950715421,0.5607008760951189,0.14010989010989017,-0.050824175824175755,-0.5596157879354227,-201.3195548489666,-0.1811495138153461,-84074.69230769231
1588,867,2025-07-29,Dust2,1,-1,-335.0,-0.3230769230769231,250.96923076923076,0,-4,0.2834810524111942,0.1741496598639456,0.08630952380952384,0.0535714285714286,-0.40546510810816416,-94.96615255775006,-0.05626373626373627,-84074.69230769231
1597,871,2025-07-29,Nuke,1,1,-416.0,0.2548148148148148,-174.94666666666666,1,0,0.7587719298245615,0.7833333333333333,-0.009803921568627416,-0.13398692810457524,1.504077396776274,-315.6491228070176,0.19960493827160494,72777.81333333332
1596,870,2025-07-29,Inferno,1,-1,-690.0,-0.16666666666666674,60.16666666666666,0,0,-0.4875761837787154,-0.6923076923076923,0.024305555555555636,0.15451388888888895,-0.810930216216329,336.42756680731367,0.11538461538461543,-41514.99999999999
1600,872,2025-07-29,Nuke,1,1,-167.0,0.6363636363636364,-63.02727272727276,-1,4,-0.15254237288135591,0.1111111111111111,0.013888888888888895,0.07638888888888884,0.0,25.47457627118644,0.0707070707070707,10525.55454545455
3585,1836,2025-07-31,Mirage,0,1,-48.0,0.0,0.0,30,-4,0.0,0.0,0.0,0.0,-3.091042453358316,0.0,0.0,0.0
3590,1838,2025-07-31,Mirage,0,1,47.0,0.0,0.0,-987,3,0.0,0.0,0.0,0.0,2.70805020110221,0.0,0.0,0.0
3589,1838,2025-07-31,Inferno,0,1,47.0,0.0,0.0,-987,3,0.0,0.0,0.0,0.0,2.0794415416798357,0.0,0.0,0.0
3588,1837,2025-07-31,Ancient,0,1,34.0,0.0,0.0,-997,2,0.0,0.0,0.0,0.0,2.8903717578961645,0.0,0.0,0.0
3587,1837,2025-07-31,Mirage,0,-1,34.0,0.0,0.0,-997,2,0.0,0.0,0.0,0.0,3.6375861597263857,0.0,0.0,0.0
3586,1837,2025-07-31,Dust2,0,1,34.0,0.0,0.0,-997,2,0.0,0.0,0.0,0.0,3.332204510175204,0.0,0.0,0.0
3584,1836,2025-07-31,Ancient,0,1,-48.0,0.0,0.0,30,-4,0.0,0.0,0.0,0.0,-3.091042453358316,0.0,0.0,0.0
1586,866,2025-08-01,Inferno,1,-1,-154.0,0.3384615384615384,193.09230769230768,0,-1,-0.9777102330293821,-1.1785714285714286,-0.10532407407407407,0.059027777777777735,-0.6931471805599456,150.56737588652484,-0.39890109890109887,-29736.215384615385
1587,866,2025-08-01,Ancient,1,-1,-154.0,0.3384615384615384,193.09230769230768,0,-1,0.7854309412188965,0.8055555555555556,0.15972222222222227,0.00347222222222221,0.33647223662121295,-120.95636494771006,0.2726495726495726,-29736.215384615385
1585,865,2025-08-01,Inferno,1,1,-111.0,0.007407407407407363,49.900000000000006,0,-3,0.20526315789473687,0.3315508021390374,0.055059523809523836,-0.03273809523809529,-0.5108256237659905,-22.784210526315793,0.002455931867696559,-5538.900000000001
1583,865,2025-08-01,Train,1,1,-111.0,0.007407407407407363,49.900000000000006,0,-3,0.38831615120274904,0.7216494845360824,0.00347222222222221,0.025462962962962965,-0.6931471805599456,-43.10309278350514,0.0053455517373042815,-5538.900000000001
1584,865,2025-08-01,Mirage,1,-1,-111.0,0.007407407407407363,49.900000000000006,0,-3,0.4230769230769232,0.2528735632183908,0.23148148148148145,0.11018518518518511,0.09531017980432477,-46.961538461538474,0.0018731375053214019,-5538.900000000001
3582,1835,2025-08-01,Dust2,0,1,-47.0,-1.2212692967409948,59.83018867924528,17,-5,-1.4555555555555555,-1.3587786259541985,-0.35350877192982455,0.18859649122807015,-1.203972804325936,68.41111111111111,1.6594346169457792,-2812.0188679245284
3583,1835,2025-08-01,Overpass,0,1,-47.0,-1.2212692967409948,59.83018867924528,17,-5,0.0,0.0,0.0,0.0,-0.6931471805599453,0.0,0.0,-2812.0188679245284
3571,1831,2025-08-01,Dust2,0,1,47.0,0.0,0.0,-999,5,0.0,0.0,0.0,0.0,2.995732273553991,0.0,0.0,0.0
3572,1831,2025-08-01,Overpass,0,1,47.0,0.0,0.0,-999,5,0.0,0.0,0.0,0.0,0.6931471805599453,0.0,0.0,0.0
3574,1832,2025-08-01,Train,0,-1,-69.0,-0.0297674418604651,132.50000000000003,9,-2,0.5217391304347825,0.5217391304347825,0.03125,-0.0625,-0.5108256237659905,-35.99999999999999,-0.015530839231547005,-9142.500000000002
3575,1832,2025-08-01,Ancient,0,1,-69.0,-0.0297674418604651,132.50000000000003,9,-2,0.5176470588235293,0.5176470588235293,-0.005952380952380931,-0.07738095238095238,-1.3862943611198904,-35.71764705882352,-0.015409028727770167,-9142.500000000002
3576,1833,2025-08-01,Mirage,0,1,89.0,0.0,0.0,-987,4,0.0,0.0,0.0,0.0,2.5649493574615367,0.0,0.0,0.0
3573,1832,2025-08-01,Nuke,0,1,-69.0,-0.0297674418604651,132.50000000000003,9,-2,-0.6769509981851181,-1.3333333333333335,-0.11931818181818182,-0.0018939393939393923,-1.3862943611198906,46.70961887477315,0.039689922480620136,-9142.500000000002
3578,1834,2025-08-01,Dust2,0,-1,69.0,0.0,0.0,-995,5,0.0,0.0,0.0,0.0,1.3862943611198906,0.0,0.0,0.0
3579,1834,2025-08-01,Mirage,0,1,69.0,0.0,0.0,-995,5,0.0,0.0,0.0,0.0,1.3862943611198906,0.0,0.0,0.0
3580,1834,2025-08-01,Nuke,0,-1,69.0,0.0,0.0,-995,5,0.0,0.0,0.0,0.0,1.6094379124341003,0.0,0.0,0.0
3581,1835,2025-08-01,Nuke,0,-1,-47.0,-1.2212692967409948,59.83018867924528,17,-5,0.0505095259193622,-0.5,0.19642857142857145,0.1026785714285714,-0.47000362924573547,-2.3739477182100233,0.6106346483704974,-2812.0188679245284
3577,1833,2025-08-01,Inferno,0,1,89.0,0.0,0.0,-987,4,0.0,0.0,0.0,0.0,2.772588722239781,0.0,0.0,0.0
1578,863,2025-08-02,Mirage,1,-1,629.0,0.6,-187.53076923076924,3,-1,0.25630252100840323,0.8571428571428572,-0.09217171717171713,-0.11868686868686862,-0.5389965007326871,161.21428571428564,0.5142857142857143,-117956.85384615386
3559,1825,2025-08-02,Train,0,-1,482.0,0.0,0.0,-998,7,0.0,0.0,0.0,0.0,2.3978952727983707,0.0,0.0,0.0
1579,863,2025-08-02,Train,1,-1,629.0,0.6,-187.53076923076924,3,-1,-0.16254923021840306,-0.5714285714285714,-0.0666666666666666,-0.03333333333333338,0.0,-102.24346580737553,-0.3428571428571428,-117956.85384615386
1580,864,2025-08-02,Mirage,1,1,-157.0,0.08148148148148143,94.06666666666669,3,-2,-0.075287031808771,-0.1948051948051948,0.08928571428571419,0.07142857142857151,0.0,11.820063993977048,-0.01587301587301586,-14768.46666666667
1581,864,2025-08-02,Nuke,1,-1,-157.0,0.08148148148148143,94.06666666666669,3,-2,1.1948051948051948,1.1688311688311688,0.055059523809523836,-0.07291666666666663,0.47000362924573547,-187.58441558441558,0.09523809523809518,-14768.46666666667
1582,864,2025-08-02,Ancient,1,1,-157.0,0.08148148148148143,94.06666666666669,3,-2,0.734385724090597,0.9090909090909091,0.10625000000000001,0.06041666666666662,-0.18232155679395468,-115.29855868222373,0.07407407407407403,-14768.46666666667
3558,1825,2025-08-02,Mirage,0,-1,482.0,0.0,0.0,-998,7,0.0,0.0,0.0,0.0,2.3978952727983707,0.0,0.0,0.0
3560,1826,2025-08-02,Train,0,1,47.0,0.0,0.0,-998,4,0.0,0.0,0.0,0.0,2.3978952727983707,0.0,0.0,0.0
3561,1826,2025-08-02,Overpass,0,1,47.0,0.0,0.0,-998,4,0.0,0.0,0.0,0.0,1.0986122886681098,0.0,0.0,0.0
3564,1828,2025-08-02,Mirage,0,-1,34.0,-0.40754716981132083,-132.92704402515722,-12,2,0.12908930150309444,-0.08837579617834401,-0.04879385964912286,-0.08717105263157898,2.054123733695546,4.389036251105211,0.03601730561230625,-4519.519496855345
3565,1828,2025-08-02,Inferno,0,-1,34.0,-0.40754716981132083,-132.92704402515722,-12,2,-0.7994891443167307,-0.5402298850574714,0.09722222222222221,0.078125,0.810930216216329,-27.182630906768843,0.22016916070266762,-4519.519496855345
3570,1830,2025-08-02,Nuke,0,1,48.0,0.1333333333333333,-59.0,-85,5,0.0,0.0,0.0,0.0,3.091042453358316,0.0,0.0,-2832.0
3569,1830,2025-08-02,Train,0,1,48.0,0.1333333333333333,-59.0,-85,5,-1.0838709677419356,-1.1666666666666667,-0.08578431372549017,0.19362745098039214,2.197224577336219,-52.02580645161291,-0.15555555555555553,-2832.0
3568,1830,2025-08-02,Dust2,0,-1,48.0,0.1333333333333333,-59.0,-85,5,0.9411764705882353,1.04,-0.08854166666666663,-0.22395833333333331,2.1400661634962708,45.17647058823529,0.13866666666666663,-2832.0
3567,1829,2025-08-02,Ancient,0,1,-144.0,0.2898550724637681,69.0,-13,-2,0.0,0.0,0.0,0.0,-0.6931471805599453,0.0,0.0,-9936.0
3566,1829,2025-08-02,Dust2,0,1,-144.0,0.2898550724637681,69.0,-13,-2,1.0,1.0,0.04166666666666663,-0.20833333333333331,-0.4054651081081645,-144.0,0.2898550724637681,-9936.0
1575,862,2025-08-03,Mirage,1,1,-64.0,0.19999999999999996,-193.0,0,-1,0.07640369580668077,0.0357142857142857,-0.00694444444444442,-0.060763888888888895,-0.3677247801253172,-4.889836531627569,0.007142857142857138,12352.0
1577,862,2025-08-03,Nuke,1,1,-64.0,0.19999999999999996,-193.0,0,-1,-0.1588628762541806,-0.14379084967320266,0.013541666666666674,-0.03437499999999993,0.4054651081081646,10.167224080267559,-0.028758169934640525,12352.0
1576,862,2025-08-03,Ancient,1,1,-64.0,0.19999999999999996,-193.0,0,-1,1.4408602150537635,2.0,0.11666666666666664,-0.09583333333333338,0.18232155679395468,-92.21505376344086,0.3999999999999999,12352.0
3554,1823,2025-08-03,Overpass,0,-1,47.0,0.9285714285714286,-230.75,-55,4,0.0,0.0,0.0,0.0,1.3862943611198906,0.0,0.0,-10845.25
3555,1823,2025-08-03,Train,0,-1,47.0,0.9285714285714286,-230.75,-55,4,0.0,0.0,0.0,0.0,2.4849066497880004,0.0,0.0,-10845.25
3556,1824,2025-08-03,Overpass,0,1,89.0,0.22167487684729073,-84.86206896551724,-12,1,0.0,0.0,0.0,0.0,0.0,0.0,0.0,-7552.724137931034
3557,1824,2025-08-03,Inferno,0,1,89.0,0.22167487684729073,-84.86206896551724,-12,1,0.7875,0.8183453237410073,0.19097222222222227,-0.10069444444444442,1.4469189829363256,70.08749999999999,0.18140659885884405,-7552.724137931034
3549,1821,2025-08-04,Train,0,-1,-14.0,-0.20425531914893624,0.0,0,-3,-0.27120724037429056,-0.10518934081346423,-0.009667755991285387,0.06699346405228757,-0.054067221270275745,3.7969013652400676,0.02148548237892036,-0.0
3552,1822,2025-08-04,Nuke,0,1,69.0,0.4352657004830918,-55.608695652173914,-18,4,1.251908396946565,1.1623931623931623,0.1111111111111111,-0.13194444444444436,1.1786549963416462,86.38167938931298,0.505949874065816,-3837.0
3553,1822,2025-08-04,Ancient,0,1,69.0,0.4352657004830918,-55.608695652173914,-18,4,0.0875862068965517,0.35090909090909084,0.05381944444444442,0.10243055555555558,0.810930216216329,6.043448275862067,0.15273869126043038,-3837.0
3551,1821,2025-08-04,Ancient,0,-1,-14.0,-0.20425531914893624,0.0,0,-3,0.21450926068441847,0.12073801904310373,0.01620370370370372,-0.05892255892255899,-0.1910552367627094,-3.0031296495818585,-0.024661382613059495,-0.0
3550,1821,2025-08-04,Mirage,0,1,-14.0,-0.20425531914893624,0.0,0,-3,0.1380936260760227,0.09216105670006375,-0.017385392385392384,-0.021804584304584318,0.5533852381847866,-1.933310765064318,-0.01882438604937473,-0.0
3545,1816,2025-08-05,Ancient,0,-1,-147.0,0.049478390461997035,-118.183308494784,12,-4,1.4285714285714286,1.4285714285714286,0.13541666666666663,-0.1840277777777778,-0.2231435513142097,-210.0,0.07068341494571005,17372.946348733247
3543,1815,2025-08-05,Mirage,0,-1,-153.0,0.0,-262.0545454545455,10,-6,-0.395937395937396,-0.8256658595641647,-0.05138888888888893,0.027777777777777735,0.45198512374305744,60.57842157842159,-0.0,40094.345454545466
3544,1815,2025-08-05,Ancient,0,-1,-153.0,0.0,-262.0545454545455,10,-6,-0.23655913978494622,0.044676098287416255,0.029761904761904767,0.021164021164021163,-0.22314355131421015,36.19354838709677,0.0,40094.345454545466
3546,1816,2025-08-05,Mirage,0,-1,-147.0,0.049478390461997035,-118.183308494784,12,-4,0.02772002772002774,0.04166666666666674,-0.01041666666666663,0.052083333333333315,0.0,-4.074844074844078,0.0020615996025832133,17372.946348733247
3547,1817,2025-08-05,Nuke,0,-1,-69.0,0.0,0.0,30,-5,0.0,0.0,0.0,0.0,-2.6390573296152584,0.0,0.0,0.0
3548,1817,2025-08-05,Dust2,0,-1,-69.0,0.0,0.0,30,-5,0.0,0.0,0.0,0.0,-2.6390573296152584,0.0,0.0,0.0
3539,1813,2025-08-06,Ancient,0,1,-48.0,-0.33333333333333326,235.375,30,-7,-0.14035087719298248,0.0,-0.024456521739130432,0.04347826086956519,-2.079441541679836,6.736842105263159,0.0,-11298.0
3541,1814,2025-08-06,Dust2,0,-1,69.0,0.40205429200293474,-73.82758620689656,-35,6,1.5310344827586209,1.4188034188034189,0.32738095238095244,-0.22619047619047616,1.6094379124341003,105.64137931034485,0.5704360040383519,-5094.103448275862
3542,1814,2025-08-06,Ancient,0,-1,69.0,0.40205429200293474,-73.82758620689656,-35,6,0.0,0.0,0.0,0.0,2.302585092994046,0.0,0.0,-5094.103448275862
3540,1813,2025-08-06,Dust2,0,-1,-48.0,-0.33333333333333326,235.375,30,-7,-0.8148148148148148,0.0,-0.23039215686274508,0.09313725490196073,-2.197224577336219,39.11111111111111,0.0,-11298.0
3530,1810,2025-08-06,Ancient,0,-1,-191.0,-0.6,-282.32500000000005,11,-5,-1.0303030303030303,-1.1282051282051282,-0.25416666666666665,0.10416666666666663,-0.7884573603642704,196.78787878787878,0.6769230769230768,53924.07500000001
3531,1810,2025-08-06,Overpass,0,-1,-191.0,-0.6,-282.32500000000005,11,-5,0.0,0.0,0.0,0.0,-0.6931471805599453,0.0,0.0,53924.07500000001
3532,1811,2025-08-06,Dust2,0,1,-273.0,-0.9836956521739131,-385.1086956521739,-1,-1,-0.4305555555555557,-0.550105051612314,-0.055059523809523836,0.09851190476190474,0.9694005571881035,117.5416666666667,0.5411359475099394,105134.67391304347
3533,1811,2025-08-06,Mirage,0,-1,-273.0,-0.9836956521739131,-385.1086956521739,-1,-1,-0.29977140482128023,-0.21265934713727802,-0.08171296296296293,-0.007870370370370416,1.410986973710262,81.83759351620951,0.20919207517308328,105134.67391304347
3534,1811,2025-08-06,Ancient,0,-1,-273.0,-0.9836956521739131,-385.1086956521739,-1,-1,-0.5728703773442795,-0.7391304347826086,-0.07200292397660818,-0.05774853801169594,1.0498221244986776,156.3936130149883,0.7270793950850661,105134.67391304347
3535,1812,2025-08-06,Ancient,0,1,-464.0,0.040404040404040276,-102.36363636363637,16,-6,0.49869587897756906,0.15625,0.13194444444444448,0.027777777777777735,-0.5596157879354227,-231.39488784559205,0.006313131313131293,47496.72727272728
3536,1812,2025-08-06,Nuke,0,-1,-464.0,0.040404040404040276,-102.36363636363637,16,-6,0.448087431693989,0.448087431693989,-0.09444444444444444,-0.04999999999999993,-0.4054651081081644,-207.9125683060109,0.018104542694706568,47496.72727272728
3537,1812,2025-08-06,Mirage,0,-1,-464.0,0.040404040404040276,-102.36363636363637,16,-6,0.8604651162790697,0.9367088607594937,0.03645833333333326,-0.13020833333333331,-0.5877866649021193,-399.25581395348837,0.037846822656949115,47496.72727272728
3538,1813,2025-08-06,Train,0,-1,-48.0,-0.33333333333333326,235.375,30,-7,0.0,0.0,0.0,0.0,-2.995732273553991,0.0,0.0,-11298.0
3518,1805,2025-08-07,Ancient,0,-1,-17.0,0.40689655172413797,109.91379310344827,-4,1,0.6367119470567746,0.7166416791604198,0.125,-0.020833333333333315,0.6061358035703157,-10.824103099965168,0.2915990280721708,-1868.5344827586207
3519,1805,2025-08-07,Dust2,0,1,-17.0,0.40689655172413797,109.91379310344827,-4,1,0.24506466984343095,0.13043478260869568,0.034722222222222265,-0.0011574074074074403,0.26236426446749084,-4.166099387338326,0.05307346326836583,-1868.5344827586207
3524,1807,2025-08-07,Inferno,0,-1,-371.0,-0.14942528735632185,-244.14295977011494,30,-6,-1.2272727272727273,-1.4029850746268657,-0.1875,0.1018518518518518,-1.2039728043259361,455.3181818181818,0.20964144793275008,90577.03807471265
3521,1806,2025-08-07,Nuke,0,-1,37.0,-0.19461697722567292,-180.95610766045553,-17,1,1.2830188679245285,1.3846153846153846,0.09659090909090906,-0.1344696969696969,1.3862943611198906,47.47169811320755,-0.26946966077400863,-6695.375983436855
3522,1806,2025-08-07,Ancient,0,-1,37.0,-0.19461697722567292,-180.95610766045553,-17,1,-0.012987012987012998,-0.020408163265306138,-0.10937499999999994,-0.18749999999999994,1.0986122886681098,-0.48051948051948096,0.003971775045421899,-6695.375983436855
3523,1807,2025-08-07,Nuke,0,1,-371.0,-0.14942528735632185,-244.14295977011494,30,-6,0.04050925925925927,-0.12280701754385964,0.048611111111111105,-0.14583333333333337,-0.5596157879354227,-15.02893518518519,0.018350473885864086,90577.03807471265
3525,1807,2025-08-07,Mirage,0,-1,-371.0,-0.14942528735632185,-244.14295977011494,30,-6,-0.16083916083916083,-0.06976744186046513,-0.18108974358974367,-0.11858974358974356,-1.5404450409471486,59.671328671328666,0.01042502004811548,90577.03807471265
3526,1808,2025-08-07,Nuke,0,1,-48.0,-0.4075471698113208,239.8566037735849,23,-8,-1.2582159624413145,0.0,0.22159090909090912,0.3636363636363636,-2.4423470353692043,60.394366197183096,0.0,-11513.116981132076
3527,1808,2025-08-07,Dust2,0,1,-48.0,-0.4075471698113208,239.8566037735849,23,-8,-0.24858757062146888,-0.27699530516431925,0.0,-0.018518518518518545,-1.5581446180465497,11.932203389830507,0.11288865267074144,-11513.116981132076
3528,1809,2025-08-07,Inferno,0,-1,-482.0,-0.3333333333333333,-175.93333333333337,8,-6,-0.1551807228915662,-0.45981830887491265,-0.032638888888888884,-0.03229166666666672,-0.5753641449035616,74.7971084337349,0.15327276962497088,84799.86666666668
3529,1809,2025-08-07,Dust2,0,-1,-482.0,-0.3333333333333333,-175.93333333333337,8,-6,-0.4022846557579501,-0.6552287581699348,-0.08333333333333331,0.032638888888888884,-1.1631508098056809,193.90120407533195,0.2184095860566449,84799.86666666668
3520,1805,2025-08-07,Nuke,0,-1,-17.0,0.40689655172413797,109.91379310344827,-4,1,0.45728121757177453,0.48770277341705914,0.002314814814814825,-0.08101851851851855,0.6418538861723944,-7.773780698720167,0.19844457676969995,-1868.5344827586207
3509,1801,2025-08-08,Mirage,0,1,48.0,0.0,0.0,-998,9,0.0,0.0,0.0,0.0,3.1780538303479458,0.0,0.0,0.0
3510,1801,2025-08-08,Train,0,-1,48.0,0.0,0.0,-998,9,0.0,0.0,0.0,0.0,3.044522437723423,0.0,0.0,0.0
3503,1798,2025-08-08,Ancient,0,-1,-73.0,-0.5628318584070797,-14.084070796460196,4,-3,-0.95,-0.5641025641025641,0.009615384615384581,0.16185897435897434,-1.5404450409471486,69.35,0.31749489448604495,1028.1371681415944
3502,1798,2025-08-08,Train,0,1,-73.0,-0.5628318584070797,-14.084070796460196,4,-3,0.0,0.0,-0.125,-0.125,-0.916290731874155,-0.0,-0.0,1028.1371681415944
3504,1798,2025-08-08,Overpass,0,-1,-73.0,-0.5628318584070797,-14.084070796460196,4,-3,1.0,1.0,0.08333333333333331,0.020833333333333315,-0.4054651081081645,-73.0,-0.5628318584070797,1028.1371681415944
3505,1799,2025-08-08,Mirage,0,-1,-953.0,-0.32452325192372034,-218.70491803278688,-1,1,0.09738562091503278,-0.059376546264225616,0.017063492063492114,0.0035714285714286143,0.6931471805599454,-92.80849673202624,0.019269069881665726,208425.7868852459
3507,1800,2025-08-08,Inferno,0,-1,-357.0,0.4431889516635278,-97.04519774011297,4,-1,-0.6086639970877321,-0.6274509803921569,0.0357142857142857,0.16815476190476192,-0.47000362924573547,217.29304696032037,-0.2780793422202527,34645.13559322033
3508,1800,2025-08-08,Nuke,0,-1,-357.0,0.4431889516635278,-97.04519774011297,4,-1,-1.0,-0.7407407407407407,-0.049107142857142905,0.24255952380952378,-0.47000362924573547,357.0,-0.3282881123433539,34645.13559322033
3517,1803,2025-08-08,Nuke,0,-1,-310.0,-0.04578858111927642,-183.01384963256078,-6,-3,-0.6363636363636364,0.0,0.08333333333333337,0.2222222222222222,-0.2876820724517808,197.27272727272728,-0.0,56734.29338609384
3506,1799,2025-08-08,Dust2,0,-1,-953.0,-0.32452325192372034,-218.70491803278688,-1,1,-0.44255800792303324,-0.9827586206896551,-0.01388888888888884,-0.033333333333333326,1.0986122886681098,421.7577815506507,0.3189280234422769,208425.7868852459
3515,1803,2025-08-08,Mirage,0,-1,-310.0,-0.04578858111927642,-183.01384963256078,-6,-3,-1.2766045548654246,-1.4761904761904763,-0.03939393939393937,0.15681818181818186,-0.6931471805599454,395.74741200828163,0.06759266736655091,56734.29338609384
3516,1803,2025-08-08,Dust2,0,1,-310.0,-0.04578858111927642,-183.01384963256078,-6,-3,-0.5299145299145298,-0.8888888888888888,-0.15625,-0.20833333333333331,0.0,164.27350427350424,0.04070096099491237,56734.29338609384
3512,1802,2025-08-08,Dust2,0,1,381.0,0.21276595744680854,-84.09361702127663,-32,0,1.5483870967741935,1.5,0.15670289855072456,-0.15217391304347822,2.079441541679836,589.9354838709677,0.3191489361702128,-32039.668085106394
3513,1802,2025-08-08,Mirage,0,-1,381.0,0.21276595744680854,-84.09361702127663,-32,0,-0.8421052631578947,-0.8260869565217391,-0.07291666666666663,0.03044871794871795,1.6863989535702288,-320.84210526315786,-0.17576318223866794,-32039.668085106394
3511,1801,2025-08-08,Nuke,0,-1,48.0,0.0,0.0,-998,9,0.0,0.0,0.0,0.0,3.1780538303479458,0.0,0.0,0.0
3514,1802,2025-08-08,Ancient,0,1,381.0,0.21276595744680854,-84.09361702127663,-32,0,1.1102661596958174,1.102803738317757,0.23225308641975312,-0.09413580246913578,2.2335922215070942,423.01140684410643,0.23463909325909724,-32039.668085106394
3492,1794,2025-08-09,Default,0,1,-48.0,0.4272727272727273,35.31363636363638,30,-9,0.0,0.0,0.0,0.0,-1.6094379124341003,0.0,0.0,-1695.054545454546
3501,1797,2025-08-09,Nuke,0,1,-273.0,-0.49068322981366463,199.4109730848861,0,-4,0.2195776064364734,0.2814035087719299,-0.004960317460317498,-0.03373015873015872,0.7621400520468968,-59.94468655715723,-0.13807998256510845,-54439.195652173905
3500,1797,2025-08-09,Inferno,0,1,-273.0,-0.49068322981366463,199.4109730848861,0,-4,-0.7761904761904764,-0.7388704318936877,-0.1916666666666666,0.01666666666666672,-0.2006706954621511,211.90000000000006,0.362551329935412,-54439.195652173905
3499,1797,2025-08-09,Dust2,0,-1,-273.0,-0.49068322981366463,199.4109730848861,0,-4,0.0,0.0,0.0,0.0,2.3978952727983707,0.0,0.0,-54439.195652173905
3498,1796,2025-08-09,Nuke,0,1,41.0,0.21396361374591824,-42.92660550458715,-14,2,0.31811263318112637,1.0,0.07407407407407413,0.042824074074074125,1.7227665977411035,13.042617960426181,0.21396361374591824,-1759.9908256880733
3497,1796,2025-08-09,Mirage,0,-1,41.0,0.21396361374591824,-42.92660550458715,-14,2,0.4172906739278421,1.03125,0.017094017094017144,-0.018162393162393153,1.9095425048844386,17.108917631041525,0.2206499766754782,-1759.9908256880733
3496,1796,2025-08-09,Overpass,0,1,41.0,0.21396361374591824,-42.92660550458715,-14,2,0.0,0.0,0.0,0.0,-0.6931471805599453,0.0,0.0,-1759.9908256880733
3495,1795,2025-08-09,Inferno,0,1,-190.0,-0.4614121510673235,-242.64367816091965,11,-5,0.5974025974025974,1.025974025974026,0.026041666666666685,-0.11458333333333337,-0.5877866649021193,-113.5064935064935,-0.4733968822638773,46102.298850574734
3494,1795,2025-08-09,Ancient,0,-1,-190.0,-0.4614121510673235,-242.64367816091965,11,-5,-0.9559523809523809,-0.8914835164835164,-0.04583333333333334,0.08472222222222225,-1.01160091167848,181.63095238095238,0.41134132698172104,46102.298850574734
3493,1795,2025-08-09,Overpass,0,1,-190.0,-0.4614121510673235,-242.64367816091965,11,-5,0.0,0.0,0.0,0.0,1.0986122886681098,0.0,0.0,46102.298850574734
3479,1780,2025-08-10,Mirage,0,1,107.0,0.2821316614420063,-93.45454545454545,2,0,0.0,0.0,0.0,0.0,-2.4849066497880004,0.0,0.0,-9999.636363636364
3480,1781,2025-08-10,Mirage,0,-1,-911.0,0.0,-205.28571428571428,1,-1,0.34600000000000014,0.14011299435028246,0.0032051282051281937,-0.041666666666666685,0.44183275227903884,-315.20600000000013,0.0,187015.2857142857
3482,1782,2025-08-10,Dust2,0,-1,-34.0,0.15797101449275372,205.65579710144928,1,-4,-0.4646675358539766,-0.43676174013252667,-0.09339080459770116,0.06810344827586212,-1.6094379124341005,15.798696219035204,-0.0689956951803557,-6992.297101449276
3478,1779,2025-08-10,Mirage,0,-1,381.0,0.24064711830131444,-298.5652173913044,-3,2,0.5096525096525096,0.4656084656084656,0.16358024691358025,-0.027777777777777735,1.9459101490553132,194.17760617760618,0.11204733550537391,-113753.34782608696
3477,1779,2025-08-10,Train,0,-1,381.0,0.24064711830131444,-298.5652173913044,-3,2,1.2777777777777777,1.3191489361702127,0.09848484848484845,-0.10227272727272724,1.791759469228055,486.8333333333333,0.31744939009960627,-113753.34782608696
3481,1781,2025-08-10,Dust2,0,-1,-911.0,0.0,-205.28571428571428,1,-1,-0.9305555555555555,-0.975609756097561,-0.1523809523809524,0.08273809523809522,0.3184537311185349,847.7361111111111,-0.0,187015.2857142857
3487,1786,2025-08-10,Overpass,0,-1,35.0,1.0,-48.0,-41,0,0.0,0.0,0.0,0.0,0.0,0.0,0.0,-1680.0
3489,1787,2025-08-10,Train,0,-1,-312.0,-0.3747035573122529,-228.5387351778656,2,-6,-1.7777777777777777,-2.0,-0.14861111111111108,0.18888888888888894,-0.15415067982725827,554.6666666666666,0.7494071146245058,71304.08537549406
3490,1788,2025-08-10,Dust2,0,-1,-245.0,0.0,-278.6046511627908,1,-3,-0.39273235499650594,-0.513217279174726,-0.16666666666666669,-0.14583333333333337,0.6061358035703157,96.21942697414396,-0.0,68258.13953488374
3491,1788,2025-08-10,Ancient,0,-1,-245.0,0.0,-278.6046511627908,1,-3,-0.38649544324772167,-0.4246218049034951,-0.13690476190476197,0.00793650793650802,-0.13353139262452252,94.6913835956918,-0.0,68258.13953488374
3488,1787,2025-08-10,Ancient,0,-1,-312.0,-0.3747035573122529,-228.5387351778656,2,-6,1.5034526051475203,2.0,0.184375,-0.009375000000000022,0.4054651081081646,-469.07721280602635,-0.7494071146245058,71304.08537549406
3469,1775,2025-08-11,Ancient,0,1,39.0,0.4093023255813954,-44.91860465116279,3,-5,-0.1086887835703002,-0.35268817204301073,0.041666666666666685,0.051587301587301626,-0.382992252256106,-4.238862559241707,-0.14435608902225558,-1751.8255813953488
3463,1772,2025-08-11,Nuke,0,1,37.0,-0.3111111111111112,59.37777777777781,-13,2,-0.8983050847457626,-0.9397590361445783,-0.00694444444444442,0.1527777777777778,1.8718021769015913,-33.23728813559322,0.2923694779116467,2196.977777777779
3464,1773,2025-08-11,Overpass,0,1,35.0,0.5165631469979296,-44.26086956521739,-2,1,0.0,0.0,0.0,0.0,0.6931471805599453,0.0,0.0,-1549.1304347826087
3465,1773,2025-08-11,Dust2,0,1,35.0,0.5165631469979296,-44.26086956521739,-2,1,1.1724137931034482,0.9090909090909092,0.02777777777777779,-0.19444444444444448,0.0,41.03448275862068,0.46960286090720876,-1549.1304347826087
3466,1774,2025-08-11,Train,0,-1,57.0,0.6190476190476192,-73.79523809523815,11,-1,0.0,0.0,0.0,0.0,1.3862943611198906,0.0,0.0,-4206.328571428575
3467,1774,2025-08-11,Nuke,0,1,57.0,0.6190476190476192,-73.79523809523815,11,-1,0.47013078826440446,0.7055335968379447,0.15705128205128205,0.02564102564102566,1.0296194171811581,26.797454931071055,0.4367588932806325,-4206.328571428575
3468,1774,2025-08-11,Inferno,0,1,57.0,0.6190476190476192,-73.79523809523815,11,-1,-0.07172413793103433,0.327683615819209,0.05833333333333335,0.029629629629629617,-0.5108256237659909,-4.088275862068957,0.2028517621737961,-4206.328571428575
3470,1775,2025-08-11,Dust2,0,-1,39.0,0.4093023255813954,-44.91860465116279,3,-5,-0.367863247863248,-0.862604540023895,-0.04408602150537633,-0.012634408602150538,-1.0678406300013559,-14.346666666666671,-0.3530660442888501,-1751.8255813953488
3472,1776,2025-08-11,Nuke,0,1,-96.0,-0.0645781280030752,176.22717662886797,3,0,-0.5625,-0.5497076023391814,-0.05043859649122806,0.0800438596491228,1.897119984885881,54.0,0.035499087908123214,-16917.808956371326
3462,1772,2025-08-11,Dust2,0,-1,37.0,-0.3111111111111112,59.37777777777781,-13,2,1.2121212121212122,1.0,0.27083333333333337,-0.15104166666666663,1.5040773967762742,44.84848484848485,-0.3111111111111112,2196.977777777779
3473,1776,2025-08-11,Ancient,0,-1,-96.0,-0.0645781280030752,176.22717662886797,3,0,0.9122807017543859,0.9719626168224299,-0.10795454545454547,-0.30681818181818177,1.3862943611198906,-87.57894736842104,-0.06276752628336281,-16917.808956371326
3474,1776,2025-08-11,Dust2,0,-1,-96.0,-0.0645781280030752,176.22717662886797,3,0,0.6293333333333334,0.7147766323024056,0.0288461538461538,-0.07799145299145305,1.2527629684953678,-60.41600000000001,-0.04615893685443177,-16917.808956371326
3475,1777,2025-08-11,Default,0,-1,-35.0,-0.5238095238095238,50.66666666666667,30,-2,0.0,0.0,0.0,0.0,0.0,0.0,0.0,-1773.3333333333335
3476,1778,2025-08-11,Default,0,-1,57.0,0.0,0.0,-982,0,0.0,0.0,0.0,0.0,2.0794415416798357,0.0,0.0,0.0
3460,1771,2025-08-11,Dust2,0,1,-34.0,-0.1333333333333333,-54.44736842105264,9,-6,0.050850202429149755,0.8148148148148148,0.07258064516129031,0.024865591397849496,-2.367123614131617,-1.7289068825910916,-0.10864197530864195,1851.2105263157896
3459,1771,2025-08-11,Mirage,0,1,-34.0,-0.1333333333333333,-54.44736842105264,9,-6,-1.199004975124378,0.0,-0.24695121951219517,0.09349593495934955,-3.044522437723423,40.766169154228855,0.0,1851.2105263157896
3458,1771,2025-08-11,Ancient,0,-1,-34.0,-0.1333333333333333,-54.44736842105264,9,-6,0.0,0.0,0.0,0.0,-3.091042453358316,0.0,0.0,1851.2105263157896
3471,1775,2025-08-11,Overpass,0,1,39.0,0.4093023255813954,-44.91860465116279,3,-5,0.0,0.0,0.0,0.0,1.3862943611198906,0.0,0.0,-1751.8255813953488
3461,1772,2025-08-11,Ancient,0,1,37.0,-0.3111111111111112,59.37777777777781,-13,2,0.8260869565217391,0.75,0.16666666666666669,-0.04166666666666663,1.6094379124341005,30.565217391304348,-0.23333333333333342,2196.977777777779
3453,1769,2025-08-12,Ancient,0,-1,34.0,-0.5333333333333333,-267.0,-49,8,-0.8878923766816144,-0.9341317365269461,-0.08901515151515149,0.09280303030303028,2.4423470353692043,-30.18834080717489,0.49820359281437127,-9078.0
3452,1769,2025-08-12,Dust2,0,1,34.0,-0.5333333333333333,-267.0,-49,8,1.2537313432835822,1.26,-0.07031249999999994,-0.2630208333333333,2.803360380906535,42.626865671641795,-0.672,-9078.0
3445,1765,2025-08-12,Mirage,0,1,35.0,1.0212765957446808,-381.0,-133,4,1.2238805970149254,0.0,0.3854166666666667,-0.20312499999999994,1.5040773967762742,42.83582089552239,0.0,-13335.0
3451,1768,2025-08-12,Default,0,-1,57.0,0.0,0.0,-998,1,0.0,0.0,0.0,0.0,2.1972245773362196,0.0,0.0,0.0
3455,1770,2025-08-12,Nuke,0,-1,35.0,1.0212765957446808,-41.0,-113,4,0.0,0.0,0.0,0.0,1.791759469228055,0.0,0.0,-1435.0
3444,1765,2025-08-12,Ancient,0,1,35.0,1.0212765957446808,-381.0,-133,4,1.625,0.0,0.4479166666666667,-0.23958333333333331,1.5040773967762742,56.875,0.0,-13335.0
3457,1770,2025-08-12,Ancient,0,-1,35.0,1.0212765957446808,-41.0,-113,4,1.625,0.0,-0.26041666666666663,-0.6145833333333333,1.5040773967762742,56.875,0.0,-1435.0
3450,1767,2025-08-12,Overpass,0,-1,-41.0,0.2567441860465116,71.16,21,-2,0.0,0.0,0.0,0.0,-0.6931471805599453,0.0,0.0,-2917.56
1573,861,2025-08-12,Inferno,1,-1,482.0,1.2380952380952381,-308.9523809523809,-120,5,0.0,0.0,0.0,0.0,2.833213344056216,0.0,0.0,-148915.0476190476
1574,861,2025-08-12,Ancient,1,-1,482.0,1.2380952380952381,-308.9523809523809,-120,5,0.0,0.0,0.0,0.0,1.791759469228055,0.0,0.0,-148915.0476190476
3456,1770,2025-08-12,Dust2,0,1,35.0,1.0212765957446808,-41.0,-113,4,0.0,0.0,0.0,0.0,1.6094379124341003,0.0,0.0,-1435.0
3449,1767,2025-08-12,Nuke,0,-1,-41.0,0.2567441860465116,71.16,21,-2,-1.1428571428571428,0.0,-0.1607142857142857,0.0982142857142857,-2.6741486494265287,46.857142857142854,0.0,-2917.56
3454,1769,2025-08-12,Mirage,0,1,34.0,-0.5333333333333333,-267.0,-49,8,-0.8606356968215159,-0.9308176100628931,-0.051587301587301515,0.2837301587301587,3.068052935133617,-29.26161369193154,0.4964360587002096,-9078.0
3443,1764,2025-08-12,Default,0,1,69.0,0.7443181818181819,-60.83333333333336,-2,4,0.0,0.0,0.0,0.0,0.6931471805599453,0.0,0.0,-4197.500000000002
3448,1767,2025-08-12,Dust2,0,1,-41.0,0.2567441860465116,71.16,21,-2,-0.14909090909090905,0.18181818181818177,-0.08333333333333337,0.09722222222222227,-0.8472978603872034,6.1127272727272715,0.04668076109936573,-2917.56
3432,1759,2025-08-13,Dust2,0,1,34.0,-0.35,-155.275,-91,10,1.2265193370165746,0.0,0.2254901960784314,-0.12867647058823523,2.862200880929468,41.70165745856354,0.0,-5279.35
3431,1758,2025-08-13,Overpass,0,-1,48.0,0.059204440333024966,156.28168362627196,-57,2,0.0,0.0,0.0,0.0,0.6931471805599453,0.0,0.0,7501.520814061054
3430,1758,2025-08-13,Ancient,0,-1,48.0,0.059204440333024966,156.28168362627196,-57,2,0.8062015503875969,0.8524590163934427,-0.00347222222222221,-0.052083333333333315,1.8718021769015913,38.69767441860465,0.05046935897241473,7501.520814061054
3428,1757,2025-08-13,Mirage,0,-1,-381.0,0.12820512820512825,39.38461538461539,3,-3,-0.33944099378881987,-0.44889162561576346,-0.052586206896551746,0.0635057471264368,-1.6094379124341005,129.32701863354038,-0.057550208412277384,-15005.538461538463
3427,1757,2025-08-13,Train,0,1,-381.0,0.12820512820512825,39.38461538461539,3,-3,0.03429878048780485,0.062385321100917435,-0.07440476190476197,0.011904761904761973,-0.485507815781701,-13.067835365853648,0.007998118089861212,-15005.538461538463
3426,1757,2025-08-13,Ancient,0,-1,-381.0,0.12820512820512825,39.38461538461539,3,-3,-0.2995421844342707,-0.3024475524475524,-0.04741379310344823,-0.04669540229885061,-2.302585092994046,114.12557226945714,-0.038775327236865706,-15005.538461538463
3425,1756,2025-08-13,Dust2,0,1,-34.0,0.26666666666666655,128.98620689655175,7,-9,-1.2265193370165746,-1.2125,-0.1421568627450981,0.12867647058823523,-2.456735772821304,41.70165745856354,-0.3233333333333332,-4385.531034482759
3424,1756,2025-08-13,Ancient,0,1,-34.0,0.26666666666666655,128.98620689655175,7,-9,0.5291935705454046,1.087179487179487,0.02430555555555558,0.041666666666666685,-1.83258146374831,-17.992581398543756,0.28991452991452976,-4385.531034482759
3423,1755,2025-08-13,Dust2,0,-1,-6.0,0.007098491570541238,0.0,0,2,0.639374185136897,0.997920997920998,0.06785714285714284,-0.030952380952380953,-0.2876820724517808,-3.836245110821382,0.007083733791808304,-0.0
3422,1755,2025-08-13,Nuke,0,-1,-6.0,0.007098491570541238,0.0,0,2,-0.47381047580967617,-0.23049645390070922,-0.08045977011494254,-0.04070881226053635,-1.4552872326068422,2.842862854858057,-0.0016361771350538313,-0.0
3421,1754,2025-08-13,Ancient,0,-1,-381.0,0.375,181.9375,0,-2,-0.6913917142148349,-0.4007276507276507,-0.13074712643678155,0.0644157088122605,-1.4552872326068422,263.4202431158521,-0.15027286902286902,-69318.1875
3420,1754,2025-08-13,Mirage,0,-1,-381.0,0.375,181.9375,0,-2,-0.4758317025440314,-0.4969685486926866,-0.041871921182266014,0.05398193760262726,-1.3217558399823197,181.29187866927597,-0.18636320575975746,-69318.1875
3419,1754,2025-08-13,Dust2,0,1,-381.0,0.375,181.9375,0,-2,-0.15899122807017535,0.12173913043478263,-0.028819444444444453,0.001041666666666663,-1.4271163556401456,60.57565789473681,0.045652173913043485,-69318.1875
3433,1759,2025-08-13,Overpass,0,-1,34.0,-0.35,-155.275,-91,10,0.0,0.0,0.0,0.0,0.6931471805599453,0.0,0.0,-5279.35
3434,1759,2025-08-13,Ancient,0,-1,34.0,-0.35,-155.275,-91,10,-0.011952191235059762,0.0,0.13541666666666669,0.027777777777777735,2.120263536200091,-0.4063745019920319,0.0,-5279.35
3429,1758,2025-08-13,Mirage,0,1,48.0,0.059204440333024966,156.28168362627196,-57,2,0.0,0.0,0.0,0.0,0.0,0.0,0.0,7501.520814061054
3441,1763,2025-08-13,Mirage,0,1,47.0,0.7906976744186046,185.55813953488374,-11,6,0.0,0.0,0.0,0.0,2.833213344056216,0.0,0.0,8721.232558139536
3442,1763,2025-08-13,Overpass,0,1,47.0,0.7906976744186046,185.55813953488374,-11,6,1.0,1.0,-0.17708333333333331,-0.3645833333333333,0.916290731874155,47.0,0.7906976744186046,8721.232558139536
3440,1762,2025-08-13,Default,0,1,47.0,0.7906976744186046,143.55813953488374,-94,7,2.0,0.0,0.041666666666666664,-0.041666666666666664,0.6931471805599453,94.0,0.0,6747.232558139535
3439,1761,2025-08-13,Train,0,1,-34.0,-1.1102230246251565e-16,162.62222222222226,2,-8,1.337278106508876,1.373134328358209,0.11111111111111105,-0.125,-2.251291798606495,-45.46745562130178,-1.5244853472464836e-16,-5529.155555555557
3437,1760,2025-08-13,Ancient,0,1,-37.0,0.7735507246376813,100.02445652173911,-2,-1,-0.5019893899204243,-0.21550497866287338,-0.12916666666666665,0.011111111111111072,-0.45198512374305744,18.5736074270557,-0.16670403240769374,-3700.904891304347
3436,1760,2025-08-13,Mirage,0,1,-37.0,0.7735507246376813,100.02445652173911,-2,-1,0.043417692129092245,0.2877664504170528,0.0357142857142857,0.009920634920634885,-0.485507815781701,-1.606454608776413,0.22260194624652457,-3700.904891304347
3435,1760,2025-08-13,Nuke,0,-1,-37.0,0.7735507246376813,100.02445652173911,-2,-1,-0.39219670798618167,-0.2040816326530612,-0.04914529914529914,0.05235042735042744,-1.2527629684953678,14.511278195488721,-0.15786749482401657,-3700.904891304347
3438,1761,2025-08-13,Mirage,0,1,-34.0,-1.1102230246251565e-16,162.62222222222226,2,-8,-0.27854860240281537,-0.0778816199376947,-0.06270764119601324,0.01065891472868219,-1.7047480922384253,9.470652481695723,8.64659676499343e-18,-5529.155555555557
1571,860,2025-08-14,Nuke,1,1,180.0,0.40723514211886314,-209.66304909560722,-1,3,-0.357405140758874,-0.5148880105401844,-0.05119047619047623,0.11865079365079362,-0.6931471805599454,-64.33292533659731,-0.2096804921476307,-37739.3488372093
1570,859,2025-08-14,Mirage,1,1,-47.0,0.3887005649717514,103.29114877589461,-2,2,0.7686742629770302,0.7978766843609637,0.058080808080808066,-0.12405303030303028,0.08004270767353638,-36.12769035992042,0.31013511798889437,-4854.683992467047
3413,1751,2025-08-14,Mirage,0,1,-41.0,-0.6,216.2,1,-1,-0.36768243785084204,-0.3526208304969366,0.0027006172839506015,0.05439814814814814,-1.1349799328389842,15.074979951884524,0.21157249829816197,-8864.199999999999
1569,859,2025-08-14,Dust2,1,1,-47.0,0.3887005649717514,103.29114877589461,-2,2,0.4470646032915746,0.7468982630272953,0.11805555555555552,0.16666666666666669,0.0,-21.012036354704005,0.2903197768151295,-4854.683992467047
3411,1751,2025-08-14,Nuke,0,-1,-41.0,-0.6,216.2,1,-1,-0.711965811965812,-0.717948717948718,-0.03393817204301075,0.10147849462365593,-1.8562979903656263,29.19059829059829,0.43076923076923074,-8864.199999999999
3418,1753,2025-08-14,Nuke,0,-1,-41.0,-0.5148936170212766,106.23404255319151,1,-4,0.0,0.0,0.0,0.0,-3.4657359027997265,0.0,0.0,-4355.5957446808525
3417,1753,2025-08-14,Overpass,0,-1,-41.0,-0.5148936170212766,106.23404255319151,1,-4,0.0,0.0,0.0,0.04166666666666663,-0.4054651081081645,-0.0,-0.0,-4355.5957446808525
3416,1752,2025-08-14,Ancient,0,1,144.0,0.23464373464373464,-21.756142506142503,-76,4,0.02849002849002852,-0.23076923076923073,0.15277777777777785,0.2638888888888888,0.0,4.102564102564107,-0.054148554148554136,-3132.8845208845205
3415,1752,2025-08-14,Mirage,0,1,144.0,0.23464373464373464,-21.756142506142503,-76,4,2.0,2.0,0.08333333333333331,-0.375,0.0,288.0,0.4692874692874693,-3132.8845208845205
3414,1752,2025-08-14,Overpass,0,-1,144.0,0.23464373464373464,-21.756142506142503,-76,4,0.0,0.0,0.0,0.0,0.0,0.0,0.0,-3132.8845208845205
1572,860,2025-08-14,Mirage,1,1,180.0,0.40723514211886314,-209.66304909560722,-1,3,0.4133791673487205,0.29803921568627456,0.1125992063492064,0.0813492063492064,0.14310084364067333,74.40825012276969,0.12137204235699453,-37739.3488372093
3412,1751,2025-08-14,Dust2,0,1,-41.0,-0.6,216.2,1,-1,0.37777777777777777,0.7307692307692307,0.03993055555555558,-0.032986111111111105,-0.25131442828090633,-15.488888888888889,-0.4384615384615384,-8864.199999999999
3403,1747,2025-08-15,Train,0,1,47.0,0.0,0.0,-997,7,0.0,0.0,0.0,0.0,2.5649493574615367,0.0,0.0,0.0
3401,1746,2025-08-15,Default,0,-1,-14.0,-0.008695652173912993,-104.26086956521739,0,7,0.0,0.0,0.0,0.0,1.0986122886681098,0.0,0.0,1459.6521739130435
3400,1745,2025-08-15,Inferno,0,1,41.0,0.7333333333333334,-41.0,-66,6,0.0,0.0,0.0,0.0,2.8903717578961645,0.0,0.0,-1681.0
1566,857,2025-08-15,Overpass,1,1,307.0,0.7496062992125984,190.6503937007874,0,3,0.6153846153846154,0.6153846153846154,0.06944444444444436,-0.1388888888888889,-0.6931471805599453,188.92307692307693,0.4612961841308298,58529.67086614173
3399,1745,2025-08-15,Ancient,0,1,41.0,0.7333333333333334,-41.0,-66,6,0.0,0.0,0.0,0.0,2.833213344056216,0.0,0.0,-1681.0
1568,858,2025-08-15,Nuke,1,1,931.0,0.8363636363636364,69.25454545454546,-1,0,1.2142857142857144,1.2142857142857144,0.2,-0.00833333333333336,0.0,1130.5000000000002,1.0155844155844158,64475.98181818183
1567,858,2025-08-15,Train,1,1,931.0,0.8363636363636364,69.25454545454546,-1,0,1.2413793103448276,1.0,0.22916666666666666,-0.13194444444444436,0.8472978603872034,1155.7241379310344,0.8363636363636364,64475.98181818183
1565,857,2025-08-15,Ancient,1,1,307.0,0.7496062992125984,190.6503937007874,0,3,1.3562653562653562,1.4594594594594594,0.0982142857142857,-0.12797619047619052,0.47000362924573547,416.37346437346434,1.0940200042562247,58529.67086614173
3398,1744,2025-08-15,Mirage,0,1,-144.0,0.13617021276595748,124.44468085106382,30,-5,-0.9411764705882353,-0.6666666666666667,-0.14583333333333331,0.15972222222222227,0.8472978603872034,135.52941176470588,-0.09078014184397167,-17920.03404255319
3402,1747,2025-08-15,Inferno,0,1,47.0,0.0,0.0,-997,7,0.0,0.0,0.0,0.0,2.1972245773362196,0.0,0.0,0.0
3396,1743,2025-08-15,Train,0,-1,37.0,0.029602220166512427,-141.945420906568,0,2,-0.4145748987854251,-0.9696969696969697,0.08333333333333331,0.03645833333333337,0.0,-15.339271255060728,-0.028705183191769627,-5251.980573543015
3395,1743,2025-08-15,Overpass,0,-1,37.0,0.029602220166512427,-141.945420906568,0,2,0.0,0.0,0.0,0.0,0.0,0.0,0.0,-5251.980573543015
3394,1742,2025-08-15,Dust2,0,-1,-35.0,0.022580645161290297,33.19516129032259,6,-6,0.40535868625756266,1.024390243902439,0.04166666666666663,0.009920634920634885,-0.6931471805599452,-14.187554019014692,0.023131392604248596,-1161.8306451612905
3393,1742,2025-08-15,Mirage,0,1,-35.0,0.022580645161290297,33.19516129032259,6,-6,-0.29268292682926833,-0.3782505910165484,-0.021990740740740755,0.11226851851851855,-0.6931471805599456,10.243902439024392,-0.008541142377793019,-1161.8306451612905
3392,1742,2025-08-15,Ancient,0,-1,-35.0,0.022580645161290297,33.19516129032259,6,-6,-0.4516129032258065,-0.5833333333333334,-0.11574074074074076,0.09722222222222221,-0.9162907318741553,15.806451612903228,-0.013172043010752674,-1161.8306451612905
3391,1741,2025-08-15,Overpass,0,-1,35.0,-0.06956521739130436,-34.9304347826087,-2,6,-1.0,-1.0,-0.18749999999999994,0.20833333333333331,0.4054651081081645,-35.0,0.06956521739130436,-1222.5652173913045
3390,1741,2025-08-15,Dust2,0,-1,35.0,-0.06956521739130436,-34.9304347826087,-2,6,0.6444150693985459,0.975609756097561,0.13541666666666669,-0.04464285714285715,0.47000362924573547,22.554527428949104,-0.06786850477200425,-1222.5652173913045
3397,1744,2025-08-15,Nuke,0,1,-144.0,0.13617021276595748,124.44468085106382,30,-5,-0.06410256410256415,-1.2307692307692308,0.034722222222222265,0.02777777777777779,0.5596157879354227,9.230769230769237,-0.16759410801963998,-17920.03404255319
3378,1734,2025-08-16,Mirage,0,-1,-381.0,0.1836734693877551,165.81632653061226,-1,-1,-0.3777650920508064,-0.3691045796308954,-0.05601851851851852,0.030555555555555503,-1.1314021114911004,143.92850007135723,-0.06779471870771549,-63176.02040816327
1561,855,2025-08-16,Mirage,1,-1,690.0,0.36363636363636376,-102.9090909090909,-1,1,-0.2562743018734537,-0.04173187271778822,0.01851851851851849,0.04772079772079768,-0.3364722366212125,-176.82926829268303,-0.015175226442832085,-71007.27272727272
1562,855,2025-08-16,Inferno,1,-1,690.0,0.36363636363636376,-102.9090909090909,-1,1,1.1813725490196079,1.6875,-0.029629629629629617,-0.2555555555555556,0.5108256237659909,815.1470588235294,0.6136363636363639,-71007.27272727272
1563,856,2025-08-16,Ancient,1,-1,64.0,-0.3463203463203465,-63.54978354978357,1,0,-1.1760299625468167,-1.4915254237288136,-0.09201388888888895,0.07638888888888895,-0.25131442828090633,-75.26591760299627,0.5165456012913643,-4067.1861471861484
3375,1733,2025-08-16,Dust2,0,1,37.0,0.4531539888682747,-138.03339517625236,-77,6,0.4691358024691357,0.6153846153846154,0.009259259259259245,-0.06481481481481483,0.9162907318741553,17.358024691358022,0.2788639931497075,-5107.235621521337
3377,1734,2025-08-16,Dust2,0,-1,-381.0,0.1836734693877551,165.81632653061226,-1,-1,0.1343594676928011,0.4378042638912204,-0.0016666666666665941,-0.05142857142857138,-1.1786549963416464,-51.19095719095722,0.08041302806165274,-63176.02040816327
3376,1734,2025-08-16,Ancient,0,1,-381.0,0.1836734693877551,165.81632653061226,-1,-1,-0.7945466392662022,-0.5960784313725491,-0.14384920634920634,0.07440476190476197,-1.3545456628053105,302.722269560423,-0.10948379351740699,-63176.02040816327
3374,1733,2025-08-16,Nuke,0,1,37.0,0.4531539888682747,-138.03339517625236,-77,6,0.0,0.0,0.0,0.0,2.70805020110221,0.0,0.0,-5107.235621521337
3373,1733,2025-08-16,Mirage,0,-1,37.0,0.4531539888682747,-138.03339517625236,-77,6,0.5076923076923077,0.2727272727272726,0.11217948717948711,-0.06410256410256404,1.0296194171811581,18.784615384615385,0.1235874515095294,-5107.235621521337
1564,856,2025-08-16,Mirage,1,-1,64.0,-0.3463203463203465,-63.54978354978357,1,0,-0.21247412008281585,-0.0876350540216087,-0.011111111111111183,0.06805555555555554,0.3746934494414105,-13.598343685300215,0.0303498022585658,-4067.1861471861484
3380,1735,2025-08-16,Overpass,0,1,-35.0,0.4640000000000001,34.31200000000001,-1,-5,0.0,0.0,0.0,0.0,-1.3862943611198906,0.0,0.0,-1200.9200000000005
3379,1735,2025-08-16,Ancient,0,1,-35.0,0.4640000000000001,34.31200000000001,-1,-5,-1.7222222222222223,-1.6551724137931036,-0.24166666666666664,0.22499999999999998,-1.7047480922384253,60.27777777777778,-0.7680000000000002,-1200.9200000000005
3387,1739,2025-08-16,Train,0,1,47.0,0.6473794549266247,121.9098532494759,-14,6,-0.6428571428571428,-0.8979591836734694,-0.16025641025641024,-0.24038461538461547,1.945910149055313,-30.21428571428571,-0.5813203268728875,5729.763102725367
3372,1732,2025-08-16,Dust2,0,1,69.0,1.6444444444444444,-54.70833333333332,-50,8,1.4133333333333336,0.0,0.2861111111111111,-0.21111111111111108,1.6739764335716714,97.52000000000001,0.0,-3774.874999999999
3389,1740,2025-08-16,Nuke,0,1,69.0,0.0,0.0,-999,8,0.0,0.0,0.0,0.0,2.70805020110221,0.0,0.0,0.0
3388,1740,2025-08-16,Inferno,0,1,69.0,0.0,0.0,-999,8,0.0,0.0,0.0,0.0,2.0794415416798357,0.0,0.0,0.0
3386,1739,2025-08-16,Nuke,0,1,47.0,0.6473794549266247,121.9098532494759,-14,6,0.23850931677018627,0.5714285714285714,-0.14166666666666672,-0.10520833333333329,0.4054651081081646,11.209937888198755,0.3699311171009284,5729.763102725367
3385,1738,2025-08-16,Nuke,0,-1,41.0,0.13599999999999995,-35.51200000000001,1,4,1.3263157894736843,1.4482758620689655,0.046875,-0.12630208333333331,2.803360380906535,54.37894736842106,0.19696551724137926,-1455.9920000000004
3384,1738,2025-08-16,Dust2,0,-1,41.0,0.13599999999999995,-35.51200000000001,1,4,-0.619814241486068,-1.2537313432835822,-0.11574074074074076,-0.013888888888888895,0.9162907318741553,-25.412383900928788,-0.1705074626865671,-1455.9920000000004
3383,1737,2025-08-16,Default,0,1,69.0,0.9777777777777779,-89.0,-30,8,0.0,0.0,0.0,0.0,1.0986122886681098,0.0,0.0,-6141.0
3382,1736,2025-08-16,Mirage,0,1,144.0,0.21683673469387757,-64.35204081632654,-1,5,1.3333333333333333,1.3333333333333333,0.041666666666666685,-0.15277777777777773,0.2876820724517808,192.0,0.2891156462585034,-9266.69387755102
3371,1731,2025-08-16,Inferno,0,-1,-69.0,-1.1644444444444444,61.15999999999999,29,-8,0.0,0.0,0.0,0.0,-2.0794415416798357,0.0,0.0,-4220.039999999999
3381,1736,2025-08-16,Overpass,0,1,144.0,0.21683673469387757,-64.35204081632654,-1,5,-2.0,-2.0,-0.375,0.375,0.0,-288.0,-0.43367346938775514,-9266.69387755102
1558,854,2025-08-17,Nuke,1,1,-3.0,0.16600790513833985,-154.705533596838,0,1,-0.5116279069767442,-0.7586206896551724,-0.03240740740740744,0.15162037037037035,0.6931471805599456,1.5348837209302326,-0.1259370314842578,464.116600790514
3370,1730,2025-08-17,Inferno,0,-1,482.0,0.7619047619047619,51.000000000000014,-7,2,0.0,0.0,0.0,0.0,2.8903717578961645,0.0,0.0,24582.000000000007
3369,1730,2025-08-17,Mirage,0,-1,482.0,0.7619047619047619,51.000000000000014,-7,2,0.0,0.0,0.0,0.0,2.4849066497880004,0.0,0.0,24582.000000000007
3368,1729,2025-08-17,Inferno,0,1,47.0,1.4893617021276597,123.21276595744683,-16,6,1.3263157894736841,1.2098765432098766,0.27314814814814814,-0.15740740740740738,1.6094379124341005,62.33684210526315,1.801943787759391,5791.000000000001
3367,1729,2025-08-17,Dust2,0,1,47.0,1.4893617021276597,123.21276595744683,-16,6,0.0,0.0,0.0,0.0,3.091042453358316,0.0,0.0,5791.000000000001
3364,1727,2025-08-17,Inferno,0,-1,-41.0,-0.8666666666666667,41.0,1,-7,-1.2229299363057327,-1.7241379310344827,-0.35185185185185186,0.11342592592592587,-2.251291798606495,50.14012738853504,1.4942528735632183,-1681.0
3363,1727,2025-08-17,Dust2,0,-1,-41.0,-0.8666666666666667,41.0,1,-7,0.0,0.0,0.0,0.0,-2.3978952727983707,0.0,0.0,-1681.0
3362,1726,2025-08-17,Mirage,0,-1,-35.0,0.2,93.95454545454545,2,-7,-1.1546391752577319,0.0,0.24166666666666675,0.41666666666666663,-1.7047480922384253,40.41237113402062,0.0,-3288.409090909091
3361,1726,2025-08-17,Overpass,0,1,-35.0,0.2,93.95454545454545,2,-7,0.5,0.5,0.01041666666666663,-0.0625,-0.5108256237659905,-17.5,0.1,-3288.409090909091
3356,1724,2025-08-17,Train,0,-1,381.0,0.04090909090909092,-39.72727272727273,-11,6,-1.0229007633587786,-1.0909090909090908,-0.02564102564102555,0.20432692307692302,1.0296194171811581,-389.7251908396946,-0.04462809917355373,-15136.090909090908
3360,1726,2025-08-17,Dust2,0,-1,-35.0,0.2,93.95454545454545,2,-7,-1.1923076923076923,-1.134020618556701,-0.015625,0.16666666666666663,-1.0986122886681098,41.73076923076923,-0.2268041237113402,-3288.409090909091
3359,1725,2025-08-17,Default,0,1,-69.0,-0.15217391304347833,65.0,30,-9,0.0,0.0,0.0,0.0,-1.3862943611198906,0.0,0.0,-4485.0
3358,1724,2025-08-17,Inferno,0,1,381.0,0.04090909090909092,-39.72727272727273,-11,6,-0.9299363057324841,-0.8524590163934427,-0.10539215686274506,0.20343137254901963,2.197224577336219,-354.30573248407643,-0.034873323397913575,-15136.090909090908
1560,854,2025-08-17,Ancient,1,1,-3.0,0.16600790513833985,-154.705533596838,0,1,0.5641797961075071,0.6376811594202898,0.03530092592592593,-0.04166666666666663,0.10536051565782634,-1.6925393883225213,0.10586011342155004,464.116600790514
1559,854,2025-08-17,Mirage,1,1,-3.0,0.16600790513833985,-154.705533596838,0,1,-0.07648953301127193,-0.0787671232876711,0.07656926406926401,0.029491341991342013,-0.2231435513142097,0.22946859903381578,-0.013075965130759624,464.116600790514
3357,1724,2025-08-17,Dust2,0,1,381.0,0.04090909090909092,-39.72727272727273,-11,6,0.5843774993335111,1.3604651162790697,0.04487179487179488,-0.03044871794871795,1.6863989535702288,222.64782724606775,0.055655391120507415,-15136.090909090908
3350,1722,2025-08-18,Mirage,0,-1,-41.0,0.13333333333333336,48.0,9,-8,-0.8360655737704918,-0.736,-0.20833333333333334,0.10267857142857134,-2.6741486494265287,34.278688524590166,-0.09813333333333335,-1968.0
3349,1721,2025-08-18,Train,0,1,69.0,0.7173967459324155,-122.2,-13,9,0.0,0.0,0.0,0.0,1.791759469228055,0.0,0.0,-8431.800000000001
3348,1721,2025-08-18,Inferno,0,1,69.0,0.7173967459324155,-122.2,-13,9,1.3571428571428572,1.4285714285714286,0.0,-0.13020833333333331,1.0986122886681098,93.64285714285715,1.024852494189165,-8431.800000000001
3352,1722,2025-08-18,Inferno,0,1,-41.0,0.13333333333333336,48.0,9,-8,0.0,0.0,0.0,0.0,-2.995732273553991,0.0,0.0,-1968.0
3347,1720,2025-08-18,Ancient,0,-1,-35.0,-0.8,145.09090909090907,5,-9,-1.5121951219512195,-1.411764705882353,-0.26704545454545453,0.19318181818181818,-1.3862943611198906,52.926829268292686,1.1294117647058826,-5078.181818181817
3346,1720,2025-08-18,Mirage,0,-1,-35.0,-0.8,145.09090909090907,5,-9,-1.2678571428571428,-1.2987012987012987,-0.18181818181818177,0.22159090909090906,-1.3862943611198906,44.375,1.038961038961039,-5078.181818181817
3345,1719,2025-08-18,Default,0,-1,34.0,-0.39245283018867916,-151.01132075471696,-7,9,0.0,0.0,0.0,0.0,1.3862943611198906,0.0,0.0,-5134.384905660377
3353,1723,2025-08-18,Nuke,0,-1,47.0,1.436734693877551,17.832653061224498,-95,6,0.8,0.0,0.02314814814814814,-0.050925925925925875,1.6094379124341005,37.6,0.0,838.1346938775514
3354,1723,2025-08-18,Train,0,1,47.0,1.436734693877551,17.832653061224498,-95,6,0.0,0.0,0.0,0.0,2.70805020110221,0.0,0.0,838.1346938775514
3351,1722,2025-08-18,Dust2,0,1,-41.0,0.13333333333333336,48.0,9,-8,0.0,0.0,0.0,0.0,-2.4849066497880004,0.0,0.0,-1968.0
3355,1723,2025-08-18,Overpass,0,-1,47.0,1.436734693877551,17.832653061224498,-95,6,0.0,0.0,0.0,0.0,1.791759469228055,0.0,0.0,838.1346938775514
3340,1717,2025-08-19,Inferno,0,1,-69.0,-0.6423617990885675,74.86407766990293,17,-9,-0.936026936026936,-1.5294117647058822,0.1435185185185185,0.2268518518518518,-0.9162907318741553,64.58585858585859,0.9824356927236914,-5165.621359223302
3341,1717,2025-08-19,Ancient,0,-1,-69.0,-0.6423617990885675,74.86407766990293,17,-9,0.8148148148148149,0.8148148148148149,0.07500000000000001,-0.24166666666666667,-1.2992829841302609,-56.22222222222223,-0.5234059103684624,-5165.621359223302
3342,1717,2025-08-19,Nuke,0,-1,-69.0,-0.6423617990885675,74.86407766990293,17,-9,-0.14771968854282547,-0.3133462282398453,-0.05277777777777781,-0.05277777777777776,-1.3862943611198906,10.192658509454958,0.20128164690976394,-5165.621359223302
3343,1718,2025-08-19,Dust2,0,1,-35.0,-0.07142857142857144,177.3571428571429,1,-9,-0.6895499618611747,-1.2523364485981308,0.005555555555555591,0.024999999999999967,-0.5108256237659909,24.134248665141115,0.08945260347129506,-6207.500000000001
3344,1718,2025-08-19,Train,0,1,-35.0,-0.07142857142857144,177.3571428571429,1,-9,0.0,0.0,0.10000000000000009,0.26666666666666666,1.0986122886681096,-0.0,-0.0,-6207.500000000001
3333,1714,2025-08-20,Ancient,0,1,37.0,-0.17863036303630364,-116.26732673267328,-3,4,-0.790612057063967,-1.0985915492957745,-0.02367424242424243,0.13541666666666669,0.8754687373539001,-29.25264611136678,0.19624180727931947,-4301.891089108912
3334,1714,2025-08-20,Nuke,0,1,37.0,-0.17863036303630364,-116.26732673267328,-3,4,0.0,0.0,0.0,0.0,2.772588722239781,0.0,0.0,-4301.891089108912
3335,1715,2025-08-20,Nuke,0,-1,-48.0,0.43076923076923074,133.67692307692306,0,-3,-0.5740740740740741,-1.1515151515151516,-0.11631944444444442,0.07638888888888895,-1.83258146374831,27.555555555555557,-0.496037296037296,-6416.492307692307
3336,1715,2025-08-20,Dust2,0,1,-48.0,0.43076923076923074,133.67692307692306,0,-3,0.036363636363636404,0.3333333333333333,0.030263157894736825,0.03771929824561404,-1.203972804325936,-1.7454545454545474,0.14358974358974358,-6416.492307692307
3337,1715,2025-08-20,Mirage,0,1,-48.0,0.43076923076923074,133.67692307692306,0,-3,0.3352295814709467,1.0153846153846153,0.061111111111111116,0.07812499999999994,-1.4271163556401456,-16.091019910605443,0.43739644970414193,-6416.492307692307
3338,1716,2025-08-20,Nuke,0,1,-69.0,0.07441860465116279,66.3953488372093,2,-8,0.49411764705882355,0.0,0.04166666666666663,0.0,-2.1400661634962708,-34.09411764705882,0.0,-4581.279069767442
3339,1716,2025-08-20,Ancient,0,1,-69.0,0.07441860465116279,66.3953488372093,2,-8,-0.2845528455284553,0.0,-0.03598484848484845,0.04356060606060608,-1.3862943611198906,19.634146341463413,0.0,-4581.279069767442
1557,853,2025-08-20,Inferno,1,-1,-253.0,-0.19148936170212771,-291.46595744680855,6,-4,-0.12063492063492062,0.43123336291038145,-0.1111111111111111,-0.11805555555555558,0.0,30.52063492063492,-0.08257660140837093,73740.88723404256
1556,853,2025-08-20,Overpass,1,-1,-253.0,-0.19148936170212771,-291.46595744680855,6,-4,0.0,0.0,0.0,0.0,0.6931471805599453,0.0,0.0,73740.88723404256
1555,852,2025-08-20,Nuke,1,-1,383.0,0.2,55.699999999999974,-12,2,0.2295742232451093,0.18918918918918917,0.04100529100529099,-0.07341269841269848,-0.22314355131421015,87.92692750287685,0.03783783783783784,21333.09999999999
1548,849,2025-08-20,Nuke,1,-1,234.0,0.6297872340425532,114.95319148936177,-6,3,0.4566641279512569,0.3972602739726028,0.024404761904761985,-0.08333333333333331,0.3184537311185349,106.85940594059412,0.25018944914019237,26899.046808510655
1549,849,2025-08-20,Mirage,1,-1,234.0,0.6297872340425532,114.95319148936177,-6,3,0.15681033522664012,0.11188811188811187,0.1076388888888889,0.05381944444444442,0.3677247801253172,36.693618443033785,0.07046570450825769,26899.046808510655
1550,851,2025-08-20,Inferno,1,-1,-134.0,-0.3551251008878128,-375.29136400322847,2,-1,0.28334773840391825,-0.14363885088919298,0.125,-0.03240740740740744,0.6418538861723944,-37.96859694612505,0.051009761413434156,50289.042776432616
1551,851,2025-08-20,Overpass,1,1,-134.0,-0.3551251008878128,-375.29136400322847,2,-1,-1.0,-1.0,-0.10416666666666669,0.14583333333333331,0.0,134.0,0.3551251008878128,50289.042776432616
1552,851,2025-08-20,Train,1,1,-134.0,-0.3551251008878128,-375.29136400322847,2,-1,-0.5134408602150538,-2.0,0.05902777777777779,0.15624999999999994,-0.2231435513142097,68.8010752688172,0.7102502017756256,50289.042776432616
1553,852,2025-08-20,Ancient,1,1,383.0,0.2,55.699999999999974,-12,2,-0.30787309048178607,-0.3282051282051282,-0.01719576719576721,0.05224867724867721,-0.22314355131421015,-117.91539365452407,-0.06564102564102564,21333.09999999999
1554,852,2025-08-20,Inferno,1,-1,383.0,0.2,55.699999999999974,-12,2,0.5644012944983821,0.7523219814241485,0.042508417508417384,-0.0812289562289562,0.18232155679395445,216.1656957928803,0.15046439628482972,21333.09999999999
1547,849,2025-08-20,Ancient,1,1,234.0,0.6297872340425532,114.95319148936177,-6,3,0.71688531527719,0.9777777777777779,0.0527777777777777,-0.034722222222222265,-0.3746934494414105,167.75116377486248,0.6157919621749409,26899.046808510655
1545,844,2025-08-21,Inferno,1,-1,-943.0,-0.3446088794926004,-96.62050739957718,-4,-1,-0.13950684270814495,-0.24565934854354998,0.05219298245614035,0.09035087719298251,0.5978370007556202,131.5549526737807,0.08465639283847493,91113.13847780127
3332,1713,2025-08-21,Nuke,0,-1,-48.0,0.7746591820368887,43.01149425287356,11,-3,-0.21212121212121213,-0.2380952380952381,0.05416666666666675,0.07,-2.1594842493533726,10.181818181818182,-0.18444266238973542,-2064.551724137931
3330,1712,2025-08-21,Overpass,0,-1,-37.0,0.01872340425531916,162.52,1,-5,0.0,0.0,0.0,0.0,-0.6931471805599453,0.0,0.0,-6013.240000000001
3329,1712,2025-08-21,Nuke,0,-1,-37.0,0.01872340425531916,162.52,1,-5,-0.9661086157615353,-1.4482758620689657,-0.22395833333333337,0.08854166666666663,-1.2237754316221159,35.74601878317681,-0.0271166544387381,-6013.240000000001
3328,1712,2025-08-21,Train,0,1,-37.0,0.01872340425531916,162.52,1,-5,1.225,1.5555555555555556,0.10648148148148151,-0.1550925925925925,-0.35667494393873267,-45.325,0.02912529550827425,-6013.240000000001
3331,1713,2025-08-21,Dust2,0,-1,-48.0,0.7746591820368887,43.01149425287356,11,-3,0.0,0.0,0.0,0.0,-3.044522437723423,0.0,0.0,-2064.551724137931
1546,844,2025-08-21,Nuke,1,-1,-943.0,-0.3446088794926004,-96.62050739957718,-4,-1,-0.8275862068965517,-0.6666666666666667,-0.1517857142857143,-0.04861111111111105,0.13353139262452252,780.4137931034483,0.22973925299506695,91113.13847780127
3327,1711,2025-08-22,Train,0,1,37.0,0.6188679245283019,-248.15094339622638,-16,8,0.6526315789473685,0.33333333333333337,0.12361111111111117,-0.11249999999999993,1.01160091167848,24.147368421052633,0.20628930817610064,-9181.584905660377
3326,1711,2025-08-22,Ancient,0,1,37.0,0.6188679245283019,-248.15094339622638,-16,8,-0.5772128060263653,-0.8674698795180723,-0.0798611111111111,0.013888888888888895,0.9555114450274365,-21.356873822975516,-0.5368492839281654,-9181.584905660377
3325,1711,2025-08-22,Nuke,0,-1,37.0,0.6188679245283019,-248.15094339622638,-16,8,0.5582573454913882,0.609262883235486,0.20717592592592593,-0.01273148148148151,1.33500106673234,20.655521783181364,0.3770532560400744,-9181.584905660377
3324,1710,2025-08-22,Nuke,0,-1,-37.0,-1.3000000000000003,107.10000000000002,6,-7,-1.5106382978723405,-1.5616438356164384,-0.42592592592592593,0.10648148148148145,-2.251291798606495,55.8936170212766,2.0301369863013705,-3962.7000000000007
3323,1710,2025-08-22,Mirage,0,-1,-37.0,-1.3000000000000003,107.10000000000002,6,-7,0.18600849950964382,0.9802197802197803,-0.054166666666666696,0.009523809523809545,-0.9162907318741551,-6.882314481856821,-1.2742857142857147,-3962.7000000000007
1543,841,2025-08-23,Dust2,1,-1,-690.0,-0.18375241779497098,268.48839458413926,0,2,-0.34829059829059844,-0.4137931034482759,0.029017857142857095,0.1941964285714286,-0.11778303565638382,240.32051282051293,0.07603548322550524,-185256.99226305608
1544,841,2025-08-23,Nuke,1,1,-690.0,-0.18375241779497098,268.48839458413926,0,2,-0.5357142857142858,-0.6122448979591837,-0.10595238095238091,-0.12976190476190474,-0.2876820724517808,369.6428571428572,0.11250148028263529,-185256.99226305608
1542,841,2025-08-23,Mirage,1,1,-690.0,-0.18375241779497098,268.48839458413926,0,2,0.3396589658965899,0.1260896637608967,0.009722222222222188,-0.04583333333333334,0.3746934494414105,-234.36468646864702,-0.023169280575019702,-185256.99226305608
1540,840,2025-08-23,Inferno,1,1,-53.0,-0.220810647307925,1.4573502722322758,0,1,0.9421186749180924,1.375,0.003124999999999989,-0.14166666666666666,0.4054651081081646,-49.9322897706589,-0.3036146400483969,-77.23956442831062
1541,840,2025-08-23,Train,1,1,-53.0,-0.220810647307925,1.4573502722322758,0,1,-1.72,-2.0,-0.2055555555555556,0.28472222222222215,-0.15415067982725827,91.16,0.44162129461585,-77.23956442831062
3321,1709,2025-08-24,Nuke,0,-1,-48.0,0.11555555555555559,36.67999999999999,9,-1,0.7489711934156378,0.736842105263158,0.07211538461538453,-0.3477564102564103,-2.6026896854443837,-35.95061728395061,0.08514619883040939,-1760.6399999999996
1534,838,2025-08-24,Mirage,1,1,-47.0,0.30952380952380953,335.64583333333337,0,3,0.8424530795664817,1.46,0.0703125,-0.1154513888888889,0.2682639865946794,-39.59529473962464,0.4519047619047619,-15775.354166666668
1535,838,2025-08-24,Dust2,1,1,-47.0,0.30952380952380953,335.64583333333337,0,3,0.5409714497589914,1.2602739726027397,0.08928571428571425,0.12946428571428575,0.11778303565638382,-25.425658138672595,0.39008480104370513,-15775.354166666668
1536,838,2025-08-24,Nuke,1,1,-47.0,0.30952380952380953,335.64583333333337,0,3,0.4507042253521127,0.8645833333333334,0.04340277777777779,-0.0625,-0.25131442828090633,-21.183098591549296,0.267609126984127,-15775.354166666668
1537,839,2025-08-24,Inferno,1,1,590.0,0.6193548387096776,-106.0498207885305,0,2,1.3086645905843564,1.278688524590164,0.07954545454545447,-0.22979797979797983,0.5389965007326871,772.1121084447702,0.7919619249074566,-62569.39426523299
1538,839,2025-08-24,Train,1,-1,590.0,0.6193548387096776,-106.0498207885305,0,2,0.14251324025036122,0.5893719806763286,-0.01785714285714285,0.130952380952381,0.0,84.08281174771312,0.36503038803179066,-62569.39426523299
1539,839,2025-08-24,Nuke,1,-1,590.0,0.6193548387096776,-106.0498207885305,0,2,0.44705882352941184,0.15625000000000006,0.029017857142857095,-0.023809523809523836,0.11778303565638382,263.764705882353,0.09677419354838715,-62569.39426523299
3322,1709,2025-08-24,Dust2,0,-1,-48.0,0.11555555555555559,36.67999999999999,9,-1,-0.8888888888888888,-1.0,-0.015873015873015872,0.08333333333333331,-2.3978952727983707,42.666666666666664,-0.11555555555555559,-1760.6399999999996
3320,1708,2025-08-26,Nuke,0,-1,-48.0,-0.41518113858539396,79.39639639639641,4,-1,-1.2834645669291338,-1.312883435582822,-0.09722222222222227,0.11574074074074076,-2.6390573296152584,61.60629921259842,0.5450844396151798,-3811.0270270270275
3319,1708,2025-08-26,Inferno,0,-1,-48.0,-0.41518113858539396,79.39639639639641,4,-1,0.0,0.0,0.0,0.0,-0.6931471805599453,0.0,0.0,-3811.0270270270275
3318,1708,2025-08-26,Ancient,0,1,-48.0,-0.41518113858539396,79.39639639639641,4,-1,0.08569917122200668,0.09230769230769226,0.03993055555555558,0.004861111111111094,-1.4271163556401456,-4.113560218656321,-0.03832441279249788,-3811.0270270270275
3317,1707,2025-08-26,Ancient,0,1,45.0,0.0,0.0,30,0,0.0,0.0,0.0,0.0,-1.6094379124341003,0.0,0.0,0.0
3316,1707,2025-08-26,Inferno,0,1,45.0,0.0,0.0,30,0,0.0,0.0,0.0,0.0,0.0,0.0,0.0,0.0
3313,1706,2025-08-27,Nuke,0,-1,-69.0,0.27177700348432066,72.41463414634147,14,-8,0.6368715083798883,0.6909090909090909,0.05637254901960781,0.0735294117647059,-2.197224577336219,-43.944134078212294,0.18777320240734882,-4996.609756097561
3301,1701,2025-08-27,Mirage,0,-1,45.0,0.8,-324.90909090909093,-16,1,0.0,0.0,0.0,0.0,-1.6094379124341003,0.0,0.0,-14620.909090909092
3302,1701,2025-08-27,Ancient,0,-1,45.0,0.8,-324.90909090909093,-16,1,0.0,0.0,0.0,0.0,0.6931471805599453,0.0,0.0,-14620.909090909092
3303,1702,2025-08-27,Overpass,0,-1,190.0,0.040949152542372885,78.62250847457628,1,-2,0.0,0.0,0.0,0.0,0.0,0.0,0.0,14938.276610169492
3304,1702,2025-08-27,Dust2,0,1,190.0,0.040949152542372885,78.62250847457628,1,-2,0.298989898989899,-0.7058823529411765,0.02083333333333337,-0.09027777777777773,0.0,56.8080808080808,-0.028905284147557334,14938.276610169492
3305,1702,2025-08-27,Inferno,0,1,190.0,0.040949152542372885,78.62250847457628,1,-2,-0.15299334811529938,-0.5387205387205387,0.00462962962962965,0.1111111111111111,1.2039728043259361,-29.068736141906882,-0.02206014951777664,14938.276610169492
3312,1705,2025-08-27,Mirage,0,-1,-47.0,-0.9164556962025316,54.44303797468353,30,-6,-0.7511842995713964,-1.3333333333333333,-0.06801470588235298,0.07965686274509809,-1.2809338454620642,35.30566207985563,1.2219409282700422,-2558.822784810126
3307,1703,2025-08-27,Ancient,0,1,57.0,-0.031974921630093966,13.828526645768022,1,-1,1.1545098039215684,1.0454545454545454,0.06203703703703706,-0.15000000000000002,0.5108256237659909,65.8070588235294,-0.0334283271587346,788.2260188087773
3306,1703,2025-08-27,Dust2,0,1,57.0,-0.031974921630093966,13.828526645768022,1,-1,0.7941176470588236,1.0,0.13541666666666669,-0.046875,-0.5877866649021193,45.26470588235294,-0.031974921630093966,788.2260188087773
3308,1704,2025-08-27,Overpass,0,-1,1000.0,-0.29393939393939394,124.26893939393943,-21,5,0.0,0.0,0.0,0.20833333333333331,0.0,0.0,-0.0,124268.93939393944
3309,1704,2025-08-27,Dust2,0,1,1000.0,-0.29393939393939394,124.26893939393943,-21,5,1.839080459770115,2.0,0.14120370370370378,-0.18055555555555552,1.2039728043259361,1839.0804597701149,-0.5878787878787879,124268.93939393944
3310,1704,2025-08-27,Inferno,0,1,1000.0,-0.29393939393939394,124.26893939393943,-21,5,1.6206896551724141,0.0,0.08333333333333331,-0.21180555555555552,1.8718021769015913,1620.6896551724142,0.0,124268.93939393944
3311,1705,2025-08-27,Dust2,0,-1,-47.0,-0.9164556962025316,54.44303797468353,30,-6,-0.38568643831801735,1.1020408163265307,-0.08068181818181824,0.1435606060606061,-1.3437347467010947,18.127262600946814,-1.009971583570137,-2558.822784810126
3315,1706,2025-08-27,Dust2,0,-1,-69.0,0.27177700348432066,72.41463414634147,14,-8,-0.6339522546419099,-0.2528409090909091,-0.1918402777777778,0.10503472222222227,-1.4469189829363256,43.74270557029178,-0.06871634463097881,-4996.609756097561
3314,1706,2025-08-27,Ancient,0,1,-69.0,0.27177700348432066,72.41463414634147,14,-8,0.874074074074074,0.874074074074074,0.07291666666666663,-0.19444444444444442,-1.8718021769015913,-60.3111111111111,0.23755323267518397,-4996.609756097561
1527,834,2025-08-29,Nuke,1,1,48.0,1.1916666666666667,-33.84166666666666,-5,6,0.4590964590964591,0.49396825396825395,0.060344827586206906,0.10991379310344823,2.302585092994046,22.036630036630036,0.5886455026455026,-1624.3999999999996
1523,832,2025-08-29,Train,1,-1,-14.0,-1.3916666666666666,-2.283333333333334,11,-5,-0.5028579205225912,-0.858974358974359,-0.051796157059314896,0.0875104427736006,-0.09531017980432521,7.040010887316276,1.1954059829059829,31.966666666666676
1522,832,2025-08-29,Nuke,1,-1,-14.0,-1.3916666666666666,-2.283333333333334,11,-5,-0.9479853479853478,0.0,-0.010344827586206973,0.08591954022988507,-1.6094379124341005,13.271794871794869,0.0,31.966666666666676
1525,833,2025-08-29,Overpass,1,-1,24.0,0.43865276663993585,-75.84402566158789,0,0,-0.5106382978723405,-0.5106382978723405,-0.14583333333333331,0.062499999999999944,-0.916290731874155,-12.255319148936172,-0.22399290211400982,-1820.2566158781094
1526,833,2025-08-29,Inferno,1,1,24.0,0.43865276663993585,-75.84402566158789,0,0,-0.132183908045977,0.0628517823639775,0.012499999999999956,0.09583333333333333,-0.6466271649250523,-3.1724137931034475,0.027570108222209858,-1820.2566158781094
1524,833,2025-08-29,Nuke,1,1,24.0,0.43865276663993585,-75.84402566158789,0,0,0.05559845559845562,0.22287677957781055,-0.053503787878787845,0.060132575757575746,0.2876820724517808,1.334362934362935,0.09776551598160575,-1820.2566158781094
1528,835,2025-08-29,Dust2,1,1,48.0,0.0,0.0,-999,7,0.0,0.0,0.0,0.0,3.1354942159291497,0.0,0.0,0.0
1519,831,2025-08-29,Mirage,1,-1,48.0,0.0903225806451613,20.616129032258073,-5,1,2.0,2.0,0.22916666666666663,-0.29166666666666663,-0.4054651081081645,96.0,0.1806451612903226,989.5741935483875
1530,836,2025-08-29,Overpass,1,-1,-2.0,0.4525939177101968,137.58407871198568,-19,3,0.0,0.0,0.0,0.0,1.6094379124341003,0.0,0.0,-275.16815742397137
1531,836,2025-08-29,Train,1,1,-2.0,0.4525939177101968,137.58407871198568,-19,3,1.0555555555555556,1.0909090909090908,0.12152777777777773,-0.07291666666666674,-0.33647223662121295,-2.111111111111111,0.4937388193202147,-275.16815742397137
1532,837,2025-08-29,Dust2,1,1,81.0,0.6758620689655173,37.986206896551664,-42,3,-0.009840674789128395,0.0,0.029166666666666563,0.14999999999999997,-0.6061358035703157,-0.7970946579194,0.0,3076.882758620685
1533,837,2025-08-29,Nuke,1,1,81.0,0.6758620689655173,37.986206896551664,-42,3,0.8082770270270271,1.175257731958763,0.1406926406926407,-0.025432900432900474,0.4054651081081646,65.4704391891892,0.7943121222893709,3076.882758620685
1521,831,2025-08-29,Dust2,1,-1,48.0,0.0903225806451613,20.616129032258073,-5,1,0.0,0.0,0.0,0.0,2.70805020110221,0.0,0.0,989.5741935483875
3300,1686,2025-08-29,Dust2,0,1,-274.0,0.256,-30.956000000000017,0,0,-0.5666666666666667,-0.8,-0.04761904761904756,-0.15476190476190477,1.3862943611198904,155.26666666666665,-0.2048,8481.944000000005
3299,1686,2025-08-29,Mirage,0,1,-274.0,0.256,-30.956000000000017,0,0,-0.11086474501108648,0.045584045584045635,-0.00925925925925919,0.011904761904761918,-0.22314355131421015,30.376940133037696,0.011669515669515683,8481.944000000005
1529,836,2025-08-29,Mirage,1,1,-2.0,0.4525939177101968,137.58407871198568,-19,3,0.2962962962962963,0.16666666666666669,0.09722222222222221,-0.07638888888888895,-0.998528830111127,-0.5925925925925926,0.07543231961836615,-275.16815742397137
1520,831,2025-08-29,Ancient,1,1,48.0,0.0903225806451613,20.616129032258073,-5,1,0.6929133858267716,0.5660377358490567,0.025641025641025605,-0.04807692307692302,1.945910149055313,33.25984251968504,0.051125989044430935,989.5741935483875
1518,830,2025-08-29,Inferno,1,1,45.0,-0.11538461538461542,-40.01923076923077,0,0,0.8235294117647058,0.0,0.062499999999999944,-0.375,-0.4054651081081645,37.05882352941176,-0.0,-1800.8653846153845
1517,830,2025-08-29,Nuke,1,1,45.0,-0.11538461538461542,-40.01923076923077,0,0,0.0,0.0,0.0,0.0,-1.3862943611198906,0.0,0.0,-1800.8653846153845
1516,830,2025-08-29,Ancient,1,-1,45.0,-0.11538461538461542,-40.01923076923077,0,0,-0.09090909090909088,-0.09090909090909088,-0.020833333333333315,0.0625,0.0,-4.09090909090909,0.01048951048951049,-1800.8653846153845
1515,829,2025-08-30,Mirage,1,-1,-59.0,1.4029850746268657,-28.589552238805986,18,-2,0.0,0.0,0.0,0.0,-2.995732273553991,0.0,0.0,1686.7835820895532
1514,829,2025-08-30,Inferno,1,-1,-59.0,1.4029850746268657,-28.589552238805986,18,-2,0.0,0.0,0.0,0.0,-2.833213344056216,0.0,0.0,1686.7835820895532
1513,827,2025-08-30,Inferno,1,1,-59.0,-0.05156037991858886,13.228629579375834,1,-1,-0.5462962962962963,0.07692307692307693,-0.04253472222222221,0.13194444444444442,-0.8873031950009029,32.23148148148148,-0.003966183070660682,-780.4891451831742
1512,827,2025-08-30,Dust2,1,-1,-59.0,-0.05156037991858886,13.228629579375834,1,-1,0.1657681940700809,0.34285714285714286,0.07313519813519809,-0.027097902097902082,-0.15415067982725805,-9.780323450134773,-0.01767784454351618,-780.4891451831742
1511,827,2025-08-30,Ancient,1,1,-59.0,-0.05156037991858886,13.228629579375834,1,-1,-0.5615629259427533,-0.9090909090909092,-0.16898148148148145,-0.028935185185185175,-0.6931471805599456,33.13221263062244,0.046873072653262605,-780.4891451831742
1510,826,2025-08-30,Overpass,1,-1,34.0,-0.7787545787545789,-26.21538461538461,1,-1,-2.0,-2.0,-0.2708333333333333,0.20833333333333331,0.0,-68.0,1.5575091575091577,-891.3230769230768
1509,826,2025-08-30,Ancient,1,-1,34.0,-0.7787545787545789,-26.21538461538461,1,-1,-0.5152534508757685,-0.7671517671517671,-0.07888888888888895,-0.0222222222222222,1.8718021769015916,-17.518617329776127,0.5974229512691052,-891.3230769230768
1507,825,2025-08-30,Nuke,1,1,48.0,-0.637873754152824,-94.98449612403104,1,-1,0.7339477726574501,0.6984126984126984,0.07013888888888886,-0.11944444444444435,1.0986122886681098,35.22949308755761,-0.44549912988451196,-4559.25581395349
1506,825,2025-08-30,Mirage,1,-1,48.0,-0.637873754152824,-94.98449612403104,1,-1,0.07472959685349066,-0.02875816993464053,-0.09090909090909094,-0.0625,-1.3862943611198906,3.5870206489675516,0.01834408181877403,-4559.25581395349
1505,824,2025-08-30,Nuke,1,-1,45.0,-0.2857142857142858,-138.33333333333337,0,2,1.2285714285714284,1.1428571428571428,0.11805555555555552,-0.42361111111111105,-1.252762968495368,55.28571428571428,-0.32653061224489804,-6225.000000000002
1504,824,2025-08-30,Mirage,1,-1,45.0,-0.2857142857142858,-138.33333333333337,0,2,-0.8141592920353982,-0.9176470588235294,-0.2159090909090909,0.08333333333333331,-1.791759469228055,-36.637168141592916,0.2621848739495799,-6225.000000000002
1503,823,2025-08-30,Train,1,-1,48.0,0.7777365491651206,-145.09758812615954,-3,8,-0.2520480443486294,-0.1606182795698925,0.0077861952861952854,-0.03324915824915825,0.8329091229351038,-12.09830612873421,-0.12491870648552678,-6964.684230055658
1502,823,2025-08-30,Mirage,1,-1,48.0,0.7777365491651206,-145.09758812615954,-3,8,0.38626834381551356,0.4258474576271186,0.0675,-0.03333333333333338,1.312186388966169,18.54088050314465,0.33119713216565516,-6964.684230055658
1508,825,2025-08-30,Overpass,1,-1,48.0,-0.637873754152824,-94.98449612403104,1,-1,0.0,0.0,0.0,0.0,1.0986122886681098,0.0,0.0,-4559.25581395349
1501,823,2025-08-30,Overpass,1,1,48.0,0.7777365491651206,-145.09758812615954,-3,8,-1.0,-1.0,0.0,0.125,0.4054651081081645,-48.0,-0.7777365491651206,-6964.684230055658
3297,1685,2025-08-30,Train,0,-1,-69.0,-0.6230954290296711,55.48275862068964,30,-9,-1.6875,-1.6875,-0.1875,0.055555555555555525,-0.8472978603872034,116.4375,1.05147353648757,-3828.310344827585
3296,1684,2025-08-30,Ancient,0,1,144.0,0.22,-45.10000000000001,0,1,-0.9565217391304348,-0.9565217391304348,-0.42708333333333337,-0.25,0.916290731874155,-137.73913043478262,-0.21043478260869566,-6494.4000000000015
3281,1678,2025-08-30,Nuke,0,-1,-175.0,1.0,114.90000000000002,0,2,0.3887935963407662,0.32820512820512826,0.06060606060606061,-0.019886363636363646,-0.08004270767353638,-68.03887935963408,0.32820512820512826,-20107.500000000004
3280,1678,2025-08-30,Mirage,0,-1,-175.0,1.0,114.90000000000002,0,2,0.6604242037312906,0.41647597254004587,0.18376068376068383,-0.022168803418803396,0.07410797215372167,-115.57423565297586,0.41647597254004587,-20107.500000000004
3284,1680,2025-08-30,Default,0,1,37.0,0.42611806797853313,-42.215384615384615,0,5,0.0,0.0,0.0,0.0,0.0,0.0,0.0,-1561.9692307692308
3285,1681,2025-08-30,Mirage,0,1,-89.0,-0.6236263736263736,-2.285714285714306,0,0,-1.1141506247889228,-0.9761904761904762,-0.15297619047619043,0.08750000000000002,-0.9162907318741551,99.15940560621412,0.6087781266352695,203.42857142857324
3286,1681,2025-08-30,Nuke,0,-1,-89.0,-0.6236263736263736,-2.285714285714306,0,0,-1.2142857142857144,-1.1428571428571428,-0.12115384615384622,0.2064102564102564,-0.8472978603872034,108.07142857142858,0.7127158555729984,203.42857142857324
3287,1681,2025-08-30,Inferno,0,1,-89.0,-0.6236263736263736,-2.285714285714306,0,0,-1.1518840579710141,-1.1622340425531914,-0.08480392156862743,0.22156862745098038,-1.0986122886681096,102.51768115942026,0.7247998012625672,203.42857142857324
3298,1685,2025-08-30,Nuke,0,-1,-69.0,-0.6230954290296711,55.48275862068964,30,-9,0.5654450261780104,0.0,0.053240740740740755,-0.13657407407407413,-2.251291798606495,-39.015706806282715,0.0,-3828.310344827585
3288,1682,2025-08-30,Ancient,0,-1,37.0,0.1286821705426357,-301.25,-2,6,-0.8976377952755905,-0.7826086956521738,-0.05448717948717946,0.08012820512820512,1.945910149055313,-33.21259842519685,-0.10070778564206272,-11146.25
3290,1682,2025-08-30,Nuke,0,1,37.0,0.1286821705426357,-301.25,-2,6,-0.10420076377523169,0.02226027397260294,0.02247807017543857,0.09703947368421056,1.3862943611198906,-3.8554282596835723,0.0028645003716682863,-11146.25
3291,1683,2025-08-30,Dust2,0,-1,-69.0,0.3797202797202797,-200.4825174825175,0,0,1.1764705882352942,2.0,0.28125,-0.10416666666666663,-0.5108256237659905,-81.17647058823529,0.7594405594405594,13833.293706293707
3292,1683,2025-08-30,Train,0,1,-69.0,0.3797202797202797,-200.4825174825175,0,0,0.7407407407407407,1.0,0.125,-0.1111111111111111,0.0,-51.11111111111111,0.3797202797202797,13833.293706293707
3293,1683,2025-08-30,Nuke,0,-1,-69.0,0.3797202797202797,-200.4825174825175,0,0,0.7083333333333333,0.7083333333333333,0.055555555555555636,0.04861111111111105,-0.5596157879354227,-48.87499999999999,0.26896853146853145,13833.293706293707
3294,1684,2025-08-30,Dust2,0,1,144.0,0.22,-45.10000000000001,0,1,-0.37499999999999994,-0.37499999999999994,0.0034722222222222654,0.07638888888888895,0.2231435513142097,-53.99999999999999,-0.08249999999999999,-6494.4000000000015
3295,1684,2025-08-30,Inferno,0,-1,144.0,0.22,-45.10000000000001,0,1,0.0,0.0,0.0,-0.08333333333333334,0.0,0.0,0.0,-6494.4000000000015
3289,1682,2025-08-30,Train,0,1,37.0,0.1286821705426357,-301.25,-2,6,-0.41167274622199057,-1.3333333333333333,-0.02651515151515149,-0.07386363636363641,1.3862943611198906,-15.231891610213651,-0.1715762273901809,-11146.25
3282,1679,2025-08-30,Ancient,0,1,224.0,-0.03076923076923077,-251.16923076923078,0,2,-0.43597379392495533,-1.0113636363636362,0.030952380952380898,0.024999999999999967,0.2876820724517808,-97.65812983919,0.031118881118881118,-56261.907692307694
3283,1679,2025-08-30,Mirage,0,1,224.0,-0.03076923076923077,-251.16923076923078,0,2,-0.32238372093023254,0.060606060606060635,-0.042187500000000044,0.02552083333333338,1.0414538748281612,-72.21395348837208,-0.0018648018648018659,-56261.907692307694
1499,822,2025-08-31,Inferno,1,1,57.0,-0.17500000000000004,140.45166666666668,-1,3,0.4021164021164021,-0.5882352941176471,0.06547619047619047,-0.0813492063492064,1.0116009116784803,22.92063492063492,0.10294117647058826,8005.745000000001
1498,822,2025-08-31,Nuke,1,-1,57.0,-0.17500000000000004,140.45166666666668,-1,3,0.5027848101265822,0.5555555555555556,0.171875,-0.06666666666666671,0.2006706954621511,28.658734177215184,-0.09722222222222225,8005.745000000001
1500,822,2025-08-31,Overpass,1,1,57.0,-0.17500000000000004,140.45166666666668,-1,3,0.0,0.0,0.0,0.0,1.791759469228055,0.0,0.0,8005.745000000001
1492,819,2025-08-31,Mirage,1,1,-48.0,-0.17777777777777776,130.04444444444445,0,-8,-0.09161041465766637,0.009035266686097373,-0.037477954144620795,0.032186948853615505,-1.252762968495368,4.397299903567985,-0.0016062696330839774,-6242.133333333333
1493,819,2025-08-31,Overpass,1,1,-48.0,-0.17777777777777776,130.04444444444445,0,-8,-0.5396825396825397,-0.5396825396825397,-0.08333333333333331,0.00694444444444442,-0.2876820724517808,25.904761904761905,0.09594356261022927,-6242.133333333333
1494,820,2025-08-31,Mirage,1,-1,-48.0,-0.1777777777777777,128.0888888888889,1,-9,-0.0796618852459017,0.0252054794520548,-0.07368827160493835,-0.029320987654321007,-0.7672551527136671,3.8237704918032818,-0.00448097412480974,-6148.266666666667
1495,820,2025-08-31,Nuke,1,-1,-48.0,-0.1777777777777777,128.0888888888889,1,-9,-0.7466503267973856,-0.7392712550607285,-0.07440476190476197,0.06507936507936507,-1.3545456628053105,35.839215686274514,0.131426000899685,-6148.266666666667
3271,1671,2025-08-31,Dust2,0,1,381.0,0.026086956521739146,-40.52173913043479,1,0,0.6476598229055172,0.3415233415233416,0.17129629629629634,-0.020987654320987703,1.5404450409471488,246.75839252700203,0.008909304561478482,-15438.782608695654
3273,1672,2025-08-31,Mirage,0,-1,-147.0,0.2364735367831343,-238.87571870853603,0,-1,-0.3314794215795328,0.2604422604422605,-0.18055555555555558,-0.02083333333333337,0.0,48.727474972191324,0.061587702454575524,35114.730650154794
3272,1671,2025-08-31,Ancient,0,1,381.0,0.026086956521739146,-40.52173913043479,1,0,-0.48205128205128206,-0.6533592989289192,-0.0221774193548388,0.024193548387096753,1.8562979903656263,-183.66153846153847,-0.017044155624232685,-15438.782608695654
3275,1676,2025-08-31,Mirage,0,-1,107.0,-0.19978858350951373,0.0,1,-7,0.8943661971830987,1.06,0.10486111111111113,-0.09652777777777777,-1.1631508098056809,95.69718309859157,-0.21177589852008458,0.0
3276,1676,2025-08-31,Overpass,0,1,107.0,-0.19978858350951373,0.0,1,-7,0.0,0.0,-0.08333333333333331,0.020833333333333315,0.0,0.0,-0.0,0.0
3277,1676,2025-08-31,Dust2,0,-1,107.0,-0.19978858350951373,0.0,1,-7,0.09144659046117468,0.25423728813559326,0.041666666666666685,0.08750000000000002,-0.6061358035703157,9.78478517934569,-0.05079370767191028,0.0
3278,1677,2025-08-31,Train,0,1,-57.0,0.35555555555555557,54.59444444444446,-2,0,1.1311111111111114,1.7468354430379747,0.18333333333333335,-0.08333333333333331,0.7884573603642704,-64.47333333333334,0.6210970464135022,-3111.8833333333346
3279,1677,2025-08-31,Ancient,0,1,-57.0,0.35555555555555557,54.59444444444446,-2,0,-0.9972222222222222,-1.0113636363636362,-0.09722222222222227,0.06944444444444442,-1.01160091167848,56.84166666666667,-0.3595959595959596,-3111.8833333333346
1496,821,2025-08-31,Nuke,1,1,24.0,0.6574427480916031,-57.75731552162853,2,-1,0.46285714285714297,0.7301587301587302,-0.027777777777777735,0.025000000000000022,0.16705408466316607,11.10857142857143,0.48003756209863085,-1386.1755725190847
1497,821,2025-08-31,Train,1,1,24.0,0.6574427480916031,-57.75731552162853,2,-1,0.6666666666666666,0.5405405405405406,0.008333333333333304,-0.10000000000000003,-1.0986122886681096,16.0,0.35537445842789356,-1386.1755725190847
3274,1672,2025-08-31,Ancient,0,-1,-147.0,0.2364735367831343,-238.87571870853603,0,-1,-0.7213114754098361,-0.9361702127659575,-0.06944444444444448,0.055555555555555525,-0.5596157879354227,106.03278688524591,-0.2213794812437853,35114.730650154794
3258,1666,2025-09-01,Ancient,0,1,-344.0,-0.024316109422492405,45.957446808510646,0,6,-0.19303187546330614,-0.005294149424666418,-0.02976190476190471,0.06380208333333331,-0.7884573603642702,66.40296515937732,0.00012873311670921384,-15809.361702127662
3256,1665,2025-09-01,Dust2,0,-1,160.0,-0.05069124423963131,114.29262672811063,0,0,0.04151530877010895,0.15384615384615385,-0.03863636363636358,-0.12954545454545446,0.08701137698962969,6.642449403217432,-0.007798652959943279,18286.820276497703
3257,1665,2025-09-01,Ancient,0,-1,160.0,-0.05069124423963131,114.29262672811063,0,0,0.9076717216770741,0.8064516129032258,0.1028138528138528,-0.07359307359307354,0.4054651081081646,145.22747546833185,-0.04088003567712202,18286.820276497703
3259,1666,2025-09-01,Train,0,-1,-344.0,-0.024316109422492405,45.957446808510646,0,6,0.07200000000000002,0.1241065627030539,-0.027281746031746046,-0.026785714285714246,-0.14310084364067333,-24.768000000000008,-0.0030177887587368732,-15809.361702127662
3255,1665,2025-09-01,Mirage,0,1,160.0,-0.05069124423963131,114.29262672811063,0,0,0.06521319699016032,0.26994967649173257,0.011904761904761862,0.005952380952380931,0.6286086594223743,10.43411151842565,-0.013684084983451875,18286.820276497703
3261,1667,2025-09-01,Inferno,0,-1,-111.0,0.5714285714285715,68.0,0,2,0.5287356321839081,0.9030558482613278,0.06388888888888888,-0.06064814814814817,-0.5465437063680696,-58.689655172413794,0.5160319132921873,-7548.0
3260,1666,2025-09-01,Mirage,0,-1,-344.0,-0.024316109422492405,45.957446808510646,0,6,-0.44819685652751695,-0.6454106280193237,-0.08324932795698925,0.03637432795698925,-0.6325225587435104,154.17971864546584,0.015693875453357417,-15809.361702127662
3268,1670,2025-09-01,Nuke,0,-1,69.0,0.20019665683382504,-69.0,-3,4,0.6901960784313725,0.6526315789473685,0.012061403508771884,-0.12280701754385964,1.897119984885881,47.62352941176471,0.13065466024944372,-4761.0
3269,1670,2025-09-01,Ancient,0,1,69.0,0.20019665683382504,-69.0,-3,4,-0.965034965034965,-0.965034965034965,-0.08333333333333331,0.16025641025641024,1.5404450409471486,-66.58741258741259,-0.19319677372774724,-4761.0
3270,1670,2025-09-01,Dust2,0,-1,69.0,0.20019665683382504,-69.0,-3,4,0.9575040344271113,0.7556066705002875,0.20833333333333331,-0.13725490196078427,1.2809338454620642,66.06777837547068,0.15126992931549516,-4761.0
3267,1669,2025-09-01,Default,0,1,47.0,1.197994987468672,-53.18947368421054,-2,2,0.0,0.0,0.0,0.0,1.6094379124341003,0.0,0.0,-2499.905263157895
3264,1668,2025-09-01,Nuke,0,1,810.0,-0.3989664082687339,96.543669250646,0,2,0.34592005894271505,0.29411764705882354,0.03108465608465616,0.027116402116402094,0.22314355131421015,280.19524774359917,-0.11734306125550999,78200.37209302327
3263,1668,2025-09-01,Mirage,0,-1,810.0,-0.3989664082687339,96.543669250646,0,2,-0.2857142857142857,-0.4315565031982942,-0.02414772727272735,0.030303030303030276,0.2876820724517808,-231.42857142857142,0.17217654804603783,78200.37209302327
3262,1667,2025-09-01,Mirage,0,-1,-111.0,0.5714285714285715,68.0,0,2,0.29479768786127164,0.019217357613328184,0.1355580693815987,0.03902714932126694,0.2513144282809061,-32.72254335260115,0.010981347207616107,-7548.0
3265,1668,2025-09-01,Inferno,0,1,810.0,-0.3989664082687339,96.543669250646,0,2,0.6738553701326488,0.7105214667403723,0.019871794871794857,-0.1551282051282052,0.24116205681688774,545.8228498074456,-0.28347419758323905,78200.37209302327
3266,1669,2025-09-01,Dust2,0,1,47.0,1.197994987468672,-53.18947368421054,-2,2,0.6984905660377358,0.24587155963302754,0.12530193236714982,-0.15670289855072467,1.2321436812926325,32.82905660377359,0.29455289600147166,-2499.905263157895
1491,818,2025-09-05,Inferno,1,1,371.0,0.2852664576802508,-271.2554858934169,-1,1,1.0980392156862746,1.2537313432835822,0.03409090909090906,-0.12878787878787878,1.3862943611198906,407.3725490196079,0.35764749918120997,-100635.78526645766
1490,818,2025-09-05,Mirage,1,-1,371.0,0.2852664576802508,-271.2554858934169,-1,1,0.0,0.0,0.0,0.0,2.9444389791664403,0.0,0.0,-100635.78526645766
1489,818,2025-09-05,Ancient,1,1,371.0,0.2852664576802508,-271.2554858934169,-1,1,-1.2093023255813953,0.0,-0.06770833333333331,0.11458333333333331,1.5040773967762742,-448.65116279069764,0.0,-100635.78526645766
1488,817,2025-09-05,Dust2,1,-1,43.0,0.014814814814814864,215.96296296296302,0,-1,0.0844788087056128,0.18673218673218672,-0.06060606060606066,-0.15577651515151514,-0.2876820724517808,3.6325887743413507,0.0027664027664027753,9286.40740740741
1487,817,2025-09-05,Inferno,1,-1,43.0,0.014814814814814864,215.96296296296302,0,-1,-0.3854508714321798,-0.4430379746835443,-0.06250000000000006,0.053503787878787845,0.2876820724517808,-16.574387471583734,-0.0065635255508673445,9286.40740740741
1486,816,2025-09-06,Inferno,1,1,629.0,0.0019792182088075386,7.194458189015336,4,1,0.4603988603988606,0.13663781799108304,0.047619047619047616,-0.06150793650793651,0.14310084364067333,289.5908831908833,0.00027043605737968183,4525.314200890646
1485,816,2025-09-06,Mirage,1,1,629.0,0.0019792182088075386,7.194458189015336,4,1,-0.1733242483604463,-0.22165856408088494,-0.04166666666666663,-0.02430555555555558,-0.4307829160924541,-109.02095221872072,-0.00043871066616702007,4525.314200890646
1483,815,2025-09-06,Inferno,1,-1,335.0,-0.10658307210031343,-57.253918495297796,4,-2,-0.4686998394863564,-0.3677018633540373,-0.11306042884990247,0.03508771929824561,0.693147180559945,-157.0144462279294,0.039190794213282955,-19180.06269592476
1481,814,2025-09-06,Inferno,1,1,47.0,0.0,0.0,-994,3,0.0,0.0,0.0,0.0,2.3978952727983707,0.0,0.0,0.0
1482,814,2025-09-06,Nuke,1,1,47.0,0.0,0.0,-994,3,0.0,0.0,0.0,0.0,2.3978952727983707,0.0,0.0,0.0
1484,815,2025-09-06,Mirage,1,-1,335.0,-0.10658307210031343,-57.253918495297796,4,-2,0.054320149380410826,0.603318250377074,-0.11532738095238093,0.01041666666666663,0.5108256237659905,18.197250042437627,-0.06430351257937462,-19180.06269592476
1469,808,2025-09-07,Train,1,-1,853.0,-0.21043083900226756,-42.74149659863946,0,-1,1.2266666666666666,1.1851851851851851,0.02604166666666663,-0.09895833333333331,1.5040773967762742,1046.3466666666666,-0.24939951289157636,-36458.49659863946
3249,1663,2025-09-07,Inferno,0,1,144.0,-0.6260869565217392,-129.53478260869565,-9,2,0.0747556066705003,-0.14864864864864863,0.09166666666666662,-0.10833333333333334,-0.4054651081081644,10.764807360552043,0.09306698002350176,-18653.008695652174
3250,1663,2025-09-07,Dust2,0,-1,144.0,-0.6260869565217392,-129.53478260869565,-9,2,-0.19096334185848257,-1.0144927536231885,0.02083333333333337,0.09722222222222227,0.8472978603872034,-27.49872122762149,0.6351606805293006,-18653.008695652174
3251,1663,2025-09-07,Nuke,0,-1,144.0,-0.6260869565217392,-129.53478260869565,-9,2,-0.8704209950792783,-1.3220338983050848,-0.016666666666666663,0.1333333333333333,0.18232155679395468,-125.34062329141608,0.827708179808401,-18653.008695652174
1468,808,2025-09-07,Inferno,1,-1,853.0,-0.21043083900226756,-42.74149659863946,0,-1,0.2835897435897437,0.25925925925925936,-0.01666666666666672,-0.06805555555555554,0.3746934494414105,241.9020512820514,-0.05455614344503235,-36458.49659863946
3253,1664,2025-09-07,Mirage,0,1,144.0,1.1739130434782608,-35.93478260869565,-86,4,0.0,0.0,0.0,0.0,1.791759469228055,0.0,0.0,-5174.608695652173
3252,1664,2025-09-07,Nuke,0,-1,144.0,1.1739130434782608,-35.93478260869565,-86,4,0.6779661016949152,0.6779661016949152,0.275,-0.033333333333333326,1.0986122886681096,97.62711864406779,0.79587324981577,-5174.608695652173
1467,808,2025-09-07,Overpass,1,1,853.0,-0.21043083900226756,-42.74149659863946,0,-1,0.0,0.0,0.0,0.0,1.0986122886681098,0.0,0.0,-36458.49659863946
1466,808,2025-09-07,Mirage,1,1,853.0,-0.21043083900226756,-42.74149659863946,0,-1,-0.19226638023630502,-0.03896103896103899,-0.043091168091168086,0.04024216524216523,0.3364722366212125,-164.00322234156818,0.008198604116971469,-36458.49659863946
1465,808,2025-09-07,Dust2,1,-1,853.0,-0.21043083900226756,-42.74149659863946,0,-1,0.33630952380952384,0.5714285714285714,-0.04236111111111107,-0.13194444444444442,-0.16705408466316607,286.87202380952385,-0.12024619371558146,-36458.49659863946
1473,810,2025-09-07,Dust2,1,1,47.0,1.4681922196796342,-111.14736842105265,-20,5,1.4570135746606336,0.0,0.36916666666666664,-0.16666666666666663,2.1594842493533726,68.47963800904978,0.0,-5223.926315789475
1472,810,2025-09-07,Nuke,1,-1,47.0,1.4681922196796342,-111.14736842105265,-20,5,-0.27277252364360377,0.5102040816326531,-0.09924242424242419,0.018939393939393978,0.6931471805599454,-12.820308611249377,0.7490776631018542,-5223.926315789475
3254,1664,2025-09-07,Inferno,0,1,144.0,1.1739130434782608,-35.93478260869565,-86,4,0.0,0.0,0.0,0.0,1.3862943611198906,0.0,0.0,-5174.608695652173
1476,811,2025-09-07,Inferno,1,1,47.0,1.8260869565217392,-57.566666666666656,-22,5,0.0,0.0,0.0,0.0,2.4849066497880004,0.0,0.0,-2705.6333333333328
1477,812,2025-09-07,Train,1,1,48.0,1.0469208211143695,-70.70967741935485,-51,4,0.9090909090909091,0.0,0.2534722222222222,-0.062499999999999944,1.8718021769015913,43.63636363636363,0.0,-3394.0645161290327
1471,809,2025-09-07,Nuke,1,1,48.0,0.660482374768089,-56.06122448979592,-22,4,1.3306194690265487,1.673913043478261,0.027777777777777735,-0.2605676328502416,1.2321436812926325,63.86973451327434,1.1055900621118013,-2690.9387755102043
1470,809,2025-09-07,Overpass,1,1,48.0,0.660482374768089,-56.06122448979592,-22,4,-1.4117647058823528,-1.4117647058823528,-0.20833333333333331,0.1527777777777778,0.6931471805599453,-67.76470588235293,-0.9324457055549491,-2690.9387755102043
1474,810,2025-09-07,Train,1,1,47.0,1.4681922196796342,-111.14736842105265,-20,5,1.5079365079365081,1.6428571428571428,-0.06388888888888888,-0.3083333333333333,2.0794415416798357,70.87301587301589,2.41203007518797,-5223.926315789475
1480,813,2025-09-07,Nuke,1,1,48.0,0.0,0.0,-999,4,0.0,0.0,0.0,0.0,3.1780538303479458,0.0,0.0,0.0
1478,812,2025-09-07,Nuke,1,1,48.0,1.0469208211143695,-70.70967741935485,-51,4,-0.38938053097345127,0.0,-0.04166666666666663,-0.0036231884057971175,2.4849066497880004,-18.69026548672566,0.0,-3394.0645161290327
1475,811,2025-09-07,Dust2,1,1,47.0,1.8260869565217392,-57.566666666666656,-22,5,1.4570135746606336,1.4482758620689655,0.2927777777777778,-0.16666666666666663,1.8718021769015916,68.47963800904978,2.6446776611694154,-2705.6333333333328
1479,813,2025-09-07,Ancient,1,1,48.0,0.0,0.0,-999,4,0.0,0.0,0.0,0.0,2.70805020110221,0.0,0.0,0.0
1462,807,2025-09-08,Mirage,1,1,-1.0,0.31765749778172137,0.0,0,1,0.6306306306306307,1.0208333333333335,0.1782407407407407,-0.025462962962962965,1.5581446180465497,-0.6306306306306307,0.32427536231884063,-0.0
1461,807,2025-09-08,Nuke,1,-1,-1.0,0.31765749778172137,0.0,0,1,-0.8560937098373298,-0.5422424623115578,-0.14062499999999994,0.1597222222222222,-0.6539264674066638,0.8560937098373298,-0.17224738376888882,-0.0
3247,1662,2025-09-08,Dust2,0,-1,41.0,0.7454545454545454,-36.22727272727272,-39,0,0.8888888888888888,0.5853658536585366,0.059027777777777735,-0.08680555555555552,1.8718021769015913,36.44444444444444,0.4363636363636363,-1485.3181818181815
3245,1660,2025-09-08,Nuke,0,-1,48.0,0.2357142857142857,-84.45,-1,7,1.4121863799283154,1.5402298850574714,0.32258064516129037,-0.1223118279569892,2.367123614131617,67.78494623655914,0.36305418719211824,-4053.6000000000004
1464,807,2025-09-08,Dust2,1,1,-1.0,0.31765749778172137,0.0,0,1,0.4581196581196582,0.45380263984915153,0.09658119658119663,-0.07660256410256411,0.523248143764548,-0.4581196581196582,0.14415381106122116,-0.0
1463,807,2025-09-08,Train,1,1,-1.0,0.31765749778172137,0.0,0,1,0.5076521089958941,0.9490790899241603,0.014423076923076983,-0.10356570512820512,0.19415601444095776,-0.5076521089958941,0.3014820889022621,-0.0
3248,1662,2025-09-08,Nuke,0,-1,41.0,0.7454545454545454,-36.22727272727272,-39,0,1.25,0.0,-0.002525252525252486,-0.12247474747474746,2.833213344056216,51.25,0.0,-1485.3181818181815
3246,1660,2025-09-08,Ancient,0,-1,48.0,0.2357142857142857,-84.45,-1,7,0.11438326931284676,0.07451564828614005,-0.15583333333333332,-0.30416666666666664,2.1594842493533726,5.490396927016644,0.017564402810304438,-4053.6000000000004
3241,1657,2025-09-09,Default,0,-1,34.0,-0.6666666666666666,-27.6,-19,2,0.0,0.0,0.0,0.0,1.6094379124341003,0.0,0.0,-938.4000000000001
3237,1655,2025-09-09,Train,0,-1,-32.0,0.2,157.50000000000003,0,4,-0.855780149897797,-1.0440154440154439,-0.06776556776556786,-0.010073260073260093,0.5596157879354227,27.384964796729506,-0.2088030888030888,-5040.000000000001
3238,1655,2025-09-09,Dust2,0,-1,-32.0,0.2,157.50000000000003,0,4,-0.1369927281257331,-0.07338551859099812,-0.03935185185185186,0.06439393939393939,-0.4595323293784399,4.383767300023459,-0.014677103718199625,-5040.000000000001
3239,1656,2025-09-09,Inferno,0,1,89.0,1.1272727272727272,170.89196310935444,-47,2,1.4342105263157894,0.0,0.24999999999999994,-0.16203703703703703,2.251291798606495,127.64473684210526,0.0,15209.384716732544
3240,1656,2025-09-09,Default,0,1,89.0,1.1272727272727272,170.89196310935444,-47,2,0.0,0.0,0.0,0.0,1.791759469228055,0.0,0.0,15209.384716732544
3236,1655,2025-09-09,Nuke,0,1,-32.0,0.2,157.50000000000003,0,4,0.047000248941996614,0.09132420091324212,0.07291666666666669,0.05833333333333335,0.0,-1.5040079661438917,0.018264840182648425,-5040.000000000001
3242,1658,2025-09-09,Dust2,0,-1,-381.0,-0.4,140.20000000000005,5,-4,-0.787666605245378,-1.0144927536231885,-0.11160714285714285,0.06398809523809523,-1.2878542883066384,300.100976598489,0.4057971014492754,-53416.20000000002
3244,1658,2025-09-09,Ancient,0,-1,-381.0,-0.4,140.20000000000005,5,-4,0.13123157759835957,-0.01176470588235294,-0.10606060606060608,0.03282828282828287,-2.1400661634962708,-49.999231064975,0.004705882352941176,-53416.20000000002
3243,1658,2025-09-09,Train,0,1,-381.0,-0.4,140.20000000000005,5,-4,0.9781021897810219,1.0454545454545454,0.06865079365079363,-0.13095238095238093,-0.6931471805599454,-372.6569343065693,-0.4181818181818182,-53416.20000000002
3226,1650,2025-09-10,Train,0,1,48.0,-0.3224325874928285,-43.867469879518076,-18,9,0.06878306878306881,0.0,0.020833333333333315,0.009057971014492738,2.079441541679836,3.3015873015873027,0.0,-2105.6385542168678
3235,1654,2025-09-10,Mirage,0,1,35.0,0.26839826839826847,-191.72727272727275,-29,3,0.45374094931617065,0.5268065268065267,0.041666666666666685,0.00347222222222221,1.466337068793427,15.880933226065972,0.14139395957577777,-6710.454545454546
3234,1654,2025-09-10,Overpass,0,1,35.0,0.26839826839826847,-191.72727272727275,-29,3,0.0,0.0,0.0,0.0,1.9459101490553132,0.0,0.0,-6710.454545454546
3233,1654,2025-09-10,Default,0,-1,35.0,0.26839826839826847,-191.72727272727275,-29,3,0.0,0.0,0.0,0.0,0.6931471805599453,0.0,0.0,-6710.454545454546
3232,1653,2025-09-10,Default,0,-1,34.0,-2.0,-33.951219512195124,-40,3,0.0,0.0,0.0,0.0,1.791759469228055,0.0,0.0,-1154.3414634146343
3231,1652,2025-09-10,Nuke,0,-1,48.0,0.0,0.0,-997,6,0.0,0.0,0.0,0.0,3.258096538021482,0.0,0.0,0.0
3230,1652,2025-09-10,Dust2,0,-1,48.0,0.0,0.0,-997,6,0.0,0.0,0.0,0.0,2.833213344056216,0.0,0.0,0.0
3229,1651,2025-09-10,Overpass,0,1,35.0,0.9047619047619048,-58.16666666666665,-104,3,0.0,0.0,0.0,0.0,1.9459101490553132,0.0,0.0,-2035.8333333333328
3228,1651,2025-09-10,Nuke,0,1,35.0,0.9047619047619048,-58.16666666666665,-104,3,0.5882352941176471,0.0,0.20833333333333334,-0.13095238095238088,1.3862943611198904,20.58823529411765,0.0,-2035.8333333333328
3227,1650,2025-09-10,Nuke,0,1,48.0,-0.3224325874928285,-43.867469879518076,-18,9,0.7948717948717948,1.3854748603351954,-0.00390625,-0.08289930555555564,2.11021320034659,38.15384615384615,-0.44672224412414224,-2105.6385542168678
3217,1646,2025-09-11,Ancient,0,1,-144.0,-0.12941176470588234,178.19488491048594,30,-6,-1.2592592592592593,-1.2592592592592593,-0.2527777777777777,-0.025000000000000022,-0.4054651081081644,181.33333333333334,0.16296296296296295,-25660.063427109977
3218,1646,2025-09-11,Mirage,0,-1,-144.0,-0.12941176470588234,178.19488491048594,30,-6,-0.5189363416599517,-1.3424657534246576,-0.11805555555555558,0.13194444444444442,-0.8472978603872034,74.72683319903305,0.17373086220789685,-25660.063427109977
3219,1646,2025-09-11,Inferno,0,1,-144.0,-0.12941176470588234,178.19488491048594,30,-6,0.46153846153846156,0.46153846153846156,0.0,-0.15625000000000003,-0.5108256237659905,-66.46153846153847,-0.05972850678733031,-25660.063427109977
3220,1647,2025-09-11,Inferno,0,-1,89.0,0.6376057254391672,90.20624593363694,-10,1,0.887374461979914,0.4942528735632184,0.23958333333333331,-0.12938596491228066,1.3862943611198906,78.97632711621235,0.31513846199866885,8028.355888093687
3221,1647,2025-09-11,Mirage,0,-1,89.0,0.6376057254391672,90.20624593363694,-10,1,0.6498842592592594,0.11111111111111108,0.1027777777777778,0.002777777777777768,1.3862943611198906,57.83969907407409,0.07084508060435188,8028.355888093687
3222,1648,2025-09-11,Ancient,0,1,-312.0,-0.18604651162790697,2.5813953488372103,0,-2,-0.035917496443812286,0.04324324324324322,-0.03203781512605047,-0.005252100840336116,-0.8472978603872034,11.206258890469433,-0.008045254556882458,-805.3953488372097
3223,1648,2025-09-11,Train,0,1,-312.0,-0.18604651162790697,2.5813953488372103,0,-2,0.8419475655430712,0.9435977305595729,0.0390625,-0.01822916666666663,-0.6359887667199966,-262.6876404494382,-0.1755530661506182,-805.3953488372097
3224,1649,2025-09-11,Nuke,0,-1,-41.0,0.0,0.0,30,-1,0.0,0.0,0.0,0.0,-3.5553480614894135,0.0,0.0,0.0
3225,1649,2025-09-11,Dust2,0,-1,-41.0,0.0,0.0,30,-1,0.0,0.0,0.0,0.0,-2.6390573296152584,0.0,0.0,0.0
3211,1642,2025-09-12,Nuke,0,-1,-144.0,1.183673469387755,38.97959183673469,1,-5,0.0,0.0,0.0,0.0,-1.9459101490553132,0.0,0.0,-5613.061224489796
1460,806,2025-09-12,Ancient,1,-1,0.0,-0.014285714285714318,21.360714285714295,0,-2,0.016083161714229688,-0.1875,-0.00378787878787884,-0.0008741258741258862,-0.15415067982725805,0.0,0.0026785714285714347,0.0
3209,1642,2025-09-12,Inferno,0,1,-144.0,1.183673469387755,38.97959183673469,1,-5,0.0,0.0,0.0,0.0,-1.791759469228055,0.0,0.0,-5613.061224489796
3212,1643,2025-09-12,Default,0,1,35.0,0.869885433715221,-225.09615384615384,-17,4,0.0,0.0,0.0,0.0,1.0986122886681098,0.0,0.0,-7878.365384615385
1459,806,2025-09-12,Inferno,1,-1,0.0,-0.014285714285714318,21.360714285714295,0,-2,-0.6565656565656566,-0.19951923076923075,-0.13257575757575757,0.02056277056277056,-1.056052674249314,-0.0,0.0028502747252747316,0.0
3214,1644,2025-09-12,Train,0,1,35.0,0.11347517730496454,-44.18181818181819,-25,4,-1.0909090909090908,-1.0909090909090908,-0.18749999999999994,-0.08333333333333337,0.4054651081081645,-38.18181818181818,-0.12379110251450676,-1546.3636363636365
3215,1645,2025-09-12,Dust2,0,1,482.0,0.0,0.0,-993,3,0.0,0.0,0.0,0.0,2.833213344056216,0.0,0.0,0.0
3216,1645,2025-09-12,Inferno,0,1,482.0,0.0,0.0,-993,3,0.0,0.0,0.0,0.0,3.044522437723423,0.0,0.0,0.0
3208,1641,2025-09-12,Nuke,0,1,48.0,-1.1818181818181819,-48.0,0,8,-0.6402640264026404,-0.5978260869565217,-0.16919191919191917,-0.1540404040404041,2.833213344056216,-30.73267326732674,0.7065217391304348,-2304.0
3213,1644,2025-09-12,Dust2,0,1,35.0,0.11347517730496454,-44.18181818181819,-25,4,-0.8598130841121495,-0.92,-0.09583333333333333,0.26250000000000007,1.7047480922384253,-30.093457943925234,-0.10439716312056738,-1546.3636363636365
3207,1641,2025-09-12,Dust2,0,1,48.0,-1.1818181818181819,-48.0,0,8,-0.9844559585492227,-0.7272727272727273,-0.09963768115942029,0.15036231884057966,2.4849066497880004,-47.25388601036269,0.859504132231405,-2304.0
3210,1642,2025-09-12,Mirage,0,-1,-144.0,1.183673469387755,38.97959183673469,1,-5,0.5454545454545454,0.5454545454545454,0.16666666666666663,0.2202380952380953,-1.3862943611198904,-78.54545454545453,0.6456400742115027,-5613.061224489796
1456,805,2025-09-12,Inferno,1,-1,229.0,-0.20000000000000012,312.20000000000005,7,-3,-0.10527903469079947,-0.09828009828009829,-0.008116883116883078,-0.002164502164502091,-0.4054651081081646,-24.10889894419308,0.01965601965601967,71493.80000000002
1450,802,2025-09-12,Overpass,1,1,41.0,0.27058823529411763,-163.79999999999995,-86,2,0.0,0.0,0.0,0.0,1.3862943611198906,0.0,0.0,-6715.799999999998
1451,802,2025-09-12,Dust2,1,-1,41.0,0.27058823529411763,-163.79999999999995,-86,2,-0.27586206896551724,0.0,-0.00654761904761908,-0.043452380952380965,0.9162907318741551,-11.310344827586206,0.0,-6715.799999999998
1452,802,2025-09-12,Inferno,1,-1,41.0,0.27058823529411763,-163.79999999999995,-86,2,1.1012658227848102,0.0,0.1791666666666667,-0.11249999999999993,2.3513752571634776,45.151898734177216,0.0,-6715.799999999998
1453,803,2025-09-12,Nuke,1,-1,166.0,-0.17352472089314191,39.994896331738516,-4,0,-0.2663203463203463,-0.8352849336455894,-0.03269675925925919,0.01331018518518523,-0.5306282510621703,-44.209177489177485,0.14494258497709747,6639.152791068594
1454,803,2025-09-12,Dust2,1,1,166.0,-0.17352472089314191,39.994896331738516,-4,0,0.25080091533180787,-0.33333333333333337,0.03740530303030304,-0.11931818181818177,-0.2876820724517808,41.63295194508011,0.05784157363104731,6639.152791068594
1455,803,2025-09-12,Overpass,1,1,166.0,-0.17352472089314191,39.994896331738516,-4,0,0.0,0.0,0.0,0.0,-1.3862943611198906,0.0,0.0,6639.152791068594
1458,805,2025-09-12,Nuke,1,-1,229.0,-0.20000000000000012,312.20000000000005,7,-3,0.48641114982578404,0.2532467532467534,0.09065934065934067,-0.1858974358974359,-0.5596157879354227,111.38815331010454,-0.05064935064935071,71493.80000000002
1457,805,2025-09-12,Ancient,1,1,229.0,-0.20000000000000012,312.20000000000005,7,-3,0.22690763052208837,-0.00786782061369001,0.043981481481481455,0.04259259259259257,-0.09531017980432477,51.96184738955824,0.0015735641227380029,71493.80000000002
3206,1641,2025-09-12,Train,0,-1,48.0,-1.1818181818181819,-48.0,0,8,0.0,0.0,0.0,0.0,3.2188758248682006,0.0,0.0,-2304.0
1449,801,2025-09-13,Dust2,1,-1,-16.0,0.3821503444144954,-15.881102126385173,20,-3,0.09638554216867465,-1.0,0.018939393939393867,-0.041666666666666685,0.0,-1.5421686746987944,-0.3821503444144954,254.09763402216277
1443,799,2025-09-13,Nuke,1,1,125.0,0.0,307.6,-26,2,-0.1876623376623376,-0.04761904761904761,0.03020833333333328,0.05937500000000001,-0.2006706954621511,-23.457792207792203,-0.0,38450.0
1442,798,2025-09-13,Ancient,1,-1,-41.0,0.0,0.0,30,-4,0.0,0.0,0.0,0.0,-2.8903717578961645,0.0,0.0,0.0
1445,800,2025-09-13,Dust2,1,1,147.0,0.9537784299339693,607.2465150403522,-7,4,0.6423728813559324,0.9657444005270093,0.10122863247863256,0.020833333333333315,0.07410797215372167,94.42881355932207,0.9211061780521733,89265.23771093177
1441,798,2025-09-13,Dust2,1,-1,-41.0,0.0,0.0,30,-4,0.0,0.0,0.0,0.0,-2.833213344056216,0.0,0.0,0.0
1440,797,2025-09-13,Train,1,1,413.0,0.5122529644268775,-135.7667984189723,-13,3,1.0112359550561798,0.5,0.12973484848484845,-0.1827651515151515,0.8754687373539001,417.64044943820227,0.25612648221343876,-56071.687747035554
1439,797,2025-09-13,Inferno,1,1,413.0,0.5122529644268775,-135.7667984189723,-13,3,0.1754385964912281,0.10344827586206892,0.010912698412698485,-0.06349206349206349,1.1451323043030028,72.4561403508772,0.0529916859751942,-56071.687747035554
1438,797,2025-09-13,Dust2,1,-1,413.0,0.5122529644268775,-135.7667984189723,-13,3,0.7674174960712417,0.4318181818181818,0.1791666666666667,-0.08611111111111114,1.1526795099383853,316.9434258774228,0.22120014372978802,-56071.687747035554
1444,799,2025-09-13,Mirage,1,1,125.0,0.0,307.6,-26,2,0.6060258249641319,0.6875,0.10370370370370374,-0.03425925925925921,0.5108256237659909,75.7532281205165,0.0,38450.0
3205,1640,2025-09-13,Dust2,0,1,-41.0,-0.7755102040816326,61.82608695652174,4,-3,-0.7514450867052023,-0.536231884057971,0.046875,0.15885416666666663,-1.7346010553881064,30.809248554913292,0.41585329784087544,-2534.8695652173915
1446,800,2025-09-13,Inferno,1,1,147.0,0.9537784299339693,607.2465150403522,-7,4,0.9333333333333336,0.5121951219512195,0.12642045454545453,-0.12073863636363635,0.2876820724517808,137.20000000000005,0.48852065923447213,89265.23771093177
3204,1640,2025-09-13,Nuke,0,1,-41.0,-0.7755102040816326,61.82608695652174,4,-3,0.0,0.0,0.0,0.0,-3.58351893845611,0.0,0.0,-2534.8695652173915
3203,1639,2025-09-13,Nuke,0,-1,482.0,1.1304347826086956,60.86956521739134,-43,5,0.0,0.0,0.0,0.0,2.6390573296152584,0.0,0.0,29339.130434782626
3202,1639,2025-09-13,Dust2,0,-1,482.0,1.1304347826086956,60.86956521739134,-43,5,0.0,0.0,0.0,0.0,2.9444389791664403,0.0,0.0,29339.130434782626
3201,1638,2025-09-13,Nuke,0,-1,-48.0,-0.06666666666666667,40.8,4,-7,-0.41741741741741734,-0.4859813084112149,-0.1565476190476191,0.0017857142857142794,-2.484906649788,20.03603603603603,0.03239875389408099,-1958.3999999999999
3200,1638,2025-09-13,Dust2,0,-1,-48.0,-0.06666666666666667,40.8,4,-7,-0.08653846153846155,-0.37864077669902907,-0.07118055555555558,-0.10069444444444442,-2.120263536200091,4.153846153846154,0.025242718446601937,-1958.3999999999999
3199,1638,2025-09-13,Ancient,0,1,-48.0,-0.06666666666666667,40.8,4,-7,-0.8803418803418803,-0.6557377049180327,-0.034722222222222265,0.10802469135802467,-2.2335922215070942,42.256410256410255,0.04371584699453551,-1958.3999999999999
3198,1637,2025-09-13,Nuke,0,-1,-144.0,0.0,147.30000000000004,12,-4,-0.28695064232589584,-0.24049513704686123,-0.0029761904761904656,0.03348214285714285,0.11778303565638382,41.320892494929,-0.0,-21211.200000000004
3197,1637,2025-09-13,Mirage,0,-1,-144.0,0.0,147.30000000000004,12,-4,-0.7058555825242718,-0.6139805825242718,-0.06931089743589747,0.08733974358974361,0.44183275227903884,101.64320388349515,-0.0,-21211.200000000004
3196,1637,2025-09-13,Dust2,0,1,-144.0,0.0,147.30000000000004,12,-4,0.49654008438818564,0.7454289732770745,-0.01711309523809529,-0.13020833333333331,0.11778303565638382,-71.50177215189873,0.0,-21211.200000000004
3195,1636,2025-09-13,Overpass,0,1,35.0,0.25833333333333336,-192.38181818181818,-13,4,0.0,0.0,0.0,0.0,2.0794415416798357,0.0,0.0,-6733.363636363636
3194,1636,2025-09-13,Nuke,0,-1,35.0,0.25833333333333336,-192.38181818181818,-13,4,-0.23020312040035323,0.1678321678321678,-0.11249999999999999,-0.0020833333333333814,0.4054651081081646,-8.057109214012364,0.043356643356643354,-6733.363636363636
3193,1636,2025-09-13,Mirage,0,1,35.0,0.25833333333333336,-192.38181818181818,-13,4,0.1677018633540373,0.14148351648351648,0.06730769230769229,-0.03589743589743588,0.8472978603872034,5.8695652173913055,0.03654990842490843,-6733.363636363636
3192,1635,2025-09-13,Mirage,0,1,-48.0,0.10091743119266057,176.71559633027525,2,-7,-0.5062229437229437,-0.653061224489796,-0.14186507936507936,0.03769841269841273,-1.9810014688665836,24.2987012987013,-0.06590526118704364,-8482.348623853211
3191,1635,2025-09-13,Nuke,0,-1,-48.0,0.10091743119266057,176.71559633027525,2,-7,0.0,0.0,0.0,0.0,-3.58351893845611,0.0,0.0,-8482.348623853211
3190,1635,2025-09-13,Ancient,0,1,-48.0,0.10091743119266057,176.71559633027525,2,-7,-0.11111111111111106,0.5442622950819673,-0.034722222222222265,0.08719135802469141,-1.7227665977411035,5.333333333333331,0.05492555271469396,-8482.348623853211
1447,801,2025-09-13,Nuke,1,1,-16.0,0.3821503444144954,-15.881102126385173,20,-3,0.006036684467146447,0.19851116625310172,-0.020089285714285754,0.06622023809523808,-0.5108256237659905,-0.09658695147434315,0.07586111055374599,254.09763402216277
1448,801,2025-09-13,Mirage,1,-1,-16.0,0.3821503444144954,-15.881102126385173,20,-3,0.3768663768663768,1.0804597701149425,0.010416666666666685,-0.029803240740740755,-0.5306282510621703,-6.029862029862029,0.4128980732754318,254.09763402216277
1436,796,2025-09-14,Dust2,1,1,310.0,0.7774086378737544,328.6843853820599,1,-1,0.5350383631713556,0.9735169491525424,0.07051282051282043,0.08689458689458696,-0.3364722366212125,165.8618925831202,0.756820485387691,101892.15946843856
1437,796,2025-09-14,Ancient,1,1,310.0,0.7774086378737544,328.6843853820599,1,-1,-0.08260869565217388,-0.7719298245614035,0.0625,0.0,0.6061358035703157,-25.608695652173903,-0.6001049134464068,101892.15946843856
1421,789,2025-09-14,Ancient,1,1,45.0,0.0,0.0,-999,2,0.0,0.0,0.0,0.0,1.3862943611198906,0.0,0.0,0.0
1422,789,2025-09-14,Nuke,1,1,45.0,0.0,0.0,-999,2,0.0,0.0,0.0,0.0,1.0986122886681098,0.0,0.0,0.0
1423,790,2025-09-14,Dust2,1,1,-12.0,-0.06268852459016394,-290.52,1,0,0.7301387137452712,0.46644844517184947,0.25972222222222224,-0.024999999999999967,-0.15415067982725827,-8.761664564943255,-0.029240964825199223,3486.24
1424,790,2025-09-14,Inferno,1,1,-12.0,-0.06268852459016394,-290.52,1,0,-0.021324354657688005,0.1525704809286899,-0.06101190476190471,-0.042410714285714246,0.11778303565638382,0.25589225589225606,-0.009564418345431315,3486.24
1425,791,2025-09-14,Overpass,1,1,41.0,-0.8,-144.0,-106,7,0.0,0.0,0.0,0.0,1.9459101490553132,0.0,0.0,-5904.0
1426,791,2025-09-14,Ancient,1,1,41.0,-0.8,-144.0,-106,7,0.0,0.0,0.0,0.0,2.995732273553991,0.0,0.0,-5904.0
1427,792,2025-09-14,Inferno,1,1,321.0,-0.4030947775628627,569.6839458413926,1,-2,-1.1268737141177625,-1.3414634146341464,-0.1330357142857143,0.16815476190476192,-0.9650808960435873,-361.72646223180175,0.5407368967306695,182868.54661508705
1428,792,2025-09-14,Ancient,1,1,321.0,-0.4030947775628627,569.6839458413926,1,-2,0.525,0.0,0.061553030303030276,0.004734848484848453,-0.8754687373539001,168.525,0.0,182868.54661508705
1429,793,2025-09-14,Ancient,1,-1,-191.0,-0.24119987756351385,-135.28083868992957,0,0,-0.8673163418290855,-1.2,-0.04608585858585862,0.12626262626262624,-0.5389965007326871,165.6574212893553,0.2894398530762166,25838.640189776546
1430,793,2025-09-14,Train,1,-1,-191.0,-0.24119987756351385,-135.28083868992957,0,0,-0.12403100775193807,0.0,-0.125,0.027777777777777735,-0.4054651081081644,23.689922480620172,0.0,25838.640189776546
1431,794,2025-09-14,Inferno,1,1,45.0,0.38095238095238093,-381.0,-84,2,0.0,0.0,0.0,0.0,1.0986122886681098,0.0,0.0,-17145.0
1432,794,2025-09-14,Overpass,1,1,45.0,0.38095238095238093,-381.0,-84,2,0.0,0.0,0.0,0.0,0.0,0.0,0.0,-17145.0
1433,795,2025-09-14,Nuke,1,1,-109.0,0.3433001107419712,-282.920265780731,1,-1,0.13594771241830067,0.34182229767968303,-0.0813492063492064,-0.011243386243386166,0.40546510810816416,-14.818300653594774,0.11734763264751023,30838.308970099675
1434,795,2025-09-14,Ancient,1,-1,-109.0,0.3433001107419712,-282.920265780731,1,-1,-0.9097140618879751,-0.7752577319587629,-0.09090909090909088,0.011363636363636354,0.0,99.15883274578928,-0.2661460652350127,30838.308970099675
1435,795,2025-09-14,Dust2,1,-1,-109.0,0.3433001107419712,-282.920265780731,1,-1,0.059523809523809534,0.19047619047619047,0.0347222222222221,0.14351851851851855,-0.35667494393873267,-6.488095238095239,0.06539049728418499,30838.308970099675
1420,788,2025-09-14,Mirage,1,1,300.0,-0.37409523809523815,240.50285714285715,0,-2,-1.0803921568627453,-2.0,-0.0929487179487179,0.16483516483516486,0.5596157879354227,-324.1176470588236,0.7481904761904763,72150.85714285714
1419,788,2025-09-14,Inferno,1,1,300.0,-0.37409523809523815,240.50285714285715,0,-2,0.09389671361502333,0.9230769230769231,-0.04609500805152983,-0.02033011272141705,-0.8754687373538999,28.169014084506998,-0.3453186813186814,72150.85714285714
1418,787,2025-09-14,Overpass,1,1,-41.0,-0.3376146788990826,135.86238532110093,2,-6,-1.6,-1.6,-0.13888888888888895,0.20833333333333331,-1.252762968495368,65.60000000000001,0.5401834862385322,-5570.357798165138
1417,787,2025-09-14,Mirage,1,-1,-41.0,-0.3376146788990826,135.86238532110093,2,-6,-0.4775906365972025,-1.1666666666666667,0.04777298850574713,0.1346982758620689,-1.7917594692280552,19.581216100485303,0.3938837920489297,-5570.357798165138
3187,1633,2025-09-14,Mirage,0,1,35.0,0.0,0.0,-998,6,0.0,0.0,0.0,0.0,2.70805020110221,0.0,0.0,0.0
3186,1633,2025-09-14,Nuke,0,1,35.0,0.0,0.0,-998,6,0.0,0.0,0.0,0.0,2.302585092994046,0.0,0.0,0.0
3185,1632,2025-09-14,Nuke,0,-1,69.0,0.3313131313131314,-197.27272727272725,-25,3,1.2850678733031673,1.2367149758454106,0.3353174603174603,-0.14880952380952378,2.3978952727983707,88.66968325791855,0.4097399111891866,-13611.81818181818
3184,1632,2025-09-14,Dust2,0,1,69.0,0.3313131313131314,-197.27272727272725,-25,3,1.4497354497354498,1.3540372670807455,0.0,-0.3267543859649123,2.3025850929940455,100.03174603174604,0.44861032687119656,-13611.81818181818
3183,1632,2025-09-14,Ancient,0,-1,69.0,0.3313131313131314,-197.27272727272725,-25,3,0.0,0.0,0.0,0.0,2.772588722239781,0.0,0.0,-13611.81818181818
3189,1634,2025-09-14,Dust2,0,1,41.0,-0.2444444444444444,-39.666666666666664,-6,6,-0.7808105872622001,-1.3112582781456954,-0.1341911764705882,-0.012254901960784326,1.2809338454620642,-32.013234077750205,0.32052980132450326,-1626.3333333333333
3188,1634,2025-09-14,Overpass,0,1,41.0,-0.2444444444444444,-39.666666666666664,-6,6,-0.4,-0.4,-0.02777777777777768,0.16666666666666666,1.252762968495368,-16.400000000000002,0.09777777777777777,-1626.3333333333333
1411,785,2025-09-14,Dust2,1,1,8.0,0.4297520661157025,-23.132231404958702,0,0,-0.024844720496894457,-0.8,-0.030934343434343425,-0.030934343434343425,0.08004270767353638,-0.19875776397515565,-0.34380165289256204,-185.05785123966962
1412,785,2025-09-14,Mirage,1,-1,8.0,0.4297520661157025,-23.132231404958702,0,0,0.7411717495987159,0.790273556231003,0.08749999999999997,-0.08055555555555555,0.45198512374305744,5.929373996789727,0.3396216935868773,-185.05785123966962
1413,785,2025-09-14,Nuke,1,-1,8.0,0.4297520661157025,-23.132231404958702,0,0,0.396072374227714,0.6029850746268657,0.007575757575757569,0.008838383838383812,-0.18232155679395445,3.168578993821712,0.2591340816578266,-185.05785123966962
1414,786,2025-09-14,Inferno,1,1,335.0,-0.5531914893617021,-551.5106382978723,0,-1,-0.6252503523477488,-0.6927476549988562,-0.12531565656565657,0.03819444444444442,0.5705448584676129,-209.45886803649586,0.38322210702064385,-184756.06382978722
1415,786,2025-09-14,Overpass,1,1,335.0,-0.5531914893617021,-551.5106382978723,0,-1,0.0,0.0,0.0,0.0,-0.6931471805599453,0.0,0.0,-184756.06382978722
1416,787,2025-09-14,Ancient,1,1,-41.0,-0.3376146788990826,135.86238532110093,2,-6,-0.0071824031123747245,-0.3055555555555556,-0.029385964912280682,-0.03640350877192983,-1.203972804325936,0.2944785276073637,0.10316004077471969,-5570.357798165138
1400,778,2025-09-15,Dust2,1,1,-125.0,0.019954648526077173,168.76643990929708,0,-4,-0.30427166150114543,-0.4017021276595744,-0.0060916179337232035,0.0567738791423002,-0.693147180559945,38.03395768764318,-0.00801582476962419,-21095.804988662134
1398,777,2025-09-15,Inferno,1,-1,126.0,0.07022900763358778,61.93893129770993,0,0,0.055702450202714665,-0.055555555555555525,-0.05238095238095242,0.005357142857142838,0.3184537311185349,7.0185087255420475,-0.0039016115351993186,7804.305343511451
1397,777,2025-09-15,Mirage,1,-1,126.0,0.07022900763358778,61.93893129770993,0,0,-0.06722689075630253,0.10714285714285715,0.0045787545787545625,-0.043040293040293054,0.5596157879354227,-8.47058823529412,0.00752453653217012,7804.305343511451
1399,778,2025-09-15,Inferno,1,1,-125.0,0.019954648526077173,168.76643990929708,0,-4,0.5116279069767441,1.0348258706467661,0.05235507246376819,-0.031159420289855078,-0.7801585575495751,-63.95348837209301,0.020649586534448018,-21095.804988662134
1402,779,2025-09-15,Dust2,1,1,220.0,-5.551115123125783e-17,179.90555555555545,0,-2,-0.5376344086021505,-1.5294117647058822,-0.03750000000000003,0.08437499999999998,-0.2006706954621511,-118.2795698924731,8.489940776545314e-17,39579.2222222222
1401,779,2025-09-15,Nuke,1,1,220.0,-5.551115123125783e-17,179.90555555555545,0,-2,0.36375,1.0277777777777777,0.04062499999999991,-0.04999999999999999,-0.2006706954621511,80.025,-5.705312765434832e-17,39579.2222222222
3182,1631,2025-09-15,Train,0,1,48.0,-0.04999999999999999,-99.375,-1,3,0.0,0.0,0.0,0.0,3.258096538021482,0.0,0.0,-4770.0
1405,781,2025-09-15,Overpass,1,1,24.0,0.5296442687747036,92.9130434782609,0,0,-0.9090909090909092,-0.9090909090909092,-0.10416666666666669,0.14583333333333331,0.0,-21.81818181818182,-0.4814947897951851,2229.913043478262
1406,781,2025-09-15,Inferno,1,-1,24.0,0.5296442687747036,92.9130434782609,0,0,0.674342105263158,0.6400123494905836,0.17245370370370366,0.04976851851851849,0.26236426446749084,16.18421052631579,0.3389788728527202,2229.913043478262
1407,781,2025-09-15,Dust2,1,-1,24.0,0.5296442687747036,92.9130434782609,0,0,-0.6029009880176582,-0.5786855197695733,-0.08432539682539686,0.14980158730158732,0.13353139262452252,-14.469623712423797,-0.30649746896886493,2229.913043478262
1408,782,2025-09-15,Ancient,1,1,-4.0,-0.345756623259991,196.57712168837,0,0,0.48172043010752696,1.1666666666666667,0.0,-0.020833333333333315,-1.2237754316221159,-1.9268817204301079,-0.4033827271366562,-786.30848675348
1409,782,2025-09-15,Dust2,1,-1,-4.0,-0.345756623259991,196.57712168837,0,0,-0.17442943642291575,0.2709677419354839,-0.0966117216117216,0.04395604395604402,-0.5596157879354227,0.697717745691663,-0.09368889146399757,-786.30848675348
1410,782,2025-09-15,Mirage,1,1,-4.0,-0.345756623259991,196.57712168837,0,0,-0.07276507276507277,0.3010752688172043,0.03503787878787884,0.06534090909090906,-0.8754687373539001,0.2910602910602911,-0.10409876829333063,-786.30848675348
1404,780,2025-09-15,Ancient,1,-1,-58.0,-0.36549165120593696,-501.8886827458256,0,-2,0.09924812030075181,-0.7714285714285714,0.06597222222222227,-0.00520833333333337,0.3677247801253172,-5.756390977443605,0.2819507023588656,29109.543599257882
1403,780,2025-09-15,Train,1,-1,-58.0,-0.36549165120593696,-501.8886827458256,0,-2,-0.09090909090909088,-0.09090909090909088,-0.041666666666666685,0.0625,0.0,5.272727272727272,0.03322651374599426,29109.543599257882
3181,1631,2025-09-15,Mirage,0,-1,48.0,-0.04999999999999999,-99.375,-1,3,0.08617886178861786,-0.2336283185840708,-0.022270114942528785,-0.08405172413793105,2.302585092994046,4.136585365853657,0.011681415929203538,-4770.0
3180,1631,2025-09-15,Overpass,0,1,48.0,-0.04999999999999999,-99.375,-1,3,0.0,0.0,0.0,0.0,1.6094379124341003,0.0,0.0,-4770.0
3179,1630,2025-09-15,Nuke,0,1,41.0,-0.08000000000000002,-41.300000000000004,-25,8,0.7244062244062244,1.2149532710280373,0.14236111111111105,-0.09375000000000006,2.0014800002101243,29.7006552006552,-0.097196261682243,-1693.3000000000002
3178,1630,2025-09-15,Dust2,0,1,41.0,-0.08000000000000002,-41.300000000000004,-25,8,-0.214726368159204,-1.1927710843373494,-0.034722222222222265,-0.02314814814814814,0.998528830111127,-8.803781094527364,0.09542168674698796,-1693.3000000000002
1385,773,2025-09-16,Ancient,1,-1,-12.0,0.04166666666666668,-71.13068181818184,0,0,-0.2210759027266026,-0.36363636363636365,0.01130952380952377,-0.024999999999999967,0.9162907318741551,2.6529108327192312,-0.015151515151515155,853.5681818181821
1381,771,2025-09-16,Mirage,1,1,102.0,0.2085106382978723,9.01914893617024,0,-2,-0.62354231037576,-0.37254901960784315,-0.07738095238095238,0.024859943977591004,-0.18232155679395445,-63.60131565832752,-0.07768043387567793,919.9531914893644
1382,771,2025-09-16,Nuke,1,1,102.0,0.2085106382978723,9.01914893617024,0,-2,0.19896177442189708,0.4521835268103925,-0.020261437908496716,-0.019771241830065345,0.11778303565638337,20.294100991033503,0.094285075803018,919.9531914893644
1396,776,2025-09-16,Inferno,1,1,90.0,0.19611470860314528,419.2969472710454,0,3,0.4722334274573081,0.3086948064578875,0.13589743589743597,-0.027243589743589702,0.24116205681688774,42.50100847115773,0.06053959201579294,37736.725254394085
1395,776,2025-09-16,Ancient,1,1,90.0,0.19611470860314528,419.2969472710454,0,3,0.05453852021357741,0.5986806917454092,-0.0011574074074074403,-0.01388888888888884,-0.26236426446749084,4.908466819221967,0.11741008940798037,37736.725254394085
1394,776,2025-09-16,Overpass,1,-1,90.0,0.19611470860314528,419.2969472710454,0,3,-0.5405405405405406,-0.5405405405405406,-0.05555555555555558,0.11805555555555552,-0.2876820724517808,-48.64864864864865,-0.10600795059629475,37736.725254394085
1384,772,2025-09-16,Dust2,1,1,417.0,0.1111111111111111,-36.981481481481495,0,3,0.4956828885400314,0.564935064935065,0.05624999999999997,-0.05763888888888896,0.4795730802618863,206.6997645211931,0.06277056277056277,-15421.277777777783
1393,775,2025-09-16,Dust2,1,-1,81.0,0.6287146437522377,2.636949516648798,-1,1,0.31542744841139864,0.8888888888888888,0.03125,0.0023148148148148806,-0.10536051565782634,25.54962332132329,0.5588574611131002,213.59291084855263
1392,775,2025-09-16,Inferno,1,1,81.0,0.6287146437522377,2.636949516648798,-1,1,-0.30514446793516553,-0.07801418439716312,0.02051282051282055,0.12692307692307692,0.8472978603872034,-24.716701902748408,-0.04904866015088379,213.59291084855263
1383,772,2025-09-16,Inferno,1,1,417.0,0.1111111111111111,-36.981481481481495,0,3,-0.42818200880687773,-0.7382154882154882,-0.10590277777777773,-0.02256944444444442,1.021651247531981,-178.55189767246802,-0.08202394313505425,-15421.277777777783
1390,774,2025-09-16,Ancient,1,-1,-120.0,-0.5267139479905438,-62.9352245862884,0,1,0.3551401869158879,0.30341880341880345,0.0179924242424242,-0.024936868686868674,0.08004270767353638,-42.61682242990655,-0.1598149158432847,7552.226950354608
1389,774,2025-09-16,Inferno,1,1,-120.0,-0.5267139479905438,-62.9352245862884,0,1,-0.14830214830214827,-0.19298245614035087,-0.078125,0.0,0.3677247801253172,17.79625779625779,0.10164655136659617,7552.226950354608
1388,774,2025-09-16,Mirage,1,-1,-120.0,-0.5267139479905438,-62.9352245862884,0,1,-0.09842105263157885,0.20516877637130793,0.02034313725490189,0.037990196078431404,-0.49247648509779385,11.810526315789463,-0.1080652562069206,7552.226950354608
1387,773,2025-09-16,Mirage,1,-1,-12.0,0.04166666666666668,-71.13068181818184,0,0,0.06717948717948713,-0.19385342789598115,-0.002083333333333326,-0.10000000000000003,0.4054651081081646,-0.8061538461538456,-0.00807722616233255,853.5681818181821
1386,773,2025-09-16,Inferno,1,1,-12.0,0.04166666666666668,-71.13068181818184,0,0,0.8083170890188434,0.6413502109704641,0.11979166666666669,-0.08680555555555552,1.021651247531981,-9.69980506822612,0.026722925457102677,853.5681818181821
1391,775,2025-09-16,Train,1,-1,81.0,0.6287146437522377,2.636949516648798,-1,1,1.6111111111111112,2.0,0.3020833333333333,0.03125,-0.5108256237659905,130.5,1.2574292875044755,213.59291084855263
1377,769,2025-09-17,Overpass,1,1,134.0,0.1836734693877551,51.76734693877552,0,0,-0.5360065466448446,-0.5360065466448446,-0.10416666666666663,0.052083333333333315,0.0,-71.82487725040917,-0.09845018203680819,6936.824489795919
1378,769,2025-09-17,Nuke,1,1,134.0,0.1836734693877551,51.76734693877552,0,0,0.36670975439992043,0.26666666666666666,0.033068783068783025,-0.08928571428571425,0.2363887780642302,49.13910708958934,0.0489795918367347,6936.824489795919
1380,770,2025-09-17,Dust2,1,-1,121.0,0.0,65.5,0,1,0.6473341473341474,0.48051948051948046,0.19034090909090912,-0.10416666666666669,0.2876820724517808,78.32743182743184,0.0,7925.5
1379,770,2025-09-17,Ancient,1,-1,121.0,0.0,65.5,0,1,-0.29508196721311464,-0.625,-0.01282051282051283,0.007478632478632563,0.6931471805599452,-35.70491803278687,-0.0,7925.5
3167,1624,2025-09-17,Ancient,0,1,144.0,-0.03151640402996639,-43.0379746835443,-46,6,-1.044776119402985,-1.044776119402985,0.03472222222222232,0.1875,1.252762968495368,-150.44776119402985,0.03292758629996488,-6197.468354430379
3166,1624,2025-09-17,Overpass,0,-1,144.0,-0.03151640402996639,-43.0379746835443,-46,6,1.375,1.375,0.16666666666666669,-0.16666666666666663,0.6931471805599453,198.0,-0.04333505554120379,-6197.468354430379
3177,1628,2025-09-17,Inferno,0,-1,-41.0,-1.011764705882353,57.78431372549021,2,-7,-0.9822485207100592,-0.7017543859649122,-0.22420634920634924,0.10119047619047616,-1.9924301646902063,40.27218934911242,0.7100103199174406,-2369.1568627450984
3176,1628,2025-09-17,Ancient,0,-1,-41.0,-1.011764705882353,57.78431372549021,2,-7,-1.2386363636363635,0.0,-0.04999999999999993,0.12499999999999994,-1.6582280766035324,50.78409090909091,0.0,-2369.1568627450984
3175,1628,2025-09-17,Dust2,0,1,-41.0,-1.011764705882353,57.78431372549021,2,-7,-0.09599282296650716,0.28045977011494255,0.050438596491228116,0.09502923976608196,-1.6094379124341003,3.9357057416267933,-0.28375929682217715,-2369.1568627450984
3168,1624,2025-09-17,Mirage,0,1,144.0,-0.03151640402996639,-43.0379746835443,-46,6,0.7629969418960244,-0.4036697247706422,0.16203703703703692,-0.14814814814814814,0.9162907318741553,109.87155963302752,0.012722218140536892,-6197.468354430379
3171,1626,2025-09-17,Dust2,0,-1,-35.0,-1.0,40.6,30,-7,-0.26315789473684215,-0.21495327102803738,0.0037878787878787845,0.044507575757575746,-0.8754687373539001,9.210526315789474,0.21495327102803738,-1421.0
3170,1625,2025-09-17,Ancient,0,-1,-48.0,0.03076923076923077,157.0,2,-4,0.28806584362139925,1.0161290322580645,-0.002083333333333326,0.04583333333333334,-1.5755363607584192,-13.827160493827165,0.031265508684863524,-7536.0
3169,1625,2025-09-17,Nuke,0,-1,-48.0,0.03076923076923077,157.0,2,-4,-1.4550724637681158,-1.5398230088495577,0.28009259259259256,0.49074074074074076,-2.917770732084279,69.84347826086956,-0.04737916950306332,-7536.0
3172,1626,2025-09-17,Overpass,0,-1,-35.0,-1.0,40.6,30,-7,-0.15789473684210525,-0.15789473684210525,0.02604166666666663,0.10416666666666663,-1.0986122886681098,5.526315789473684,0.15789473684210525,-1421.0
3150,1617,2025-09-18,Overpass,0,-1,-13.0,0.2,0.0,0,1,-0.023468057366362427,-0.023468057366362427,-0.0722222222222223,-0.011111111111111072,0.5108256237659909,0.30508474576271155,-0.004693611473272486,-0.0
3151,1617,2025-09-18,Dust2,0,1,-13.0,0.2,0.0,0,1,0.0603512705530643,-0.28974390696523566,0.017948717948717885,0.0173076923076923,-0.6190392084062237,-0.7845665171898359,-0.057948781393047134,-0.0
3152,1618,2025-09-18,Inferno,0,1,-144.0,0.0,0.0,30,-8,0.0,0.0,0.0,0.0,-2.0794415416798357,0.0,0.0,0.0
3153,1618,2025-09-18,Dust2,0,-1,-144.0,0.0,0.0,30,-8,0.0,0.0,0.0,0.0,-2.1972245773362196,0.0,0.0,0.0
3154,1618,2025-09-18,Ancient,0,1,-144.0,0.0,0.0,30,-8,0.0,0.0,0.0,0.0,-2.1972245773362196,0.0,0.0,0.0
3156,1619,2025-09-18,Nuke,0,1,37.0,1.0,143.20000000000005,5,0,1.4427860696517412,1.4473684210526316,0.49801587301587297,-0.10317460317460314,2.3978952727983707,53.383084577114424,1.4473684210526316,5298.4000000000015
3165,1623,2025-09-18,Train,0,-1,482.0,0.0,0.0,-997,7,0.0,0.0,0.0,0.0,2.5649493574615367,0.0,0.0,0.0
3149,1617,2025-09-18,Nuke,0,1,-13.0,0.2,0.0,0,1,-0.6199826149204885,-0.6325818572195385,-0.11140350877192978,-0.0399122807017544,-1.2656663733312756,8.059773993966349,-0.1265163714439077,-0.0
3158,1620,2025-09-18,Dust2,0,1,-35.0,-0.06666666666666665,41.00000000000001,30,-9,0.0,0.0,0.0,0.0,-2.6390573296152584,0.0,0.0,-1435.0000000000002
3159,1620,2025-09-18,Mirage,0,1,-35.0,-0.06666666666666665,41.00000000000001,30,-9,0.4625850340136054,0.0,0.033333333333333326,0.08333333333333331,-2.0794415416798357,-16.19047619047619,0.0,-1435.0000000000002
3160,1621,2025-09-18,Ancient,0,1,144.0,0.9333333333333333,-45.89247311827957,-8,7,0.0,0.0,0.0,0.0,2.1972245773362196,0.0,0.0,-6608.516129032258
3155,1619,2025-09-18,Mirage,0,1,37.0,1.0,143.20000000000005,5,0,0.7096774193548387,0.6415094339622642,-0.2303921568627451,-0.33088235294117646,2.197224577336219,26.258064516129032,0.6415094339622642,5298.4000000000015
3157,1620,2025-09-18,Ancient,0,-1,-35.0,-0.06666666666666665,41.00000000000001,30,-9,0.0,0.0,0.0,0.0,-2.5649493574615367,0.0,0.0,-1435.0000000000002
3161,1621,2025-09-18,Inferno,0,1,144.0,0.9333333333333333,-45.89247311827957,-8,7,-0.25641025641025644,0.0,0.04563492063492064,0.0535714285714286,0.6931471805599452,-36.92307692307693,0.0,-6608.516129032258
3163,1622,2025-09-18,Ancient,0,-1,-48.0,-0.37073170731707317,163.9390243902439,30,-8,-0.9019607843137255,-0.6976744186046511,-0.0977011494252874,0.1034482758620689,-2.014903020542265,43.294117647058826,0.2586500283607487,-7869.073170731707
1368,764,2025-09-18,Ancient,1,-1,464.0,-0.3836990595611285,10.36489028213164,0,0,-0.44091360476663355,-0.4460028050490884,-0.03750000000000003,0.016666666666666663,0.4054651081081646,-204.58391261171798,0.17113085685896054,4809.309090909081
1369,764,2025-09-18,Nuke,1,1,464.0,-0.3836990595611285,10.36489028213164,0,0,-0.08899117759877254,0.8333333333333333,-0.052083333333333315,-0.11979166666666663,0.5877866649021193,-41.29190640583046,-0.3197492163009404,4809.309090909081
1370,764,2025-09-18,Inferno,1,1,464.0,-0.3836990595611285,10.36489028213164,0,0,0.8872810357958874,1.1538461538461537,0.13194444444444442,-0.06597222222222221,1.1786549963416462,411.69840060929175,-0.4427296841089944,4809.309090909081
1371,765,2025-09-18,Inferno,1,1,-11.0,-1.2727272727272727,14.571428571428571,4,-1,-1.6266666666666667,-2.0,-0.09722222222222221,0.2361111111111111,0.9162907318741553,17.893333333333334,2.5454545454545454,-160.28571428571428
1372,765,2025-09-18,Train,1,1,-11.0,-1.2727272727272727,14.571428571428571,4,-1,0.0,0.0,0.0,0.0,3.044522437723423,0.0,0.0,-160.28571428571428
3164,1623,2025-09-18,Nuke,0,-1,482.0,0.0,0.0,-997,7,0.0,0.0,0.0,0.0,2.70805020110221,0.0,0.0,0.0
1374,766,2025-09-18,Train,1,1,48.0,-0.13599999999999998,-74.05600000000001,3,4,0.23342175066312992,-0.4646464646464646,0.01686507936507936,-0.0942460317460318,1.3217558399823195,11.204244031830235,0.06319191919191917,-3554.6880000000006
1375,767,2025-09-18,Train,1,-1,-322.0,-0.3152709359605912,54.65517241379311,12,-2,-0.864516129032258,-0.6464646464646464,-0.12570028011204487,0.07247899159663873,-0.8109302162163288,278.3741935483871,0.20381151415634177,-17598.96551724138
1376,767,2025-09-18,Inferno,1,-1,-322.0,-0.3152709359605912,54.65517241379311,12,-2,-0.16592592592592595,-0.9545454545454546,0.0284586056644881,0.014297385620914982,-0.054067221270275745,53.42814814814815,0.3009404388714734,-17598.96551724138
3162,1622,2025-09-18,Nuke,0,-1,-48.0,-0.37073170731707317,163.9390243902439,30,-8,-1.5067750677506773,0.0,-0.22807017543859648,0.11842105263157893,-2.2772672850097555,72.32520325203251,0.0,-7869.073170731707
1373,766,2025-09-18,Ancient,1,1,48.0,-0.13599999999999998,-74.05600000000001,3,4,-1.0461538461538462,-1.0810810810810811,-0.08611111111111108,0.125,1.6739764335716714,-50.21538461538462,0.14702702702702702,-3554.6880000000006
1358,760,2025-09-19,Mirage,1,-1,288.0,0.07659574468085106,166.38723404255322,2,-2,-0.6378364587319811,-1.0283687943262412,-0.07936507936507936,0.06051587301587308,0.7621400520468968,-183.69690011481057,-0.07876867360796741,47919.52340425533
1367,763,2025-09-19,Ancient,1,-1,-163.0,-0.1505102040816327,71.42474489795916,0,3,-0.05015576323987547,0.19151846785225712,-0.0215277777777777,-0.04791666666666666,-0.16705408466316607,8.175389408099702,-0.028825483681844833,-11642.233418367343
1366,763,2025-09-19,Dust2,1,1,-163.0,-0.1505102040816327,71.42474489795916,0,3,0.2020472440944885,0.27527188447138534,0.032738095238095344,-0.06964285714285717,0.3101549283038394,-32.93370078740163,-0.04143122750972383,-11642.233418367343
1365,763,2025-09-19,Mirage,1,-1,-163.0,-0.1505102040816327,71.42474489795916,0,3,-0.550278293135436,-0.6615989515072084,-0.0018518518518517713,0.030555555555555614,-0.5465437063680696,89.69536178107606,0.09957739321154416,-11642.233418367343
1364,762,2025-09-19,Inferno,1,1,59.0,0.006349206349206327,66.80000000000004,0,-1,0.9066666666666666,0.4067796610169492,0.2662037037037037,-0.11111111111111105,1.5581446180465497,53.49333333333333,0.002582728006456811,3941.2000000000025
1363,762,2025-09-19,Mirage,1,1,59.0,0.006349206349206327,66.80000000000004,0,-1,0.3184110970996218,0.06382978723404256,0.040277777777777746,-0.006250000000000033,1.0986122886681098,18.786254728877687,0.00040526849037487197,3941.2000000000025
1362,762,2025-09-19,Ancient,1,-1,59.0,0.006349206349206327,66.80000000000004,0,-1,0.02564102564102566,-1.2307692307692308,0.07500000000000001,0.11805555555555564,1.01160091167848,1.512820512820514,-0.007814407814407787,3941.2000000000025
1361,761,2025-09-19,Nuke,1,1,45.0,0.021256038647342986,-232.11980676328508,1,2,0.463980463980464,0.6703296703296704,-0.1111111111111111,-0.3680555555555555,-0.5596157879354227,20.87912087912088,0.014248553378988157,-10445.39130434783
1360,761,2025-09-19,Ancient,1,1,45.0,0.021256038647342986,-232.11980676328508,1,2,-0.3823529411764705,-0.5477338476374156,0.00347222222222221,0.00347222222222221,-0.33647223662121295,-17.205882352941174,-0.011642651833838781,-10445.39130434783
3148,1616,2025-09-19,Nuke,0,1,35.0,0.35963302752293586,-59.5724770642202,-1,10,0.5433436532507739,1.0163934426229508,-0.0034722222222222654,-0.0798611111111111,0.9555114450274365,19.017027863777088,0.3655286509249512,-2085.0366972477073
3147,1616,2025-09-19,Overpass,0,1,35.0,0.35963302752293586,-59.5724770642202,-1,10,0.0,0.0,0.0,0.0,2.3978952727983707,0.0,0.0,-2085.0366972477073
3144,1615,2025-09-19,Mirage,0,-1,41.0,0.0,0.0,-999,11,0.0,0.0,0.0,0.0,3.4339872044851463,0.0,0.0,0.0
3146,1616,2025-09-19,Train,0,-1,35.0,0.35963302752293586,-59.5724770642202,-1,10,0.46153846153846156,1.0,0.07986111111111105,-0.0625,0.2231435513142097,16.153846153846153,0.35963302752293586,-2085.0366972477073
3145,1615,2025-09-19,Ancient,0,-1,41.0,0.0,0.0,-999,11,0.0,0.0,0.0,0.0,3.1354942159291497,0.0,0.0,0.0
3143,1614,2025-09-19,Default,0,1,-35.0,-0.32941176470588235,171.3294117647059,30,-12,0.0,0.0,0.0,0.0,-1.3862943611198906,0.0,0.0,-5996.529411764706
3142,1613,2025-09-19,Nuke,0,-1,41.0,0.45454545454545453,-39.0,-2,10,0.5183933027449086,1.3508771929824561,0.109009009009009,-0.008783783783783805,1.8458266904983307,21.254125412541253,0.6140350877192983,-1599.0
3141,1613,2025-09-19,Ancient,0,1,41.0,0.45454545454545453,-39.0,-2,10,0.43059564418787727,0.8985507246376812,0.08806818181818177,-0.03314393939393939,1.5260563034950494,17.65442141170297,0.40843214756258234,-1599.0
3140,1613,2025-09-19,Dust2,0,-1,41.0,0.45454545454545453,-39.0,-2,10,0.2650265585686329,0.265527950310559,-0.002083333333333326,-0.05833333333333335,1.252762968495368,10.866088901313947,0.12069452286843589,-1599.0
3139,1612,2025-09-19,Train,0,1,-35.0,0.22222222222222227,225.11111111111117,0,-10,0.0,0.0,-0.03125,0.0625,-0.5108256237659905,-0.0,0.0,-7878.888888888891
3138,1612,2025-09-19,Nuke,0,1,-35.0,0.22222222222222227,225.11111111111117,0,-10,0.008870214752567676,-0.3021077283372366,0.06250000000000006,0.19097222222222215,-0.6190392084062235,-0.3104575163398687,-0.06713505074160814,-7878.888888888891
1359,760,2025-09-19,Inferno,1,-1,288.0,0.07659574468085106,166.38723404255322,2,-2,1.2299917491749177,1.7333333333333334,0.09301346801346805,-0.13131313131313138,0.18232155679395445,354.2376237623763,0.13276595744680852,47919.52340425533
1352,750,2025-09-20,Nuke,1,1,72.0,-0.09230769230769226,-316.6923076923076,0,5,-0.6422674738580078,-1.4634146341463414,-0.1555555555555556,0.021296296296296258,0.47000362924573524,-46.243258117776556,0.13508442776735452,-22801.84615384615
1347,748,2025-09-20,Ancient,1,-1,-14.0,0.27222222222222225,-77.58333333333334,0,3,0.2189638318670577,1.2727272727272727,0.011363636363636409,-0.13106060606060604,-0.6931471805599454,-3.065493646138808,0.3464646464646465,1086.1666666666667
1348,749,2025-09-20,Train,1,-1,-69.0,-0.1627906976744186,-8.20930232558139,30,-4,-0.5324074074074074,-0.7916666666666666,-0.01388888888888884,0.0,-0.9162907318741553,36.736111111111114,0.12887596899224804,566.441860465116
1349,749,2025-09-20,Inferno,1,-1,-69.0,-0.1627906976744186,-8.20930232558139,30,-4,-0.2938470385278896,-0.5833333333333333,0.1479166666666667,0.12291666666666662,-0.7884573603642704,20.275445658424385,0.0949612403100775,566.441860465116
1350,749,2025-09-20,Overpass,1,-1,-69.0,-0.1627906976744186,-8.20930232558139,30,-4,0.0,0.0,0.0,0.0,0.0,0.0,0.0,566.441860465116
1351,750,2025-09-20,Train,1,1,72.0,-0.09230769230769226,-316.6923076923076,0,5,-0.4408720009743028,-0.5798319327731092,-0.03926282051282043,0.11818910256410253,0.44183275227903884,-31.742784070149803,0.05352294764059466,-22801.84615384615
1353,751,2025-09-20,Nuke,1,-1,-416.0,0.3753501400560224,-72.93557422969187,0,5,0.5668035081171862,0.49047224523612265,0.05733618233618226,-0.08315527065527067,0.9932517730102832,-235.79025937674945,0.18409882594297042,30341.198879551815
1346,748,2025-09-20,Mirage,1,-1,-14.0,0.27222222222222225,-77.58333333333334,0,3,-1.3333333333333335,-1.2542372881355932,-0.1686507936507936,0.12698412698412692,-1.9924301646902063,18.666666666666668,-0.34143126177024485,1086.1666666666667
1354,751,2025-09-20,Inferno,1,-1,-416.0,0.3753501400560224,-72.93557422969187,0,5,-0.3874269005847955,-0.05128205128205132,-0.14886039886039887,-0.06196581196581197,-0.3364722366212125,161.16959064327494,-0.019248725131078087,30341.198879551815
3136,1611,2025-09-20,Train,0,1,37.0,0.29493087557603687,-16.311827956989248,1,1,-0.5271317829457365,0.0,0.0932539682539682,0.05059523809523808,0.7621400520468968,-19.50387596899225,0.0,-603.5376344086021
3135,1610,2025-09-20,Nuke,0,-1,144.0,0.5755725190839694,-125.22137404580154,-1,6,1.0329670329670328,1.0329670329670328,-0.27604166666666663,-0.37499999999999994,1.0986122886681098,148.74725274725273,0.5945474372955288,-18031.877862595422
3134,1610,2025-09-20,Ancient,0,-1,144.0,0.5755725190839694,-125.22137404580154,-1,6,0.3194328607172644,0.09915314043754413,0.1527777777777778,0.04398148148148151,0.35667494393873267,45.998331943286075,0.05706982281672387,-18031.877862595422
3133,1610,2025-09-20,Mirage,0,1,144.0,0.5755725190839694,-125.22137404580154,-1,6,0.6271186440677966,0.8163078332569857,0.10625000000000007,-0.15833333333333333,0.7884573603642704,90.30508474576271,0.4698443559357002,-18031.877862595422
1355,752,2025-09-20,Dust2,1,1,241.0,-0.1833333333333333,-29.58749999999999,0,-1,0.44232977850697297,0.299722479185939,0.1902356902356902,0.06818181818181818,0.18232155679395445,106.60147662018049,-0.054949121184088796,-7130.587499999998
1356,752,2025-09-20,Mirage,1,-1,241.0,-0.1833333333333333,-29.58749999999999,0,-1,0.1146341463414633,-0.05591397849462354,-0.015977443609022535,-0.03477443609022557,0.9162907318741551,27.626829268292653,0.010250896057347646,-7130.587499999998
1357,752,2025-09-20,Ancient,1,1,241.0,-0.1833333333333333,-29.58749999999999,0,-1,-0.33094098883572554,-0.41237113402061853,-0.005952380952380931,0.022893772893772868,0.5596157879354227,-79.75677830940985,0.07560137457044672,-7130.587499999998
3137,1611,2025-09-20,Nuke,0,1,37.0,0.29493087557603687,-16.311827956989248,1,1,-0.5233644859813085,-0.509090909090909,-0.0018939393939393367,0.09469696969696972,2.4423470353692043,-19.364485981308412,-0.15014662756598238,-603.5376344086021
1345,748,2025-09-20,Inferno,1,1,-14.0,0.27222222222222225,-77.58333333333334,0,3,0.4383838383838383,0.7147147147147146,-0.016995614035087647,-0.0942982456140351,-1.3862943611198906,-6.1373737373737365,0.1945612278945612,1086.1666666666667
1343,747,2025-09-21,Train,1,1,-11.0,-0.39130434782608703,116.47554347826089,-1,5,1.0952380952380953,1.1020408163265305,0.08368055555555554,-0.13020833333333331,0.5753641449035616,-12.04761904761905,-0.43123336291038156,-1281.2309782608697
3129,1608,2025-09-21,Ancient,0,-1,-41.0,0.4,48.0,9,-11,0.0,0.0,0.0,0.0,-3.2188758248682006,0.0,0.0,-1968.0
1342,746,2025-09-21,Inferno,1,1,416.0,0.4765756656555444,-144.56420626895857,1,-6,0.717197817973012,1.5,0.15952380952380957,0.0357142857142857,0.3101549283038394,298.354292276773,0.7148634984833165,-60138.709807886764
1344,747,2025-09-21,Dust2,1,1,-11.0,-0.39130434782608703,116.47554347826089,-1,5,-0.15173505739543475,-0.4848484848484848,-0.03203781512605047,0.020308123249299703,0.18232155679395445,1.6690856313497822,0.18972332015810278,-1281.2309782608697
1341,746,2025-09-21,Nuke,1,1,416.0,0.4765756656555444,-144.56420626895857,1,-6,-0.31652120182281607,-0.11386861313868613,-0.0432098765432099,0.07098765432098769,-0.9343092373768331,-131.67281995829148,-0.05426701010384301,-60138.709807886764
1338,745,2025-09-21,Nuke,1,-1,-172.0,0.2,-74.00000000000001,0,-3,0.48999999999999994,0.5460992907801419,0.10156249999999994,-0.13802083333333331,-0.6359887667199966,-84.27999999999999,0.10921985815602837,12728.000000000002
1339,745,2025-09-21,Overpass,1,1,-172.0,0.2,-74.00000000000001,0,-3,0.0,0.0,-0.125,-0.2916666666666667,0.0,-0.0,0.0,12728.000000000002
3130,1608,2025-09-21,Nuke,0,-1,-41.0,0.4,48.0,9,-11,-0.10303030303030304,-0.09219858156028367,0.017628205128205177,0.13194444444444442,-2.5902671654458267,4.224242424242425,-0.036879432624113466,-1968.0
3131,1609,2025-09-21,Dust2,0,1,144.0,0.43529411764705883,-101.01176470588236,-35,10,-1.087378640776699,0.0,-0.12268518518518517,0.034722222222222265,1.2039728043259361,-156.58252427184465,0.0,-14545.69411764706
3132,1609,2025-09-21,Mirage,0,1,144.0,0.43529411764705883,-101.01176470588236,-35,10,1.6615384615384616,1.6615384615384616,0.1123737373737374,-0.21590909090909088,1.0986122886681098,239.26153846153846,0.7232579185520362,-14545.69411764706
3127,1607,2025-09-21,Nuke,0,-1,37.0,0.2562647754137116,-79.44964539007091,-1,0,0.6989374262101534,0.695040710584752,-0.13541666666666663,-0.2881944444444445,1.83258146374831,25.860684769775677,0.17811445160138803,-2939.6368794326236
3122,1605,2025-09-21,Mirage,0,-1,37.0,-0.09929078014184392,-126.38297872340425,-3,3,0.0,0.0,0.0,0.0,2.9444389791664403,0.0,0.0,-4676.170212765957
3121,1605,2025-09-21,Ancient,0,1,37.0,-0.09929078014184392,-126.38297872340425,-3,3,-0.8076923076923077,-0.6942148760330579,-0.062499999999999944,0.0234375,2.1400661634962708,-29.884615384615387,0.06892913662739578,-4676.170212765957
3120,1605,2025-09-21,Nuke,0,-1,37.0,-0.09929078014184392,-126.38297872340425,-3,3,0.0,0.0,0.0,0.0,3.2188758248682006,0.0,0.0,-4676.170212765957
3119,1604,2025-09-21,Ancient,0,1,-48.0,-1.0226415094339623,178.3679245283019,6,-8,0.05862977602108034,-0.24456521739130443,0.05277777777777781,-0.04305555555555557,-1.6422277352570913,-2.8142292490118566,0.2501025430680887,-8561.66037735849
3118,1604,2025-09-21,Overpass,0,1,-48.0,-1.0226415094339623,178.3679245283019,6,-8,0.0,0.0,0.0,0.0,-1.9459101490553132,0.0,0.0,-8561.66037735849
3123,1606,2025-09-21,Ancient,0,-1,41.0,-0.2,-37.91176470588234,-13,12,0.0,0.0,0.0,0.0,3.2188758248682006,0.0,0.0,-1554.382352941176
3126,1607,2025-09-21,Ancient,0,1,37.0,0.2562647754137116,-79.44964539007091,-1,0,0.19230769230769232,0.08703512396694216,0.03273809523809529,-0.006324404761904767,0.7537718023763804,7.115384615384616,0.02230403649649298,-2939.6368794326236
3125,1606,2025-09-21,Nuke,0,-1,41.0,-0.2,-37.91176470588234,-13,12,-0.16012759170653906,-0.9078014184397163,-0.10096153846153849,-0.13194444444444442,2.5902671654458267,-6.565231259968102,0.18156028368794327,-1554.382352941176
1336,745,2025-09-21,Mirage,1,-1,-172.0,0.2,-74.00000000000001,0,-3,0.5550925925925925,0.2015503875968993,0.08749999999999997,-0.05138888888888882,0.27193371548364187,-95.4759259259259,0.040310077519379865,12728.000000000002
1337,745,2025-09-21,Inferno,1,1,-172.0,0.2,-74.00000000000001,0,-3,-0.22335115864527633,-0.39829023894611454,0.10351851851851845,0.0935185185185185,-0.9555114450274362,38.41639928698753,-0.07965804778922292,12728.000000000002
3128,1607,2025-09-21,Train,0,1,37.0,0.2562647754137116,-79.44964539007091,-1,0,0.943661971830986,0.0,0.04722222222222222,-0.055555555555555525,2.0794415416798357,34.91549295774648,0.0,-2939.6368794326236
1340,745,2025-09-21,Dust2,1,-1,-172.0,0.2,-74.00000000000001,0,-3,0.14485910129474486,0.2663063968832474,0.04464285714285715,0.08829365079365087,-0.5260930958967793,-24.915765422696115,0.053261279376649484,12728.000000000002
3124,1606,2025-09-21,Dust2,0,1,41.0,-0.2,-37.91176470588234,-13,12,-0.1842424242424242,-0.3119617224880383,-0.009920634920634885,-0.06944444444444442,1.9924301646902063,-7.553939393939393,0.06239234449760766,-1554.382352941176
3117,1603,2025-09-22,Default,0,1,35.0,-0.7333333333333334,-80.9,2,11,0.0,0.0,0.0,0.0,1.6094379124341003,0.0,0.0,-2831.5
3116,1602,2025-09-22,Mirage,0,1,48.0,0.17241379310344832,-107.67241379310344,-11,9,0.36880387931034486,0.5203252032520325,0.09166666666666673,0.06388888888888888,2.0476928433652555,17.702586206896555,0.08971124194000561,-5168.275862068966
3115,1602,2025-09-22,Train,0,1,48.0,0.17241379310344832,-107.67241379310344,-11,9,0.0,0.0,0.0,0.0,3.295836866004329,0.0,0.0,-5168.275862068966
3114,1601,2025-09-22,Mirage,0,-1,37.0,0.3090909090909091,-40.0,-6,4,-0.7078109932497588,-1.2985074626865671,-0.16374269005847952,-0.050438596491228116,1.0498221244986776,-26.189006750241077,-0.4013568521031207,-1480.0
3113,1601,2025-09-22,Nuke,0,1,37.0,0.3090909090909091,-40.0,-6,4,1.0316205533596838,1.3137254901960784,0.2033333333333333,-0.08666666666666673,1.4663370687934272,38.169960474308304,0.40606060606060607,-1480.0
3112,1601,2025-09-22,Dust2,0,-1,37.0,0.3090909090909091,-40.0,-6,4,0.274932614555256,-0.14285714285714285,0.011904761904761918,-0.05456349206349198,0.485507815781701,10.172506738544474,-0.04415584415584415,-1480.0
1335,744,2025-09-23,Default,1,1,464.0,0.0,0.0,-997,4,0.0,0.0,0.0,0.0,0.0,0.0,0.0,0.0
1334,743,2025-09-24,Dust2,1,-1,69.0,0.0,0.0,-995,4,0.0,0.0,0.0,0.0,3.044522437723423,0.0,0.0,0.0
3111,1589,2025-09-25,Ancient,0,-1,-35.0,-0.15779816513761474,148.0348623853211,0,-9,-1.1825396825396828,0.0,-0.18429487179487175,0.14022435897435892,-1.0296194171811581,41.3888888888889,0.0,-5181.220183486239
3110,1589,2025-09-25,Nuke,0,1,-35.0,-0.15779816513761474,148.0348623853211,0,-9,-0.22068965517241382,-0.3297709923664122,0.0288461538461538,-0.0016025641025640969,-1.5404450409471486,7.724137931034484,0.05203725751103021,-5181.220183486239
3108,1589,2025-09-25,Train,0,-1,-35.0,-0.15779816513761474,148.0348623853211,0,-9,0.2727787209960384,-0.7096774193548387,-0.016666666666666663,0.027380952380952395,0.2876820724517808,-9.547255234861344,0.11198579461379111,-5181.220183486239
3109,1589,2025-09-25,Overpass,0,-1,-35.0,-0.15779816513761474,148.0348623853211,0,-9,0.0,0.0,0.0,0.0,-2.4849066497880004,0.0,0.0,-5181.220183486239
1332,736,2025-09-26,Train,1,-1,-34.0,1.3462068965517244,134.90068965517247,18,-5,-0.6745562130177514,0.0,0.031746031746031744,0.0357142857142857,-2.3978952727983707,22.934911242603548,0.0,-4586.623448275864
1333,736,2025-09-26,Dust2,1,-1,-34.0,1.3462068965517244,134.90068965517247,18,-5,0.20021441972661486,0.7142857142857143,0.00515873015873014,-0.015079365079365137,-2.197224577336219,-6.807290270704905,0.9615763546798032,-4586.623448275864
3107,1588,2025-09-27,Nuke,0,1,-357.0,0.0,0.0,30,-5,0.0,0.0,0.0,0.0,-2.4849066497880004,0.0,0.0,0.0
3106,1588,2025-09-27,Dust2,0,1,-357.0,0.0,0.0,30,-5,0.0,0.0,0.0,0.0,-2.4849066497880004,0.0,0.0,0.0
3105,1587,2025-09-27,Overpass,0,1,357.0,0.0,0.0,-999,5,0.0,0.0,0.0,0.0,0.6931471805599453,0.0,0.0,0.0
1316,716,2025-09-27,Ancient,1,1,69.0,-0.7727272727272727,-409.3636363636364,-54,6,0.0,0.0,0.0,0.0,2.833213344056216,0.0,0.0,-28246.090909090908
1318,718,2025-09-27,Train,1,1,-34.0,0.41871921182266003,81.54433497536942,1,-6,-0.7826086956521738,-0.9367088607594937,0.005681818181818177,0.03977272727272729,-2.0368819272610397,26.60869565217391,-0.392217995884517,-2772.5073891625602
1319,718,2025-09-27,Dust2,1,-1,-34.0,0.41871921182266003,81.54433497536942,1,-6,-0.37118397674042963,-0.4659498207885305,-0.00347222222222221,0.018518518518518545,-2.0014800002101243,12.620255209174607,-0.19510214170948317,-2772.5073891625602
1320,718,2025-09-27,Nuke,1,-1,-34.0,0.41871921182266003,81.54433497536942,1,-6,1.3521276595744678,2.0,0.04305555555555557,-0.18888888888888894,-0.15415067982725827,-45.972340425531904,0.8374384236453201,-2772.5073891625602
1321,719,2025-09-27,Dust2,1,1,37.0,0.0,0.0,-998,6,0.0,0.0,0.0,0.0,2.6390573296152584,0.0,0.0,0.0
1322,719,2025-09-27,Ancient,1,1,37.0,0.0,0.0,-998,6,0.0,0.0,0.0,0.0,2.8903717578961645,0.0,0.0,0.0
1323,720,2025-09-27,Ancient,1,1,381.0,0.3851851851851852,-6.68888888888889,0,3,0.3976510067114094,0.439873417721519,0.042460317460317476,-0.03531746031746036,2.197224577336219,151.50503355704697,0.16943272386310362,-2548.466666666667
3104,1587,2025-09-27,Mirage,0,1,357.0,0.0,0.0,-999,5,0.0,0.0,0.0,0.0,2.833213344056216,0.0,0.0,0.0
1325,721,2025-09-27,Default,1,1,69.0,0.09523809523809523,107.93015873015878,0,6,0.0,0.0,0.0,0.0,0.0,0.0,0.0,7447.180952380956
1327,723,2025-09-27,Mirage,1,1,-144.0,0.0380952380952381,97.71428571428572,0,-7,-0.9401408450704227,-0.8753260302556078,-0.09474206349206343,0.125,0.14310084364067333,135.38028169014086,-0.03334575353354697,-14070.857142857145
1328,724,2025-09-27,Ancient,1,-1,48.0,-0.43221690590111644,-67.62998405103669,-27,11,-0.059229823067461426,-0.005172413793103459,0.0006720430107526876,-0.0016801075268817467,1.8562979903656263,-2.8430315072381482,0.0022356046856954344,-3246.239234449761
1329,725,2025-09-27,Default,1,-1,45.0,0.3627906976744186,-18.759689922480614,0,6,0.0,0.0,0.0,0.0,0.0,0.0,0.0,-844.1860465116276
1330,726,2025-09-27,Ancient,1,1,-69.0,-0.5333333333333333,29.155555555555537,8,-6,-0.35158655777212483,-0.2909774436090224,-0.024470899470899476,0.042328042328042326,-0.22314355131421015,24.259472486276614,0.15518796992481193,-2011.733333333332
1331,727,2025-09-27,Ancient,1,1,69.0,0.5460992907801419,118.15508274231682,-41,9,0.12972508591065296,-0.3947368421052633,0.04629629629629628,-0.03240740740740744,0.9162907318741553,8.951030927835054,-0.2155655095184771,8152.700709219861
1317,716,2025-09-27,Train,1,1,69.0,-0.7727272727272727,-409.3636363636364,-54,6,-0.18518518518518523,-0.19801980198019797,0.025000000000000022,0.3041666666666667,1.7047480922384253,-12.77777777777778,0.15301530153015297,-28246.090909090908
1326,723,2025-09-27,Dust2,1,1,-144.0,0.0380952380952381,97.71428571428572,0,-7,0.39559979046621274,0.6513323983169705,-0.024537037037037024,-0.10879629629629628,-0.09531017980432477,-56.966369827134635,0.024812662793027452,-14070.857142857145
1324,720,2025-09-27,Dust2,1,1,381.0,0.3851851851851852,-6.68888888888889,0,3,0.9699367088607593,0.9903846153846154,0.19204980842911873,-0.007662835249042099,2.014903020542265,369.5458860759493,0.3814814814814815,-2548.466666666667
3101,1586,2025-09-27,Dust2,0,-1,-357.0,0.0,0.0,30,-5,0.0,0.0,0.0,0.0,-2.4849066497880004,0.0,0.0,0.0
3102,1586,2025-09-27,Nuke,0,1,-357.0,0.0,0.0,30,-5,0.0,0.0,0.0,0.0,-2.4849066497880004,0.0,0.0,0.0
3103,1586,2025-09-27,Mirage,0,1,-357.0,0.0,0.0,30,-5,0.0,0.0,0.0,0.0,-2.833213344056216,0.0,0.0,0.0
3099,1585,2025-09-27,Mirage,0,1,41.0,0.8444444444444444,-36.00000000000001,-8,17,0.9274193548387097,1.1063829787234043,0.030241935483870996,-0.23252688172043007,2.367123614131617,38.024193548387096,0.9342789598108747,-1476.0000000000002
3100,1585,2025-09-27,Nuke,0,1,41.0,0.8444444444444444,-36.00000000000001,-8,17,1.1445427728613569,1.1866666666666665,0.3385416666666667,-0.11041666666666666,2.614959778036198,46.92625368731563,1.002074074074074,-1476.0000000000002
3098,1584,2025-09-28,Overpass,0,1,-41.0,-0.8412698412698414,93.0,3,-15,-1.7419354838709677,-1.7419354838709677,-0.18750000000000006,0.19270833333333331,-1.5040773967762742,71.41935483870968,1.4654377880184335,-3813.0
1297,708,2025-09-28,Dust2,1,1,69.0,0.6175402179553711,-155.02179553710434,-1,7,0.1629752066115702,0.044180118946474056,-0.034090909090909116,0.022095959595959558,0.5389965007326871,11.245289256198344,0.02728300028349981,-10696.5038920602
1298,708,2025-09-28,Train,1,-1,69.0,0.6175402179553711,-155.02179553710434,-1,7,-1.4615384615384617,-2.0,-0.1111111111111111,0.10833333333333334,0.4054651081081644,-100.84615384615385,-1.2350804359107421,-10696.5038920602
1299,708,2025-09-28,Nuke,1,-1,69.0,0.6175402179553711,-155.02179553710434,-1,7,0.08695652173913035,0.20967741935483858,-0.047619047619047616,-0.13690476190476192,0.0,5.999999999999994,0.12948423924870675,-10696.5038920602
1300,709,2025-09-28,Ancient,1,1,81.0,-1.2,64.1,-107,3,0.0,0.0,0.0,0.0,2.5649493574615367,0.0,0.0,5192.099999999999
1301,709,2025-09-28,Nuke,1,-1,81.0,-1.2,64.1,-107,3,-0.676056338028169,0.0,-0.08888888888888885,0.3833333333333333,2.0794415416798357,-54.76056338028169,0.0,5192.099999999999
1302,709,2025-09-28,Train,1,-1,81.0,-1.2,64.1,-107,3,0.0,0.0,0.0,0.0,1.3862943611198906,0.0,0.0,5192.099999999999
1304,710,2025-09-28,Overpass,1,1,10.0,-0.6000000000000001,101.20000000000002,-9,4,-0.21428571428571433,-0.21428571428571433,0.008333333333333304,0.04583333333333334,-0.15415067982725827,-2.1428571428571432,0.12857142857142861,1012.0000000000002
1305,711,2025-09-28,Mirage,1,1,191.0,-0.35862068965517235,46.53103448275864,-30,5,0.0,0.0,0.0,0.0,2.772588722239781,0.0,0.0,8887.4275862069
1306,711,2025-09-28,Inferno,1,-1,191.0,-0.35862068965517235,46.53103448275864,-30,5,0.0,0.0,0.0,0.0,2.4849066497880004,0.0,0.0,8887.4275862069
1307,711,2025-09-28,Nuke,1,1,191.0,-0.35862068965517235,46.53103448275864,-30,5,-0.5869565217391304,-0.5128205128205128,-0.05043859649122806,0.06469298245614036,1.897119984885881,-112.1086956521739,0.18390804597701144,8887.4275862069
1308,712,2025-09-28,Overpass,1,1,147.0,0.0,0.0,-990,4,0.0,0.0,0.0,0.0,1.3862943611198906,0.0,0.0,0.0
1309,712,2025-09-28,Inferno,1,1,147.0,0.0,0.0,-990,4,0.0,0.0,0.0,0.0,2.70805020110221,0.0,0.0,0.0
1310,713,2025-09-28,Dust2,1,1,69.0,0.7213183145598665,14.52148518982061,-1,10,0.8429752066115702,0.9532710280373832,-0.02020202020202022,-0.10984848484848492,1.0986122886681098,58.16528925619834,0.6876118512626764,1001.982478097622
1311,713,2025-09-28,Ancient,1,1,69.0,0.7213183145598665,14.52148518982061,-1,10,0.504351917195954,0.5863636363636363,0.04166666666666663,-0.04583333333333328,0.7884573603642704,34.800282286520826,0.4229548299010126,1001.982478097622
1312,714,2025-09-28,Nuke,1,-1,48.0,0.20258397932816535,-38.410852713178286,1,6,1.1832016952417643,1.5344827586206897,0.1768162393162394,-0.10149572649572652,1.742969305058623,56.79368137160469,0.31086162345183993,-1843.7209302325577
1313,714,2025-09-28,Dust2,1,-1,48.0,0.20258397932816535,-38.410852713178286,1,6,-0.061704035874439435,-0.20122610890732057,-0.01282051282051283,-0.0288461538461538,1.0986122886681096,-2.961793721973093,-0.04076518588716778,-1843.7209302325577
1296,707,2025-09-28,Dust2,1,-1,447.0,-0.044444444444444425,250.8888888888889,0,-2,-0.04105245955221437,-0.09798971482000929,0.005952380952380931,-0.03869047619047622,0.4274440148269396,-18.350449419839823,0.004355098436444855,112147.33333333334
1295,707,2025-09-28,Overpass,1,-1,447.0,-0.044444444444444425,250.8888888888889,0,-2,-0.35198702351987027,-0.35198702351987027,0.09375000000000006,0.13194444444444442,-1.466337068793427,-157.33819951338202,0.015643867711994226,112147.33333333334
1293,706,2025-09-28,Ancient,1,-1,30.0,-0.36190476190476184,74.64285714285715,5,-2,-0.06146304675716441,0.06649616368286454,0.013354700854700807,-0.10683760683760685,0.07410797215372167,-1.8438914027149322,-0.024065278285227164,2239.2857142857147
1314,715,2025-09-28,Nuke,1,-1,69.0,0.6406318560772268,-33.558139534883715,-7,6,0.28478478478478486,0.41843971631205673,0.007575757575757569,0.024621212121212155,1.5260563034950494,19.650150150150154,0.26806581211742114,-2315.511627906976
1276,701,2025-09-28,Ancient,1,1,-34.0,-0.9833333333333334,37.7,2,-6,0.6379247351114359,1.070097604259095,0.05324074074074081,-0.10570987654320985,-1.7227665977411035,-21.68944099378882,-1.0522626441881102,-1281.8000000000002
1277,701,2025-09-28,Train,1,-1,-34.0,-0.9833333333333334,37.7,2,-6,-0.3252792341007522,-0.3658931462493254,0.03125,0.0642361111111111,-1.6094379124341003,11.059493959425575,0.35979492714517,-1281.8000000000002
1278,701,2025-09-28,Nuke,1,1,-34.0,-0.9833333333333334,37.7,2,-6,0.5994134897360703,0.18300653594771243,-0.015873015873015817,-0.15079365079365087,-0.13353139262452252,-20.380058651026392,-0.17995642701525058,-1281.8000000000002
1279,702,2025-09-28,Nuke,1,-1,28.0,-0.36544026457213724,70.14840843323688,12,-7,-0.32105263157894737,-0.3648648648648649,0.08541666666666664,0.1791666666666667,0.7884573603642704,-8.989473684210527,0.13333631274929333,1964.1554361306326
1280,702,2025-09-28,Mirage,1,1,28.0,-0.36544026457213724,70.14840843323688,12,-7,1.0740740740740742,0.9090909090909092,0.2534722222222222,-0.1076388888888889,1.1786549963416462,30.074074074074076,-0.3322184223383066,1964.1554361306326
1281,702,2025-09-28,Ancient,1,-1,28.0,-0.36544026457213724,70.14840843323688,12,-7,-0.0068965517241379535,-0.26829268292682934,-0.015522875816993409,0.02696078431372545,0.9444616088408513,-0.1931034482758627,0.09804494903154905,1964.1554361306326
1282,703,2025-09-28,Mirage,1,-1,-69.0,-0.6716147121886855,-31.404750123701156,0,-7,-0.024242424242424288,0.2564102564102564,0.029017857142857095,0.07068452380952384,-0.11778303565638382,1.672727272727276,-0.1722089005612014,2166.92775853538
1283,703,2025-09-28,Inferno,1,-1,-69.0,-0.6716147121886855,-31.404750123701156,0,-7,0.9625285109156078,1.435897435897436,0.006250000000000033,-0.10000000000000003,-0.7884573603642704,-66.41446725317694,-0.9643698431427279,2166.92775853538
1284,704,2025-09-28,Mirage,1,1,344.0,0.22857142857142865,27.904761904761905,0,-2,0.5333333333333333,0.6396845163968452,0.09453125000000007,-0.04531249999999998,0.4519851237430572,183.46666666666667,0.1462136037478504,9599.238095238095
1285,704,2025-09-28,Dust2,1,-1,344.0,0.22857142857142865,27.904761904761905,0,-2,0.5161064425770309,0.6638655462184874,0.051190476190476286,-0.025992063492063566,0.7259370033829362,177.54061624649862,0.15174069627851144,9599.238095238095
1286,704,2025-09-28,Ancient,1,1,344.0,0.22857142857142865,27.904761904761905,0,-2,-0.12671898874843726,-0.17612600380183885,0.0092592592592593,-0.02546296296296302,0.6664789334777841,-43.591332129462415,-0.04025737229756318,9599.238095238095
1287,704,2025-09-28,Train,1,-1,344.0,0.22857142857142865,27.904761904761905,0,-2,-0.06905851585485454,-0.25757875965920346,0.02459490740740744,0.030092592592592504,0.1112256351102241,-23.75612945406996,-0.05887514506496081,9599.238095238095
1288,704,2025-09-28,Overpass,1,1,344.0,0.22857142857142865,27.904761904761905,0,-2,0.0,0.0,0.0,0.0,-1.3862943611198906,0.0,0.0,9599.238095238095
1289,705,2025-09-28,Ancient,1,1,-34.0,0.0,0.0,30,-8,0.0,0.0,0.0,0.0,-3.332204510175204,0.0,0.0,0.0
1290,705,2025-09-28,Train,1,-1,-34.0,0.0,0.0,30,-8,0.0,0.0,0.0,0.0,-3.2188758248682006,0.0,0.0,0.0
1291,705,2025-09-28,Dust2,1,-1,-34.0,0.0,0.0,30,-8,0.0,0.0,0.0,0.0,-3.6375861597263857,0.0,0.0,0.0
1292,706,2025-09-28,Dust2,1,1,30.0,-0.36190476190476184,74.64285714285715,5,-2,0.012701174423662503,0.7263513513513513,-0.04097222222222224,-0.013194444444444453,-0.2076393647782444,0.3810352327098751,-0.2628700128700128,2239.2857142857147
1294,706,2025-09-28,Train,1,-1,30.0,-0.36190476190476184,74.64285714285715,5,-2,0.625,0.625,-0.08796296296296297,-0.09722222222222227,-0.9162907318741553,18.75,-0.22619047619047616,2239.2857142857147
1315,715,2025-09-28,Train,1,-1,69.0,0.6406318560772268,-33.558139534883715,-7,6,0.9615384615384617,1.1980088495575223,0.03314393939393934,-0.05397727272727271,0.8754687373539001,66.34615384615385,0.7674826328889787,-2315.511627906976
1303,710,2025-09-28,Train,1,1,10.0,-0.6000000000000001,101.20000000000002,-9,4,-1.265096618357488,-1.7297297297297298,-0.1970588235294118,0.15049019607843134,-1.0986122886681096,-12.65096618357488,1.0378378378378381,1012.0000000000002
3094,1583,2025-09-28,Mirage,0,1,41.0,1.4285714285714286,-41.0,-15,19,0.0,0.0,0.0,0.0,3.4965075614664802,0.0,0.0,-1681.0
3095,1583,2025-09-28,Overpass,0,1,41.0,1.4285714285714286,-41.0,-15,19,0.0,0.0,0.0,0.0,2.1972245773362196,0.0,0.0,-1681.0
3097,1584,2025-09-28,Dust2,0,-1,-41.0,-0.8412698412698414,93.0,3,-15,-0.9736842105263158,0.0,-0.03598484848484845,0.12310606060606061,-2.4423470353692043,39.921052631578945,0.0,-3813.0
3096,1584,2025-09-28,Nuke,0,1,-41.0,-0.8412698412698414,93.0,3,-15,0.170560390899374,0.09074529074529075,0.048441734417344284,-0.023035230352303537,-2.351375257163478,-6.9929760268743335,-0.07634127634127635,-3813.0
3090,1581,2025-09-29,Train,0,1,37.0,-1.0,149.5,-9,8,0.0,0.0,0.0,0.0,2.8903717578961645,0.0,0.0,5531.5
3089,1581,2025-09-29,Mirage,0,1,37.0,-1.0,149.5,-9,8,-1.3719806763285025,-1.4430379746835444,-0.13690476190476192,0.0,2.3978952727983707,-50.76328502415459,1.4430379746835444,5531.5
3091,1582,2025-09-29,Mirage,0,-1,48.0,0.2727272727272727,-76.08686868686868,-6,10,0.5909090909090908,0.6962962962962963,0.17305107526881713,0.01982526881720431,1.8562979903656263,28.36363636363636,0.18989898989898987,-3652.169696969697
3092,1582,2025-09-29,Nuke,0,1,48.0,0.2727272727272727,-76.08686868686868,-6,10,0.0,0.0,0.0,0.0,3.713572066704308,0.0,0.0,-3652.169696969697
3093,1582,2025-09-29,Train,0,-1,48.0,0.2727272727272727,-76.08686868686868,-6,10,1.1637931034482758,1.3982300884955752,0.029320987654321007,-0.09567901234567894,2.6390573296152584,55.86206896551724,0.3813354786806114,-3652.169696969697
1275,695,2025-09-29,Overpass,1,-1,-73.0,0.049302325581395384,425.6179069767442,23,-2,0.5,0.5,0.04166666666666663,-0.2604166666666667,-0.5108256237659905,-36.5,0.024651162790697692,-31070.10720930233
1273,694,2025-09-29,Dust2,1,1,42.0,-0.9102990033222591,134.67774086378736,0,2,-0.47383882493052787,0.04321808510638303,-0.11312915479582147,0.04617758784425452,-0.6931471805599454,-19.90123064708217,-0.03934137979783704,5656.46511627907
1274,695,2025-09-29,Dust2,1,-1,-73.0,0.049302325581395384,425.6179069767442,23,-2,-0.9915966386554621,-0.8571428571428571,-0.04365079365079361,0.12202380952380948,-1.3217558399823195,72.38655462184873,-0.042259136212624615,-31070.10720930233
1271,694,2025-09-29,Mirage,1,-1,42.0,-0.9102990033222591,134.67774086378736,0,2,-0.08408215661103977,-0.7592592592592592,-0.009259259259259245,0.02253898635477586,-0.05129329438755059,-3.53145057766367,0.6911529469669003,5656.46511627907
1270,693,2025-09-29,Mirage,1,1,482.0,-0.32917244567730003,112.83402681460937,0,7,1.0884353741496597,1.346938775510204,0.18229166666666669,-0.07291666666666663,2.1400661634962708,524.625850340136,-0.44337513091228165,54386.00092464172
1269,693,2025-09-29,Inferno,1,1,482.0,-0.32917244567730003,112.83402681460937,0,7,-1.0509803921568628,-1.029126213592233,-0.12499999999999994,0.054487179487179516,2.6026896854443837,-506.5725490196079,0.33875999263877477,54386.00092464172
1268,692,2025-09-29,Ancient,1,-1,102.0,0.42857142857142866,77.741341991342,0,-3,-0.006336720201026963,0.26838432635534093,-0.04599567099567109,-0.0535714285714286,0.4054651081081646,-0.6463454605047503,0.115021854152289,7929.616883116883
1267,692,2025-09-29,Mirage,1,-1,102.0,0.42857142857142866,77.741341991342,0,-3,1.0,0.8292682926829268,0.26136363636363635,-0.09848484848484845,0.8754687373539001,102.0,0.3554006968641116,7929.616883116883
1266,692,2025-09-29,Inferno,1,1,102.0,0.42857142857142866,77.741341991342,0,-3,-0.07465437788018431,-0.07536557930258725,0.055555555555555636,0.04166666666666663,0.9808292530117262,-7.614746543778799,-0.032299533986823115,7929.616883116883
1272,694,2025-09-29,Nuke,1,1,42.0,-0.9102990033222591,134.67774086378736,0,2,0.3620454987361462,-0.12759170653907492,0.13261217948717952,-0.08092948717948717,0.19415601444095776,15.205910946918141,0.11614660329470607,5656.46511627907
3084,1579,2025-09-30,Mirage,0,1,37.0,0.12448979591836733,104.8077551020408,-15,10,0.31808785529715755,0.6941176470588235,-0.005681818181818232,-0.12727272727272726,1.3437347467010947,11.769250645994829,0.08641056422569025,3877.8869387755094
1265,691,2025-09-30,Train,1,1,34.0,0.0,0.0,-999,13,0.0,0.0,0.0,0.0,3.295836866004329,0.0,0.0,0.0
1261,690,2025-09-30,Dust2,1,1,35.0,0.6166956521739131,4.054608695652192,0,7,-0.17687074829931976,-0.4199983023512435,0.00694444444444442,0.05972222222222223,0.3746934494414105,-6.190476190476192,-0.25901112698043643,141.91130434782673
1264,691,2025-09-30,Overpass,1,1,34.0,0.0,0.0,-999,13,0.0,0.0,0.0,0.0,1.6094379124341003,0.0,0.0,0.0
3088,1580,2025-09-30,Ancient,0,1,48.0,0.17925247902364605,-64.10526315789474,-10,9,0.8727272727272728,0.6878980891719745,-0.22916666666666663,-0.34244791666666663,2.803360380906535,41.89090909090909,0.12330743779970556,-3077.0526315789475
3087,1580,2025-09-30,Nuke,0,-1,48.0,0.17925247902364605,-64.10526315789474,-10,9,1.09375,1.4651162790697674,0.06097560975609756,-0.09308943089430899,1.9459101490553135,52.5,0.26262572508115584,-3077.0526315789475
3086,1580,2025-09-30,Dust2,0,1,48.0,0.17925247902364605,-64.10526315789474,-10,9,1.0,1.1297709923664123,-0.021604938271604923,-0.10802469135802467,2.6390573296152584,48.0,0.2025142511106841,-3077.0526315789475
3085,1579,2025-09-30,Nuke,0,1,37.0,0.12448979591836733,104.8077551020408,-15,10,0.0,0.0,0.0,0.0,3.295836866004329,0.0,0.0,3877.8869387755094
1263,691,2025-09-30,Inferno,1,-1,34.0,0.0,0.0,-999,13,0.0,0.0,0.0,0.0,2.5649493574615367,0.0,0.0,0.0
1262,690,2025-09-30,Ancient,1,1,35.0,0.6166956521739131,4.054608695652192,0,7,1.0673076923076923,0.6581196581196582,0.18005952380952378,-0.10119047619047622,0.5108256237659905,37.35576923076923,0.40585953177257533,141.91130434782673
1253,687,2025-09-30,Mirage,1,1,-45.0,0.4702488279841327,-13.768121168409678,0,-6,1.5161290322580645,0.0,0.23333333333333328,-0.1916666666666667,-1.0986122886681096,-68.2258064516129,0.0,619.5654525784355
1254,687,2025-09-30,Ancient,1,1,-45.0,0.4702488279841327,-13.768121168409678,0,-6,-1.3333333333333333,-1.3333333333333333,0.02604166666666663,0.2552083333333333,-1.5040773967762742,60.0,-0.6269984373121769,619.5654525784355
1255,688,2025-09-30,Mirage,1,-1,88.0,0.17674418604651165,55.26511627906979,0,-3,-0.48069105691056924,-0.6592105263157895,0.04292929292929287,0.04987373737373735,-0.5705448584676129,-42.30081300813009,-0.11651162790697676,4863.330232558141
1256,688,2025-09-30,Dust2,1,1,88.0,0.17674418604651165,55.26511627906979,0,-3,0.8531656937584198,1.324468085106383,0.1555555555555555,-0.00868055555555558,-0.06062462181643502,75.07858105074094,0.23409203364670958,4863.330232558141
1257,688,2025-09-30,Ancient,1,-1,88.0,0.17674418604651165,55.26511627906979,0,-3,-0.2423740510697034,0.3799838579499596,-0.04540598290598291,-0.10470085470085472,-0.07410797215372167,-21.3289164941339,0.06715993768417891,4863.330232558141
1258,689,2025-09-30,Inferno,1,-1,34.0,0.2,-139.8,-3,12,-0.05605477107402662,0.33333333333333337,0.14791666666666664,0.03750000000000003,0.16705408466316607,-1.9058622165169052,0.06666666666666668,-4753.200000000001
1260,689,2025-09-30,Dust2,1,1,34.0,0.2,-139.8,-3,12,0.5887185104052574,0.7927927927927928,0.08574561403508774,-0.03662280701754389,1.8718021769015913,20.01642935377875,0.15855855855855858,-4753.200000000001
1250,686,2025-09-30,Nuke,1,-1,134.0,0.34772978959025475,-73.45847176079738,0,1,0.5292864321608041,0.5644218072061875,0.04097222222222219,-0.10694444444444451,0.27193371548364187,70.92438190954775,0.1962662762599589,-9843.435215946849
1251,686,2025-09-30,Overpass,1,-1,134.0,0.34772978959025475,-73.45847176079738,0,1,-0.22743870631194574,-0.22743870631194574,-0.0625,0.01944444444444443,-0.15415067982725827,-30.47678664580073,-0.07908721349053263,-9843.435215946849
1248,685,2025-09-30,Nuke,1,-1,47.0,-0.2360410830999067,-162.20504201680677,0,0,-0.423155737704918,-0.00987654320987652,-0.02876984126984128,0.10218253968253971,1.3217558399823195,-19.888319672131146,0.0023312699565422833,-7623.636974789918
1247,684,2025-09-30,Overpass,1,1,34.0,0.013333333333333315,-46.266666666666666,0,12,-1.3333333333333333,-1.3333333333333333,-0.18749999999999994,0.34375,0.916290731874155,-45.33333333333333,-0.017777777777777753,-1573.0666666666666
1259,689,2025-09-30,Train,1,1,34.0,0.2,-139.8,-3,12,-1.0330578512396693,-0.802919708029197,-0.09615384615384615,0.2195512820512821,2.197224577336219,-35.123966942148755,-0.16058394160583941,-4753.200000000001
1246,684,2025-09-30,Nuke,1,1,34.0,0.013333333333333315,-46.266666666666666,0,12,0.0,0.0,0.0,0.0,2.1972245773362196,0.0,0.0,-1573.0666666666666
1245,684,2025-09-30,Inferno,1,-1,34.0,0.013333333333333315,-46.266666666666666,0,12,0.0,0.0,0.0,0.0,2.5649493574615367,0.0,0.0,-1573.0666666666666
1244,683,2025-09-30,Mirage,1,-1,393.0,0.5296442687747036,92.78853754940712,0,5,0.021257062146892686,0.5639192911920184,-0.03934468524251805,0.02412280701754388,-0.10536051565782634,8.354025423728826,0.29867662063134576,36465.895256917
1243,683,2025-09-30,Dust2,1,-1,393.0,0.5296442687747036,92.78853754940712,0,5,-0.020017937219730914,-0.6474792350782307,0.060947204968944124,0.00336438923395449,0.4700036292457357,-7.867049327354249,-0.3429336660098139,36465.895256917
1249,685,2025-09-30,Train,1,-1,47.0,-0.2360410830999067,-162.20504201680677,0,0,0.0,0.0,0.0,0.0,2.9444389791664403,0.0,0.0,-7623.636974789918
1252,687,2025-09-30,Nuke,1,-1,-45.0,0.4702488279841327,-13.768121168409678,0,-6,0.3389830508474576,0.3389830508474576,0.07500000000000001,-0.07083333333333333,-0.6931471805599452,-15.254237288135592,0.1594063823675026,619.5654525784355
3080,1576,2025-10-01,Inferno,0,-1,-41.0,-1.207221350078493,41.28846153846154,0,-16,-1.1518324607329844,-1.1898734177215189,-0.0688405797101449,0.09782608695652167,-2.4849066497880004,47.22513089005236,1.4364405937642826,-1692.826923076923
3081,1576,2025-10-01,Mirage,0,-1,-41.0,-1.207221350078493,41.28846153846154,0,-16,-1.0921501706484642,-1.39568345323741,-0.18627450980392157,0.12377450980392152,-2.456735772821304,44.77815699658703,1.6848988626994794,-1692.826923076923
3082,1577,2025-10-01,Inferno,0,-1,-41.0,-1.207221350078493,41.28846153846154,0,-16,-1.1518324607329844,-1.1898734177215189,-0.0688405797101449,0.09782608695652167,-2.4849066497880004,47.22513089005236,1.4364405937642826,-1692.826923076923
3083,1577,2025-10-01,Mirage,0,-1,-41.0,-1.207221350078493,41.28846153846154,0,-16,-1.0921501706484642,-1.39568345323741,-0.18627450980392157,0.12377450980392152,-2.456735772821304,44.77815699658703,1.6848988626994794,-1692.826923076923
3074,1573,2025-10-03,Inferno,0,1,-41.0,-0.29923664122137406,64.22900763358778,6,-16,-0.0597931480284421,0.29095674967234597,-0.04222222222222222,0.05138888888888893,-1.312186388966169,2.451519069166126,-0.08706492051264093,-2633.389312977099
3078,1575,2025-10-03,Overpass,0,1,482.0,0.0,0.0,-998,9,0.0,0.0,0.0,0.0,1.3862943611198906,0.0,0.0,0.0
3077,1574,2025-10-03,Inferno,0,-1,41.0,0.24761904761904763,-41.785714285714285,-21,18,-0.8687782805429864,-0.8623853211009174,-0.05499999999999999,0.14999999999999997,2.5649493574615367,-35.619909502262445,-0.21354303189165574,-1713.2142857142858
3076,1574,2025-10-03,Dust2,0,-1,41.0,0.24761904761904763,-41.785714285714285,-21,18,0.09938366718027732,0.017738359201773815,-0.0018115942028985033,0.057065217391304324,2.079441541679836,4.07473035439137,0.004392355611867802,-1713.2142857142858
3075,1573,2025-10-03,Mirage,0,-1,-41.0,-0.29923664122137406,64.22900763358778,6,-16,-0.15454545454545454,0.5454545454545454,0.03928571428571431,0.07976190476190476,-1.5040773967762742,6.336363636363636,-0.16321998612074948,-2633.389312977099
3073,1573,2025-10-03,Nuke,0,-1,-41.0,-0.29923664122137406,64.22900763358778,6,-16,0.058789625360230496,-0.2720306513409962,0.09226190476190482,-0.004960317460317498,-1.8152899666382492,-2.4103746397694503,0.08140153841654238,-2633.389312977099
3079,1575,2025-10-03,Nuke,0,1,482.0,0.0,0.0,-998,9,0.0,0.0,0.0,0.0,2.8903717578961645,0.0,0.0,0.0
3070,1571,2025-10-05,Dust2,0,1,41.0,0.41304347826086957,-152.93478260869566,-4,17,0.9482071713147411,0.8636363636363636,0.0798611111111111,-0.12499999999999994,1.83258146374831,38.876494023904385,0.3567193675889328,-6270.326086956522
3069,1571,2025-10-05,Nuke,0,1,41.0,0.41304347826086957,-152.93478260869566,-4,17,1.1229946524064172,1.1243781094527363,0.2225378787878788,-0.1098484848484848,2.197224577336219,46.042780748663105,0.4644170452087389,-6270.326086956522
3072,1572,2025-10-05,Ancient,0,-1,41.0,0.2,-73.50000000000001,-14,17,0.33920417482061316,0.2949579831932773,0.04416666666666669,-0.06145833333333334,1.0608719606852626,13.90737116764514,0.05899159663865547,-3013.5000000000005
3071,1572,2025-10-05,Nuke,0,-1,41.0,0.2,-73.50000000000001,-14,17,0.12299465240641716,0.12437810945273631,-0.17329545454545447,-0.22443181818181818,2.197224577336219,5.0427807486631036,0.02487562189054726,-3013.5000000000005
1230,647,2025-10-06,Inferno,1,1,-39.0,-0.44505494505494503,-81.55357142857144,0,0,0.5319349199946215,0.5403225806451613,0.02163461538461542,-0.10456730769230776,0.44183275227903884,-20.745461879790238,-0.24047323644097834,3180.5892857142862
1238,652,2025-10-06,Overpass,1,-1,-482.0,0.38810068649885576,-21.29519450800916,1,-5,0.0,0.0,0.0,0.0,-1.6094379124341003,0.0,0.0,10264.283752860416
1237,652,2025-10-06,Mirage,1,-1,-482.0,0.38810068649885576,-21.29519450800916,1,-5,0.9479768786127167,0.7580645161290323,0.1018518518518518,-0.08796296296296297,-1.8458266904983305,-456.9248554913295,0.2942053591201003,10264.283752860416
1236,651,2025-10-06,Nuke,1,1,-383.0,-0.6482758620689655,-16.52068965517241,0,3,0.021047596268835206,0.15094339622641514,-0.0179924242424242,0.06605113636363641,0.3483066942682158,-8.061229370963884,-0.0978529603122967,6327.424137931033
1235,651,2025-10-06,Train,1,-1,-383.0,-0.6482758620689655,-16.52068965517241,0,3,-0.6392961876832846,-1.0909090909090908,0.052083333333333315,0.08333333333333337,0.0,244.850439882698,0.7072100313479623,6327.424137931033
1234,651,2025-10-06,Inferno,1,1,-383.0,-0.6482758620689655,-16.52068965517241,0,3,-0.32440944881889766,-0.20155038759689914,-0.02857142857142858,0.023214285714285743,-0.06453852113757108,124.2488188976378,0.13066025126971392,6327.424137931033
1233,648,2025-10-06,Mirage,1,1,160.0,-0.15652173913043477,136.57391304347826,0,-5,0.6483491632745366,0.7295597484276729,0.07264957264957261,-0.016666666666666663,0.13353139262452274,103.73586612392586,-0.11419196062346183,21851.82608695652
1229,647,2025-10-06,Ancient,1,-1,-39.0,-0.44505494505494503,-81.55357142857144,0,0,-1.0864197530864197,-1.0,-0.13518518518518524,0.056481481481481466,0.5108256237659909,42.37037037037037,0.44505494505494503,3180.5892857142862
1231,647,2025-10-06,Nuke,1,-1,-39.0,-0.44505494505494503,-81.55357142857144,0,0,-0.026675786593707257,-0.45454545454545453,-0.09270833333333328,0.01874999999999999,-0.2006706954621511,1.040355677154583,0.20229770229770228,3180.5892857142862
1232,648,2025-10-06,Dust2,1,1,160.0,-0.15652173913043477,136.57391304347826,0,-5,-0.40465218345402687,-1.1135531135531136,-0.05642361111111105,-0.0703125,-0.2682639865946794,-64.74434935264429,0.17429526994744385,21851.82608695652
3068,1570,2025-10-06,Default,0,-1,-48.0,0.0,0.0,30,-8,0.0,0.0,0.0,0.0,-1.791759469228055,0.0,0.0,0.0
3067,1569,2025-10-06,Default,0,-1,35.0,0.8308004052684905,11.213779128672755,-11,7,-0.8275862068965517,0.0,-0.016666666666666666,0.016666666666666666,1.0986122886681096,-28.96551724137931,0.0,392.48226950354643
3066,1569,2025-10-06,Overpass,0,-1,35.0,0.8308004052684905,11.213779128672755,-11,7,0.19676214196762143,0.19676214196762143,0.04006410256410259,0.0064102564102563875,1.5404450409471486,6.88667496886675,0.16347006728819616,392.48226950354643
3065,1568,2025-10-06,Dust2,0,1,41.0,0.3513513513513514,-51.25225225225226,-18,17,-0.3010995786661186,-0.48935091277890463,-0.052083333333333315,-0.08458333333333329,1.6486586255873819,-12.345082725310862,-0.17193410448988544,-2101.342342342343
3064,1568,2025-10-06,Nuke,0,1,41.0,0.3513513513513514,-51.25225225225226,-18,17,-0.8341968911917098,-0.7981220657276995,-0.20277777777777778,-0.1527777777777778,3.1354942159291497,-34.2020725388601,-0.28042126633675934,-2101.342342342343
1224,645,2025-10-07,Inferno,1,1,125.0,0.4173913043478261,-36.56521739130435,0,4,-0.41415956267441423,-0.5433911882510014,-0.043981481481481455,0.03009259259259256,0.7672551527136671,-51.76994533430178,-0.2268067568352006,-4570.652173913044
1225,645,2025-10-07,Mirage,1,-1,125.0,0.4173913043478261,-36.56521739130435,0,4,0.37811071609954294,0.7129735935706085,-0.000902992776057765,-0.07662538699690408,0.10536051565782634,47.26383951244287,0.29758897818599317,-4570.652173913044
1226,645,2025-10-07,Overpass,1,1,125.0,0.4173913043478261,-36.56521739130435,0,4,-0.7272727272727273,-0.7272727272727273,-0.04999999999999993,0.08750000000000002,0.6931471805599452,-90.9090909090909,-0.30355731225296445,-4570.652173913044
3056,1564,2025-10-07,Default,0,1,-35.0,-0.9565217391304348,-136.69565217391306,1,-8,-0.9315068493150684,-0.9315068493150684,-0.020833333333333332,0.020833333333333332,-1.252762968495368,32.602739726027394,0.8910065515187612,4784.347826086957
1228,646,2025-10-07,Train,1,1,429.0,0.5783619817997978,-138.57937310414562,1,-5,0.6956521739130435,1.0,0.00694444444444442,0.04583333333333334,-0.15415067982725827,298.4347826086956,0.5783619817997978,-59450.55106167847
3057,1565,2025-10-07,Nuke,0,-1,-48.0,-0.06363636363636363,37.2,8,-5,0.14322250639386203,0.08958162428219857,0.007936507936507908,-0.03869047619047622,-2.1517622032594623,-6.874680306905377,-0.00570064881795809,-1785.6000000000001
1227,646,2025-10-07,Ancient,1,1,429.0,0.5783619817997978,-138.57937310414562,1,-5,-1.0206354405502784,-0.8565891472868217,-0.137962962962963,0.09259259259259256,-0.47000362924573524,-437.85260399606943,-0.4954185968130051,-59450.55106167847
3059,1566,2025-10-07,Overpass,0,-1,-41.0,0.2545454545454545,74.09090909090907,1,-17,-0.06995230524642299,-0.06995230524642299,-0.06481481481481477,-0.03703703703703709,-0.9162907318741553,2.8680445151033425,-0.017806041335453122,-3037.7272727272716
3060,1566,2025-10-07,Inferno,0,-1,-41.0,0.2545454545454545,74.09090909090907,1,-17,-1.1155378486055776,0.0,-0.1527777777777778,0.10493827160493824,-2.6390573296152584,45.73705179282868,0.0,-3037.7272727272716
3061,1567,2025-10-07,Nuke,0,1,-41.0,0.07692307692307696,79.61538461538463,22,-19,-1.2090680100755669,-1.2543859649122806,-0.17391304347826086,0.11322463768115937,-3.157000421150113,49.57178841309824,-0.09649122807017547,-3264.2307692307695
3062,1567,2025-10-07,Inferno,0,-1,-41.0,0.07692307692307696,79.61538461538463,22,-19,0.8844621513944223,0.8920863309352518,0.055555555555555525,0.021604938271604923,-2.6390573296152584,-36.26294820717131,0.06862202545655786,-3264.2307692307695
3063,1567,2025-10-07,Mirage,0,1,-41.0,0.07692307692307696,79.61538461538463,22,-19,0.1332343663017257,-0.190544929628293,0.08217592592592593,0.08217592592592587,-2.224623551524334,-5.462609018370753,-0.014657302279099468,-3264.2307692307695
3058,1565,2025-10-07,Default,0,-1,-48.0,-0.06363636363636363,37.2,8,-5,0.9056603773584906,0.8,0.020833333333333332,-0.020833333333333332,-1.252762968495368,-43.47169811320755,-0.050909090909090904,-1785.6000000000001
3054,1563,2025-10-08,Ancient,0,1,45.0,0.0,0.0,-998,9,0.0,0.0,0.0,0.0,2.302585092994046,0.0,0.0,0.0
3053,1562,2025-10-08,Train,0,1,381.0,1.0,-26.10000000000001,2,3,-0.13450292397660818,-0.40740740740740744,0.12609649122807026,0.05263157894736842,1.3862943611198906,-51.24561403508772,-0.40740740740740744,-9944.100000000004
3052,1562,2025-10-08,Ancient,0,1,381.0,1.0,-26.10000000000001,2,3,1.2038216560509554,1.303370786516854,-0.024211711711711714,-0.22635135135135126,2.5389738710582757,458.656050955414,1.303370786516854,-9944.100000000004
3051,1561,2025-10-08,Nuke,0,-1,41.0,0.0,0.0,-999,19,0.0,0.0,0.0,0.0,3.8918202981106265,0.0,0.0,0.0
3048,1560,2025-10-08,Dust2,0,1,41.0,1.3878787878787877,-49.74242424242425,-28,19,0.0,0.0,0.0,0.0,3.295836866004329,0.0,0.0,-2039.4393939393942
3049,1560,2025-10-08,Nuke,0,1,41.0,1.3878787878787877,-49.74242424242425,-28,19,1.1789976133651552,1.2248062015503876,0.19618055555555558,-0.10850694444444436,2.793208009442517,48.33890214797136,1.699882546394174,-2039.4393939393942
3047,1559,2025-10-08,Ancient,0,-1,48.0,0.271686969361388,-70.66666666666667,0,6,0.02048655569782329,-0.11391018619934284,0.044823232323232376,-0.011363636363636354,2.4277482359480516,0.9833546734955179,-0.03094791326789086,-3392.0
3046,1559,2025-10-08,Nuke,0,1,48.0,0.271686969361388,-70.66666666666667,0,6,1.3697270471464018,0.0,0.38856589147286824,-0.10755813953488363,3.0910424533583156,65.74689826302729,0.0,-3392.0
3045,1559,2025-10-08,Mirage,0,-1,48.0,0.271686969361388,-70.66666666666667,0,6,0.3189691592733418,-0.3003952569169961,0.21614583333333337,-0.040364583333333315,1.88706964903238,15.310519645120406,-0.08161347696231419,-3392.0
3050,1561,2025-10-08,Ancient,0,-1,41.0,0.0,0.0,-999,19,0.0,0.0,0.0,0.0,3.295836866004329,0.0,0.0,0.0
3055,1563,2025-10-08,Nuke,0,1,45.0,0.0,0.0,-998,9,0.0,0.0,0.0,0.0,1.9459101490553132,0.0,0.0,0.0
3038,1556,2025-10-09,Ancient,0,1,-48.0,-0.8470209339774559,137.25925925925927,3,-7,-0.8888888888888888,-0.7374301675977654,-0.045343137254901966,0.1231617647058823,-1.9459101490553132,42.666666666666664,0.624618789301811,-6588.444444444445
3039,1556,2025-10-09,Nuke,0,-1,-48.0,-0.8470209339774559,137.25925925925927,3,-7,-1.3990384615384612,-1.4758620689655173,-0.24753787878787886,0.11079545454545447,-2.0149030205422647,67.15384615384613,1.250086068077073,-6588.444444444445
3040,1556,2025-10-09,Train,0,-1,-48.0,-0.8470209339774559,137.25925925925927,3,-7,0.0,0.0,0.0,0.0,-3.367295829986474,0.0,0.0,-6588.444444444445
3041,1557,2025-10-09,Inferno,0,-1,-381.0,-0.5714285714285715,47.38095238095238,3,-4,0.7654320987654322,0.4347826086956521,0.09429824561403505,-0.09795321637426901,-1.6094379124341003,-291.6296296296297,-0.2484472049689441,-18052.142857142855
3042,1557,2025-10-09,Ancient,0,-1,-381.0,-0.5714285714285715,47.38095238095238,3,-4,-0.2098185502440822,-0.15751295336787563,-0.04873294346978552,0.04507797270955166,-1.3609765531356004,79.94086764299531,0.09000740192450037,-18052.142857142855
3043,1558,2025-10-09,Ancient,0,1,37.0,-0.6,149.50000000000003,7,6,-0.8156424581005587,-0.7027027027027026,-0.06578947368421051,0.015350877192982448,2.3025850929940455,-30.178770949720672,0.4216216216216216,5531.500000000001
3044,1558,2025-10-09,Mirage,0,1,37.0,-0.6,149.50000000000003,7,6,0.0,0.0,0.0,0.0,3.1780538303479458,0.0,0.0,5531.500000000001
3035,1554,2025-10-10,Train,0,-1,48.0,-0.34615384615384615,-38.5,-15,12,0.33395090319592413,1.348148148148148,0.10919540229885061,0.0625,2.302585092994046,16.02964335340436,-0.4666666666666666,-1848.0
3034,1554,2025-10-10,Inferno,0,-1,48.0,-0.34615384615384615,-38.5,-15,12,0.0,0.0,0.0,0.0,1.0986122886681098,0.0,0.0,-1848.0
3033,1554,2025-10-10,Ancient,0,1,48.0,-0.34615384615384615,-38.5,-15,12,-0.15384615384615388,-0.27678571428571425,-0.039977477477477485,-0.11430180180180183,2.5389738710582757,-7.384615384615387,0.09581043956043954,-1848.0
3032,1553,2025-10-10,Ancient,0,-1,48.0,-0.06896551724137931,-168.70689655172416,-3,6,-0.15384615384615388,-0.27678571428571425,-0.10247747747747743,-0.11430180180180183,2.5389738710582757,-7.384615384615387,0.019088669950738914,-8097.931034482759
3031,1553,2025-10-10,Nuke,0,-1,48.0,-0.06896551724137931,-168.70689655172416,-3,6,0.14070938549116901,0.43125,0.04136473429951687,0.09601449275362323,2.4638532405901676,6.754050503576113,-0.029741379310344828,-8097.931034482759
3028,1552,2025-10-10,Nuke,0,1,37.0,0.4072948328267478,76.887537993921,-1,4,1.4241245136186769,1.3962264150943395,0.3302469135802468,-0.09722222222222221,2.2335922215070942,52.69260700389104,0.5686758043241383,2844.838905775077
3029,1552,2025-10-10,Overpass,0,-1,37.0,0.4072948328267478,76.887537993921,-1,4,-0.5622710622710623,-0.5622710622710623,-0.14583333333333331,0.12499999999999994,0.0,-20.804029304029303,-0.22901009831101019,2844.838905775077
3036,1555,2025-10-10,Inferno,0,1,482.0,0.0,0.0,-999,11,0.0,0.0,0.0,0.0,3.4011973816621555,0.0,0.0,0.0
3027,1551,2025-10-10,Ancient,0,-1,-48.0,-0.6190476190476192,141.85714285714286,2,-10,-0.8461538461538461,-0.7232142857142858,0.00525525525525522,0.17680180180180183,-2.251291798606495,40.61538461538461,0.44770408163265324,-6809.142857142857
3026,1551,2025-10-10,Nuke,0,1,-48.0,-0.6190476190476192,141.85714285714286,2,-10,-0.7331825037707389,-0.9095108695652174,-0.04136473429951687,0.049818840579710144,-1.9042374526547452,35.192760180995464,0.5630305383022776,-6809.142857142857
3025,1551,2025-10-10,Dust2,0,-1,-48.0,-0.6190476190476192,141.85714285714286,2,-10,-1.062240663900415,-1.2285714285714286,-0.06547619047619047,0.11309523809523803,-2.2686835413183646,50.98755186721992,0.760544217687075,-6809.142857142857
3030,1552,2025-10-10,Ancient,0,1,37.0,0.4072948328267478,76.887537993921,-1,4,-0.10392867093898023,0.010611838832697729,0.034722222222222265,0.004166666666666652,1.6582280766035324,-3.8453608247422686,0.004322147123348012,2844.838905775077
1210,632,2025-10-10,Overpass,1,1,-518.0,0.2,202.40000000000003,-3,9,0.07407407407407401,0.07407407407407401,0.11805555555555564,0.00694444444444442,0.5596157879354227,-38.37037037037034,0.014814814814814803,-104843.20000000001
3037,1555,2025-10-10,Dust2,0,1,482.0,0.0,0.0,-999,11,0.0,0.0,0.0,0.0,3.2188758248682006,0.0,0.0,0.0
1219,635,2025-10-10,Inferno,1,1,-93.0,-0.9468599033816425,366.3294685990338,1,-1,-0.21419354838709673,0.15973597359735975,-0.09672619047619052,-0.07477678571428575,-0.1251631429540061,19.919999999999995,-0.15124758852696865,-34068.64057971015
1217,634,2025-10-10,Overpass,1,1,41.0,0.32727272727272727,-41.01818181818183,-9,16,0.5897435897435898,0.5897435897435898,0.05416666666666675,-0.08749999999999997,1.2992829841302609,24.17948717948718,0.193006993006993,-1681.745454545455
1212,632,2025-10-10,Nuke,1,-1,-518.0,0.2,202.40000000000003,-3,9,-0.3612440191387559,0.08835341365461846,-0.13194444444444442,-0.047685185185185164,0.5465437063680696,187.12440191387557,0.017670682730923693,-104843.20000000001
1216,634,2025-10-10,Nuke,1,-1,41.0,0.32727272727272727,-41.01818181818183,-9,16,1.1355140186915889,1.1660516605166051,-0.157312925170068,-0.35374149659863946,3.2188758248682006,46.556074766355145,0.3816169070781617,-1681.745454545455
1215,634,2025-10-10,Inferno,1,1,41.0,0.32727272727272727,-41.01818181818183,-9,16,-0.11700404858299593,-0.8378378378378379,0.008928571428571397,-0.11607142857142855,2.2686835413183646,-4.797165991902833,-0.2742014742014742,-1681.745454545455
1214,633,2025-10-10,Mirage,1,-1,117.0,0.3090909090909091,-25.372727272727303,2,-2,0.18231292517006803,-0.047619047619047616,0.037405303030303094,-0.009469696969696961,0.3483066942682158,21.33061224489796,-0.014718614718614718,-2968.6090909090944
1213,633,2025-10-10,Nuke,1,-1,117.0,0.3090909090909091,-25.372727272727303,2,-2,0.45523809523809533,0.3007518796992481,-0.035669191919191934,-0.05492424242424243,0.08004270767353638,53.26285714285715,0.09295967190704033,-2968.6090909090944
1211,632,2025-10-10,Inferno,1,-1,-518.0,0.2,202.40000000000003,-3,9,-0.5797086712255638,-0.439484126984127,-0.08683548850574713,0.07058189655172414,0.5679840376059393,300.28909169484206,-0.0878968253968254,-104843.20000000001
1220,635,2025-10-10,Train,1,1,-93.0,-0.9468599033816425,366.3294685990338,1,-1,0.0,0.0,0.0753968253968253,-0.019841269841269826,0.13353139262452252,-0.0,-0.0,-34068.64057971015
1221,636,2025-10-10,Inferno,1,1,-329.0,-0.20509064273942498,-186.84508331807365,-2,6,0.9674972914409535,0.9127851255510829,0.137037037037037,-0.037037037037036924,0.47000362924573524,-318.30660888407374,-0.18720368808225832,61472.03241164623
1222,636,2025-10-10,Ancient,1,-1,-329.0,-0.20509064273942498,-186.84508331807365,-2,6,-1.1746031746031746,-1.103448275862069,-0.19070512820512814,0.03525641025641024,0.6931471805599452,386.44444444444446,0.22630691612626205,61472.03241164623
1223,636,2025-10-10,Nuke,1,-1,-329.0,-0.20509064273942498,-186.84508331807365,-2,6,-0.05093716918861707,-0.12214595881776152,-0.09202317290552592,0.027629233511586415,0.40546510810816416,16.758328663055018,0.025050993201958045,61472.03241164623
1218,635,2025-10-10,Ancient,1,-1,-93.0,-0.9468599033816425,366.3294685990338,1,-1,-0.12025577557755779,-0.23448275862068968,0.03333333333333338,0.03749999999999998,0.0,11.183787128712874,0.22202232217224724,-34068.64057971015
1209,631,2025-10-11,Inferno,1,1,69.0,0.3915343915343916,-69.0,-108,5,0.0,0.0,0.0,0.0,2.5649493574615367,0.0,0.0,-4761.0
1199,627,2025-10-11,Inferno,1,-1,-810.0,-0.5507246376811595,-56.424430641821914,0,3,-0.823662575956154,-0.8385598141695703,-0.054675716440422295,0.1576168929110105,-0.2513144282809061,667.1666865244847,0.46181554983251705,45703.78881987575
1200,627,2025-10-11,Dust2,1,-1,-810.0,-0.5507246376811595,-56.424430641821914,0,3,-0.6304347826086957,-0.6303030303030304,-0.02430555555555558,0.017676767676767735,0.08004270767353638,510.6521739130435,0.3471234079929733,45703.78881987575
1201,628,2025-10-11,Nuke,1,1,69.0,0.0,0.0,-999,5,0.0,0.0,0.0,0.0,3.1780538303479458,0.0,0.0,0.0
1202,628,2025-10-11,Inferno,1,1,69.0,0.0,0.0,-999,5,0.0,0.0,0.0,0.0,2.5649493574615367,0.0,0.0,0.0
1203,629,2025-10-11,Nuke,1,1,41.0,0.2232558139534884,-40.25581395348837,0,14,-0.02020202020202022,-0.015704750687082866,-0.11750000000000005,-0.14333333333333337,2.833213344056216,-0.8282828282828291,-0.0035061768975812916,-1650.4883720930231
1204,629,2025-10-11,Inferno,1,-1,41.0,0.2232558139534884,-40.25581395348837,0,14,0.5134485020774109,0.39773531493276715,-0.043103448275862044,-0.1910919540229885,2.014903020542265,21.051388585173846,0.08879672147336198,-1650.4883720930231
1205,629,2025-10-11,Mirage,1,1,41.0,0.2232558139534884,-40.25581395348837,0,14,0.7804336468129571,1.3254437869822486,0.0641891891891892,-0.1413288288288288,1.6916760106710724,31.997779519331242,0.295913031512316,-1650.4883720930231
1206,629,2025-10-11,Overpass,1,1,41.0,0.2232558139534884,-40.25581395348837,0,14,1.020979020979021,1.020979020979021,0.16792929292929287,-0.13762626262626265,1.0986122886681098,41.86013986013986,0.22793950235810706,-1650.4883720930231
1207,630,2025-10-11,Inferno,1,-1,-39.0,-0.37123745819397996,192.12374581939793,0,1,0.9867718728243212,1.168458781362007,0.06944444444444442,-0.1347222222222223,0.3746934494414105,-38.484103040148526,-0.43377566799726686,-7492.826086956519
1208,630,2025-10-11,Ancient,1,-1,-39.0,-0.37123745819397996,192.12374581939793,0,1,-1.3333333333333335,-1.3333333333333333,-0.11417748917748921,0.104978354978355,0.4054651081081646,52.00000000000001,0.49498327759197325,-7492.826086956519
1198,627,2025-10-11,Mirage,1,1,-810.0,-0.5507246376811595,-56.424430641821914,0,3,0.26399999999999996,0.4444444444444445,0.02529761904761907,-0.019345238095238082,-0.14310084364067333,-213.83999999999997,-0.2447665056360709,45703.78881987575
3011,1545,2025-10-12,Mirage,0,1,37.0,0.7699037620297463,-37.76325459317585,-3,5,-0.6856426781238811,-0.6438939212048456,-0.109375,-0.005208333333333315,1.6094379124341003,-25.3687790905836,-0.4957363522836956,-1397.2404199475066
1193,624,2025-10-12,Dust2,1,-1,69.0,0.2290945076694706,-69.0,-16,5,0.4509090909090908,-0.010752688172043001,0.15833333333333338,-0.10515873015873012,1.299282984130261,31.112727272727266,-0.002463381802897531,-4761.0
1194,624,2025-10-12,Ancient,1,1,69.0,0.2290945076694706,-69.0,-16,5,-0.16969696969696968,-0.19444444444444442,0.04820261437908502,0.03186274509803927,1.504077396776274,-11.709090909090907,-0.04454615426906372,-4761.0
1195,624,2025-10-12,Inferno,1,-1,69.0,0.2290945076694706,-69.0,-16,5,0.5238095238095238,0.0,-0.011217948717948789,-0.0352564102564103,1.5404450409471486,36.142857142857146,0.0,-4761.0
1196,624,2025-10-12,Nuke,1,1,69.0,0.2290945076694706,-69.0,-16,5,-0.0754027570171068,0.1111111111111111,-0.05381944444444442,0.07118055555555558,1.83258146374831,-5.20279023418037,0.025454945296607842,-4761.0
1197,624,2025-10-12,Overpass,1,-1,69.0,0.2290945076694706,-69.0,-16,5,0.0,0.0,0.0,0.0,0.6931471805599453,0.0,0.0,-4761.0
3010,1545,2025-10-12,Overpass,0,-1,37.0,0.7699037620297463,-37.76325459317585,-3,5,0.3508771929824561,0.3508771929824561,-0.07500000000000001,-0.02499999999999991,1.0986122886681096,12.982456140350877,0.27014167088763025,-1397.2404199475066
3009,1545,2025-10-12,Nuke,0,1,37.0,0.7699037620297463,-37.76325459317585,-3,5,0.3447712418300653,0.32501223690651,0.12202380952380948,0.0014880952380952883,2.2686835413183646,12.756535947712417,0.2502281439000252,-1397.2404199475066
1185,616,2025-10-14,Inferno,1,-1,57.0,0.398686679174484,1.877110694183898,-30,6,0.2735404896421845,0.20462046204620457,-0.01736111111111105,-0.07291666666666669,0.26236426446749084,15.591807909604517,0.08157945250434985,106.99530956848218
1179,614,2025-10-14,Nuke,1,1,-8.0,-0.21951219512195122,122.61086474501104,0,5,0.08540372670807453,0.3561643835616438,-0.034829721362229116,0.04979360165118685,0.10536051565782634,-0.6832298136645962,-0.07818242565987303,-980.8869179600883
1180,614,2025-10-14,Inferno,1,-1,-8.0,-0.21951219512195122,122.61086474501104,0,5,0.10479601370289615,0.25156218504333805,0.005456349206349187,0.07328869047619047,-0.2578291093020999,-0.8383681096231692,-0.05522096744853762,-980.8869179600883
1181,615,2025-10-14,Mirage,1,1,69.0,1.4146341463414636,-132.0715077605322,-82,1,1.1866849691146193,1.75,0.23495370370370378,-0.10995370370370372,0.6931471805599456,81.88126286890873,2.4756097560975614,-9112.934035476721
1182,615,2025-10-14,Nuke,1,1,69.0,1.4146341463414636,-132.0715077605322,-82,1,0.2589134125636673,0.6451612903225806,-0.005208333333333315,-0.041666666666666685,0.5877866649021193,17.865025466893044,0.912667191188041,-9112.934035476721
1183,616,2025-10-14,Overpass,1,1,57.0,0.398686679174484,1.877110694183898,-30,6,1.15,1.15,0.1964285714285714,-0.11904761904761901,1.3862943611198904,65.55,0.4584896810506566,106.99530956848218
1184,616,2025-10-14,Train,1,-1,57.0,0.398686679174484,1.877110694183898,-30,6,-1.3214285714285714,0.0,-0.4305555555555555,-0.125,1.252762968495368,-75.32142857142857,0.0,106.99530956848218
1186,617,2025-10-14,Dust2,1,1,14.0,0.0,-42.2,1,-1,0.3997113997113997,0.9285714285714284,0.004575163398692794,-0.05555555555555558,-0.11778303565638337,5.595959595959595,0.0,-590.8000000000001
1187,618,2025-10-14,Mirage,1,-1,46.0,0.04444444444444445,496.488888888889,-15,8,-0.07758526751661765,0.07091097308488614,0.054487179487179516,0.10897435897435892,0.0,-3.5689223057644117,0.003151598803772718,22838.488888888893
1188,619,2025-10-14,Train,1,1,57.0,-0.5760765550239234,-64.27846889952154,15,-2,-0.9411764705882353,-0.6666666666666667,0.00694444444444442,0.06944444444444448,1.252762968495368,-53.64705882352941,0.38405103668261564,-3663.872727272728
1189,620,2025-10-14,Overpass,1,-1,65.0,-0.9618163054695563,177.65531475748196,8,0,0.0,0.0,0.0,0.0,-1.3862943611198906,0.0,0.0,11547.595459236327
1190,621,2025-10-14,Inferno,1,-1,-12.0,-0.43902439024390255,128.19512195121956,0,5,-0.02782219379597059,-0.0005077430820005224,-0.02746212121212116,-0.022411616161616188,0.08004270767353638,0.3338663255516471,0.00022291159697583916,-1538.3414634146347
1191,622,2025-10-14,Mirage,1,-1,-89.0,-0.7831485587583148,7.9290465631928555,27,-4,-0.5193203617429433,-0.9841269841269841,-0.07152777777777775,0.09236111111111117,-1.0986122886681098,46.21951219512195,0.7707176292542145,-705.6851441241641
1192,623,2025-10-14,Nuke,1,1,81.0,0.6585365853658536,208.29379157427937,-163,9,0.0,0.0,0.0,0.0,2.995732273553991,0.0,0.0,16871.797117516628
1178,614,2025-10-14,Dust2,1,-1,-8.0,-0.21951219512195122,122.61086474501104,0,5,-0.42635658914728675,-0.9074960127591706,0.06388888888888888,0.12592592592592594,-0.47000362924573524,3.410852713178294,0.1992064418251838,-980.8869179600883
1158,605,2025-10-15,Overpass,1,1,357.0,-0.17674418604651165,98.97209302325581,-11,5,0.0,0.0,0.0,0.0,1.3862943611198906,0.0,0.0,35333.037209302325
1159,606,2025-10-15,Mirage,1,-1,464.0,0.3627906976744186,80.0,-29,6,0.04833068362480125,-0.5333333333333333,0.06458333333333338,0.012500000000000011,0.7884573603642704,22.42543720190778,-0.19348837209302328,37120.0
1157,605,2025-10-15,Nuke,1,1,357.0,-0.17674418604651165,98.97209302325581,-11,5,-0.030940594059405857,-0.35472972972972966,-0.059027777777777846,-0.125,1.1786549963416462,-11.04579207920789,0.06269641734758014,35333.037209302325
1161,606,2025-10-15,Dust2,1,1,464.0,0.3627906976744186,80.0,-29,6,0.4166666666666667,1.0,0.0625,0.027777777777777735,-0.2876820724517808,193.33333333333334,0.3627906976744186,37120.0
1177,613,2025-10-15,Inferno,1,1,65.0,-0.1624154086413326,12.694801814531075,0,-1,0.14666666666666664,0.0,0.03935185185185186,0.009259259259259245,1.2039728043259361,9.533333333333331,-0.0,825.1621179445199
1176,613,2025-10-15,Nuke,1,1,65.0,-0.1624154086413326,12.694801814531075,0,-1,-0.21409644939056705,-0.29411764705882354,0.10069444444444448,0.09375,0.9555114450274365,-13.916269210386858,0.04776923783568606,825.1621179445199
1175,613,2025-10-15,Ancient,1,-1,65.0,-0.1624154086413326,12.694801814531075,0,-1,-1.0,-1.2,-0.09126984126984133,0.023809523809523836,0.6931471805599452,-65.0,0.19489849036959914,825.1621179445199
1174,612,2025-10-15,Ancient,1,1,131.0,0.04559915164369041,382.65959703075293,0,6,0.001513317191283281,0.13165266106442583,-0.02976190476190471,-0.044642857142857095,0.0,0.1982445520581098,0.00600324965617213,50128.407211028636
1173,612,2025-10-15,Mirage,1,-1,131.0,0.04559915164369041,382.65959703075293,0,6,-0.049654305468258886,-0.056361375880646436,0.0861801242236025,0.06392339544513459,-0.4700036292457357,-6.504714016341914,-0.002570030925628632,50128.407211028636
1172,612,2025-10-15,Dust2,1,1,131.0,0.04559915164369041,382.65959703075293,0,6,0.17862194382703575,0.4778035300410055,0.05039173789173784,-0.06926638176638183,-0.30538164955118186,23.399474641341683,0.021787435622230397,50128.407211028636
1171,611,2025-10-15,Overpass,1,-1,71.0,-0.016932070147147774,-23.43257407780691,0,-1,-0.663003663003663,-0.663003663003663,-0.12291666666666662,0.03333333333333338,-0.18232155679395468,-47.07326007326007,0.011226024529793944,-1663.7127595242905
1170,611,2025-10-15,Ancient,1,-1,71.0,-0.016932070147147774,-23.43257407780691,0,-1,0.12328767123287673,0.28571428571428575,0.09861111111111104,0.08148148148148143,-0.5465437063680696,8.753424657534248,-0.0048377343277565075,-1663.7127595242905
1169,610,2025-10-15,Inferno,1,1,-57.0,0.7860570851225056,-45.93558979540288,0,0,-1.2450980392156863,0.0,-0.29833333333333334,0.12,-2.5649493574615367,70.97058823529412,0.0,2618.328618337964
1168,610,2025-10-15,Train,1,1,-57.0,0.7860570851225056,-45.93558979540288,0,0,0.2553626149131768,0.4444444444444444,-0.12012987012987014,-0.15097402597402593,0.4054651081081646,-14.555669050051078,0.34935870449889134,2618.328618337964
1166,609,2025-10-15,Nuke,1,1,482.0,0.7570881226053641,383.7057471264368,-12,9,-0.34965473948524795,-0.31950844854070665,-0.0946115288220552,0.06422305764411029,0.9162907318741551,-168.53358443188952,-0.24189605146223617,184946.17011494254
1165,608,2025-10-15,Inferno,1,-1,-81.0,-0.28307123034227566,-161.07123034227573,0,-8,-0.5338288939362654,-0.19771241830065356,-0.1004901960784314,0.04191176470588237,-0.49247648509779385,43.2401404088375,0.05596669750231266,13046.769657724333
1164,608,2025-10-15,Dust2,1,-1,-81.0,-0.28307123034227566,-161.07123034227573,0,-8,0.11836283185840707,-0.5063291139240507,0.007738095238095322,-0.07261904761904764,0.3101549283038394,-9.587389380530972,0.14332720523659528,13046.769657724333
1163,607,2025-10-15,Ancient,1,1,241.0,-0.04166666666666668,291.1,4,0,0.29327334083239603,0.3996598639455783,0.0400132275132275,-0.0267857142857143,-0.2363887780642302,70.67887514060745,-0.016652494331065765,70155.1
1160,606,2025-10-15,Nuke,1,1,464.0,0.3627906976744186,80.0,-29,6,0.055999999999999994,0.11864406779661016,-0.03472222222222221,-0.12499999999999994,0.9555114450274365,25.983999999999998,0.043042964130863226,37120.0
1167,609,2025-10-15,Inferno,1,1,482.0,0.7570881226053641,383.7057471264368,-12,9,1.0519031141868511,1.1391304347826088,0.18541666666666665,-0.12222222222222218,1.824549292051046,507.0173010380622,0.8624221222721974,184946.17011494254
1162,607,2025-10-15,Dust2,1,1,241.0,-0.04166666666666668,291.1,4,0,-0.008908493340252455,0.0019281090758848651,0.0062645687645687675,0.13505244755244755,-0.49643688631389127,-2.1469468950008417,-8.033787816186941e-05,70155.1
1141,598,2025-10-16,Overpass,1,1,-81.0,-0.7512410369553226,-52.335355763927225,1,-8,0.3333333333333333,0.3333333333333333,-0.045138888888888895,-0.12847222222222227,0.2231435513142097,-27.0,-0.2504136789851075,4239.1638168781055
1145,600,2025-10-16,Mirage,1,1,172.0,0.16616008105369812,144.63120567375876,0,4,-0.361541869738591,-0.08392857142857141,-0.06428571428571428,0.02331349206349209,-0.04652001563489305,-62.18520159503765,-0.013945578231292517,24876.567375886505
1146,601,2025-10-16,Inferno,1,-1,-73.0,0.373059829059829,-11.614358974358971,0,0,0.0,0.0,0.0,0.0,1.0986122886681098,0.0,0.0,847.8482051282049
1147,601,2025-10-16,Dust2,1,1,-73.0,0.373059829059829,-11.614358974358971,0,0,0.1362530413625304,0.0,0.08420138888888895,-0.033854166666666685,-1.4469189829363256,-9.94647201946472,0.0,847.8482051282049
1148,601,2025-10-16,Mirage,1,-1,-73.0,0.373059829059829,-11.614358974358971,0,0,-0.09245310884655152,0.3010752688172043,-0.014423076923076927,0.06650641025641024,-0.44183275227903884,6.749076945798261,0.1123190883190883,847.8482051282049
1149,602,2025-10-16,Mirage,1,-1,-20.0,0.03699788583509511,-126.803911205074,0,-1,0.4144834278126756,0.8427974762285613,0.05337301587301585,-0.05615079365079367,-0.6931471805599454,-8.289668556253512,0.031181724807610597,2536.07822410148
1150,602,2025-10-16,Dust2,1,1,-20.0,0.03699788583509511,-126.803911205074,0,-1,-0.3812372861074549,-0.6812728221178926,-0.0720486111111111,0.07725694444444442,-0.2682639865946794,7.624745722149098,-0.02520565409527085,2536.07822410148
1151,602,2025-10-16,Inferno,1,1,-20.0,0.03699788583509511,-126.803911205074,0,-1,-0.43813387423935096,-0.291497975708502,-0.10290404040404039,0.08049242424242425,-0.5705448584676129,8.76267748478702,-0.010784808826424486,2536.07822410148
1152,603,2025-10-16,Nuke,1,-1,133.0,0.2435486591330747,318.20458762017205,-1,9,0.26192156467385824,0.39215686274509803,0.0631313131313132,0.02051767676767674,0.08004270767353638,34.835568101623146,0.09550927809140183,42321.21015348288
1143,598,2025-10-16,Train,1,-1,-81.0,-0.7512410369553226,-52.335355763927225,1,-8,0.054945054945054916,0.3766233766233765,-0.08333333333333337,-0.058333333333333404,0.0,-4.450549450549448,-0.2829349359961604,4239.1638168781055
1153,603,2025-10-16,Inferno,1,1,133.0,0.2435486591330747,318.20458762017205,-1,9,-0.4340108999852703,-0.1837436005329967,-0.053800366300366276,0.07967032967032966,-0.5877866649021191,-57.72344969804095,-0.04475050753409466,42321.21015348288
1154,603,2025-10-16,Mirage,1,1,133.0,0.2435486591330747,318.20458762017205,-1,9,0.03076375922468219,0.31522468142186455,0.05740740740740746,0.10092592592592592,0.47000362924573524,4.0915799768827315,0.07677254848594575,42321.21015348288
1155,604,2025-10-16,Mirage,1,-1,-79.0,0.17704426106526636,96.80120030007501,1,-1,-0.5355455002513826,-0.2483660130718955,-0.06101190476190471,0.09077380952380953,-0.5108256237659905,42.308094519859225,-0.04397177725804002,-7647.294823705925
1156,604,2025-10-16,Dust2,1,-1,-79.0,0.17704426106526636,96.80120030007501,1,-1,-0.37657903721406616,-0.9310344827586207,-0.06060606060606061,-0.016899766899766966,0.15415067982725805,29.749743939911227,-0.16483431202628246,-7647.294823705925
1138,596,2025-10-16,Nuke,1,-1,107.0,-0.06418219461697727,3.4378881987577756,0,1,0.38128078817734,0.6562473599729661,0.038461538461538436,-0.0352564102564103,0.0,40.79704433497538,-0.042119395774662456,367.854037267082
1139,596,2025-10-16,Mirage,1,1,107.0,-0.06418219461697727,3.4378881987577756,0,1,0.10084507042253524,-0.15734265734265737,0.03345959595959597,-0.07218013468013468,-0.4595323293784399,10.79042253521127,0.010098597055118803,367.854037267082
1140,596,2025-10-16,Dust2,1,1,107.0,-0.06418219461697727,3.4378881987577756,0,1,0.45609436435124506,0.5637065637065637,0.020833333333333315,-0.020833333333333315,-1.1786549963416462,48.80209698558322,-0.03617992437868217,367.854037267082
1142,598,2025-10-16,Inferno,1,-1,-81.0,-0.7512410369553226,-52.335355763927225,1,-8,-0.0614255765199162,-0.14597315436241615,-0.060185185185185175,-0.06712962962962965,-0.998528830111127,4.975471698113212,0.10966102385086088,4239.1638168781055
1144,600,2025-10-16,Dust2,1,1,172.0,0.16616008105369812,144.63120567375876,0,4,-0.11708619374523266,-0.1282186022070415,-0.026666666666666672,-0.06190476190476191,0.5500463369192721,-20.13882532418002,-0.021304813335313894,24876.567375886505
1132,592,2025-10-17,Nuke,1,1,357.0,0.2980842911877395,157.04482758620696,-1,6,0.49049861945752804,0.34369885433715225,-0.03720238095238093,-0.13839285714285715,1.0986122886681098,175.1080071463375,0.10245122937712815,56065.003448275886
1133,592,2025-10-17,Overpass,1,-1,357.0,0.2980842911877395,157.04482758620696,-1,6,1.510204081632653,1.510204081632653,0.23958333333333331,-0.16666666666666663,0.916290731874155,539.1428571428571,0.45016811322230044,56065.003448275886
1134,592,2025-10-17,Mirage,1,1,357.0,0.2980842911877395,157.04482758620696,-1,6,0.0,0.0,0.0,0.0,2.995732273553991,0.0,0.0,56065.003448275886
1135,594,2025-10-17,Mirage,1,-1,-55.0,0.1692671394799055,82.13711583924352,0,-1,-0.282312925170068,-0.5444207533759773,-0.03270202020202023,0.04154040404040399,0.36290549368936853,15.52721088435374,-0.09215254359744678,-4517.541371158393
1136,594,2025-10-17,Inferno,1,1,-55.0,0.1692671394799055,82.13711583924352,0,-1,0.2580645161290323,0.1,-0.0024909420289854767,-0.06340579710144928,0.9808292530117262,-14.193548387096778,0.01692671394799055,-4517.541371158393
1137,594,2025-10-17,Dust2,1,1,-55.0,0.1692671394799055,82.13711583924352,0,-1,0.11761751707513056,0.36516953665897384,-0.06352124183006536,-0.06821895424836599,0.3254224004346278,-6.468963439132181,0.06181120289546699,-4517.541371158393
1122,588,2025-10-18,Nuke,1,-1,154.0,0.2173913043478261,-134.3517786561265,1,1,-0.17435090479937057,-0.01651651651651649,-0.06878306878306872,0.04662698412698418,0.40546510810816416,-26.850039339103066,-0.0035905470688079332,-20690.17391304348
1124,589,2025-10-18,Train,1,1,125.0,0.4280303030303031,150.30303030303025,1,0,0.5788617886178862,-1.3125,0.13789682539682535,-0.12599206349206354,0.7621400520468968,72.35772357723577,-0.5617897727272728,18787.87878787878
1125,589,2025-10-18,Overpass,1,1,125.0,0.4280303030303031,150.30303030303025,1,0,0.2583841463414634,0.2583841463414634,0.06547619047619052,-0.02738095238095245,0.2876820724517808,32.298018292682926,0.11059624445676276,18787.87878787878
1126,590,2025-10-18,Dust2,1,1,-16.0,0.40869565217391307,-42.65652173913043,1,-1,-0.1665616136148755,-0.3586090316348707,-0.01661220043572975,0.02314814814814814,-0.054067221270275745,2.664985817838008,-0.1465619520594689,682.5043478260869
1127,590,2025-10-18,Ancient,1,-1,-16.0,0.40869565217391307,-42.65652173913043,1,-1,-0.038547372692229624,0.9278350515463918,-0.012218045112781961,0.02850877192982454,0.2876820724517808,0.616757963075674,0.37920215150156883,682.5043478260869
1128,590,2025-10-18,Inferno,1,-1,-16.0,0.40869565217391307,-42.65652173913043,1,-1,0.696969696969697,0.8571428571428572,0.00694444444444442,-0.28125,-2.525728644308255,-11.151515151515152,0.3503105590062112,682.5043478260869
1129,591,2025-10-18,Dust2,1,1,-12.0,0.21029281277728487,-25.496894409937887,1,-8,0.18110072689511947,0.3627180899908173,-0.10926573426573422,-0.07779720279720276,0.15415067982725805,-2.1732087227414336,0.0762770073893733,305.9627329192547
1130,591,2025-10-18,Nuke,1,-1,-12.0,0.21029281277728487,-25.496894409937887,1,-8,-0.36488119210632297,-0.48816936488169355,-0.0037037037037036535,0.012500000000000011,-0.7419373447293771,4.378574305275876,-0.10265850885267204,305.9627329192547
1131,591,2025-10-18,Inferno,1,-1,-12.0,0.21029281277728487,-25.496894409937887,1,-8,-0.3253119429590018,-0.2994321115126484,-0.08704453441295545,0.011808367071524883,-0.35667494393873245,3.9037433155080214,-0.06296842096583646,305.9627329192547
1121,588,2025-10-18,Mirage,1,1,154.0,0.2173913043478261,-134.3517786561265,1,1,-0.23087843833185445,-0.28812056737588654,-0.01420454545454547,-0.006313131313131326,-0.5705448584676129,-35.55527950310559,-0.06263490595127968,-20690.17391304348
1123,588,2025-10-18,Ancient,1,1,154.0,0.2173913043478261,-134.3517786561265,1,1,-0.5896103896103897,-0.5080275229357798,-0.04722222222222222,0.08434343434343439,-0.2876820724517808,-90.80000000000001,-0.11044076585560432,-20690.17391304348
1106,584,2025-10-19,Mirage,1,-1,18.0,0.43833185448092277,84.44365572315883,0,0,-0.0246031746031746,0.2505942275042445,-0.047161172161172216,0.02854090354090355,0.45198512374305766,-0.4428571428571428,0.10984343246414975,1519.9858030168589
1116,586,2025-10-19,Inferno,1,1,-8.0,0.4,-55.400000000000006,0,6,0.09343187839910755,0.32317073170731714,-0.01416666666666666,0.04666666666666669,-0.21357410029805912,-0.7474550271928604,0.12926829268292686,443.20000000000005
1107,584,2025-10-19,Inferno,1,-1,18.0,0.43833185448092277,84.44365572315883,0,0,-0.21993127147766325,0.06814814814814818,-0.11045224541429471,-0.04277356103731811,0.575364144903562,-3.9587628865979387,0.029871504157218454,1519.9858030168589
1108,584,2025-10-19,Nuke,1,1,18.0,0.43833185448092277,84.44365572315883,0,0,0.24557032115171645,0.39727431707169997,0.009722222222222243,0.027083333333333348,0.27193371548364187,4.4202657807308965,0.17413798813968037,1519.9858030168589
1109,584,2025-10-19,Dust2,1,1,18.0,0.43833185448092277,84.44365572315883,0,0,-0.3647058823529411,-0.4087431693989071,-0.024839743589743557,-0.03125,1.6863989535702288,-6.56470588235294,-0.17916515144903292,1519.9858030168589
1110,584,2025-10-19,Train,1,1,18.0,0.43833185448092277,84.44365572315883,0,0,-0.2448658960834923,-0.5172219085262564,0.06031746031746027,-0.040873015873015894,0.6931471805599454,-4.407586129502861,-0.22671483834247616,1519.9858030168589
1111,585,2025-10-19,Inferno,1,1,47.0,0.19148936170212771,-152.78297872340423,0,1,0.30388619729924754,0.3611111111111111,-0.08173076923076927,-0.10544871794871796,0.24116205681688774,14.282651273064634,0.06914893617021278,-7180.799999999998
1112,585,2025-10-19,Mirage,1,-1,47.0,0.19148936170212771,-152.78297872340423,0,1,-0.3485065579191007,-0.2207735767057801,-0.05235507246376819,0.06521739130434784,-0.13353139262452274,-16.37980822219773,-0.04227579128408556,-7180.799999999998
1113,585,2025-10-19,Nuke,1,-1,47.0,0.19148936170212771,-152.78297872340423,0,1,-0.31280892529303767,-0.3399980681927944,-0.07361111111111118,0.054166666666666696,0.3746934494414105,-14.70201948877277,-0.06510601305819469,-7180.799999999998
1114,586,2025-10-19,Nuke,1,-1,-8.0,0.4,-55.400000000000006,0,6,0.31202804746494067,0.6814863245069195,-0.018187830687830586,0.028769841269841223,0.1466034741918758,-2.4962243797195254,0.2725945298027678,443.20000000000005
1115,586,2025-10-19,Dust2,1,1,-8.0,0.4,-55.400000000000006,0,6,-0.405152224824356,-0.6436781609195401,0.06779970760233917,0.12646198830409355,-0.4307829160924541,3.241217798594848,-0.25747126436781603,443.20000000000005
1117,586,2025-10-19,Train,1,-1,-8.0,0.4,-55.400000000000006,0,6,0.6256038647342995,1.0144927536231885,0.2326388888888889,0.0,0.33647223662121295,-5.004830917874396,0.4057971014492754,443.20000000000005
1118,586,2025-10-19,Ancient,1,-1,-8.0,0.4,-55.400000000000006,0,6,-0.43066666666666664,0.04255319148936171,-0.08690476190476198,0.05277777777777781,-0.06453852113757108,3.445333333333333,0.017021276595744685,443.20000000000005
1119,587,2025-10-19,Mirage,1,1,-4.0,0.0,-4.795918367346935,0,0,0.16507936507936488,0.3075226660132319,-0.012445887445887482,-0.06764069264069256,-0.2231435513142097,-0.6603174603174595,0.0,19.18367346938774
1120,587,2025-10-19,Dust2,1,1,-4.0,0.0,-4.795918367346935,0,0,-0.04167664670658687,-0.04305639781685877,-0.03273809523809529,0.04828042328042326,-0.2363887780642302,0.16670658682634748,-0.0,19.18367346938774
1095,579,2025-10-26,Nuke,1,-1,37.0,1.6,-114.5,2,0,1.1400398406374501,1.5698924731182795,0.13045977011494253,-0.09798850574712642,1.6094379124341005,42.18147410358566,2.511827956989247,-4236.5
1094,579,2025-10-26,Overpass,1,1,37.0,1.6,-114.5,2,0,0.0,0.0,0.0,0.0,1.9459101490553132,0.0,0.0,-4236.5
1093,578,2025-10-26,Nuke,1,1,81.0,0.07660818713450294,-140.47134502923973,-35,7,0.4190938511326861,-0.5306122448979592,-0.053661616161616243,-0.1401515151515152,1.749199854809259,33.94660194174757,-0.040649242153001565,-11378.178947368418
1105,583,2025-10-26,Mirage,1,1,20.0,-0.4142857142857143,92.33571428571426,-8,3,0.5194805194805197,0.5887445887445889,0.13194444444444442,-0.055555555555555525,0.35667494393873267,10.389610389610393,-0.24390847247990113,1846.7142857142853
1097,580,2025-10-26,Dust2,1,1,57.0,0.4410761652140963,-66.72262220538083,-18,2,-0.24137931034482762,0.0,-0.04166666666666663,-0.047619047619047616,0.6931471805599452,-13.758620689655174,0.0,-3803.1894657067073
1092,578,2025-10-26,Ancient,1,1,81.0,0.07660818713450294,-140.47134502923973,-35,7,-0.8059796437659034,-1.6962025316455696,-0.23055555555555557,-0.16111111111111115,1.3862943611198906,-65.28435114503817,-0.12994300096232145,-11378.178947368418
1098,580,2025-10-26,Overpass,1,1,57.0,0.4410761652140963,-66.72262220538083,-18,2,0.0,0.0,0.0,0.0,2.1972245773362196,0.0,0.0,-3803.1894657067073
1096,579,2025-10-26,Ancient,1,1,37.0,1.6,-114.5,2,0,1.2817679558011048,0.0,0.2154761904761905,-0.11230158730158729,1.299282984130261,47.42541436464088,0.0,-4236.5
1100,581,2025-10-26,Dust2,1,1,25.0,0.15238095238095237,-128.1142857142857,-28,5,0.05712403538490493,0.42071197411003236,-0.0017056530214425436,-0.05494639376218324,0.05129329438755059,1.4281008846226233,0.0641084912929573,-3202.8571428571427
1101,582,2025-10-26,Mirage,1,1,20.0,-0.22857142857142862,24.1142857142857,0,1,-0.32887253261960525,-0.829042904290429,-0.033816425120772986,0.05555555555555558,0.613104472886409,-6.5774506523921055,0.18949552098066955,482.285714285714
1102,582,2025-10-26,Inferno,1,-1,20.0,-0.22857142857142862,24.1142857142857,0,1,0.2976190476190476,0.027716186252771613,0.09684065934065939,-0.06456043956043955,0.5877866649021191,5.9523809523809526,-0.0063351282863477985,482.285714285714
1103,582,2025-10-26,Nuke,1,-1,20.0,-0.22857142857142862,24.1142857142857,0,1,0.37506819421713045,0.4057971014492754,0.045394736842105265,-0.06535087719298238,0.5978370007556202,7.501363884342609,-0.09275362318840583,482.285714285714
1104,583,2025-10-26,Ancient,1,1,20.0,-0.4142857142857143,92.33571428571426,-8,3,-0.7147595356550581,-0.5972222222222223,-0.12708333333333338,0.07708333333333328,-0.2006706954621511,-14.295190713101162,0.24742063492063499,1846.7142857142853
1099,581,2025-10-26,Nuke,1,1,25.0,0.15238095238095237,-128.1142857142857,-28,5,-0.3066899729858573,-0.3203463203463204,0.0135281385281385,0.14353354978354976,-0.8823891801984738,-7.667249324646433,-0.04881467738610596,-3202.8571428571427
1075,569,2025-10-27,Ancient,1,-1,22.0,0.23809523809523814,-73.00476190476189,0,5,-0.4107142857142857,-0.22807017543859648,-0.07690972222222225,-0.021527777777777812,0.06062462181643502,-9.035714285714285,-0.05430242272347536,-1606.1047619047617
1076,569,2025-10-27,Inferno,1,-1,22.0,0.23809523809523814,-73.00476190476189,0,5,0.3883401051179783,0.8716417910447762,0.05932539682539689,0.00515873015873014,0.04652001563489305,8.543482312595522,0.2075337597725658,-1606.1047619047617
1077,570,2025-10-27,Inferno,1,1,191.0,0.8751748251748254,-20.628321678321704,0,-1,0.15424836601307187,0.0,-0.09374999999999994,-0.16666666666666669,1.1786549963416462,29.461437908496727,0.0,-3940.0094405594455
1078,570,2025-10-27,Nuke,1,1,191.0,0.8751748251748254,-20.628321678321704,0,-1,0.569047619047619,0.29429429429429427,0.03968253968253971,-0.1428571428571429,1.1451323043030028,108.68809523809523,0.2575589575589576,-3940.0094405594455
1079,571,2025-10-27,Mirage,1,-1,288.0,-0.4093023255813954,198.40930232558148,0,0,-0.5585142469470828,-0.7680255331495721,-0.06517094017094016,0.12698412698412698,0.45198512374305766,-160.85210312075986,0.31435463682401094,57141.87906976746
1080,571,2025-10-27,Train,1,1,288.0,-0.4093023255813954,198.40930232558148,0,0,0.3773584905660379,0.9090909090909092,0.029761904761904767,-0.03273809523809523,0.13353139262452252,108.6792452830189,-0.37209302325581406,57141.87906976746
1081,571,2025-10-27,Dust2,1,1,288.0,-0.4093023255813954,198.40930232558148,0,0,-0.2937478953866876,-0.5425101214574899,0.08311965811965816,0.04059829059829062,-0.13353139262452274,-84.59939387136603,0.2220506543639959,57141.87906976746
1082,572,2025-10-27,Nuke,1,1,36.0,-0.3477297895902548,50.00000000000001,0,5,-0.17072091994692606,-0.22466614296936377,-0.02430555555555558,0.0402777777777778,-0.8690378470236095,-6.145953118089338,0.07812311062279097,1800.0000000000002
1085,573,2025-10-27,Nuke,1,-1,-48.0,0.01185770750988141,-41.87450592885375,0,0,-0.8061450044208666,-0.32,-0.01831896551724138,0.21372126436781602,-1.7917594692280552,38.69496021220159,-0.0037944664031620513,2009.97628458498
1084,573,2025-10-27,Ancient,1,1,-48.0,0.01185770750988141,-41.87450592885375,0,0,-0.15995115995115994,-0.2,0.05989583333333337,0.15624999999999994,-1.2237754316221159,7.677655677655677,-0.002371541501976282,2009.97628458498
1086,573,2025-10-27,Train,1,1,-48.0,0.01185770750988141,-41.87450592885375,0,0,-1.0756302521008403,0.0,-0.27864583333333337,0.09374999999999994,-1.7346010553881064,51.63025210084034,0.0,2009.97628458498
1087,574,2025-10-27,Nuke,1,1,-8.0,0.5433255269320844,-66.50507416081186,0,-1,-0.19510939510939518,-0.1488095238095239,-0.07051282051282054,-0.024639423076923017,0.19415601444095776,1.5608751608751614,-0.08085201293632212,532.0405932864949
1088,574,2025-10-27,Overpass,1,-1,-8.0,0.5433255269320844,-66.50507416081186,0,-1,1.3877551020408163,1.3406593406593406,0.16666666666666669,-0.1388888888888889,1.6094379124341005,-11.10204081632653,0.728414442700157,532.0405932864949
1089,574,2025-10-27,Dust2,1,-1,-8.0,0.5433255269320844,-66.50507416081186,0,-1,1.3037146735776872,2.0,0.2046130952380953,-0.07217261904761907,-0.5108256237659905,-10.429717388621498,1.0866510538641687,532.0405932864949
1090,575,2025-10-27,Ancient,1,1,44.0,0.21040974529346623,17.849390919158367,0,6,0.15759849906191375,-0.21602787456445993,-0.027935606060606022,-0.051136363636363646,0.3483066942682158,6.934333958724205,-0.045454370063396886,785.3732004429681
1091,575,2025-10-27,Inferno,1,1,44.0,0.21040974529346623,17.849390919158367,0,6,-0.10611205432937185,-0.31254480286738356,0.11111111111111122,0.03163580246913583,1.3862943611198906,-4.668930390492362,-0.06576247236412279,785.3732004429681
1083,572,2025-10-27,Mirage,1,1,36.0,-0.3477297895902548,50.00000000000001,0,5,0.2660522273425499,-0.08026315789473683,0.0733333333333333,0.032777777777777795,-0.485507815781701,9.577880184331796,0.027909891006586234,1800.0000000000002
1064,564,2025-10-28,Dust2,1,-1,81.0,0.6261682242990655,-79.517841971113,-1,8,-0.3095238095238095,0.7727272727272727,-0.14423076923076922,0.012019230769230838,1.0296194171811581,-25.07142857142857,0.48385726423109604,-6440.945199660153
1063,564,2025-10-28,Inferno,1,1,81.0,0.6261682242990655,-79.517841971113,-1,8,0.6666666666666667,0.5033557046979866,0.03598484848484845,-0.1123737373737374,1.1895840668738364,54.00000000000001,0.31518534780154306,-6440.945199660153
1061,563,2025-10-28,Mirage,1,-1,-6.0,-0.19682539682539688,76.40000000000003,0,-1,0.3633540372670807,0.4594298245614036,0.019444444444444486,-0.05173611111111104,0.8209805520698299,-2.1801242236024843,-0.09042745753272073,-458.4000000000002
1059,562,2025-10-28,Ancient,1,-1,3.0,-0.1672727272727273,89.95636363636362,0,0,-0.03453592352759795,-0.15652173913043482,-0.050449346405228745,-0.0014297385620914982,0.3254224004346278,-0.10360777058279384,0.02618181818181819,269.86909090909086
1058,562,2025-10-28,Train,1,1,3.0,-0.1672727272727273,89.95636363636362,0,0,0.9770992366412213,1.0909090909090908,0.0955882352941177,-0.08088235294117646,2.197224577336219,2.931297709923664,-0.1824793388429752,269.86909090909086
1057,562,2025-10-28,Inferno,1,-1,3.0,-0.1672727272727273,89.95636363636362,0,0,-0.318961038961039,-1.0389610389610389,-0.02110389610389607,0.005411255411255422,0.4054651081081646,-0.956883116883117,0.17378984651711926,269.86909090909086
1065,565,2025-10-28,Mirage,1,-1,284.0,-0.4355179704016914,144.11945031712474,0,0,-0.48005943071629653,-0.3614759224515322,-0.0480587121212121,0.06202651515151514,0.3022808718729335,-136.3368783234282,0.1574292600951705,40929.92389006343
1060,563,2025-10-28,Dust2,1,-1,-6.0,-0.19682539682539688,76.40000000000003,0,-1,-0.10700011419435868,-0.15364354697102722,-0.0016081871345029475,0.004239766081871266,0.2231435513142097,0.642000685166152,0.030240952102233938,-458.4000000000002
1066,565,2025-10-28,Inferno,1,-1,284.0,-0.4355179704016914,144.11945031712474,0,0,0.34453781512605053,0.4054054054054054,0.01785714285714285,0.08630952380952384,1.6094379124341003,97.84873949579836,-0.17656133935203702,40929.92389006343
1062,564,2025-10-28,Train,1,-1,81.0,0.6261682242990655,-79.517841971113,-1,8,0.0,0.0,0.0,0.0,2.0794415416798357,0.0,0.0,-6440.945199660153
1068,566,2025-10-28,Nuke,1,-1,102.0,0.20000000000000007,-40.68333333333335,0,-6,0.39695550351288067,0.6661118046885837,-0.01193181818181821,-0.03333333333333338,0.09097177820572666,40.489461358313825,0.13322236093771678,-4149.700000000002
1069,567,2025-10-28,Nuke,1,1,57.0,0.039463601532567075,-37.1360153256705,0,2,0.8201058201058202,1.074468085106383,0.004901960784313708,-0.12794117647058822,1.0986122886681096,46.746031746031754,0.04240238037009867,-2116.7528735632186
1070,567,2025-10-28,Inferno,1,-1,57.0,0.039463601532567075,-37.1360153256705,0,2,-0.3333333333333332,0.0,-0.0945512820512821,-0.017628205128205177,1.5404450409471486,-18.999999999999993,0.0,-2116.7528735632186
1067,566,2025-10-28,Inferno,1,-1,102.0,0.20000000000000007,-40.68333333333335,0,-6,-0.11075837742504413,0.14807017543859646,-0.0642170329670329,0.030563186813186816,-0.7282385003712157,-11.297354497354501,0.0296140350877193,-4149.700000000002
1071,567,2025-10-28,Ancient,1,-1,57.0,0.039463601532567075,-37.1360153256705,0,2,-0.11150097465886939,-0.75,-0.08589743589743593,-0.11153846153846153,0.8472978603872034,-6.355555555555555,-0.029597701149425306,-2116.7528735632186
1072,568,2025-10-28,Mirage,1,1,32.0,0.022222222222222244,155.99516908212559,0,5,0.6141088739746459,0.6866964285714285,0.10187728937728935,-0.028846153846153855,-0.5877866649021191,19.651483967188668,0.015259920634920649,4991.845410628019
1073,568,2025-10-28,Nuke,1,-1,32.0,0.022222222222222244,155.99516908212559,0,5,-0.3951810375787652,-0.43827160493827166,-0.07368035190615835,0.016129032258064502,-0.9808292530117262,-12.645793202520487,-0.009739368998628269,4991.845410628019
1074,568,2025-10-28,Ancient,1,1,32.0,0.022222222222222244,155.99516908212559,0,5,0.10760309278350527,0.09040717736369913,-0.018939393939393978,-0.041666666666666685,-0.6505875661411493,3.4432989690721687,0.0020090483858599827,4991.845410628019
1045,556,2025-10-29,Dust2,1,-1,-30.0,-0.41586073500967125,25.448742746615068,0,-3,-0.5403508771929824,-0.9460688758934372,-0.0020833333333332704,0.06874999999999992,0.0,16.210526315789473,0.39343289809881826,-763.4622823984521
1046,556,2025-10-29,Ancient,1,1,-30.0,-0.41586073500967125,25.448742746615068,0,-3,-0.0584615384615384,-0.07425500732779683,-0.013174019607843146,0.08394607843137258,-0.05715841383994835,1.753846153846152,0.030879741925486114,-763.4622823984521
1047,556,2025-10-29,Train,1,1,-30.0,-0.41586073500967125,25.448742746615068,0,-3,-0.5663466967814794,-0.35,0.10416666666666669,0.04999999999999999,0.6061358035703157,16.99040090344438,0.1455512572533849,-763.4622823984521
1048,557,2025-10-29,Train,1,1,57.0,-0.5714285714285715,-41.08035714285714,-2,-1,-1.0732133496417964,-1.5238095238095237,-0.13938492063492058,0.0719246031746032,-0.485507815781701,-61.173160929582394,0.870748299319728,-2341.580357142857
1050,558,2025-10-29,Mirage,1,1,69.0,0.38367346938775515,66.09632653061226,0,4,0.8271604938271605,0.6170212765957446,0.17936507936507934,-0.08690476190476198,0.6931471805599454,57.074074074074076,0.236734693877551,4560.646530612246
1051,558,2025-10-29,Train,1,1,69.0,0.38367346938775515,66.09632653061226,0,4,-2.0,-2.0,-0.2321428571428571,0.18452380952380953,1.3862943611198904,-138.0,-0.7673469387755103,4560.646530612246
1049,557,2025-10-29,Overpass,1,1,57.0,-0.5714285714285715,-41.08035714285714,-2,-1,-0.3346203346203347,-0.38919413919413925,-0.02916666666666662,0.010416666666666685,0.7884573603642704,-19.07335907335908,0.22239665096807962,-2341.580357142857
1053,559,2025-10-29,Mirage,1,1,-8.0,0.02570921985815605,-11.314273049645394,0,0,0.48611849803212415,0.5259897656881227,0.08046737213403887,-0.10074955908289246,1.252762968495368,-3.888947984256993,0.013522786529215933,90.51418439716315
1054,559,2025-10-29,Nuke,1,-1,-8.0,0.02570921985815605,-11.314273049645394,0,0,-0.36486486486486486,-0.33579033579033574,0.04055059523809529,0.12872023809523814,1.4170660197866445,2.918918918918919,-0.008632907569077789,90.51418439716315
1055,561,2025-10-29,Ancient,1,-1,-110.0,-0.15923129718599863,-1.8846945778997792,0,5,-0.6148818501759679,-1.4680851063829787,-0.06883169934640515,0.0610702614379085,0.3254224004346278,67.63700351935647,0.2337650958688065,207.31640356897572
1056,561,2025-10-29,Inferno,1,-1,-110.0,-0.15923129718599863,-1.8846945778997792,0,5,0.4170403587443947,0.5487804878048781,0.05201863354037278,-0.025879917184264967,0.4700036292457357,-45.87443946188342,-0.08738302894353583,207.31640356897572
1052,559,2025-10-29,Ancient,1,-1,-8.0,0.02570921985815605,-11.314273049645394,0,0,0.20001919570016313,0.20651594732435108,-0.03260869565217389,-0.0008361204013378476,0.5389965007326873,-1.600153565601305,0.0053093638939771155,90.51418439716315
1038,553,2025-10-30,Nuke,1,-1,166.0,-0.4225538971807629,159.30912106135992,0,4,-0.35648216120980775,-0.33573429371748703,-0.01041666666666663,0.02660778985507245,-0.3448404862917296,-59.176038760828085,0.14186583422755508,26445.314096185746
1039,553,2025-10-30,Train,1,1,166.0,-0.4225538971807629,159.30912106135992,0,4,-0.355614973262032,0.35135135135135137,-0.08680555555555558,0.060763888888888895,0.25131442828090633,-59.03208556149731,-0.14846488279324102,26445.314096185746
1040,553,2025-10-30,Mirage,1,1,166.0,-0.4225538971807629,159.30912106135992,0,4,-0.19714644651830576,-0.36231884057971014,0.004528985507246341,0.08922101449275371,0.3448404862917296,-32.726310122038754,0.15309923810897208,26445.314096185746
1041,554,2025-10-30,Overpass,1,1,89.0,0.6074074074074074,2.2296296296296276,0,5,2.0,2.0,0.08333333333333331,-0.29166666666666663,0.0,178.0,1.2148148148148148,198.43703703703687
1042,554,2025-10-30,Dust2,1,1,89.0,0.6074074074074074,2.2296296296296276,0,5,-0.2822310271258761,0.2755905511811024,-0.1916666666666666,-0.09682539682539687,1.299282984130261,-25.118561414202972,0.1673957421988918,198.43703703703687
1044,555,2025-10-30,Inferno,1,1,12.0,0.4,-36.8,0,0,-0.6349206349206349,-0.6161616161616161,-0.02976190476190471,0.06845238095238093,0.5108256237659905,-7.619047619047619,-0.24646464646464647,-441.59999999999997
1043,555,2025-10-30,Train,1,1,12.0,0.4,-36.8,0,0,0.8648648648648649,0.8771929824561404,-0.015625,-0.04166666666666663,1.0986122886681098,10.378378378378379,0.3508771929824562,-441.59999999999997
1027,547,2025-10-31,Nuke,1,-1,-89.0,-0.39999999999999997,-11.5,0,-4,-0.8040675794699337,-0.6363636363636364,-0.06448412698412698,0.16765873015873017,-1.1451323043030028,71.5620145728241,0.2545454545454545,1023.5
1030,550,2025-10-31,Train,1,-1,69.0,0.2,75.7,2,1,-0.842857142857143,-1.5714285714285714,-0.036458333333333315,-0.01388888888888895,0.810930216216329,-58.157142857142865,-0.3142857142857143,5223.3
1028,547,2025-10-31,Ancient,1,-1,-89.0,-0.39999999999999997,-11.5,0,-4,-0.08095238095238091,0.2142857142857143,0.0009920634920634885,0.14219576719576715,-0.8649974374866045,7.204761904761901,-0.08571428571428572,1023.5
1029,550,2025-10-31,Ancient,1,1,69.0,0.2,75.7,2,1,0.38553953691568377,0.3865546218487395,-0.021825396825396803,-0.15724206349206343,0.485507815781701,26.60222804718218,0.0773109243697479,5223.3
1026,547,2025-10-31,Inferno,1,1,-89.0,-0.39999999999999997,-11.5,0,-4,0.4112299465240641,0.8903225806451613,0.04849137931034475,0.003232758620689613,-1.7917594692280552,-36.599465240641706,-0.3561290322580645,1023.5
1031,550,2025-10-31,Inferno,1,-1,69.0,0.2,75.7,2,1,-0.6314584695879659,-0.8316831683168316,-0.13958333333333328,0.03402777777777777,1.1631508098056809,-43.57063440156965,-0.16633663366336635,5223.3
1035,552,2025-10-31,Ancient,1,1,16.0,0.2782608695652174,95.06521739130434,3,-1,-0.06202450032237271,0.5012285012285013,0.01517857142857143,0.018452380952380942,0.33647223662121295,-0.9923920051579633,0.13947227860271338,1521.0434782608695
1033,551,2025-10-31,Mirage,1,1,-298.0,0.021276595744680857,-40.146276595744695,2,-5,0.5547522482807263,0.5794075205839911,0.03715277777777776,-0.0921527777777778,0.03922071315328157,-165.31616998765645,0.012327819586893432,11963.590425531918
1034,551,2025-10-31,Overpass,1,-1,-298.0,0.021276595744680857,-40.146276595744695,2,-5,1.0588235294117647,1.0588235294117647,0.12499999999999994,-0.05555555555555558,-1.252762968495368,-315.5294117647059,0.022528160200250318,11963.590425531918
1036,552,2025-10-31,Dust2,1,-1,16.0,0.2782608695652174,95.06521739130434,3,-1,-0.4461077844311377,-0.27876106194690264,-0.17546296296296288,-0.010416666666666685,0.7419373447293771,-7.137724550898203,-0.07756829549826856,1521.0434782608695
1037,552,2025-10-31,Nuke,1,-1,16.0,0.2782608695652174,95.06521739130434,3,-1,0.06714628297362113,-0.23809523809523808,0.045227920227920326,0.03970797720797714,-0.30538164955118186,1.074340527577938,-0.06625258799171842,1521.0434782608695
1032,551,2025-10-31,Dust2,1,-1,-298.0,0.021276595744680857,-40.146276595744695,2,-5,-0.5263614040156003,-0.8217168011738811,-0.08730158730158732,0.018849206349206393,0.382992252256106,156.85569839664888,-0.017483336195188964,11963.590425531918
1021,545,2025-11-01,Dust2,1,1,268.0,-0.2,47.50000000000001,0,0,-0.05946601941747576,-0.16638655462184881,0.06376262626262624,0.06060606060606061,-0.36290549368936853,-15.936893203883503,0.033277310924369766,12730.000000000002
1022,545,2025-11-01,Mirage,1,1,268.0,-0.2,47.50000000000001,0,0,-0.543025944002055,-0.2728256591892956,-0.04097222222222224,0.09493055555555557,0.03922071315328157,-145.53095299255074,0.05456513183785912,12730.000000000002
1023,545,2025-11-01,Train,1,-1,268.0,-0.2,47.50000000000001,0,0,0.34090460201461575,1.027823240589198,0.0625,-0.02546296296296302,0.35667494393873267,91.36243333991702,-0.20556464811783962,12730.000000000002
1025,545,2025-11-01,Nuke,1,1,268.0,-0.2,47.50000000000001,0,0,-0.3061224489795919,-0.32345538686368436,-0.05013368983957217,0.01704545454545453,-0.24512245803298516,-82.04081632653063,0.06469107737273687,12730.000000000002
1024,545,2025-11-01,Inferno,1,-1,268.0,-0.2,47.50000000000001,0,0,-0.005970149253731294,0.1567746199603437,-0.06111111111111117,0.0,-0.6613984822453651,-1.5999999999999868,-0.03135492399206874,12730.000000000002
1012,539,2025-11-03,Train,1,1,66.0,0.04582651391162029,40.080196399345326,21,-4,0.8223905723905723,1.45679012345679,0.03125,-0.21874999999999994,-0.810930216216329,54.27777777777777,0.06675961285890362,2645.2929623567916
1007,537,2025-11-03,Mirage,1,-1,-273.0,0.034482758620689655,-255.50344827586204,-11,5,-0.4801837270341207,-0.6256684491978608,-0.06074929971988796,0.02608543417366943,0.18232155679395445,131.09015748031496,-0.02157477411027106,69752.44137931033
1008,537,2025-11-03,Inferno,1,1,-273.0,0.034482758620689655,-255.50344827586204,-11,5,-0.1980288559235927,0.1997264021887825,-0.06990740740740736,0.0050925925925925375,-0.17185025692665912,54.061877667140806,0.0068871173168545685,69752.44137931033
1009,538,2025-11-03,Ancient,1,-1,-242.0,0.6148148148148148,-146.02962962962962,-21,4,-1.000516662361147,-0.6666666666666666,-0.07638888888888884,0.11226851851851855,-0.26236426446749084,242.1250322913976,-0.40987654320987654,35339.17037037037
1006,537,2025-11-03,Nuke,1,1,-273.0,0.034482758620689655,-255.50344827586204,-11,5,0.5168081494057725,0.5246376811594202,0.04774305555555558,-0.040798611111111105,0.3856624808119844,-141.08862478777587,0.01809095452273863,69752.44137931033
1010,538,2025-11-03,Nuke,1,-1,-242.0,0.6148148148148148,-146.02962962962962,-21,4,0.02755775577557762,0.6466165413533835,0.052884615384615474,0.024725274725274804,0.06899287148695166,-6.668976897689784,0.39754942912837654,35339.17037037037
1011,539,2025-11-03,Inferno,1,1,66.0,0.04582651391162029,40.080196399345326,21,-4,0.2163865546218488,0.3310055865921787,0.01128472222222221,-0.0703125,-0.3856624808119844,14.281512605042021,0.015168832118790512,2645.2929623567916
1013,540,2025-11-03,Overpass,1,-1,237.0,-0.40425531914893625,240.436170212766,12,-4,0.25,0.0,0.02777777777777768,-0.041666666666666685,-0.8472978603872034,59.25,-0.0,56983.37234042554
1018,541,2025-11-03,Mirage,1,1,1000.0,0.6216931216931217,168.46296296296296,4,0,0.5156302521008402,0.975609756097561,0.1646825396825397,-0.051984126984126966,0.6931471805599454,515.6302521008403,0.6065298748225578,168462.96296296295
1015,540,2025-11-03,Ancient,1,1,237.0,-0.40425531914893625,240.436170212766,12,-4,0.4478632478632478,0.47573511833612236,0.0317460317460318,-0.056423611111111105,-0.2578291093020999,106.14358974358973,-0.1923184520933261,56983.37234042554
1016,541,2025-11-03,Overpass,1,-1,1000.0,0.6216931216931217,168.46296296296296,4,0,-0.38907469342251944,-0.7499999999999999,-0.02083333333333337,0.0,-0.18232155679395468,-389.07469342251943,-0.4662698412698412,168462.96296296295
1017,541,2025-11-03,Dust2,1,1,1000.0,0.6216931216931217,168.46296296296296,4,0,1.02125,0.6774193548387097,0.03680555555555559,-0.1444444444444445,0.16705408466316607,1021.25,0.421146953405018,168462.96296296295
1019,543,2025-11-03,Dust2,1,1,482.0,0.9818181818181819,240.79999999999998,-4,0,0.5850180107329266,1.2063492063492063,0.012654320987654288,-0.05771604938271602,0.5596157879354227,281.9786811732706,1.1844155844155844,116065.59999999999
1020,543,2025-11-03,Overpass,1,1,482.0,0.9818181818181819,240.79999999999998,-4,0,1.5454545454545454,1.5454545454545454,0.27604166666666663,-0.18229166666666663,1.0986122886681098,744.9090909090909,1.5173553719008266,116065.59999999999
1014,540,2025-11-03,Inferno,1,1,237.0,-0.40425531914893625,240.436170212766,12,-4,-0.5244003308519437,-0.41687344913151364,0.054292929292929226,0.1515151515151515,1.0986122886681098,-124.28287841191066,0.16852330922337788,56983.37234042554
1001,535,2025-11-04,Dust2,1,1,-81.0,0.017021276595744705,135.75921985815603,0,-4,-0.14805534371935944,-0.6601941747572816,-0.010044642857142905,-0.05245535714285715,0.1251631429540061,11.992482841268114,-0.011237347655443108,-10996.496808510637
1000,534,2025-11-04,Inferno,1,-1,190.0,0.2357723577235772,-68.7999999999999,0,0,-0.21977401129943486,0.23986486486486494,0.015079365079365081,0.07500000000000001,0.6931471805599454,-41.75706214689262,0.05655350472423644,-13071.99999999998
1002,535,2025-11-04,Inferno,1,-1,-81.0,0.017021276595744705,135.75921985815603,0,-4,-0.6049090909090908,-0.515028117122358,-0.09590909090909089,0.06848484848484843,-0.7731898882334818,48.99763636363636,-0.008766436036125255,-10996.496808510637
997,533,2025-11-04,Inferno,1,1,-629.0,-0.7651371164811296,326.4197664947054,0,0,-0.4464838446918272,-0.4165733482642778,-0.045428240740740755,0.04861111111111105,-0.1112256351102241,280.8383383111593,0.31873573049381887,-205318.0331251697
1004,536,2025-11-04,Train,1,1,335.0,0.7418546365914789,205.16040100250626,0,0,-0.35368956743002533,-0.37037037037037035,-0.01822916666666663,0.08072916666666669,1.2237754316221159,-118.48600508905848,-0.2747609765153625,68728.7343358396
1005,536,2025-11-04,Overpass,1,1,335.0,0.7418546365914789,205.16040100250626,0,0,1.1116504854368932,1.1116504854368932,0.13194444444444448,-0.20254629629629628,0.6931471805599456,372.40291262135923,0.8246830668905275,68728.7343358396
999,534,2025-11-04,Mirage,1,-1,190.0,0.2357723577235772,-68.7999999999999,0,0,0.8657824933687002,1.32,0.22656249999999994,-0.046875,0.6359887667199966,164.49867374005302,0.3112195121951219,-13071.99999999998
1003,535,2025-11-04,Train,1,1,-81.0,0.017021276595744705,135.75921985815603,0,-4,1.4368932038834952,1.5416666666666665,0.2129629629629629,-0.034722222222222265,-1.2039728043259361,-116.3883495145631,0.026241134751773084,-10996.496808510637
998,534,2025-11-04,Overpass,1,1,190.0,0.2357723577235772,-68.7999999999999,0,0,-1.4426229508196722,-1.574468085106383,-0.020833333333333315,0.13194444444444436,-0.8472978603872034,-274.09836065573774,-0.3712160525860577,-13071.99999999998
994,532,2025-11-04,Inferno,1,1,-391.0,0.375968992248062,-153.25920542635663,0,4,-0.19018404907975456,0.16831683168316833,-0.12061403508771934,-0.05043859649122806,-1.3862943611198906,74.36196319018403,0.06328190958630747,59924.34932170544
986,529,2025-11-04,Nuke,1,-1,-8.0,-0.5746753246753247,-8.57142857142857,0,-4,-0.20616275110657128,-0.46599777034559636,-0.058333333333333404,-0.02013888888888893,-0.2076393647782444,1.6493020088525703,0.267797419971333,68.57142857142856
987,529,2025-11-04,Inferno,1,-1,-8.0,-0.5746753246753247,-8.57142857142857,0,-4,-0.23487151146725616,-0.7367021276595744,0.012037037037037068,0.001388888888888884,0.9343092373768331,1.8789720917380492,0.4233645344017684,68.57142857142856
988,530,2025-11-04,Dust2,1,1,103.0,0.15663354763296317,136.84979544126242,0,0,-0.3987391646966115,1.25,-0.029914529914529975,0.05911680911680911,-0.3364722366212125,-41.07013396375099,0.19579193454120397,14095.52893045003
989,530,2025-11-04,Ancient,1,1,103.0,0.15663354763296317,136.84979544126242,0,0,0.23008849557522137,0.2666666666666667,0.07892628205128205,0.000801282051282104,-0.44183275227903884,23.6991150442478,0.041768946035456854,14095.52893045003
990,531,2025-11-04,Nuke,1,-1,119.0,0.023255813953488396,19.118604651162798,0,-5,0.0032256619327090674,-0.1631046119235096,0.05651515151515152,-0.030151515151515096,-0.7731898882334818,0.383853769992379,-0.0037931305098490645,2275.1139534883728
996,533,2025-11-04,Nuke,1,-1,-629.0,-0.7651371164811296,326.4197664947054,0,0,-0.5791332263242376,-0.7298387096774193,-0.1254208754208755,0.007154882154882136,-0.18232155679395445,364.2747993579454,0.5584266858188889,-205318.0331251697
992,532,2025-11-04,Nuke,1,-1,-391.0,0.375968992248062,-153.25920542635663,0,4,0.35686274509803917,0.34355368026254096,0.07545518207282914,0.03448879551820733,-0.18232155679395445,-139.5333333333333,0.12916553095142044,59924.34932170544
993,532,2025-11-04,Ancient,1,1,-391.0,0.375968992248062,-153.25920542635663,0,4,-0.2649572649572649,-0.49009324009324007,-0.008838383838383757,-0.009469696969696906,0.5705448584676129,103.59829059829057,-0.18425986158544297,59924.34932170544
995,533,2025-11-04,Train,1,1,-629.0,-0.7651371164811296,326.4197664947054,0,0,0.9624999999999999,1.3333333333333333,0.12557870370370372,-0.0734953703703704,-0.10536051565782634,-605.4124999999999,-1.0201828219748394,-205318.0331251697
991,531,2025-11-04,Inferno,1,-1,119.0,0.023255813953488396,19.118604651162798,0,-5,-0.16768837803320563,-0.10951934663274876,0.046006944444444475,0.039930555555555525,-0.2682639865946794,-19.95491698595147,-0.002546961549598811,2275.1139534883728
978,520,2025-11-05,Tuscan,1,1,48.0,0.0,0.0,-991,3,0.0,0.0,0.0,0.0,0.0,0.0,0.0,0.0
985,528,2025-11-05,Nuke,1,-1,-1000.0,-0.3739130434782608,-48.7454106280193,1,-1,-1.2153846153846153,-0.4805194805194805,-0.24421296296296297,0.046296296296296335,-0.26236426446749084,1215.3846153846152,0.17967250141163182,48745.4106280193
984,528,2025-11-05,Dust2,1,-1,-1000.0,-0.3739130434782608,-48.7454106280193,1,-1,-1.0239130434782608,-1.374406081723155,-0.02846907993966813,0.1004901960784314,0.2513144282809061,1023.9130434782609,0.5139083609921361,48745.4106280193
983,527,2025-11-05,Dust2,1,1,147.0,-0.1809256661991585,-203.38078541374475,-1,1,0.9251842055545061,1.0952380952380951,0.09046345811051698,-0.07397504456327986,0.40546510810816416,136.0020782165124,-0.19815668202764977,-29896.975455820477
982,527,2025-11-05,Inferno,1,1,147.0,-0.1809256661991585,-203.38078541374475,-1,1,0.3627373068432671,0.7256438969764838,0.07138480392156865,-0.030943627450980393,0.693147180559945,53.32238410596027,-0.13128760548382387,-29896.975455820477
981,527,2025-11-05,Overpass,1,-1,147.0,-0.1809256661991585,-203.38078541374475,-1,1,-0.7942583732057416,-0.8299120234604105,0.010714285714285732,0.12976190476190474,-0.2876820724517808,-116.75598086124401,0.15015238573126644,-29896.975455820477
980,520,2025-11-05,Train,1,-1,48.0,0.0,0.0,-991,3,0.0,0.0,0.0,0.0,2.9444389791664403,0.0,0.0,0.0
979,520,2025-11-05,Cobblestone,1,1,48.0,0.0,0.0,-991,3,0.0,0.0,0.0,0.0,0.0,0.0,0.0,0.0
2929,1510,2025-11-06,Inferno,0,-1,48.0,0.0,0.0,-972,0,0.0,0.0,0.0,0.0,1.3862943611198906,0.0,0.0,0.0
2928,1510,2025-11-06,Mirage,0,-1,48.0,0.0,0.0,-972,0,0.0,0.0,0.0,0.0,3.5263605246161616,0.0,0.0,0.0
975,519,2025-11-07,Inferno,1,1,809.0,-0.21388888888888893,-185.55138888888888,0,-4,0.20227272727272722,-0.03842824995672495,0.04102167182662536,-0.0786893704850361,0.10536051565782634,163.63863636363632,0.008219375685188393,-150111.07361111112
2927,1509,2025-11-07,Default,0,1,482.0,1.8260869565217392,219.73913043478262,-177,4,0.0,0.0,0.0,0.0,0.0,0.0,0.0,105914.26086956523
976,519,2025-11-07,Nuke,1,-1,809.0,-0.21388888888888893,-185.55138888888888,0,-4,0.21169163317500922,0.035805626598465534,0.08493589743589741,0.046474358974358976,-0.6567795363890707,171.25853123858246,-0.007658425689116241,-150111.07361111112
968,513,2025-11-07,Nuke,1,1,37.0,0.6727272727272727,-8.509090909090908,-31,8,0.20071417943758368,0.4054054054054054,0.02651515151515149,0.010606060606060619,1.7346010553881066,7.426424639190596,0.2727272727272727,-314.8363636363636
969,514,2025-11-07,Mirage,1,1,37.0,0.4595404595404595,-11.414585414585424,-73,8,-0.07142857142857141,0.0,0.032327586206896575,-0.012212643678160884,2.302585092994046,-2.6428571428571423,0.0,-422.3396603396607
977,519,2025-11-07,Mirage,1,1,809.0,-0.21388888888888893,-185.55138888888888,0,-4,0.42649239387116256,0.43746783324755534,0.0934606481481482,0.01851851851851849,-0.1112256351102241,345.0323466417705,-0.09356950877794935,-150111.07361111112
971,516,2025-11-07,Train,1,1,37.0,0.0,0.0,-999,8,0.0,0.0,0.0,0.0,2.9444389791664403,0.0,0.0,0.0
972,517,2025-11-07,Mirage,1,1,172.0,0.8483091787439615,16.272463768115898,-2,0,-0.2756981580510992,-0.05513784461152882,-0.0625,0.018623737373737403,-0.08338160893905089,-47.420083184789064,-0.04677393968011818,2798.8637681159344
973,517,2025-11-07,Overpass,1,1,172.0,0.8483091787439615,16.272463768115898,-2,0,0.5062656641604011,0.5062656641604011,0.04166666666666663,-0.04861111111111105,1.01160091167848,87.077694235589,0.42946980979017607,2798.8637681159344
974,518,2025-11-07,Ancient,1,1,37.0,0.0,0.0,-999,8,0.0,0.0,0.0,0.0,3.2188758248682006,0.0,0.0,0.0
970,515,2025-11-07,Mirage,1,1,37.0,0.0,0.0,-999,8,0.0,0.0,0.0,0.0,3.4011973816621555,0.0,0.0,0.0
955,507,2025-11-08,Mirage,1,-1,-72.0,-0.026241134751773143,52.29787234042553,2,-2,-0.2813131313131313,0.0,0.0006793478260869734,0.02672101449275366,-0.9808292530117262,20.254545454545454,0.0,-3765.446808510638
950,505,2025-11-08,Inferno,1,1,-69.0,-0.28605200945626474,108.56737588652481,24,-3,-0.7204545454545455,-0.8101145038167938,-0.11928104575163395,0.1356209150326797,-1.504077396776274,49.711363636363636,0.23173488170645873,-7491.148936170212
951,505,2025-11-08,Overpass,1,1,-69.0,-0.28605200945626474,108.56737588652481,24,-3,0.0,0.0,0.0,0.0,-1.3862943611198906,0.0,0.0,-7491.148936170212
952,506,2025-11-08,Overpass,1,1,37.0,1.0881458966565352,-27.986828774062815,-1,9,-0.18681318681318682,-0.18681318681318682,-0.078125,-0.026041666666666685,1.0986122886681098,-6.912087912087912,-0.20328000267209997,-1035.5126646403241
953,506,2025-11-08,Train,1,1,37.0,1.0881458966565352,-27.986828774062815,-1,9,0.565298013245033,1.3043478260869565,0.11732456140350883,-0.02275219298245612,0.7985076962177713,20.916026490066223,1.4193207347693937,-1035.5126646403241
954,507,2025-11-08,Inferno,1,-1,-72.0,-0.026241134751773143,52.29787234042553,2,-2,-0.4615192403798099,-0.43154761904761907,-0.01041666666666663,0.09327651515151514,-1.0116009116784799,33.22938530734631,0.011324299223235435,-3765.446808510638
956,508,2025-11-08,Overpass,1,1,37.0,1.365456821026283,-30.731226533166456,-89,10,0.8131868131868132,0.8131868131868132,-0.015625,-0.08854166666666663,1.5040773967762742,30.087912087912088,1.1103714808345597,-1137.0553817271589
961,510,2025-11-08,Overpass,1,-1,-69.0,0.0,0.0,30,-3,0.0,0.0,0.0,0.0,-1.3862943611198906,0.0,0.0,0.0
958,509,2025-11-08,Nuke,1,-1,-629.0,-0.17600000000000002,469.352,2,-2,-0.6276119402985076,-0.774365821094793,-0.13452380952380955,0.027976190476190488,-0.3101549283038394,394.7679104477613,0.13628838451268357,-295222.408
959,509,2025-11-08,Train,1,1,-629.0,-0.17600000000000002,469.352,2,-2,1.160506329113924,1.5555555555555556,0.15462962962962962,-0.1106481481481481,-0.09531017980432477,-729.9584810126581,-0.2737777777777778,-295222.408
960,509,2025-11-08,Inferno,1,-1,-629.0,-0.17600000000000002,469.352,2,-2,-0.27912408759124085,-0.24561045324622297,-0.03443627450980391,0.04620098039215692,-0.1541506798272585,175.5690510948905,0.043227439771335245,-295222.408
962,510,2025-11-08,Inferno,1,-1,-69.0,0.0,0.0,30,-3,0.0,0.0,0.0,0.0,-2.8903717578961645,0.0,0.0,0.0
963,511,2025-11-08,Inferno,1,-1,69.0,0.2765957446808511,-16.23404255319148,-41,3,0.6427518427518427,0.43511450381679384,-0.05294117647058827,-0.16617647058823531,1.0986122886681096,44.349877149877145,0.1203508202046451,-1120.148936170212
964,511,2025-11-08,Nuke,1,1,69.0,0.2765957446808511,-16.23404255319148,-41,3,0.15421303656597773,0.12280701754385964,-0.008333333333333304,0.030000000000000027,1.4663370687934272,10.640699523052463,0.0339678984695782,-1120.148936170212
965,511,2025-11-08,Ancient,1,-1,69.0,0.2765957446808511,-16.23404255319148,-41,3,-0.020325203252032492,1.1063829787234043,-0.00877192982456143,0.10380116959064323,1.6094379124341003,-1.402439024390242,0.30602082390221824,-1120.148936170212
966,512,2025-11-08,Dust2,1,1,69.0,0.0,0.0,-999,3,0.0,0.0,0.0,0.0,3.1780538303479458,0.0,0.0,0.0
967,512,2025-11-08,Inferno,1,1,69.0,0.0,0.0,-999,3,0.0,0.0,0.0,0.0,2.8903717578961645,0.0,0.0,0.0
957,508,2025-11-08,Nuke,1,1,37.0,1.365456821026283,-30.731226533166456,-89,10,0.13205980066445186,0.0,0.06862745098039219,0.006740196078431404,1.9459101490553132,4.886212624584719,0.0,-1137.0553817271589
940,499,2025-11-09,Nuke,1,1,47.0,0.0,0.0,-999,3,0.0,0.0,0.0,0.0,2.772588722239781,0.0,0.0,0.0
941,499,2025-11-09,Inferno,1,1,47.0,0.0,0.0,-999,3,0.0,0.0,0.0,0.0,2.6390573296152584,0.0,0.0,0.0
943,501,2025-11-09,Inferno,1,1,-39.0,-0.5277591973244147,502.6354515050167,0,0,0.6282249742002062,0.4430379746835443,0.0891203703703703,-0.09143518518518517,0.3794896217049035,-24.50077399380804,-0.2338173659032217,-19602.782608695652
944,501,2025-11-09,Mirage,1,-1,-39.0,-0.5277591973244147,502.6354515050167,0,0,0.38181818181818183,0.6666666666666667,0.08472222222222225,0.025231481481481466,0.7419373447293771,-14.89090909090909,-0.35183946488294315,-19602.782608695652
949,504,2025-11-09,Inferno,1,1,47.0,0.0,0.0,-999,3,0.0,0.0,0.0,0.0,2.6390573296152584,0.0,0.0,0.0
948,504,2025-11-09,Mirage,1,1,47.0,0.0,0.0,-999,3,0.0,0.0,0.0,0.0,3.044522437723423,0.0,0.0,0.0
942,501,2025-11-09,Ancient,1,-1,-39.0,-0.5277591973244147,502.6354515050167,0,0,-1.411764705882353,-1.375,-0.13194444444444448,0.10416666666666669,0.26236426446749084,55.05882352941177,0.7256688963210702,-19602.782608695652
939,497,2025-11-10,Train,1,-1,-47.0,-0.44326241134751776,433.0851063829787,30,-4,0.6779661016949153,0.0,0.02631578947368418,-0.08552631578947367,-2.3025850929940455,-31.86440677966102,0.0,-20355.0
938,497,2025-11-10,Inferno,1,-1,-47.0,-0.44326241134751776,433.0851063829787,30,-4,-1.6557377049180328,-2.0,-0.183531746031746,0.21428571428571425,-1.3217558399823195,77.81967213114754,0.8865248226950355,-20355.0
937,497,2025-11-10,Overpass,1,-1,-47.0,-0.44326241134751776,433.0851063829787,30,-4,0.4316730523627075,0.3333333333333333,0.03968253968253971,-0.1527777777777778,-0.6931471805599452,-20.28863346104725,-0.14775413711583923,-20355.0
936,497,2025-11-10,Dust2,1,1,-47.0,-0.44326241134751776,433.0851063829787,30,-4,-1.3785310734463276,-1.7142857142857144,-0.19345238095238093,0.16815476190476192,-1.7578579175523739,64.7909604519774,0.7598784194528877,-20355.0
935,497,2025-11-10,Mirage,1,1,-47.0,-0.44326241134751776,433.0851063829787,30,-4,0.5481481481481483,0.0,0.037698412698412676,-0.021825396825396803,-2.3978952727983707,-25.76296296296297,-0.0,-20355.0
2925,1507,2025-11-10,Train,0,1,48.0,0.0,0.0,-995,1,0.0,0.0,0.0,0.0,3.4339872044851463,0.0,0.0,0.0
2924,1507,2025-11-10,Nuke,0,1,48.0,0.0,0.0,-995,1,0.0,0.0,0.0,0.0,3.871201010907891,0.0,0.0,0.0
2919,1504,2025-11-11,Mirage,0,1,-7.0,0.3666666666666667,0.0,30,-2,0.39607602697731453,1.0735930735930737,-0.04340815273477816,-0.05688854489164091,0.10821358464023279,-2.772532188841202,0.3936507936507937,-0.0
2920,1504,2025-11-11,Ancient,0,1,-7.0,0.3666666666666667,0.0,30,-2,0.16443065571021298,0.37662337662337664,0.0349658869395712,-0.0027209226770629757,-0.3313571359544425,-1.1510145899714908,0.1380952380952381,-0.0
2921,1505,2025-11-11,Default,0,1,-482.0,0.0,-154.9574468085107,30,-7,0.0,0.0,0.0,0.0,-0.6931471805599453,0.0,0.0,74689.48936170216
2922,1506,2025-11-11,Nuke,0,-1,-69.0,-0.26365140650854946,43.69387755102041,28,-4,-1.2811059907834101,0.0,-0.16185897435897434,0.13782051282051283,-2.6026896854443837,88.3963133640553,0.0,-3014.877551020408
2923,1506,2025-11-11,Inferno,0,-1,-69.0,-0.26365140650854946,43.69387755102041,28,-4,-1.2159090909090908,-1.267605633802817,-0.09953703703703709,0.18055555555555552,-2.251291798606495,83.89772727272727,0.33420600825027397,-3014.877551020408
2918,1503,2025-11-12,Train,0,1,48.0,0.3910491562729274,-86.13426265590611,-34,4,1.1515151515151516,1.3333333333333333,-0.22916666666666669,-0.33203124999999994,2.803360380906535,55.27272727272728,0.5213988750305698,-4134.444607483493
2917,1503,2025-11-12,Nuke,0,-1,48.0,0.3910491562729274,-86.13426265590611,-34,4,1.4037940379403793,1.510204081632653,0.2482638888888889,-0.1154513888888889,1.9459101490553132,67.3821138211382,0.5905640319223802,-4134.444607483493
2916,1503,2025-11-12,Mirage,0,1,48.0,0.3910491562729274,-86.13426265590611,-34,4,-1.359073359073359,0.0,-0.08634259259259253,0.08148148148148149,1.8191584434161694,-65.23552123552123,0.0,-4134.444607483493
2915,1502,2025-11-12,Train,0,1,69.0,0.0,0.0,-998,5,0.0,0.0,0.0,0.0,2.5649493574615367,0.0,0.0,0.0
2914,1502,2025-11-12,Dust2,0,1,69.0,0.0,0.0,-998,5,0.0,0.0,0.0,0.0,3.2188758248682006,0.0,0.0,0.0
2913,1501,2025-11-12,Dust2,0,1,48.0,0.4949290060851927,-107.28194726166329,-52,4,0.6310446166176862,0.0,0.09674329501915702,-0.06920498084291188,1.4552872326068422,30.290141597648937,0.0,-5149.533468559838
2912,1501,2025-11-12,Mirage,0,-1,48.0,0.4949290060851927,-107.28194726166329,-52,4,-0.6183326183326183,0.0,-0.08634259259259253,-0.04351851851851857,1.8191584434161694,-29.67996567996568,0.0,-5149.533468559838
2911,1501,2025-11-12,Train,0,1,48.0,0.4949290060851927,-107.28194726166329,-52,4,0.5063538611925708,0.0,0.054166666666666696,0.04296875,1.7047480922384253,24.304985337243394,0.0,-5149.533468559838
2906,1499,2025-11-13,Ancient,0,1,-48.0,0.6,48.0,7,-6,0.0,0.0,0.0,0.0,-3.713572066704308,0.0,0.0,-2304.0
2907,1499,2025-11-13,Nuke,0,1,-48.0,0.6,48.0,7,-6,0.0,0.0,0.0,0.0,-3.9318256327243257,0.0,0.0,-2304.0
2905,1498,2025-11-13,Train,0,-1,-48.0,-0.6272727272727273,119.4659090909091,30,-7,0.0,0.0,0.0,0.0,-3.5263605246161616,0.0,0.0,-5734.363636363636
2909,1500,2025-11-13,Dust2,0,1,-48.0,-0.8545454545454546,47.38636363636364,30,-7,-1.2169811320754715,-1.4782608695652173,-0.04097222222222219,0.18749999999999994,-1.824549292051046,58.415094339622634,1.2632411067193676,-2274.545454545455
2910,1500,2025-11-13,Nuke,0,-1,-48.0,-0.8545454545454546,47.38636363636364,30,-7,-1.3734335839599,0.0,-0.3408333333333333,0.12,-3.2386784521643803,65.9248120300752,0.0,-2274.545454545455
2908,1500,2025-11-13,Ancient,0,-1,-48.0,-0.8545454545454546,47.38636363636364,30,-7,-0.306691071791743,-0.7647058823529411,-0.038541666666666696,0.03125,-1.921812597476253,14.721171446003662,0.653475935828877,-2274.545454545455
2904,1498,2025-11-13,Inferno,0,-1,-48.0,-0.6272727272727273,119.4659090909091,30,-7,0.0,0.0,0.0,0.0,-1.6094379124341003,0.0,0.0,-5734.363636363636
930,489,2025-11-13,Overpass,1,1,8.0,0.8137931034482759,21.88965517241381,0,2,-0.11111111111111112,-0.5,-0.00694444444444442,-0.05555555555555558,-0.8472978603872034,-0.888888888888889,-0.40689655172413797,175.11724137931049
926,488,2025-11-13,Overpass,1,-1,-518.0,0.2005323868677905,-88.84383318544806,-1,2,0.9755439365828976,1.1932310114128297,0.14999999999999997,-0.08181818181818179,0.6931471805599454,-505.331759149941,0.23928146280328252,46021.1055900621
934,492,2025-11-13,Ancient,1,-1,3.0,-0.05291005291005296,78.81481481481495,0,1,-0.10688405797101452,0.13626126126126137,-0.00945378151260512,-0.027310924369747858,0.18232155679395445,-0.32065217391304357,-0.007209590542923889,236.44444444444485
933,492,2025-11-13,Dust2,1,-1,3.0,-0.05291005291005296,78.81481481481495,0,1,0.0702029439944256,0.37499999999999994,0.01130952380952377,0.1166666666666667,0.06453852113757108,0.2106088319832768,-0.019841269841269858,236.44444444444485
932,490,2025-11-13,Mirage,1,-1,-376.0,0.05271317829457364,-362.4263565891473,0,-5,0.20238095238095236,0.0,0.02689393939393936,-0.004356060606060641,1.408767216971949,-76.09523809523809,0.0,136272.3100775194
931,490,2025-11-13,Train,1,-1,-376.0,0.05271317829457364,-362.4263565891473,0,-5,-0.2603603603603603,0.8333333333333333,-0.060185185185185064,0.14969135802469136,1.029619417181158,97.89549549549548,0.04392764857881137,136272.3100775194
929,489,2025-11-13,Ancient,1,-1,8.0,0.8137931034482759,21.88965517241381,0,2,-0.7617292700212615,-0.33333333333333337,-0.08055555555555555,0.12222222222222218,-0.3746934494414105,-6.093834160170092,-0.27126436781609203,175.11724137931049
928,489,2025-11-13,Nuke,1,1,8.0,0.8137931034482759,21.88965517241381,0,2,0.4478984932593179,0.625,0.07592147435897434,-0.0006009615384615086,0.19415601444095776,3.5831879460745433,0.5086206896551725,175.11724137931049
927,488,2025-11-13,Inferno,1,1,-518.0,0.2005323868677905,-88.84383318544806,-1,2,-0.48805620608899297,-0.24887932580240268,-0.09722222222222221,0.04040404040404039,0.4353180712578455,252.81311475409836,-0.04990836524520229,46021.1055900621
925,488,2025-11-13,Nuke,1,1,-518.0,0.2005323868677905,-88.84383318544806,-1,2,-0.3430522721302863,-0.024262784621127353,-0.13214285714285712,-0.022619047619047594,0.3184537311185349,177.70107696348828,-0.004865474112133788,46021.1055900621
924,487,2025-11-13,Dust2,1,-1,-482.0,-0.19183673469387763,323.0612244897959,30,-10,-1.2956521739130435,0.0,-0.23958333333333331,0.13541666666666663,-2.6741486494265287,624.504347826087,0.0,-155715.51020408163
923,487,2025-11-13,Ancient,1,1,-482.0,-0.19183673469387763,323.0612244897959,30,-10,1.4117647058823528,0.0,0.09027777777777773,-0.21527777777777773,-1.252762968495368,-680.470588235294,0.0,-155715.51020408163
922,487,2025-11-13,Mirage,1,-1,-482.0,-0.19183673469387763,323.0612244897959,30,-10,0.0,0.0,0.0,0.0,-3.2188758248682006,0.0,0.0,-155715.51020408163
920,486,2025-11-14,Nuke,1,-1,-31.0,-0.3002114164904863,7.934460887949228,0,-4,-0.36363636363636365,-0.18072289156626503,-0.019607843137254943,0.07679738562091504,-0.5877866649021186,11.272727272727273,0.05425507526936499,-245.96828752642608
916,484,2025-11-14,Nuke,1,-1,-482.0,0.6,100.0,30,-11,0.7398843930635838,0.5504587155963303,0.10227272727272724,-0.022727272727272707,-2.4423470353692043,-356.6242774566474,0.3302752293577982,-48200.0
917,485,2025-11-14,Dust2,1,1,-693.0,0.0705638187478381,-87.04946385333798,0,-3,-0.5258620689655173,-0.6236702127659575,-0.008928571428571397,0.012500000000000011,0.06453852113757108,364.42241379310354,-0.044008551852042645,60325.27845036322
915,484,2025-11-14,Inferno,1,-1,-482.0,0.6,100.0,30,-11,0.0,0.0,0.0,0.0,-3.5553480614894135,0.0,0.0,-48200.0
918,485,2025-11-14,Nuke,1,-1,-693.0,0.0705638187478381,-87.04946385333798,0,-3,-0.20077416079700494,-0.31351001939237233,-0.08668154761904762,-0.019717261904761918,-0.1251631429540061,139.13649343232441,-0.022122464184034567,60325.27845036322
2901,1497,2025-11-14,Overpass,0,-1,69.0,0.5565217391304348,-69.0,-6,6,1.2307692307692308,1.2307692307692308,0.24166666666666664,-0.07500000000000001,1.0986122886681096,84.92307692307693,0.6849498327759198,-4761.0
2902,1497,2025-11-14,Inferno,0,1,69.0,0.5565217391304348,-69.0,-6,6,0.21408221408221406,-0.07373271889400917,-0.06140350877192979,-0.0942982456140351,1.0498221244986776,14.77167277167277,-0.041033860949709455,-4761.0
919,485,2025-11-14,Mirage,1,-1,-693.0,0.0705638187478381,-87.04946385333798,0,-3,0.05843852267414679,0.062397372742200294,0.017156862745097978,-0.004901960784313764,0.0,-40.49789621318372,0.004402996900521915,60325.27845036322
2900,1496,2025-11-14,Nuke,0,1,69.0,1.6,-69.0,-125,7,1.3217391304347825,0.0,0.04012345679012347,-0.14197530864197522,2.6390573296152584,91.19999999999999,0.0,-4761.0
2899,1496,2025-11-14,Overpass,0,1,69.0,1.6,-69.0,-125,7,0.0,0.0,0.0,0.0,1.791759469228055,0.0,0.0,-4761.0
2898,1495,2025-11-14,Nuke,0,1,41.0,0.8727272727272727,-201.9090909090909,-25,1,0.7194499889110668,0.5769980506822612,0.07810457516339875,-0.10882352941176465,2.1594842493533726,29.49744954535374,0.5035619351408824,-8278.272727272728
2897,1495,2025-11-14,Ancient,0,1,41.0,0.8727272727272727,-201.9090909090909,-25,1,1.1263157894736842,1.1304347826086956,0.10416666666666669,-0.10863095238095238,2.6741486494265287,46.17894736842105,0.9865612648221342,-8278.272727272728
2896,1495,2025-11-14,Mirage,0,-1,41.0,0.8727272727272727,-201.9090909090909,-25,1,1.2098765432098766,1.6521739130434783,0.19444444444444442,-0.12286324786324782,2.995732273553991,49.60493827160494,1.441897233201581,-8278.272727272728
2903,1497,2025-11-14,Ancient,0,-1,69.0,0.5565217391304348,-69.0,-6,6,-0.4476314645806171,-0.26542056074766357,-0.029166666666666674,0.07500000000000001,1.4350845252893227,-30.88657105606258,-0.14771231206826493,-4761.0
921,486,2025-11-14,Inferno,1,-1,-31.0,-0.3002114164904863,7.934460887949228,0,-4,-0.9536979874058524,-1.0454545454545454,-0.02389277389277389,0.07138694638694637,0.15415067982725805,29.564637609581425,0.3138573899673266,-245.96828752642608
911,482,2025-11-15,Overpass,1,1,417.0,-0.022222222222222254,244.48888888888888,0,6,0.014224751066856278,0.014224751066856278,0.06944444444444436,-0.00347222222222221,1.1786549963416462,5.931721194879068,-0.0003161055792634733,101951.86666666667
910,482,2025-11-15,Nuke,1,1,417.0,-0.022222222222222254,244.48888888888888,0,6,0.04600517217912076,0.2165300546448088,-0.0715579710144928,0.010466988727858284,0.2336148511815055,19.184156798693355,-0.004811778992106869,101951.86666666667
2895,1494,2025-11-15,Train,0,-1,-69.0,-1.193103448275862,64.65517241379311,30,-10,0.0,0.0,0.0,0.0,-2.6390573296152584,0.0,0.0,-4461.206896551725
2894,1494,2025-11-15,Nuke,0,-1,-69.0,-1.193103448275862,64.65517241379311,30,-10,-1.3929961089494163,0.0,-0.11889367816091956,0.15086206896551724,-1.7917594692280552,96.11673151750972,0.0,-4461.206896551725
2893,1493,2025-11-15,Nuke,0,1,69.0,1.0,-61.23529411764706,-69,10,-0.0009432849899775331,-0.625,-0.016522988505747127,-0.03975095785440619,1.4552872326068422,-0.06508666430844978,-0.625,-4225.235294117647
2892,1493,2025-11-15,Ancient,0,1,69.0,1.0,-61.23529411764706,-69,10,0.968421052631579,0.0,-0.12003968253968256,-0.2946428571428571,1.9924301646902063,66.82105263157895,0.0,-4225.235294117647
2891,1492,2025-11-15,Default,0,-1,69.0,0.2,-69.0,-34,10,0.0,0.0,0.0,0.0,1.6094379124341003,0.0,0.0,-4761.0
2890,1491,2025-11-15,Train,0,1,48.0,0.5884297520661157,-187.57851239669418,1,7,-0.7315175097276265,-0.5333333333333333,-0.30882352941176466,-0.1764705882352941,2.862200880929468,-35.11284046692607,-0.31382920110192836,-9003.768595041322
2889,1491,2025-11-15,Dust2,0,1,48.0,0.5884297520661157,-187.57851239669418,1,7,0.13656387665198236,0.3076923076923077,0.05981182795698925,0.012096774193548376,2.367123614131617,6.555066079295154,0.1810553083280356,-9003.768595041322
2888,1491,2025-11-15,Nuke,0,-1,48.0,0.5884297520661157,-187.57851239669418,1,7,1.025164034897974,1.0808028821410192,0.08047385620915032,-0.14542483660130717,2.0053335695261145,49.20787367510275,0.6359765719705832,-9003.768595041322
2885,1489,2025-11-16,Dust2,0,1,-7.0,0.39999999999999997,11.52,1,-7,-0.10410979394936619,-0.2543103448275862,0.006172839506172867,-0.026572145061728336,-0.16430305129127643,0.7287685576455634,-0.10172413793103446,-80.64
2886,1490,2025-11-16,Overpass,0,-1,-69.0,-0.17685950413223145,69.0,1,-9,0.2,0.2,-0.10416666666666669,0.020833333333333315,-0.8472978603872034,-13.8,-0.03537190082644629,-4761.0
2887,1490,2025-11-16,Nuke,0,-1,-69.0,-0.17685950413223145,69.0,1,-9,-0.6037478188301344,-0.7936046511627906,-0.020833333333333315,0.009722222222222188,-1.488077055429833,41.658599499279276,0.14035652508168364,-4761.0
2884,1489,2025-11-16,Nuke,0,1,-7.0,0.39999999999999997,11.52,1,-7,-0.13866095368985545,-0.23455233291298866,-0.028044871794871806,0.01762820512820512,0.0,0.9706266758289882,-0.09382093316519545,-80.64
907,480,2025-11-16,Nuke,1,1,45.0,-0.4,-81.70000000000002,-40,1,0.9307007355787845,0.9560975609756099,-0.026041666666666685,-0.2604166666666667,0.0,41.88153310104531,-0.382439024390244,-3676.500000000001
900,478,2025-11-16,Ancient,1,-1,482.0,0.7076923076923076,-169.0,-2,12,-1.5918367346938775,-2.0,-0.09523809523809523,0.17261904761904756,0.980829253011726,-767.2653061224489,-1.4153846153846152,-81458.0
901,478,2025-11-16,Mirage,1,-1,482.0,0.7076923076923076,-169.0,-2,12,1.2582159624413145,1.4042553191489362,0.15833333333333333,-0.10499999999999993,2.5649493574615367,606.4600938967136,0.9937806873977086,-81458.0
906,480,2025-11-16,Train,1,1,45.0,-0.4,-81.70000000000002,-40,1,-1.588235294117647,-2.0,-0.13541666666666669,0.11458333333333331,-0.2231435513142097,-71.47058823529412,0.8,-3676.500000000001
2882,1488,2025-11-18,Ancient,0,1,381.0,1.38125,-47.843750000000014,-48,0,0.0,0.0,0.0,0.0,3.6888794541139363,0.0,0.0,-18228.468750000004
2883,1488,2025-11-18,Mirage,0,1,381.0,1.38125,-47.843750000000014,-48,0,0.8400062804207882,2.0,0.1875,-0.09090909090909088,1.5804503755608483,320.0423928403203,2.7625,-18228.468750000004
2880,1487,2025-11-19,Inferno,0,1,41.0,0.0,0.0,-996,3,0.0,0.0,0.0,0.0,3.4339872044851463,0.0,0.0,0.0
2881,1487,2025-11-19,Nuke,0,1,41.0,0.0,0.0,-996,3,0.0,0.0,0.0,0.0,3.9889840465642745,0.0,0.0,0.0
2877,1486,2025-11-20,Overpass,0,1,340.0,0.034009156311314626,-5.1929365598430355,1,-3,0.36036036036036023,0.4444444444444444,0.02430555555555558,-0.22569444444444442,-1.8718021769015913,122.52252252252248,0.0151151805828065,-1765.598430346632
2874,1485,2025-11-20,Dust2,0,-1,37.0,1.1814432989690722,-45.89175257731959,-33,7,0.16666666666666663,-0.1333333333333333,0.0,-0.09722222222222227,0.9808292530117262,6.166666666666665,-0.15752577319587627,-1697.994845360825
2878,1486,2025-11-20,Inferno,0,1,340.0,0.034009156311314626,-5.1929365598430355,1,-3,0.012487775520950983,0.6956521739130435,-0.04791666666666666,-0.04294354838709674,-0.42121346507630353,4.245843677123334,0.02365854352091452,-1765.598430346632
2879,1486,2025-11-20,Mirage,0,1,340.0,0.034009156311314626,-5.1929365598430355,1,-3,0.2124689826302729,0.5982905982905983,0.059558823529411775,-0.018688725490196123,-0.15822400521489444,72.23945409429278,0.020347358476854902,-1765.598430346632
2876,1485,2025-11-20,Ancient,0,1,37.0,1.1814432989690722,-45.89175257731959,-33,7,1.2673267326732673,1.3623188405797102,0.046666666666666634,-0.10333333333333333,1.6486586255873819,46.89108910891089,1.6095024652622143,-1697.994845360825
899,477,2025-11-20,Train,1,1,-191.0,-0.9016100178890876,-381.14669051878366,30,-3,0.0,0.0,0.0,0.0,-2.0794415416798357,0.0,0.0,72799.01788908769
898,476,2025-11-20,Inferno,1,1,191.0,0.0,0.0,-999,3,0.0,0.0,0.0,0.0,2.9444389791664403,0.0,0.0,0.0
897,476,2025-11-20,Ancient,1,-1,191.0,0.0,0.0,-999,3,0.0,0.0,0.0,0.0,2.6390573296152584,0.0,0.0,0.0
896,476,2025-11-20,Nuke,1,1,191.0,0.0,0.0,-999,3,0.0,0.0,0.0,0.0,3.332204510175204,0.0,0.0,0.0
2875,1485,2025-11-20,Nuke,0,1,37.0,1.1814432989690722,-45.89175257731959,-33,7,0.35191637630662026,0.31249999999999994,0.027380952380952395,-0.1386904761904762,2.484906649788,13.02090592334495,0.369201030927835,-1697.994845360825
2870,1484,2025-11-21,Ancient,0,-1,69.0,0.0,0.0,-994,12,0.0,0.0,0.0,0.0,3.1354942159291497,0.0,0.0,0.0
2868,1483,2025-11-21,Dust2,0,-1,-47.0,0.0,0.0,30,-5,0.0,0.0,0.0,0.0,-3.4011973816621555,0.0,0.0,0.0
2869,1484,2025-11-21,Train,0,1,69.0,0.0,0.0,-994,12,0.0,0.0,0.0,0.0,2.70805020110221,0.0,0.0,0.0
2873,1484,2025-11-21,Overpass,0,-1,69.0,0.0,0.0,-994,12,0.0,0.0,0.0,0.0,2.0794415416798357,0.0,0.0,0.0
2872,1484,2025-11-21,Inferno,0,-1,69.0,0.0,0.0,-994,12,0.0,0.0,0.0,0.0,3.044522437723423,0.0,0.0,0.0
2871,1484,2025-11-21,Dust2,0,1,69.0,0.0,0.0,-994,12,0.0,0.0,0.0,0.0,3.258096538021482,0.0,0.0,0.0
2866,1483,2025-11-21,Overpass,0,-1,-47.0,0.0,0.0,30,-5,0.0,0.0,0.0,0.0,-2.1972245773362196,0.0,0.0,0.0
2865,1482,2025-11-21,Dust2,0,1,73.0,0.595744680851064,233.7234042553192,8,-1,0.41646251837334636,0.1013986013986014,-0.07857142857142863,-0.21230158730158727,1.299282984130261,30.401763841254283,0.060407677428954046,17061.8085106383
2864,1482,2025-11-21,Mirage,0,1,73.0,0.595744680851064,233.7234042553192,8,-1,1.2592592592592593,0.0,-0.07843137254901966,-0.23039215686274506,1.7917594692280547,91.92592592592592,0.0,17061.8085106383
2867,1483,2025-11-21,Inferno,0,-1,-47.0,0.0,0.0,30,-5,0.0,0.0,0.0,0.0,-2.772588722239781,0.0,0.0,0.0
2861,1480,2025-11-22,Ancient,0,1,73.0,-0.9523809523809523,184.00000000000003,-8,0,-1.0375,-1.105263157894737,-0.08152173913043476,-0.01449275362318836,2.4849066497880004,-75.73750000000001,1.0526315789473684,13432.000000000002
2860,1480,2025-11-22,Dust2,0,1,73.0,-0.9523809523809523,184.00000000000003,-8,0,0.0,0.0,0.0,0.0,3.1354942159291497,0.0,0.0,13432.000000000002
2863,1481,2025-11-22,Mirage,0,1,37.0,1.7674418604651163,-48.0,-10,2,0.0,0.0,0.0,0.0,3.4339872044851463,0.0,0.0,-1776.0
2862,1481,2025-11-22,Train,0,1,37.0,1.7674418604651163,-48.0,-10,2,1.2847682119205297,1.574468085106383,0.05624999999999997,-0.11041666666666666,2.3513752571634776,47.5364238410596,2.7827808015833746,-1776.0
2859,1479,2025-11-23,Nuke,0,1,-36.0,-0.07954545454545453,-211.09090909090907,-1,1,0.39189189189189194,0.5292746469217057,0.041666666666666685,-0.058796296296296346,0.8383291904044432,-14.10810810810811,-0.042101392368772035,7599.272727272726
2858,1479,2025-11-23,Mirage,0,1,-36.0,-0.07954545454545453,-211.09090909090907,-1,1,-0.23370233702337018,0.13439659755449232,-0.07812500000000006,-0.03472222222222221,0.55206858230004,8.413284132841326,-0.010690638441834615,7599.272727272726
2857,1478,2025-11-23,Dust2,0,1,-37.0,-0.5340909090909092,42.193181818181834,30,-3,0.990990990990991,1.0769230769230769,0.06510416666666663,-0.3020833333333333,-2.1400661634962708,-36.666666666666664,-0.5751748251748252,-1561.147727272728
2856,1478,2025-11-23,Overpass,0,1,-37.0,-0.5340909090909092,42.193181818181834,30,-3,-0.1320261437908497,-0.9473684210526315,0.08564814814814814,-0.11342592592592587,-1.2039728043259361,4.884967320261439,0.5059808612440192,-1561.147727272728
2855,1478,2025-11-23,Mirage,0,-1,-37.0,-0.5340909090909092,42.193181818181834,30,-3,-0.26629766297662977,0.6736842105263158,-0.05381944444444442,-0.01388888888888895,-2.11021320034659,9.853013530135302,-0.3598086124401914,-1561.147727272728
887,446,2025-11-25,Dust2,1,1,-47.0,-1.0181818181818183,118.5,1,-1,-0.8109243697478989,-0.8186274509803921,-0.14301075268817204,0.11263440860215052,-1.6739764335716716,38.11344537815125,0.833511586452763,-5569.5
888,446,2025-11-25,Mirage,1,1,-47.0,-1.0181818181818183,118.5,1,-1,0.6356589147286824,0.44444444444444453,0.05113636363636359,-0.1117424242424242,-2.0368819272610397,-29.875968992248072,-0.45252525252525266,-5569.5
889,447,2025-11-25,Inferno,1,1,57.0,1.4,-108.35925925925926,-1,1,0.736,0.0,0.22916666666666669,-0.06388888888888883,1.6739764335716714,41.952,0.0,-6176.477777777778
892,449,2025-11-25,Inferno,1,1,-322.0,-1.0,145.28000000000003,0,-2,-0.3050203830904115,-0.967741935483871,0.009920634920634885,0.03769841269841273,0.0,98.21656335511251,0.967741935483871,-46780.16000000001
891,448,2025-11-25,Overpass,1,-1,142.0,-0.08745330696550213,24.531970995385628,0,0,-0.17241379310344826,0.09090909090909088,0.07291666666666663,0.034722222222222265,-0.2231435513142097,-24.48275862068965,-0.007950300633227464,3483.539881344759
893,450,2025-11-25,Nuke,1,1,89.0,0.8226415094339623,115.83962264150946,1,1,0.6127472527472527,1.0,0.11956521739130438,0.009963768115942073,2.079441541679836,54.534505494505495,0.8226415094339623,10309.726415094343
894,451,2025-11-25,Dust2,1,-1,143.0,-0.6994266994266995,16.11179361179361,0,-1,-0.36274509803921556,-0.5686274509803921,-0.031105990783410087,0.0197772657450076,-0.7576857016975165,-51.872549019607824,0.3977132212426331,2303.986486486486
890,447,2025-11-25,Overpass,1,1,57.0,1.4,-108.35925925925926,-1,1,1.290909090909091,0.0,0.2272727272727273,-0.13636363636363635,1.791759469228055,73.58181818181819,0.0,-6176.477777777778
895,452,2025-11-25,Train,1,1,48.0,0.6033376123234917,-343.6187419768935,-1,1,-1.0,-0.8947368421052632,-0.11403508771929827,0.0021929824561403577,1.6094379124341003,-48.0,-0.5398283899736505,-16493.699614890887
875,441,2025-11-26,Overpass,1,1,324.0,-0.051459293394777395,-7.4124423963133665,0,2,0.6341463414634145,0.5871559633027523,0.059027777777777735,-0.15972222222222224,-1.466337068793427,205.46341463414632,-0.03021463098408948,-2401.631336405531
876,441,2025-11-26,Ancient,1,1,324.0,-0.051459293394777395,-7.4124423963133665,0,2,0.4797810884767407,1.565217391304348,0.05833333333333335,-0.005555555555555536,0.9409833444645268,155.449072666464,-0.08054498096573853,-2401.631336405531
877,442,2025-11-26,Mirage,1,1,-190.0,-0.4300202839756593,31.272312373225155,0,-1,0.22517482517482512,0.0,-0.10661764705882348,-0.02941176470588236,-1.7917594692280547,-42.78321678321677,0.0,-5941.73935091278
878,442,2025-11-26,Nuke,1,-1,-190.0,-0.4300202839756593,31.272312373225155,0,-1,-0.6104565537555229,-0.6666666666666667,-0.16987179487179488,-0.04273504273504275,-1.2527629684953678,115.98674521354934,0.2866801893171062,-5941.73935091278
879,442,2025-11-26,Inferno,1,-1,-190.0,-0.4300202839756593,31.272312373225155,0,-1,0.0,0.0,0.0,0.0,-2.833213344056216,0.0,0.0,-5941.73935091278
880,443,2025-11-26,Mirage,1,1,47.0,0.23745819397993317,-40.867056856187276,-27,4,0.20567375886524814,-0.24858757062146897,-0.03643317230273746,-0.12761674718196464,0.8754687373538999,9.666666666666663,-0.05902915556563312,-1920.751672240802
881,443,2025-11-26,Inferno,1,-1,47.0,0.23745819397993317,-40.867056856187276,-27,4,0.9956933677863911,1.0,0.21614583333333331,-0.17447916666666669,1.4469189829363256,46.79758828596038,0.23745819397993317,-1920.751672240802
882,443,2025-11-26,Dust2,1,-1,47.0,0.23745819397993317,-40.867056856187276,-27,4,-0.20370370370370383,-0.691588785046729,-0.026041666666666685,0.08203125,1.88706964903238,-9.57407407407408,-0.16422342387397248,-1920.751672240802
883,444,2025-11-26,Dust2,1,1,-30.0,-0.19512195121951226,23.4390243902439,0,0,-0.6720958928256653,-1.125,-0.028079710144927605,0.0789690382081687,-0.04255961441879608,20.16287678476996,0.2195121951219513,-703.170731707317
884,444,2025-11-26,Mirage,1,1,-30.0,-0.19512195121951226,23.4390243902439,0,0,0.2627956989247311,0.5833333333333333,0.008910256410256445,-0.006666666666666654,0.03774032798284699,-7.883870967741933,-0.11382113821138214,-703.170731707317
885,445,2025-11-26,Nuke,1,-1,-48.0,-0.009157509157509222,106.40842490842488,1,-2,-0.39639639639639634,-0.5490196078431373,-0.06388888888888888,0.047222222222222276,-1.6422277352570913,19.027027027027025,0.005027652086475652,-5107.604395604394
886,445,2025-11-26,Train,1,-1,-48.0,-0.009157509157509222,106.40842490842488,1,-2,-0.09933774834437088,-0.25274725274725274,0.17499999999999993,0.24583333333333335,-1.9459101490553132,4.768211920529803,0.0023145352815682647,-5107.604395604394
867,438,2025-11-27,Ancient,1,1,292.0,0.9854217285664699,-146.63311350225618,0,2,0.13301620859760394,0.6261682242990655,0.00845100556268713,0.05557338468121531,0.7419373447293776,38.84073291050035,0.6170397739621821,-42816.869142658805
868,438,2025-11-27,Inferno,1,-1,292.0,0.9854217285664699,-146.63311350225618,0,2,0.06617561767776356,0.3863013698630137,-0.0610337243401759,-0.02510997067448678,-0.33024168687057687,19.32328036190696,0.3806697636380062,-42816.869142658805
869,438,2025-11-27,Dust2,1,1,292.0,0.9854217285664699,-146.63311350225618,0,2,0.4191082091634576,0.30851063829787234,0.07829301075268819,-0.025145609318996398,0.24686007793152598,122.37959707572962,0.30401308647263436,-42816.869142658805
872,440,2025-11-27,Inferno,1,-1,-190.0,0.15347529128163923,37.928619258068835,0,-2,0.16212286441294071,0.1385281385281385,-0.07598039215686275,-0.030024509803921573,-1.2809338454620642,-30.803344238458735,0.021260646411309325,-7206.4376590330785
871,439,2025-11-27,Train,1,-1,47.0,0.3326096396005211,-182.91011723838474,-42,5,0.12535612535612523,-0.7692307692307693,0.03750000000000003,-0.0708333333333333,1.4350845252893227,5.891737891737885,-0.25585356892347777,-8596.775510204083
873,440,2025-11-27,Nuke,1,1,-190.0,0.15347529128163923,37.928619258068835,0,-2,-0.25487012987012986,-0.48888888888888893,-0.13492063492063494,-0.07242063492063489,-0.7621400520468968,48.425324675324674,-0.07503236462657918,-7206.4376590330785
874,440,2025-11-27,Mirage,1,-1,-190.0,0.15347529128163923,37.928619258068835,0,-2,-1.0632911392405062,-1.0256410256410255,-0.25925925925925924,0.050925925925925875,-1.8458266904983305,202.02531645569618,-0.1574105551606556,-7206.4376590330785
870,439,2025-11-27,Nuke,1,-1,47.0,0.3326096396005211,-182.91011723838474,-42,5,0.03929539295392942,0.7096774193548387,-0.055208333333333304,-0.07552083333333331,1.0414538748281612,1.8468834688346827,0.2360455506842408,-8596.775510204083
866,437,2025-11-28,Overpass,1,1,41.0,0.9391304347826087,69.46521739130438,1,3,1.4796747967479678,1.3725490196078431,0.16987179487179488,-0.1762820512820512,1.945910149055313,60.66666666666668,1.289002557544757,2848.0739130434795
865,437,2025-11-28,Ancient,1,1,41.0,0.9391304347826087,69.46521739130438,1,3,1.1658291457286432,1.1935483870967742,0.4482758620689655,-0.10201149425287354,2.70805020110221,47.79899497487437,1.120897615708275,2848.0739130434795
864,436,2025-11-29,Nuke,1,1,35.0,0.0,0.0,-999,1,0.0,0.0,0.0,0.0,2.70805020110221,0.0,0.0,0.0
863,436,2025-11-29,Dust2,1,1,35.0,0.0,0.0,-999,1,0.0,0.0,0.0,0.0,2.8903717578961645,0.0,0.0,0.0
862,435,2025-11-29,Nuke,1,-1,143.0,-0.6885123813070192,318.01805995159197,0,-1,0.07356422302341675,0.358974358974359,-0.01004464285714285,0.0418526785714286,-0.1292117314800061,10.519683892348596,-0.24715829072559664,45476.58257307765
861,434,2025-11-29,Inferno,1,-1,81.0,-0.18985507246376818,6.395652173913042,0,-1,0.13725490196078433,-0.04395604395604391,0.1535493827160494,-0.04398148148148151,1.7227665977411035,11.11764705882353,0.008345277910495295,518.0478260869564
860,433,2025-11-29,Mirage,1,-1,324.0,1.191859389454209,-25.122109158186845,0,7,0.4276193747852971,2.0,0.010714285714285676,-0.008333333333333415,1.1856236656577392,138.54867743043627,2.383718778908418,-8139.563367252538
859,432,2025-11-29,Dust2,1,-1,-156.0,-0.3872132923966046,54.76250677262054,0,0,0.481527691134678,1.2222222222222223,0.015825320512820484,0.0014022435897436125,0.8556661100577201,-75.11831981700978,-0.47326069070696125,-8542.951056528804
858,431,2025-11-29,Dust2,1,1,357.0,-0.12839024390243908,34.047804878048794,0,-3,0.050359712230215785,-0.16653016653016656,0.09640522875816993,0.004901960784313708,0.9444616088408513,17.978417266187034,0.02138084869792188,12155.06634146342
857,430,2025-11-29,Train,1,1,464.0,0.2996941896024464,128.6645495177605,0,-1,0.15625,0.0,-0.09895833333333337,0.0,1.0986122886681098,72.5,0.0,59700.350976240865
855,429,2025-11-29,Overpass,1,1,144.0,0.0,0.0,-999,9,0.0,0.0,0.0,0.0,1.9459101490553132,0.0,0.0,0.0
856,429,2025-11-29,Dust2,1,1,144.0,0.0,0.0,-999,9,0.0,0.0,0.0,0.0,2.6390573296152584,0.0,0.0,0.0
853,428,2025-11-29,Inferno,1,1,48.0,0.8727106227106228,-50.26739926739928,-8,2,-0.7457627118644068,0.0,0.02777777777777779,0.3055555555555556,1.252762968495368,-35.79661016949153,0.0,-2412.8351648351654
854,428,2025-11-29,Nuke,1,1,48.0,0.8727106227106228,-50.26739926739928,-8,2,1.202020202020202,1.1074380165289257,0.3694968553459119,-0.11320754716981124,2.8903717578961645,57.696969696969695,0.9664729210183758,-2412.8351648351654
834,415,2025-11-29,Ancient,1,-1,-59.0,-0.626984126984127,-140.45238095238093,0,-3,-0.02221254355400698,0.5714285714285714,-0.02941176470588236,-0.024019607843137225,-1.0986122886681096,1.3105400696864118,-0.3582766439909297,8286.690476190475
835,416,2025-11-29,Dust2,1,1,312.0,0.6375311481694461,14.481886141460627,0,7,0.47959770114942524,0.36363636363636365,0.12369791666666663,-0.0390625,0.6632942174102641,149.63448275862066,0.23182950842525313,4518.348476135716
836,417,2025-11-29,Dust2,1,-1,167.0,-0.20806371329019416,56.365355898456954,0,-5,0.08210574397624756,0.5151515151515151,0.013939950980392135,0.05438112745098034,0.05715841383994835,13.711659244033344,-0.10718433714949396,9413.01443504231
837,418,2025-11-29,Mirage,1,1,34.0,0.5766799572109308,14.082757950014567,-33,6,0.8618233618233619,0.0,0.1962962962962963,-0.04814814814814811,2.03688192726104,29.301994301994306,0.0,478.8137703004953
838,419,2025-11-29,Inferno,1,-1,-48.0,0.0,0.0,30,-2,0.0,0.0,0.0,0.0,-1.9459101490553132,0.0,0.0,0.0
839,419,2025-11-29,Train,1,-1,-48.0,0.0,0.0,30,-2,0.0,0.0,0.0,0.0,-3.58351893845611,0.0,0.0,0.0
840,420,2025-11-29,Ancient,1,1,-191.0,0.12839024390243908,-284.73073170731715,0,0,-0.7149321266968326,-1.25,0.0,0.07440476190476192,-1.6094379124341003,136.55203619909503,-0.16048780487804887,54383.569756097575
841,421,2025-11-29,Mirage,1,1,464.0,-0.6600660066006602,21.068037572988004,-2,0,0.041417395306028504,-0.3846153846153846,0.04999999999999999,-0.008333333333333304,0.9808292530117262,19.217671421997224,0.2538715410002539,9775.569433866434
848,425,2025-11-29,Dust2,1,1,35.0,0.0,0.0,-999,1,0.0,0.0,0.0,0.0,2.8903717578961645,0.0,0.0,0.0
843,422,2025-11-29,Mirage,1,1,144.0,0.08826125330979698,28.40335392762578,-6,8,1.2462462462462462,1.6666666666666665,0.09375000000000006,-0.1015625,1.2237754316221159,179.45945945945945,0.1471020888496616,4090.082965578112
844,423,2025-11-29,Inferno,1,-1,-81.0,-0.27650578380534496,12.260311128839255,0,1,-0.6913674560733385,-1.3846153846153846,-0.04938271604938277,0.11838624338624343,-1.252762968495368,56.00076394194042,0.38285416219201607,-993.0852014359797
845,424,2025-11-29,Nuke,1,1,-9.0,1.2815134417524061,-54.586458679057415,0,4,0.8545002648412989,0.9629629629629628,0.06063988095238093,-0.11179315476190471,0.7884573603642702,-7.69050238357169,1.2340499809467613,491.2781281115167
846,425,2025-11-29,Ancient,1,1,35.0,0.0,0.0,-999,1,0.0,0.0,0.0,0.0,2.833213344056216,0.0,0.0,0.0
847,425,2025-11-29,Overpass,1,-1,35.0,0.0,0.0,-999,1,0.0,0.0,0.0,0.0,2.70805020110221,0.0,0.0,0.0
849,426,2025-11-29,Dust2,1,1,41.0,0.8285714285714287,77.8,-48,4,-0.37217391304347835,-0.7407407407407407,0.001984126984126977,-0.06398809523809523,1.421385680931161,-15.259130434782612,-0.6137566137566138,3189.7999999999997
850,426,2025-11-29,Inferno,1,1,41.0,0.8285714285714287,77.8,-48,4,0.09816420193778688,-0.17204301075268816,-0.048177083333333315,-0.11848958333333331,1.88706964903238,4.024732279449262,-0.1425499231950845,3189.7999999999997
851,426,2025-11-29,Mirage,1,1,41.0,0.8285714285714287,77.8,-48,4,0.98793256433008,1.3015873015873016,0.057055749128919864,-0.13472706155632985,1.6582280766035327,40.50523513753328,1.0784580498866216,3189.7999999999997
852,427,2025-11-29,Mirage,1,-1,10.0,-0.5233805233805233,-147.8172458172458,0,-4,0.03735582716474439,-0.07359307359307365,0.05140817901234568,-0.013117283950617287,-0.49899116611898764,0.37355827164744393,0.03851718137432426,-1478.172458172458
842,422,2025-11-29,Overpass,1,1,144.0,0.08826125330979698,28.40335392762578,-6,8,-0.29025423728813554,-0.0888888888888889,-0.1388888888888889,0.0,0.5596157879354227,-41.796610169491515,-0.007845444738648621,4090.082965578112
820,408,2025-11-30,Nuke,1,1,96.0,0.03467297084318355,12.79905437352246,0,7,-0.35369532428355976,-0.3255060728744939,-0.043981481481481455,0.05632716049382713,-1.7047480922384253,-33.95475113122174,-0.011286262574056505,1228.709219858156
819,407,2025-11-30,Overpass,1,-1,-191.0,-0.3982683982683982,-190.6341991341992,0,-2,-0.6666666666666667,-0.6666666666666667,-0.034722222222222265,0.0763888888888889,-0.8472978603872034,127.33333333333334,0.26551226551226553,36411.13203463205
818,407,2025-11-30,Mirage,1,-1,-191.0,-0.3982683982683982,-190.6341991341992,0,-2,-0.20846634281748783,-0.625,-0.0474232456140351,0.04961622807017546,-0.7985076962177713,39.81707147814017,0.24891774891774887,36411.13203463205
813,404,2025-11-30,Mirage,1,1,405.0,-0.5956701288950069,-26.685020648229255,0,-4,-0.10849509898135701,-0.08111615833874108,0.013020833333333315,0.0040922619047619735,-0.534082485930258,-43.94051508744959,0.04831847249310569,-10807.433362532849
815,405,2025-11-30,Mirage,1,-1,-69.0,-0.6945315221177292,12.74660397074193,0,-1,-1.2524315427203352,-1.4814814814814814,-0.21895424836601313,0.10253267973856212,-0.9444616088408513,86.41777644770313,1.0289355883225617,-879.5156739811931
814,405,2025-11-30,Inferno,1,-1,-69.0,-0.6945315221177292,12.74660397074193,0,-1,-0.3003952569169961,-0.9803921568627451,0.0390625,0.14843750000000006,-1.2237754316221159,20.72727272727273,0.6809132569781658,-879.5156739811931
812,404,2025-11-30,Train,1,1,405.0,-0.5956701288950069,-26.685020648229255,0,-4,0.7969751767220121,0.2727272727272727,-0.03367003367003368,-0.1098484848484848,-0.18232155679395445,322.77494657241493,-0.16245548969863824,-10807.433362532849
817,406,2025-11-30,Nuke,1,1,142.0,-0.47647058823529426,-3.0176470588235276,0,1,-0.6144784227552952,-0.6296296296296295,0.01464646464646463,0.14823232323232322,-0.7537718023763804,-87.25593603125192,0.30000000000000004,-428.50588235294094
822,408,2025-11-30,Dust2,1,-1,96.0,0.03467297084318355,12.79905437352246,0,7,-0.03772635814889333,-0.08455284552845527,0.02344771241830068,0.013970588235294068,-0.7827593392496324,-3.6217303822937597,-0.002931698347716332,1228.709219858156
816,406,2025-11-30,Inferno,1,1,142.0,-0.47647058823529426,-3.0176470588235276,0,1,0.3333333333333335,1.0869565217391304,0.056712962962962965,0.027777777777777735,0.3794896217049035,47.33333333333336,-0.5179028132992328,-428.50588235294094
824,409,2025-11-30,Train,1,1,35.0,0.29333333333333333,39.239999999999995,0,1,0.0,0.0,0.0,0.0,2.0794415416798357,0.0,0.0,1373.3999999999999
823,409,2025-11-30,Ancient,1,1,35.0,0.29333333333333333,39.239999999999995,0,1,1.6220472440944882,1.6363636363636362,0.08823529411764702,-0.15196078431372545,2.197224577336219,56.77165354330709,0.48,1373.3999999999999
833,414,2025-11-30,Dust2,1,1,144.0,0.28148148148148144,-124.02222222222224,-8,10,0.0,0.0,0.0,0.0,2.772588722239781,0.0,0.0,-17859.200000000004
832,414,2025-11-30,Ancient,1,1,144.0,0.28148148148148144,-124.02222222222224,-8,10,-0.5878787878787879,-0.8,-0.01041666666666663,0.06597222222222215,1.1786549963416462,-84.65454545454546,-0.22518518518518515,-17859.200000000004
831,414,2025-11-30,Mirage,1,-1,144.0,0.28148148148148144,-124.02222222222224,-8,10,0.5695652173913043,0.84,0.1331699346405229,-0.0678104575163399,1.504077396776274,82.01739130434781,0.2364444444444444,-17859.200000000004
830,413,2025-11-30,Mirage,1,1,48.0,0.8468085106382979,-126.92127659574469,-45,4,0.009472880061115352,0.44897959183673475,0.05936293436293438,0.022844272844272817,1.55814461804655,0.4546982429335369,0.38019973947025626,-6092.221276595745
821,408,2025-11-30,Ancient,1,-1,96.0,0.03467297084318355,12.79905437352246,0,7,-0.13509152963077886,-0.2136546184738956,0.09222560975609756,0.09205623306233063,-1.1727202608218317,-12.96878684455477,-0.007408040356856887,1228.709219858156
828,413,2025-11-30,Dust2,1,1,48.0,0.8468085106382979,-126.92127659574469,-45,4,-0.8214285714285714,0.0,-0.08455882352941174,-0.03063725490196073,2.862200880929468,-39.42857142857143,0.0,-6092.221276595745
827,412,2025-11-30,Train,1,-1,-47.0,0.3127118644067796,59.52937853107344,0,5,0.47794601711652407,1.2253193960511033,-0.0005952380952380931,-0.04494047619047625,0.9694005571881035,-22.46346280447663,0.38317191283292973,-2797.8807909604516
826,411,2025-11-30,Train,1,1,-57.0,0.44487179487179485,-32.24038461538461,0,3,-0.2631578947368421,-1.0,-0.14062500000000006,-0.16666666666666669,-1.0986122886681098,15.0,-0.44487179487179485,1837.7019230769229
829,413,2025-11-30,Inferno,1,-1,48.0,0.8468085106382979,-126.92127659574469,-45,4,1.4054054054054053,1.3125,0.2988095238095238,-0.08333333333333331,0.2876820724517808,67.45945945945945,1.111436170212766,-6092.221276595745
825,410,2025-11-30,Overpass,1,1,24.0,0.18452380952380956,-16.065476190476176,0,7,0.8333333333333334,0.8333333333333334,0.14880952380952384,-0.03968253968253965,-0.6931471805599452,20.0,0.1537698412698413,-385.5714285714282
799,399,2025-12-01,Train,1,-1,-22.0,0.5872592592592591,189.35822222222222,0,4,-0.25548287803001135,0.22222222222222227,-0.04166666666666663,0.04671717171717177,0.08004270767353638,5.62062331666025,0.13050205761316871,-4165.880888888889
800,399,2025-12-01,Ancient,1,1,-22.0,0.5872592592592591,189.35822222222222,0,4,0.7412664966175001,1.0294117647058822,0.09953703703703703,0.00694444444444442,0.0,-16.307862925585003,0.6045315904139432,-4165.880888888889
801,399,2025-12-01,Dust2,1,1,-22.0,0.5872592592592591,189.35822222222222,0,4,-0.10213940648723246,-0.1189931350114416,-0.07294685990338168,-0.0496376811594203,0.4054651081081646,2.247066942719114,-0.06987982032375621,-4165.880888888889
803,400,2025-12-01,Train,1,1,12.0,0.408,-54.99666666666666,0,0,-0.5123384253819036,-0.17142857142857143,-0.26851851851851855,-0.03703703703703709,0.0,-6.148061104582842,-0.06994285714285714,-659.9599999999999
804,400,2025-12-01,Inferno,1,1,12.0,0.408,-54.99666666666666,0,0,0.02311912225705331,0.48527349228611505,-0.07738095238095238,0.01645658263305322,-0.4769240720903096,0.2774294670846397,0.19799158485273494,-659.9599999999999
802,400,2025-12-01,Ancient,1,-1,12.0,0.408,-54.99666666666666,0,0,0.08051948051948044,0.18055555555555564,-0.02243589743589741,-0.023237179487179516,-0.19415601444095776,0.9662337662337652,0.0736666666666667,-659.9599999999999
807,401,2025-12-01,Mirage,1,-1,166.0,-0.023999999999999987,-66.59272727272727,0,-3,-0.025785656728444767,0.05331799002685076,0.012179487179487136,0.07307692307692304,0.2513144282809061,-4.280419016921831,-0.0012796317606444175,-11054.392727272727
808,402,2025-12-01,Dust2,1,1,333.0,-0.195578231292517,12.322278911564624,0,3,0.6836716987680027,1.1666666666666665,0.10725677830940988,-0.0747607655502392,0.5306282510621707,227.6626756897449,-0.22817460317460314,4103.31887755102
809,402,2025-12-01,Train,1,1,333.0,-0.195578231292517,12.322278911564624,0,3,-0.21967507226153687,-0.5725490196078431,0.009027777777777746,0.06527777777777777,-0.04652001563489305,-73.15179906309177,0.1119781245831666,4103.31887755102
810,403,2025-12-01,Overpass,1,-1,-34.0,0.3108943089430894,-65.37170731707316,1,-5,0.19512195121951212,-1.0,0.06666666666666665,0.024999999999999967,0.0,-6.634146341463412,-0.3108943089430894,2222.638048780487
811,403,2025-12-01,Inferno,1,-1,-34.0,0.3108943089430894,-65.37170731707316,1,-5,1.0151592573667179,1.2153846153846155,-0.06071428571428572,-0.07261904761904758,-0.9162907318741551,-34.51541475046841,0.3778561601000625,2222.638048780487
805,401,2025-12-01,Nuke,1,1,166.0,-0.023999999999999987,-66.59272727272727,0,-3,-0.5188904385557105,-0.5974460322286409,-0.02849616858237547,0.016682630906768803,-0.4567584024957152,-86.13581280024795,0.014338704773487374,-11054.392727272727
806,401,2025-12-01,Train,1,-1,166.0,-0.023999999999999987,-66.59272727272727,0,-3,0.0668449197860963,0.32738095238095244,-0.004166666666666652,0.046875,0.2006706954621511,11.096256684491987,-0.007857142857142854,-11054.392727272727
798,398,2025-12-02,Train,1,1,34.0,-0.4173767752715121,17.722639933166235,-1,3,-0.39859525899912196,0.12600229095074456,-0.04789272030651337,0.05747126436781602,2.014903020542265,-13.552238805970147,-0.052590429873844595,602.569757727652
797,398,2025-12-02,Inferno,1,1,34.0,-0.4173767752715121,17.722639933166235,-1,3,0.5932203389830508,0.7462686567164178,0.17708333333333331,-0.04999999999999993,1.1631508098056809,20.169491525423727,-0.31147520542650153,602.569757727652
796,398,2025-12-02,Mirage,1,-1,34.0,-0.4173767752715121,17.722639933166235,-1,3,-0.8484848484848485,-0.8888888888888888,-0.06068840579710144,0.22886473429951687,2.4638532405901676,-28.848484848484848,0.37100157801912187,602.569757727652
795,397,2025-12-02,Mirage,1,1,-122.0,-0.15445232466509068,-51.15366430260049,0,-3,0.4929164631167563,0.4695035460992908,0.10085978835978837,-0.013227513227513255,-0.1466034741918758,-60.135808500244266,-0.07251591413353903,6240.74704491726
794,397,2025-12-02,Nuke,1,1,-122.0,-0.15445232466509068,-51.15366430260049,0,-3,-0.510299848882526,-0.5670886075949366,-0.05208333333333337,0.05833333333333324,-0.8690378470236095,62.25658156366817,0.08758815373412736,6240.74704491726
793,396,2025-12-02,Train,1,-1,-33.0,0.3739130434782609,122.28260869565217,0,4,0.21983381502890176,0.4948268106162843,0.04797979797979807,-0.010101010101010055,0.5705448584676129,-7.254515895953758,0.18502219875217588,-4035.3260869565215
792,396,2025-12-02,Ancient,1,-1,-33.0,0.3739130434782609,122.28260869565217,0,4,0.2737809334864779,0.5789473684210527,0.05409356725146197,-0.004385964912280715,-0.05129329438755059,-9.034770805053771,0.21647597254004577,-4035.3260869565215
779,383,2025-12-04,Overpass,1,1,312.0,-0.350609756097561,565.1209349593497,0,-8,0.5401069518716578,2.0,0.125,0.10416666666666669,0.0,168.51336898395724,-0.701219512195122,176317.7317073171
778,382,2025-12-04,Inferno,1,-1,-241.0,0.8581196581196582,-89.74358974358975,0,5,0.34830097087378653,0.5856079404466501,-0.0822649572649573,-0.04807692307692307,0.30538164955118186,-83.94053398058256,0.5025216856482365,21628.20512820513
791,395,2025-12-04,Overpass,1,1,-10.0,-0.5589430894308943,654.2042682926831,-3,-9,-0.6363636363636364,0.0,-0.11458333333333331,0.1875,-0.5108256237659905,6.363636363636363,-0.0,-6542.042682926831
790,394,2025-12-04,Dust2,1,1,-310.0,0.7590370893123187,9.944483650905738,5,1,-0.8099965765148922,-0.8333333333333333,-0.09635416666666669,-0.00520833333333337,-1.2237754316221159,251.0989387196166,-0.6325309077602655,-3082.7899317807787
789,393,2025-12-04,Mirage,1,-1,-113.0,-0.0056787932564330255,-101.75190771960958,0,10,0.44668542839274566,0.38095238095238093,-0.0075987841945288626,-0.011271529888551124,1.163150809805681,-50.47545340838026,-0.0021633498119744857,11497.965572315883
788,392,2025-12-04,Train,1,1,238.0,-0.006722689075630256,352.6050420168068,0,-5,1.1224127735068006,0.0,0.20833333333333331,-0.09166666666666662,-0.6061358035703157,267.1342400946185,0.0,83920.00000000001
787,391,2025-12-04,Nuke,1,1,-16.0,0.15032354405176707,13.047287207566,0,-5,-0.027020202020201972,-0.07453416149068323,0.048611111111111105,-0.0019188596491227505,-0.2231435513142097,0.43232323232323155,-0.011204239308206241,-208.756595321056
786,390,2025-12-04,Nuke,1,-1,810.0,-0.1971544715447154,266.68191056910564,0,-8,0.5243833017077798,0.48341550874047523,0.05353009259259256,-0.04456018518518523,0.1112256351102241,424.75047438330165,-0.09530752916224815,216012.34756097556
785,389,2025-12-04,Nuke,1,1,18.0,0.09841269841269845,32.619047619047635,14,-3,0.381556990495538,0.46315077755240025,0.024884259259259245,-0.0005787037037037202,0.2744368457017603,6.868025828919683,0.04557991779087115,587.1428571428575
784,388,2025-12-04,Ancient,1,1,-351.0,-0.03963414634146345,-86.60873983739839,0,8,-0.5211267605633804,-0.4,-0.09824561403508769,0.07719298245614037,0.5978370007556202,182.9154929577465,0.01585365853658538,30399.667682926833
783,387,2025-12-04,Dust2,1,-1,-82.0,0.14464475079533404,-30.133191940615006,0,0,-0.7875121951219511,-0.9222222222222223,-0.13368055555555558,0.041956018518518545,-0.1112256351102241,64.576,-0.1333946035112525,2470.9217391304305
782,386,2025-12-04,Nuke,1,-1,-919.0,-0.19910403185664516,-216.0228969636635,0,5,-0.3076572173346367,-0.28776333482743177,-0.1203703703703703,-0.017939814814814825,0.2744368457017603,282.7369827305311,0.05729484018465542,198525.04230960677
781,385,2025-12-04,Nuke,1,-1,-376.0,-0.39422598307615736,-198.52115480338483,0,10,-0.70625,-0.5476190476190476,-0.08888888888888896,0.08472222222222225,-0.16705408466316607,265.55,0.21588565739884805,74643.9542060727
780,384,2025-12-04,Dust2,1,-1,-117.0,0.22338935574229693,-399.89670868347343,0,8,-0.21930544161881327,-0.4978687127024724,-0.027113970588235226,0.03691789215686281,0.05715841383994835,25.65873666940115,-0.11121857097485204,46787.914915966394
2854,1477,2025-12-05,Mirage,0,1,144.0,0.6127659574468085,-27.365957446808522,-62,12,0.7815584415584416,0.9761904761904763,0.1518518518518518,-0.027314814814814792,1.1526795099383853,112.54441558441559,0.5981762917933131,-3940.6978723404272
2853,1477,2025-12-05,Nuke,0,1,144.0,0.6127659574468085,-27.365957446808522,-62,12,1.053763440860215,1.0769230769230769,-0.0666666666666666,-0.17083333333333328,1.7047480922384253,151.74193548387098,0.6599018003273323,-3940.6978723404272
775,379,2025-12-05,Inferno,1,-1,-941.0,0.1836734693877551,-114.86734693877546,0,8,-0.36617647058823527,-0.02504472271914132,-0.04356060606060608,0.049242424242424254,0.0,344.5720588235294,-0.004600051111679018,108090.17346938771
763,372,2025-12-05,Overpass,1,1,335.0,0.15270935960591142,-68.71715927750408,-1,0,1.2068311195445922,1.2068311195445922,0.07211538461538453,-0.202991452991453,0.6931471805599452,404.2884250474384,0.1842944074181398,-23020.24835796387
762,372,2025-12-05,Inferno,1,1,335.0,0.15270935960591142,-68.71715927750408,-1,0,-0.41922069181029303,-0.3850183342063908,-0.088558201058201,0.03320105820105812,0.6390799592896697,-140.43893175644817,-0.05879590325319272,-23020.24835796387
764,373,2025-12-05,Dust2,1,1,300.0,0.19148936170212771,35.948936170212846,-1,4,0.9594990674127364,1.3412698412698414,0.05193014705882354,-0.13556985294117646,0.7221347174331973,287.8497202238209,0.25683890577507607,10784.680851063855
765,373,2025-12-05,Inferno,1,-1,300.0,0.19148936170212771,35.948936170212846,-1,4,-0.053012048192771055,-0.1349206349206349,-0.05285973084886125,-0.0331909937888199,-0.1892419996385284,-15.903614457831317,-0.025835866261398183,10784.680851063855
766,373,2025-12-05,Ancient,1,-1,300.0,0.19148936170212771,35.948936170212846,-1,4,0.5264346662205119,0.9131859131859131,0.10111434108527129,-0.009786821705426274,0.739667196194838,157.93039986615358,0.17486538763134513,10784.680851063855
767,374,2025-12-05,Mirage,1,-1,64.0,-0.2174863387978142,165.9733606557378,0,0,-0.2784234151140626,-0.625,-0.030423280423280352,0.04794973544973541,0.1466034741918758,-17.819098567300006,0.1359289617486339,10622.295081967219
769,374,2025-12-05,Overpass,1,-1,64.0,-0.2174863387978142,165.9733606557378,0,0,-0.3783783783783785,0.0,-0.055555555555555525,0.2708333333333333,0.2876820724517808,-24.216216216216225,0.0,10622.295081967219
768,374,2025-12-05,Train,1,1,64.0,-0.2174863387978142,165.9733606557378,0,0,0.09427880741337624,0.0,0.004166666666666652,-0.040277777777777746,0.45198512374305744,6.0338436744560795,-0.0,10622.295081967219
771,375,2025-12-05,Mirage,1,1,-35.0,-0.2,-72.3,0,5,-0.4730708911520061,-1.0494417862838916,-0.06204312865497075,0.03600146198830412,0.8960880245566356,16.557481190320214,0.20988835725677835,2530.5
772,376,2025-12-05,Dust2,1,-1,-399.0,-0.130272952853598,3.866004962779158,1,-3,-0.5316205533596838,-0.717948717948718,-0.03578431372549018,-0.0009803921568627416,1.0986122886681096,212.11660079051384,0.09352929948463445,-1542.535980148884
773,377,2025-12-05,Mirage,1,-1,-410.0,-0.01775548929249121,56.1423827595554,-1,2,-0.04048582995951418,-0.19047619047619052,-0.017676767676767735,-0.013257575757575746,-0.5389965007326871,16.599190283400812,0.003381997960474517,-23018.376931417715
777,381,2025-12-05,Ancient,1,-1,-83.0,-0.11620294599018,28.41816693944361,0,6,0.2181764792247834,0.3495495495495495,0.04390280262373286,-0.028697078115682673,1.1451323043030026,-18.108647775657023,-0.04061868742719804,-2358.7078559738193
774,378,2025-12-05,Mirage,1,-1,-120.0,1.01105379513633,-18.991525423728774,0,8,-0.051356480964608736,0.26829268292682934,0.042368421052631555,0.04850877192982461,-0.2623642644674913,6.162777715753048,0.2712583352804789,2278.983050847453
770,375,2025-12-05,Train,1,1,-35.0,-0.2,-72.3,0,5,0.49145299145299165,0.7142857142857143,0.10833333333333334,-0.04330808080808085,0.9490805546971459,-17.20085470085471,-0.14285714285714288,2530.5
776,380,2025-12-05,Dust2,1,1,482.0,0.26890756302521013,-232.11204481792714,0,-2,0.3651315789473684,0.04242424242424245,0.04137931034482756,-0.1103448275862069,1.6094379124341005,175.9934210526316,0.01140819964349377,-111878.00560224088
759,370,2025-12-06,Ancient,1,1,-6.0,0.023255813953488396,109.72790697674415,0,8,1.0011898929096381,1.1759834368530022,0.0829545454545455,-0.05303030303030304,0.5596157879354227,-6.007139357457829,0.02734845201983729,-658.3674418604649
761,371,2025-12-06,Train,1,-1,-536.0,0.27217915590008607,-160.62532299741605,0,3,0.7150055991041435,1.4285714285714286,0.014772727272727326,-0.06969696969696976,-0.08701137698962969,-383.2430011198209,0.3888273655715515,86095.173126615
760,371,2025-12-06,Inferno,1,-1,-536.0,0.27217915590008607,-160.62532299741605,0,3,-0.2567829457364341,-0.29670329670329676,0.012590579710144989,0.101268115942029,-0.13353139262452274,137.63565891472868,-0.0807564528494761,86095.173126615
758,370,2025-12-06,Dust2,1,1,-6.0,0.023255813953488396,109.72790697674415,0,8,-0.013992271710392468,0.004672897196261683,0.0034722222222221544,0.00752314814814814,0.2744368457017603,0.0839536302623548,0.00010867202782003925,-658.3674418604649
756,369,2025-12-06,Inferno,1,1,34.0,0.24838709677419357,-252.46451612903226,0,6,-0.38145363408521304,-1.024390243902439,0.08854166666666669,-0.042708333333333404,1.0414538748281612,-12.969423558897244,-0.25444531864673486,-8583.793548387097
2852,1476,2025-12-06,Mirage,0,1,37.0,1.0521739130434784,-26.4,6,2,1.051064631618617,1.4117647058823528,0.05508207070707072,-0.14062499999999994,1.329135947279942,38.88939136988883,1.4854219948849106,-976.8
2851,1476,2025-12-06,Nuke,0,-1,37.0,1.0521739130434784,-26.4,6,2,0.7540229885057471,0.7715355805243446,-0.027402402402402437,-0.19557057057057048,2.251291798606495,27.898850574712643,0.8117896108125714,-976.8
2850,1476,2025-12-06,Ancient,0,1,37.0,1.0521739130434784,-26.4,6,2,-0.13282629363031384,-0.5263157894736842,0.014957264957264904,0.021901709401709435,1.349926716949016,-4.914572864321612,-0.5537757437070938,-976.8
757,369,2025-12-06,Dust2,1,1,34.0,0.24838709677419357,-252.46451612903226,0,6,0.68141045468605,0.7045454545454546,0.0756944444444444,-0.10034722222222225,1.7676619176489947,23.1679554593257,0.17500000000000002,-8583.793548387097
750,366,2025-12-06,Dust2,1,-1,-163.0,0.5121951219512195,-2.570121951219477,0,0,0.6422535211267605,1.0436781609195402,0.05727554179566563,-0.09262125902992774,0.10536051565782634,-104.68732394366197,0.5345668629100084,418.92987804877475
749,366,2025-12-06,Ancient,1,-1,-163.0,0.5121951219512195,-2.570121951219477,0,0,-0.3945578231292517,-0.7217391304347827,-0.0746082621082621,0.01406695156695148,-0.30538164955118186,64.31292517006803,-0.36967126193001065,418.92987804877475
752,367,2025-12-06,Inferno,1,-1,-109.0,-0.40425531914893625,24.27021276595741,0,-3,0.179808286951144,-0.16033755274261607,0.032894736842105254,-0.03176043557168784,0.4054651081081646,-19.599103277674697,0.06481730855552566,-2645.453191489358
753,368,2025-12-06,Mirage,1,-1,-39.0,-0.18708010335917308,227.984496124031,0,0,-0.33447514653269395,-1.5294117647058822,0.03314393939393934,0.08901515151515155,0.5705448584676129,13.044530714775064,0.28612251101991176,-8891.39534883721
754,368,2025-12-06,Inferno,1,1,-39.0,-0.18708010335917308,227.984496124031,0,0,0.7554028255059182,0.6875,0.08738191632928477,-0.09159919028340086,0.35667494393873245,-29.460710194730808,-0.1286175710594315,-8891.39534883721
755,368,2025-12-06,Nuke,1,1,-39.0,-0.18708010335917308,227.984496124031,0,0,-0.7564102564102564,-1.6363636363636362,-0.11888111888111891,0.07371794871794873,-0.15415067982725805,29.5,0.3061310782241014,-8891.39534883721
751,367,2025-12-06,Dust2,1,-1,-109.0,-0.40425531914893625,24.27021276595741,0,-3,-0.4696673189823875,-0.6012461059190031,0.01239106753812641,0.12499999999999994,-0.054067221270275745,51.193737769080236,0.2430569364353417,-2645.453191489358
2847,1474,2025-12-07,Ancient,0,1,144.0,0.4184782608695653,-145.2608695652174,-5,6,0.007111111111111068,-0.1111111111111111,0.09455128205128205,0.016826923076923073,1.0296194171811581,1.0239999999999938,-0.04649758454106281,-20917.565217391308
2848,1475,2025-12-07,Train,0,1,37.0,1.3953488372093024,-28.91860465116278,-14,3,1.3691275167785235,1.7674418604651163,0.22420634920634924,-0.12499999999999994,1.9924301646902063,50.65771812080537,2.466197944835046,-1069.988372093023
2849,1475,2025-12-07,Mirage,0,1,37.0,1.3953488372093024,-28.91860465116278,-14,3,1.1956521739130435,1.4594594594594594,0.20588235294117646,-0.11887254901960781,2.862200880929468,44.23913043478261,2.0364550597108737,-1069.988372093023
2846,1474,2025-12-07,Mirage,0,1,144.0,0.4184782608695653,-145.2608695652174,-5,6,0.10240274599542332,0.21931589537223345,0.09265350877192985,-0.07346491228070179,1.3862943611198906,14.745995423340958,0.0917789344764238,-20917.565217391308
739,362,2025-12-07,Ancient,1,1,-263.0,-0.4046822742474916,29.74749163879602,0,0,-0.8133638261907127,-0.9950049950049951,-0.1709956709956711,0.012987012987013047,0.2231435513142097,213.91468628815744,0.4026608842662354,-7823.5903010033535
741,362,2025-12-07,Dust2,1,-1,-263.0,-0.4046822742474916,29.74749163879602,0,0,0.1978021978021976,-0.625,0.04791666666666661,0.014583333333333393,0.6466271649250523,-52.021978021977965,0.25292642140468224,-7823.5903010033535
742,363,2025-12-07,Overpass,1,1,156.0,0.174468085106383,163.2446808510639,0,2,-0.6944444444444443,-1.0909090909090908,0.01041666666666663,0.07291666666666663,-0.33647223662121295,-108.33333333333331,-0.19032882011605418,25466.170212765966
748,365,2025-12-07,Ancient,1,1,-191.0,0.0,0.0,30,-5,0.0,0.0,0.0,0.0,-2.772588722239781,0.0,0.0,0.0
747,365,2025-12-07,Dust2,1,1,-191.0,0.0,0.0,30,-5,0.0,0.0,0.0,0.0,-2.5649493574615367,0.0,0.0,0.0
746,365,2025-12-07,Nuke,1,-1,-191.0,0.0,0.0,30,-5,0.0,0.0,0.0,0.0,-3.4657359027997265,0.0,0.0,0.0
745,364,2025-12-07,Train,1,-1,-405.0,-0.3525179856115109,-25.75683453237417,0,5,-0.8035067657709165,-0.5749128919860627,-0.022435897435897467,0.11596736596736601,0.15415067982725805,325.4202401372212,0.20266713458501495,10431.51798561154
744,364,2025-12-07,Ancient,1,-1,-405.0,-0.3525179856115109,-25.75683453237417,0,5,0.39398858459443886,0.3004239854633555,0.042658730158730174,0.010912698412698374,0.382992252256106,-159.56537676074774,-0.10590485818492391,10431.51798561154
743,363,2025-12-07,Mirage,1,1,156.0,0.174468085106383,163.2446808510639,0,2,-0.0034475328592976015,0.09134088417975886,0.04000850340136047,0.035501700680272086,-0.867500567704723,-0.5378151260504258,0.015936069154766443,25466.170212765966
740,362,2025-12-07,Inferno,1,-1,-263.0,-0.4046822742474916,29.74749163879602,0,0,0.9766714766714764,0.9054355919583024,0.11810776942355888,-0.1414473684210527,0.2876820724517808,-256.8645983645983,-0.3664137345383096,-7823.5903010033535
2844,1473,2025-12-08,Nuke,0,-1,-107.0,-0.03232323232323231,-0.11313131313131208,0,-4,0.11421142114211433,-0.3297510792688528,0.04306220095693786,-0.058413078149920306,1.178654996341646,-12.220622062206234,0.010658620744043721,12.105050505050393
2845,1473,2025-12-08,Mirage,0,-1,-107.0,-0.03232323232323231,-0.11313131313131208,0,-4,-0.4061722249875561,-0.22448979591836732,-0.06250000000000006,0.04642857142857143,0.5389965007326869,43.4604280736685,0.007256235827664395,12.105050505050393
2843,1472,2025-12-09,Ancient,0,1,144.0,1.026086956521739,-169.5086956521739,-15,7,0.18159203980099503,0.0,0.17857142857142855,0.0074404761904762196,1.0986122886681098,26.149253731343286,0.0,-24409.252173913042
2842,1472,2025-12-09,Train,0,1,144.0,1.026086956521739,-169.5086956521739,-15,7,0.0,0.0,0.0,0.0,-2.1972245773362196,0.0,0.0,-24409.252173913042
2841,1472,2025-12-09,Mirage,0,1,144.0,1.026086956521739,-169.5086956521739,-15,7,-0.34123222748815163,0.0,-0.01984126984126977,0.0317460317460318,2.3978952727983707,-49.137440758293835,0.0,-24409.252173913042
2840,1471,2025-12-12,Mirage,0,1,37.0,0.39262996271112094,-6.296994955033995,-57,3,-0.06170981336544254,0.050552922590837324,-0.045138888888888895,-0.033333333333333326,1.8191584434161694,-2.283263094521374,0.01984859211177864,-232.9888133362578
2839,1471,2025-12-12,Train,0,1,37.0,0.39262996271112094,-6.296994955033995,-57,3,1.4394904458598725,2.0,-0.3162878787878789,-0.5094696969696969,2.4423470353692043,53.261146496815286,0.7852599254222419,-232.9888133362578
2838,1471,2025-12-12,Inferno,0,-1,37.0,0.39262996271112094,-6.296994955033995,-57,3,0.0,0.0,0.0,0.0,-1.0986122886681098,0.0,0.0,-232.9888133362578
2837,1470,2025-12-13,Ancient,0,1,-37.0,0.0,0.0,30,-4,0.0,0.0,0.0,0.0,-3.332204510175204,0.0,0.0,0.0
2836,1470,2025-12-13,Train,0,1,-37.0,0.0,0.0,30,-4,0.0,0.0,0.0,0.0,-3.1780538303479458,0.0,0.0,0.0
735,352,2025-12-14,Nuke,1,-1,810.0,-0.20525451559934332,87.85057471264363,0,-2,0.28060606060606064,0.15384615384615388,0.037409700722394135,-0.027734778121775105,0.10536051565782634,227.2909090909091,-0.031577617784514365,71158.96551724135
736,352,2025-12-14,Dust2,1,1,810.0,-0.20525451559934332,87.85057471264363,0,-2,0.4546503244412402,0.5085714285714286,0.0406432748538012,-0.04122807017543856,-0.2231435513142097,368.26676279740457,-0.10438658221909461,71158.96551724135
738,352,2025-12-14,Overpass,1,1,810.0,-0.20525451559934332,87.85057471264363,0,-2,-0.03921568627450983,-0.6846846846846847,-0.012500000000000011,-0.025000000000000022,0.15415067982725827,-31.764705882352963,0.14053462329324407,71158.96551724135
737,352,2025-12-14,Inferno,1,1,810.0,-0.20525451559934332,87.85057471264363,0,-2,0.36215538847117806,-0.021645021645021578,0.04479166666666662,-0.08090277777777777,0.17435338714477755,293.3458646616542,0.004442738432886205,71158.96551724135
728,347,2025-12-20,Nuke,1,-1,143.0,0.19512195121951223,-33.46341463414636,0,1,-0.03372243839169914,0.020512820512820523,-0.01861213235294118,0.04373468137254899,-0.058840500022933284,-4.822308690012977,0.004002501563477176,-4785.268292682929
732,350,2025-12-20,Ancient,1,1,45.0,0.9772256728778468,-145.90683229813664,-97,1,0.0,0.0,0.0,0.0,2.772588722239781,0.0,0.0,-6565.807453416149
733,350,2025-12-20,Inferno,1,1,45.0,0.9772256728778468,-145.90683229813664,-97,1,1.0133333333333334,0.0,0.1388888888888889,-0.11111111111111105,1.6094379124341005,45.6,0.0,-6565.807453416149
734,351,2025-12-20,Ancient,1,1,45.0,0.0,0.0,-999,1,0.0,0.0,0.0,0.0,2.772588722239781,0.0,0.0,0.0
2834,1469,2025-12-20,Dust2,0,1,69.0,0.0,0.0,-970,0,0.0,0.0,0.0,0.0,3.295836866004329,0.0,0.0,0.0
731,349,2025-12-20,Train,1,1,191.0,0.0,0.0,-999,2,0.0,0.0,0.0,0.0,2.302585092994046,0.0,0.0,0.0
2835,1469,2025-12-20,Ancient,0,1,69.0,0.0,0.0,-970,0,0.0,0.0,0.0,0.0,3.1780538303479458,0.0,0.0,0.0
730,348,2025-12-20,Ancient,1,1,48.0,0.0,0.0,-999,1,0.0,0.0,0.0,0.0,3.044522437723423,0.0,0.0,0.0
729,347,2025-12-20,Ancient,1,-1,143.0,0.19512195121951223,-33.46341463414636,0,1,-0.007516490259242212,-0.20351526364477335,0.04322916666666665,-0.04427083333333337,-0.21130909366720685,-1.0748581070716363,-0.03971029534532164,-4785.268292682929
2833,1468,2025-12-21,Nuke,0,1,69.0,1.2333333333333334,-56.19148936170212,-104,1,1.4310344827586208,0.0,0.155241935483871,-0.1491935483870967,2.367123614131617,98.74137931034484,0.0,-3877.212765957446
2832,1468,2025-12-21,Dust2,0,1,69.0,1.2333333333333334,-56.19148936170212,-104,1,1.3401015228426396,0.0,0.21836419753086422,-0.17438271604938266,1.7227665977411035,92.46700507614213,0.0,-3877.212765957446
727,346,2025-12-21,Ancient,1,1,191.0,0.3999999999999999,-25.066666666666663,-1,3,0.7014925373134329,0.2702702702702703,0.28009259259259256,-0.12268518518518517,2.251291798606495,133.98507462686567,0.10810810810810809,-4787.733333333333
726,346,2025-12-21,Mirage,1,1,191.0,0.3999999999999999,-25.066666666666663,-1,3,0.0,0.0,0.0,0.0,3.1354942159291497,0.0,0.0,-4787.733333333333
725,345,2025-12-21,Inferno,1,1,45.0,0.0,0.0,-999,3,0.0,0.0,0.0,0.0,2.3978952727983707,0.0,0.0,0.0
724,345,2025-12-21,Mirage,1,1,45.0,0.0,0.0,-999,3,0.0,0.0,0.0,0.0,2.302585092994046,0.0,0.0,0.0
723,344,2025-12-21,Ancient,1,1,48.0,1.4893617021276597,55.42553191489364,-101,4,0.0,0.0,0.0,0.0,3.091042453358316,0.0,0.0,2660.4255319148947
722,344,2025-12-21,Dust2,1,1,48.0,1.4893617021276597,55.42553191489364,-101,4,0.75,0.0,0.37916666666666665,-0.06041666666666662,2.3513752571634776,36.0,0.0,2660.4255319148947
721,343,2025-12-21,Inferno,1,1,-191.0,0.8,46.06666666666666,30,-4,-0.4294793779580797,-0.25,0.010025062656641603,0.011904761904761973,-0.9162907318741551,82.03056118999322,-0.2,-8798.733333333332
720,343,2025-12-21,Ancient,1,1,-191.0,0.8,46.06666666666666,30,-4,0.9570440480524207,1.7297297297297298,0.04490740740740745,-0.07731481481481484,-1.1526795099383853,-182.79541317801235,1.3837837837837839,-8798.733333333332
719,342,2025-12-21,Train,1,-1,-3.0,-0.2893617021276597,-72.82553191489365,0,-1,-0.5526271613228135,-0.3870967741935484,-0.1267361111111111,-0.02256944444444442,-1.6094379124341003,1.6578814839684406,0.1120109814687715,218.47659574468094
718,342,2025-12-21,Mirage,1,-1,-3.0,-0.2893617021276597,-72.82553191489365,0,-1,-0.2674418604651165,0.0,0.06597222222222227,0.06365740740740744,0.6931471805599456,0.8023255813953494,0.0,218.47659574468094
717,341,2025-12-21,Overpass,1,-1,-48.0,-0.2893617021276597,-27.125531914893642,30,-4,0.0,0.0,0.0,0.0,-1.791759469228055,0.0,0.0,1302.0255319148948
716,341,2025-12-21,Train,1,-1,-48.0,-0.2893617021276597,-27.125531914893642,30,-4,0.24016563146997924,0.946236559139785,-0.0954861111111111,-0.012152777777777735,-1.6094379124341003,-11.527950310559003,-0.2738046213681081,1302.0255319148948
2829,1467,2025-12-22,Nuke,0,-1,-69.0,-0.3571428571428572,186.99999999999994,30,-2,-0.46558704453441296,0.0,-0.13671875,-0.05989583333333337,-2.3978952727983707,32.125506072874494,0.0,-12902.999999999996
2830,1467,2025-12-22,Overpass,0,-1,-69.0,-0.3571428571428572,186.99999999999994,30,-2,0.0,0.0,0.0,0.0,-2.1972245773362196,0.0,0.0,-12902.999999999996
2831,1467,2025-12-22,Ancient,0,-1,-69.0,-0.3571428571428572,186.99999999999994,30,-2,0.9035532994923858,0.0,0.1076388888888889,-0.3402777777777778,-2.525728644308255,-62.34517766497462,0.0,-12902.999999999996
701,334,2026-01-03,Mirage,1,-1,-47.0,-0.7786561264822134,43.72727272727273,30,-1,0.0,0.0,0.0,0.0,-3.258096538021482,0.0,0.0,-2055.181818181818
715,340,2026-01-03,Mirage,1,1,-4.0,0.09090909090909091,-75.10909090909091,21,-1,0.05468352821555661,0.5675675675675677,0.01673101673101679,-0.013433075933075966,-0.12361395596717673,-0.21873411286222644,0.05159705159705161,300.43636363636364
714,340,2026-01-03,Dust2,1,1,-4.0,0.09090909090909091,-75.10909090909091,21,-1,-0.17728815135034626,-1.5384615384615383,0.01650326797385626,0.041176470588235314,-0.5436154465889818,0.709152605401385,-0.13986013986013984,300.43636363636364
712,339,2026-01-03,Dust2,1,1,35.0,0.0,0.0,-999,1,0.0,0.0,0.0,0.0,2.995732273553991,0.0,0.0,0.0
711,338,2026-01-03,Train,1,1,-41.0,0.0,0.0,30,-1,0.0,0.0,0.0,0.0,-2.70805020110221,0.0,0.0,0.0
710,338,2026-01-03,Dust2,1,1,-41.0,0.0,0.0,30,-1,0.0,0.0,0.0,0.0,-3.4339872044851463,0.0,0.0,0.0
707,336,2026-01-03,Train,1,1,47.0,0.0,0.0,-999,1,0.0,0.0,0.0,0.0,3.1354942159291497,0.0,0.0,0.0
706,336,2026-01-03,Mirage,1,1,47.0,0.0,0.0,-999,1,0.0,0.0,0.0,0.0,3.258096538021482,0.0,0.0,0.0
705,335,2026-01-03,Dust2,1,1,35.0,1.5652173913043477,-214.5,-21,1,1.5104895104895104,0.0,0.07456140350877188,-0.14912280701754382,2.3025850929940455,52.86713286713287,0.0,-7507.5
704,335,2026-01-03,Overpass,1,-1,35.0,1.5652173913043477,-214.5,-21,1,0.0,0.0,0.0,0.0,2.772588722239781,0.0,0.0,-7507.5
703,335,2026-01-03,Mirage,1,1,35.0,1.5652173913043477,-214.5,-21,1,1.4130434782608696,0.0,0.20052083333333331,-0.15624999999999994,2.1400661634962708,49.45652173913044,0.0,-7507.5
702,334,2026-01-03,Train,1,-1,-47.0,-0.7786561264822134,43.72727272727273,30,-1,-1.3749999999999998,0.0,-0.2954545454545454,0.15530303030303022,-2.0368819272610397,64.62499999999999,0.0,-2055.181818181818
700,334,2026-01-03,Inferno,1,1,-47.0,-0.7786561264822134,43.72727272727273,30,-1,-1.5964912280701755,0.0,-0.18995098039215685,0.2034313725490196,-1.7917594692280547,75.03508771929825,0.0,-2055.181818181818
713,339,2026-01-03,Nuke,1,1,35.0,0.0,0.0,-999,1,0.0,0.0,0.0,0.0,2.772588722239781,0.0,0.0,0.0
683,321,2026-01-04,Inferno,1,1,-10.0,-0.19576719576719576,-56.44444444444444,0,0,0.3638728474064824,-0.019230769230769218,0.0625,-0.09953703703703709,0.0,-3.6387284740648242,0.003764753764753762,564.4444444444445
684,322,2026-01-04,Train,1,1,57.0,0.8814814814814815,-113.05555555555556,-50,3,0.11397058823529417,1.3333333333333333,-0.12268518518518523,-0.11574074074074081,1.2039728043259361,6.496323529411768,1.1753086419753087,-6444.166666666667
685,322,2026-01-04,Dust2,1,-1,57.0,0.8814814814814815,-113.05555555555556,-50,3,0.7358156028368795,0.8888888888888888,0.19823232323232326,-0.04545454545454547,1.0986122886681098,41.94148936170213,0.7835390946502058,-6444.166666666667
686,322,2026-01-04,Nuke,1,1,57.0,0.8814814814814815,-113.05555555555556,-50,3,0.8475816285056226,1.5,0.03452380952380957,-0.1291666666666666,0.9650808960435873,48.31215282482049,1.3222222222222224,-6444.166666666667
687,323,2026-01-04,Mirage,1,-1,47.0,0.0,0.0,-999,3,0.0,0.0,0.0,0.0,3.295836866004329,0.0,0.0,0.0
688,323,2026-01-04,Dust2,1,1,47.0,0.0,0.0,-999,3,0.0,0.0,0.0,0.0,3.5553480614894135,0.0,0.0,0.0
689,323,2026-01-04,Train,1,1,47.0,0.0,0.0,-999,3,0.0,0.0,0.0,0.0,3.1780538303479458,0.0,0.0,0.0
690,325,2026-01-04,Train,1,-1,-35.0,0.6428571428571428,29.107142857142858,1,-3,1.0,1.0,0.08854166666666663,-0.026041666666666685,-1.5040773967762742,-35.0,0.6428571428571428,-1018.75
709,337,2026-01-04,Ancient,1,-1,-37.0,0.0,0.0,30,-3,0.0,0.0,0.0,0.0,-3.4011973816621555,0.0,0.0,0.0
691,325,2026-01-04,Mirage,1,-1,-35.0,0.6428571428571428,29.107142857142858,1,-3,0.0,0.0,0.0,0.0,-2.9444389791664403,0.0,0.0,-1018.75
693,328,2026-01-04,Dust2,1,1,2.0,-0.11269841269841263,8.88492063492064,0,-1,-0.3813895062324863,-0.8,-0.006907894736842057,0.04035087719298247,-0.04879016416943216,-0.7627790124649726,0.0901587301587301,17.76984126984128
694,328,2026-01-04,Mirage,1,-1,2.0,-0.11269841269841263,8.88492063492064,0,-1,-0.3276473194505981,-0.3926380368098158,-0.034965886939571145,0.06018518518518523,0.719122666963206,-0.6552946389011962,0.044249683513487154,17.76984126984128
695,328,2026-01-04,Ancient,1,1,2.0,-0.11269841269841263,8.88492063492064,0,-1,-0.2944407822456602,0.07951070336391436,-0.05779054916985954,0.05475734355044698,0.4567584024957152,-0.5888815644913205,-0.008960730061647486,17.76984126984128
696,332,2026-01-04,Ancient,1,1,57.0,0.2507122507122507,-40.7094017094017,-14,2,-0.9437698486829815,-2.0,-0.0546875,0.1267361111111111,0.8873031950009029,-53.79488137492995,-0.5014245014245013,-2320.435897435897
697,332,2026-01-04,Inferno,1,1,57.0,0.2507122507122507,-40.7094017094017,-14,2,0.03110684989879615,-0.12500000000000006,-0.057291666666666685,-0.00925925925925919,0.7472144018302207,1.7730904442313806,-0.03133903133903135,-2320.435897435897
698,333,2026-01-04,Inferno,1,1,57.0,0.0,0.0,-999,3,0.0,0.0,0.0,0.0,2.9444389791664403,0.0,0.0,0.0
699,333,2026-01-04,Nuke,1,1,57.0,0.0,0.0,-999,3,0.0,0.0,0.0,0.0,3.044522437723423,0.0,0.0,0.0
692,326,2026-01-04,Dust2,1,1,191.0,0.0,0.0,-999,6,0.0,0.0,0.0,0.0,2.6390573296152584,0.0,0.0,0.0
682,321,2026-01-04,Dust2,1,1,-10.0,-0.19576719576719576,-56.44444444444444,0,0,-0.01566634910553627,0.18803418803418803,-0.05280748663101609,-0.030525846702317283,1.0704414117014132,0.1566634910553627,-0.03681092569981459,564.4444444444445
708,337,2026-01-04,Dust2,1,-1,-37.0,0.0,0.0,30,-3,0.0,0.0,0.0,0.0,-2.995732273553991,0.0,0.0,0.0
680,320,2026-01-05,Mirage,1,1,57.0,-0.15862068965517243,-53.5,-33,4,-1.6842105263157894,0.0,-0.14583333333333331,0.24791666666666667,0.7884573603642704,-96.0,0.0,-3049.5
679,319,2026-01-05,Train,1,1,47.0,0.6789473684210526,-40.6,-49,4,0.36033755274261603,1.6923076923076923,0.11527777777777776,-0.08715277777777775,1.4271163556401456,16.935864978902952,1.1489878542510121,-1908.2
678,319,2026-01-05,Inferno,1,1,47.0,0.6789473684210526,-40.6,-49,4,1.172222222222222,0.0,0.0959429824561403,-0.18640350877192974,1.3862943611198906,55.094444444444434,0.0,-1908.2
677,319,2026-01-05,Overpass,1,-1,47.0,0.6789473684210526,-40.6,-49,4,-0.8115942028985507,0.0,-0.07407407407407407,0.05555555555555558,0.9162907318741553,-38.14492753623188,0.0,-1908.2
676,319,2026-01-05,Dust2,1,1,47.0,0.6789473684210526,-40.6,-49,4,0.7457912457912459,0.0,0.11904761904761907,-0.08333333333333331,1.5040773967762742,35.052188552188554,0.0,-1908.2
675,318,2026-01-05,Ancient,1,-1,191.0,0.0,0.0,-999,6,0.0,0.0,0.0,0.0,3.044522437723423,0.0,0.0,0.0
674,318,2026-01-05,Train,1,-1,191.0,0.0,0.0,-999,6,0.0,0.0,0.0,0.0,2.3978952727983707,0.0,0.0,0.0
673,317,2026-01-05,Mirage,1,-1,191.0,-0.5151515151515151,-182.27272727272728,-29,6,0.0,0.0,0.0,0.0,3.1780538303479458,0.0,0.0,-34814.09090909091
672,317,2026-01-05,Ancient,1,1,191.0,-0.5151515151515151,-182.27272727272728,-29,6,-1.0326797385620914,-1.2043010752688172,-0.08541666666666664,-0.054166666666666696,2.3513752571634776,-197.24183006535947,0.6203975236233301,-34814.09090909091
671,317,2026-01-05,Dust2,1,-1,191.0,-0.5151515151515151,-182.27272727272728,-29,6,-1.4505494505494505,-0.8888888888888888,-0.12202380952380948,0.244047619047619,2.0149030205422647,-277.05494505494505,0.4579124579124579,-34814.09090909091
681,320,2026-01-05,Inferno,1,1,57.0,-0.15862068965517243,-53.5,-33,4,0.9512195121951219,1.0526315789473684,0.17192982456140354,-0.08771929824561397,1.203972804325936,54.21951219512195,-0.16696914700544466,-3049.5
668,316,2026-01-10,Nuke,1,-1,47.0,0.0,0.0,-999,6,0.0,0.0,0.0,0.0,2.8903717578961645,0.0,0.0,0.0
667,315,2026-01-10,Dust2,1,1,47.0,0.9333333333333333,-35.6,-6,5,1.393939393939394,1.368421052631579,0.17592592592592587,-0.14467592592592587,2.917770732084279,65.51515151515152,1.2771929824561403,-1673.2
670,316,2026-01-10,Train,1,1,47.0,0.0,0.0,-999,6,0.0,0.0,0.0,0.0,3.258096538021482,0.0,0.0,0.0
666,315,2026-01-10,Mirage,1,1,47.0,0.9333333333333333,-35.6,-6,5,-0.6779661016949152,-0.8235294117647058,-0.050925925925925875,0.030864197530864168,2.6390573296152584,-31.864406779661017,-0.7686274509803921,-1673.2
669,316,2026-01-10,Inferno,1,1,47.0,0.0,0.0,-999,6,0.0,0.0,0.0,0.0,3.044522437723423,0.0,0.0,0.0
663,314,2026-01-11,Inferno,1,-1,47.0,1.189041095890411,-46.66986301369863,-7,6,0.49973418394471014,-0.41121495327102797,0.11706349206349204,-0.16071428571428575,1.7047480922384255,23.48750664540138,-0.48895147868390726,-2193.483561643836
665,314,2026-01-11,Overpass,1,1,47.0,1.189041095890411,-46.66986301369863,-7,6,0.0,0.0,0.0,0.0,2.3978952727983707,0.0,0.0,-2193.483561643836
664,314,2026-01-11,Mirage,1,1,47.0,1.189041095890411,-46.66986301369863,-7,6,1.3548387096774193,1.2553191489361701,-0.29910714285714285,-0.519345238095238,2.6741486494265287,63.677419354838705,1.4926260565432818,-2193.483561643836
662,313,2026-01-12,Dust2,1,1,-47.0,-0.49090909090909096,88.36363636363636,6,-7,-0.6166666666666667,-0.08974358974358976,-0.14446589446589442,0.06821106821106826,-1.55814461804655,28.983333333333334,0.04405594405594407,-4153.090909090909
661,313,2026-01-12,Mirage,1,1,-47.0,-0.49090909090909096,88.36363636363636,6,-7,-0.0011655011655010705,-0.06289308176100628,0.005459770114942475,-0.07471264367816088,-1.6094379124341005,0.054778554778550315,0.03087478559176672,-4153.090909090909
2828,1466,2026-01-13,Mirage,0,-1,-144.0,-1.0705882352941176,136.27058823529413,9,0,-0.9850187265917604,-1.75,-0.10606060606060602,0.10179924242424243,-0.9382696385929301,141.8426966292135,1.8735294117647059,-19622.964705882354
2827,1466,2026-01-13,Ancient,0,-1,-144.0,-1.0705882352941176,136.27058823529413,9,0,0.5166666666666665,0.0,-0.04166666666666663,-0.16666666666666669,-0.9808292530117262,-74.39999999999998,0.0,-19622.964705882354
2820,1463,2026-01-13,Overpass,0,-1,-322.0,0.6000000000000001,-138.9,-34,5,-0.024413145539906096,-0.8,-0.013020833333333315,0.046875,0.6359887667199966,7.861032863849763,-0.4800000000000001,44725.8
2821,1464,2026-01-13,Mirage,0,1,-191.0,-0.20000000000000004,53.6,30,-7,-0.15476190476190477,-0.7619047619047619,0.03333333333333338,0.09826388888888887,-0.8209805520698299,29.55952380952381,0.1523809523809524,-10237.6
2822,1464,2026-01-13,Overpass,0,-1,-191.0,-0.20000000000000004,53.6,30,-7,-0.0480769230769231,-2.0,0.02976190476190471,-0.012896825396825351,-0.13353139262452252,9.182692307692312,0.4000000000000001,-10237.6
2823,1464,2026-01-13,Ancient,0,-1,-191.0,-0.20000000000000004,53.6,30,-7,0.0599445599445599,-0.6799999999999999,-0.019841269841269882,0.02380952380952378,-1.1451323043030028,-11.44941094941094,0.136,-10237.6
2824,1465,2026-01-13,Ancient,0,-1,-190.0,-0.16296296296296295,-459.6233115468409,15,0,-1.4285714285714288,0.0,-0.07916666666666672,0.13611111111111113,-1.6739764335716714,271.4285714285715,0.0,87328.42919389978
2825,1465,2026-01-13,Mirage,0,1,-190.0,-0.16296296296296295,-459.6233115468409,15,0,-0.7167832167832169,-0.8571428571428572,-0.11984126984126992,-0.004761904761904745,-1.299282984130261,136.1888111888112,0.13968253968253969,87328.42919389978
2818,1463,2026-01-13,Mirage,0,-1,-322.0,0.6000000000000001,-138.9,-34,5,0.7999999999999997,1.3333333333333333,0.05401234567901231,-0.15683885640025996,-0.33647223662121295,-257.5999999999999,0.8,44725.8
2826,1465,2026-01-13,Inferno,0,1,-190.0,-0.16296296296296295,-459.6233115468409,15,0,0.9333333333333333,0.0,0.2003968253968254,0.12500000000000006,-2.3978952727983707,-177.33333333333334,0.0,87328.42919389978
2819,1463,2026-01-13,Nuke,0,1,-322.0,0.6000000000000001,-138.9,-34,5,0.09014925373134329,0.5714285714285714,0.015213815789473673,0.000822368421052655,-0.1625189294977747,-29.028059701492538,0.3428571428571429,44725.8
2814,1461,2026-01-14,Mirage,0,-1,-73.0,-1.2,-136.6,-42,1,0.0,0.0,0.0,0.0,-2.995732273553991,0.0,0.0,9971.8
2815,1462,2026-01-14,Dust2,0,1,-23.0,-0.4,98.1,29,-5,0.1827801827801828,0.25925925925925924,-0.03404471544715448,-0.0099932249322493,1.1727202608218317,-4.2039442039442045,-0.1037037037037037,-2256.2999999999997
2808,1459,2026-01-14,Overpass,0,-1,-1000.0,-0.4,176.7,30,0,0.12170385395537528,0.16666666666666669,0.016369047619047616,0.058779761904761973,0.11778303565638382,-121.70385395537528,-0.06666666666666668,-176700.0
2809,1459,2026-01-14,Dust2,0,-1,-1000.0,-0.4,176.7,30,0,-1.0838709677419356,-1.5,-0.07725694444444442,0.16579861111111105,-0.2682639865946794,1083.8709677419356,0.6000000000000001,-176700.0
2810,1460,2026-01-14,Nuke,0,-1,-416.0,0.19999999999999996,-273.2,13,0,0.40202668604533803,0.41666666666666663,0.0891547049441786,-0.004505582137161124,1.0296194171811588,-167.24310139486062,0.0833333333333333,113651.2
2811,1460,2026-01-14,Mirage,0,1,-416.0,0.19999999999999996,-273.2,13,0,-0.6798415676464457,-1.2,-0.021349329205366363,0.06817595459236336,0.7731898882334818,282.8140921409214,-0.23999999999999994,113651.2
2812,1460,2026-01-14,Dust2,0,1,-416.0,0.19999999999999996,-273.2,13,0,-0.14121510673234808,0.0,-0.0057539682539682335,-0.021825396825396803,1.6376087894007967,58.7454844006568,0.0,113651.2
2817,1462,2026-01-14,Inferno,0,-1,-23.0,-0.4,98.1,29,-5,-0.23511223795683628,0.06410256410256404,0.024387254901960698,0.011519607843137214,-0.1541506798272585,5.407581473007235,-0.02564102564102562,-2256.2999999999997
2816,1462,2026-01-14,Mirage,0,-1,-23.0,-0.4,98.1,29,-5,0.24491228070175447,-1.3333333333333333,0.06924242424242422,-0.059318181818181825,1.4469189829363254,-5.632982456140353,0.5333333333333333,-2256.2999999999997
2813,1461,2026-01-14,Nuke,0,-1,-73.0,-1.2,-136.6,-42,1,-0.9345794392523364,-0.8,-0.015625,0.059895833333333315,-2.1400661634962708,68.22429906542057,0.96,9971.8
659,312,2026-01-15,Nuke,1,1,89.0,0.8,208.5333333333333,24,0,1.178082191780822,1.3333333333333333,0.14930555555555547,-0.14236111111111105,1.83258146374831,104.84931506849315,1.0666666666666667,18559.466666666664
660,312,2026-01-15,Dust2,1,1,89.0,0.8,208.5333333333333,24,0,0.9685534591194969,0.75,0.17833333333333334,-0.11166666666666664,1.4663370687934272,86.20125786163523,0.6000000000000001,18559.466666666664
2804,1457,2026-01-15,Nuke,0,-1,-81.0,-0.43529411764705883,-98.59411764705882,-1,0,0.2808641975308642,0.0,0.039583333333333304,-0.09250000000000003,-1.6486586255873819,-22.750000000000004,0.0,7986.123529411765
2807,1458,2026-01-15,Inferno,0,-1,-45.0,-0.3508771929824562,71.28070175438596,-22,2,-1.2916666666666667,-1.2592592592592593,-0.15214646464646464,0.14393939393939392,-0.5389965007326871,58.125,0.44184535412605597,-3207.6315789473683
2798,1455,2026-01-15,Inferno,0,-1,-410.0,-0.6683544303797467,41.64683544303796,2,0,-0.20375985445724687,0.0,0.08333333333333337,-0.024999999999999967,-1.3862943611198906,83.54154032747121,0.0,-17075.202531645562
2799,1455,2026-01-15,Mirage,0,-1,-410.0,-0.6683544303797467,41.64683544303796,2,0,-0.7710196779964221,-1.6,-0.05769230769230771,0.01762820512820512,-1.5404450409471486,316.1180679785331,1.0693670886075948,-17075.202531645562
2800,1456,2026-01-15,Nuke,0,-1,-21.0,0.8305084745762712,-68.93559322033897,-16,0,0.4582995951417004,0.4444444444444445,0.05934065934065935,-0.09478021978021978,0.9444616088408515,-9.624291497975708,0.3691148775894539,1447.6474576271185
2801,1456,2026-01-15,Mirage,0,1,-21.0,0.8305084745762712,-68.93559322033897,-16,0,-0.4588050314465409,0.6666666666666667,-0.2,0.00833333333333336,-1.252762968495368,9.634905660377358,0.5536723163841809,1447.6474576271185
2802,1456,2026-01-15,Ancient,0,-1,-21.0,0.8305084745762712,-68.93559322033897,-16,0,-0.3611564121571534,-0.24242424242424246,-0.02705627705627711,0.05303030303030304,0.4274440148269396,7.5842846553002214,-0.20133538777606577,1447.6474576271185
2803,1457,2026-01-15,Ancient,0,1,-81.0,-0.43529411764705883,-98.59411764705882,-1,0,-0.08734344100197775,-0.8571428571428572,0.020238095238095277,0.059523809523809534,-1.299282984130261,7.074818721160197,0.373109243697479,7986.123529411765
2805,1457,2026-01-15,Dust2,0,1,-81.0,-0.43529411764705883,-98.59411764705882,-1,0,-0.5481481481481482,-0.2857142857142857,-0.25231481481481477,0.0,-2.251291798606495,44.4,0.12436974789915967,7986.123529411765
2806,1458,2026-01-15,Mirage,0,-1,-45.0,-0.3508771929824562,71.28070175438596,-22,2,1.183139534883721,1.033492822966507,0.14722222222222225,-0.14027777777777772,-0.45198512374305744,-53.241279069767444,-0.3626290606900025,-3207.6315789473683
2796,1454,2026-01-16,Overpass,0,-1,-381.0,-0.39999999999999997,-70.19999999999999,13,0,0.42553191489361697,0.0,-0.03333333333333344,-0.225,-1.0986122886681096,-162.12765957446805,0.0,26746.199999999997
2794,1453,2026-01-16,Mirage,0,-1,-266.0,-0.4740740740740741,-455.7,-21,2,-0.2086956521739131,-0.23076923076923078,-0.10225418196654429,-0.011780905752753923,0.7884573603642702,55.51304347826088,0.10940170940170942,121216.2
658,311,2026-01-16,Inferno,1,-1,-89.0,-0.6963249516441007,-98.52417794970985,30,-1,-1.0484225972120322,-1.25,-0.11822916666666666,0.18203124999999998,-1.7047480922384253,93.30961115187087,0.8704061895551258,8768.651837524178
657,311,2026-01-16,Mirage,1,-1,-89.0,-0.6963249516441007,-98.52417794970985,30,-1,-0.8665620094191524,-0.6666666666666667,-0.10325091575091572,0.11973443223443214,-1.2163953243244934,77.12401883830456,0.46421663442940053,8768.651837524178
2790,1451,2026-01-16,Anubis,0,-1,-482.0,-0.9125000000000001,-35.79999999999998,-24,1,-0.875,0.0,0.0390625,0.10416666666666663,-2.1400661634962708,421.75,0.0,17255.59999999999
2791,1451,2026-01-16,Inferno,0,-1,-482.0,-0.9125000000000001,-35.79999999999998,-24,1,-1.0459801762114538,-1.6,-0.05648148148148152,0.14236111111111105,-1.8191584434161694,504.1624449339207,1.4600000000000002,17255.59999999999
2792,1452,2026-01-16,Mirage,0,-1,-28.0,0.6631578947368422,-170.21578947368423,-29,4,-0.10138248847926268,-0.5833333333333334,-0.018356643356643332,-0.042249417249417276,1.203972804325936,2.838709677419355,-0.38684210526315793,4766.042105263158
2793,1452,2026-01-16,Nuke,0,-1,-28.0,0.6631578947368422,-170.21578947368423,-29,4,0.1020117862223125,-0.14285714285714285,0.017147435897435948,-0.017574786324786373,0.6443570163905132,-2.85633001422475,-0.09473684210526316,4766.042105263158
2797,1454,2026-01-16,Anubis,0,-1,-381.0,-0.39999999999999997,-70.19999999999999,13,0,0.7727272727272727,0.0,0.1609848484848485,0.11742424242424249,-0.8754687373539001,-294.4090909090909,0.0,26746.199999999997
2795,1453,2026-01-16,Nuke,0,-1,-266.0,-0.4740740740740741,-455.7,-21,2,0.14124227027452835,1.0,-0.010030864197530853,-0.03117283950617289,1.23474446299269,-37.57044389302454,-0.4740740740740741,121216.2
656,310,2026-01-17,Mirage,1,1,-89.0,-0.3333333333333333,-11.6388888888889,12,-1,0.0,0.0,0.0,0.0,-3.332204510175204,0.0,0.0,1035.861111111112
655,310,2026-01-17,Inferno,1,-1,-89.0,-0.3333333333333333,-11.6388888888889,12,-1,-0.34477611940298514,-0.29411764705882354,-0.028198653198653167,0.04840067340067339,-1.2237754316221157,30.685074626865678,0.09803921568627451,1035.861111111112
654,310,2026-01-17,Nuke,1,1,-89.0,-0.3333333333333333,-11.6388888888889,12,-1,-0.5249178923318578,-1.4666666666666668,-0.06880952380952376,0.01761904761904759,-1.1786549963416464,46.717692417535346,0.48888888888888893,1035.861111111112
2782,1448,2026-01-17,Inferno,0,1,-300.0,0.33973710819009106,-100.30839231547017,-1,5,0.07589397349337335,0.8602150537634408,0.0004960317460317443,0.01748511904761907,0.2578291093020999,-22.768192048012004,0.2922469747871751,30092.51769464105
2781,1447,2026-01-17,Mirage,0,-1,-362.0,0.11857707509881427,72.49407114624506,1,0,-0.47380738073807377,-0.6153846153846154,0.005876068376068355,0.052579365079365115,0.9808292530117262,171.5182718271827,-0.07297050775311648,-26242.853754940712
2789,1450,2026-01-17,Mirage,0,-1,-8.0,-0.5454545454545454,83.36363636363637,-2,0,0.10655270655270654,0.6153846153846154,-0.03750000000000003,0.001388888888888884,-0.4795730802618863,-0.8524216524216524,-0.3356643356643357,-666.909090909091
2788,1450,2026-01-17,Nuke,0,-1,-8.0,-0.5454545454545454,83.36363636363637,-2,0,0.21821001329198048,0.2171945701357466,0.026027077497665696,-0.031746031746031744,0.20067069546215155,-1.7456801063358438,-0.11846976552858905,-666.909090909091
2787,1449,2026-01-17,Nuke,0,-1,-24.0,0.5694249649368865,-107.23141654978961,0,0,0.6942977109576054,0.4444444444444444,0.05654761904761907,-0.1160714285714286,-0.40546510810816416,-16.66314506298253,0.2530777621941718,2573.5539971949506
2786,1449,2026-01-17,Mirage,0,-1,-24.0,0.5694249649368865,-107.23141654978961,0,0,-0.6140889951064072,-0.22760290556900725,-0.14123376623376627,0.020202020202020166,-0.6061358035703157,14.738135882553774,-0.12960277652316546,2573.5539971949506
2785,1449,2026-01-17,Inferno,0,1,-24.0,0.5694249649368865,-107.23141654978961,0,0,0.35708435708435715,0.22028985507246374,0.030701754385964897,-0.07035818713450293,-0.4307829160924541,-8.570024570024572,0.1254385430005895,2573.5539971949506
2784,1448,2026-01-17,Mirage,0,1,-300.0,0.33973710819009106,-100.30839231547017,-1,5,0.23872396987151084,1.1764705882352942,-0.029265873015873023,-0.0034722222222222654,-0.8023464725249374,-71.61719096145325,0.3996907155177542,30092.51769464105
2780,1447,2026-01-17,Nuke,0,-1,-362.0,0.11857707509881427,72.49407114624506,1,0,-0.19659090909090915,-0.3684210526315789,-0.046130952380952384,0.0014880952380951773,1.3350010667323402,71.16590909090911,-0.04368629082587894,-26242.853754940712
2783,1448,2026-01-17,Dust2,0,-1,-300.0,0.33973710819009106,-100.30839231547017,-1,5,-0.17520661157024794,-1.0202898550724637,0.005163817663817738,-0.018696581196581186,-0.30538164955118186,52.561983471074385,-0.34663032487800594,30092.51769464105
651,309,2026-01-18,Ancient,1,-1,89.0,1.0774410774410774,-0.06060606060606233,-1,2,1.0740740740740742,1.0,0.21875,-0.175,1.0986122886681098,95.5925925925926,1.0774410774410774,-5.393939393939547
652,309,2026-01-18,Inferno,1,1,89.0,1.0774410774410774,-0.06060606060606233,-1,2,1.2315608919382504,1.5555555555555556,0.10988562091503268,-0.1785130718954248,1.6094379124341003,109.60891938250428,1.6760194537972315,-5.393939393939547
653,309,2026-01-18,Nuke,1,-1,89.0,1.0774410774410774,-0.06060606060606233,-1,2,0.4513457556935818,0.125,0.060668498168498175,-0.10760073260073261,1.2163953243244934,40.169772256728784,0.13468013468013468,-5.393939393939547
2773,1443,2026-01-18,Ancient,0,-1,-307.0,-0.46371976647206004,-302.97581317764804,1,0,-0.5869272237196766,-0.47619047619047616,-0.06944444444444453,0.07361111111111118,-0.8266785731844679,180.18665768194074,0.22081893641526668,93013.57464553794
2779,1446,2026-01-18,Dust2,0,1,69.0,0.0,0.0,-999,1,0.0,0.0,0.0,0.0,3.4011973816621555,0.0,0.0,0.0
2778,1445,2026-01-18,Dust2,0,1,69.0,1.0,-285.49999999999994,-127,1,-0.4731182795698923,0.0,-0.048850574712643646,0.31178160919540227,2.70805020110221,-32.64516129032257,0.0,-19699.499999999996
2777,1445,2026-01-18,Ancient,0,1,69.0,1.0,-285.49999999999994,-127,1,0.0,0.0,0.0,0.0,3.258096538021482,0.0,0.0,-19699.499999999996
2776,1444,2026-01-18,Ancient,0,1,190.0,0.24947145877378432,139.1818181818182,-3,-7,0.3266657155086317,0.34782608695652173,0.014204545454545525,0.016098484848484862,0.67116827384117,62.06648594664003,0.08677268131262063,26444.545454545456
2775,1444,2026-01-18,Dust2,0,1,190.0,0.24947145877378432,139.1818181818182,-3,-7,1.2298801973220579,1.2941176470588236,0.10793650793650794,-0.13492063492063494,0.8109302162163288,233.677237491191,0.3228454172366621,26444.545454545456
2774,1443,2026-01-18,Dust2,0,-1,-307.0,-0.46371976647206004,-302.97581317764804,1,0,-0.16842105263157892,-0.3,-0.1299019607843137,0.03308823529411764,-1.7917594692280547,51.70526315789473,0.139115929941618,93013.57464553794
2768,1441,2026-01-18,Anubis,0,-1,-338.0,0.36363636363636365,-74.0,3,0,0.0,0.0,0.0,0.0,-2.8903717578961645,0.0,0.0,25012.0
2769,1441,2026-01-18,Overpass,0,1,-338.0,0.36363636363636365,-74.0,3,0,-0.3498432601880881,0.33333333333333337,-0.1279761904761904,-0.03273809523809523,-0.6286086594223743,118.24702194357377,0.12121212121212123,25012.0
2770,1441,2026-01-18,Dust2,0,-1,-338.0,0.36363636363636365,-74.0,3,0,-0.3395715460128633,-0.6666666666666667,-0.026909722222222265,0.05625000000000002,-0.6007738604289301,114.7751825523478,-0.24242424242424246,25012.0
2772,1442,2026-01-18,Overpass,0,-1,-1000.0,-0.718932443703086,-56.67806505421184,1,0,-0.3424657534246575,-0.5555555555555556,-0.00520833333333337,0.041666666666666685,-0.5877866649021193,342.4657534246575,0.3994069131683811,56678.065054211846
2771,1442,2026-01-18,Anubis,0,-1,-1000.0,-0.718932443703086,-56.67806505421184,1,0,-1.0,0.0,-0.10416666666666663,0.375,0.4054651081081645,1000.0,0.0,56678.065054211846
2748,1433,2026-01-21,Nuke,0,1,-37.0,0.0,0.0,30,-2,0.0,0.0,0.0,0.0,-3.7376696182833684,0.0,0.0,0.0
2757,1437,2026-01-21,Nuke,0,-1,-144.0,0.0,0.0,30,-3,0.0,0.0,0.0,0.0,-2.5649493574615367,0.0,0.0,0.0
2749,1433,2026-01-21,Mirage,0,-1,-37.0,0.0,0.0,30,-2,0.0,0.0,0.0,0.0,-3.713572066704308,0.0,0.0,0.0
2753,1435,2026-01-21,Ancient,0,-1,37.0,1.1555555555555554,-24.222222222222218,-53,2,0.0,0.0,0.0,0.0,3.4339872044851463,0.0,0.0,-896.2222222222221
2752,1434,2026-01-21,Ancient,0,-1,10.0,-0.13787375415282396,-77.47591362126246,0,1,-0.36514872334824944,-0.42269503546099285,-0.0642156862745098,0.01470588235294118,-0.1541506798272585,-3.651487233482494,0.05827855140076814,-774.7591362126246
2751,1434,2026-01-21,Anubis,0,-1,10.0,-0.13787375415282396,-77.47591362126246,0,1,0.0,0.0,0.0,0.0,-1.0986122886681098,0.0,0.0,-774.7591362126246
2750,1433,2026-01-21,Anubis,0,-1,-37.0,0.0,0.0,30,-2,0.0,0.0,0.0,0.0,-2.70805020110221,0.0,0.0,0.0
2758,1437,2026-01-21,Mirage,0,-1,-144.0,0.0,0.0,30,-3,0.0,0.0,0.0,0.0,-3.2188758248682006,0.0,0.0,0.0
2756,1436,2026-01-21,Default,0,1,-69.0,-1.2127659574468086,263.57446808510645,30,-2,0.0,0.0,0.0,0.0,-1.791759469228055,0.0,0.0,-18186.638297872345
2754,1435,2026-01-21,Nuke,0,1,37.0,1.1555555555555554,-24.222222222222218,-53,2,0.0,0.0,0.0,0.0,3.7376696182833684,0.0,0.0,-896.2222222222221
2767,1440,2026-01-21,Inferno,0,-1,-45.0,0.26190476190476186,27.29761904761905,30,-3,0.5573770491803278,0.5,0.07692307692307693,-0.0929487179487179,-1.945910149055313,-25.08196721311475,0.13095238095238093,-1228.3928571428573
2765,1440,2026-01-21,Ancient,0,1,-45.0,0.26190476190476186,27.29761904761905,30,-3,-0.1310344827586207,-0.06666666666666667,-0.14828431372549017,0.06862745098039214,-1.7917594692280547,5.8965517241379315,-0.017460317460317457,-1228.3928571428573
2764,1439,2026-01-21,Ancient,0,1,35.0,0.2093023255813954,65.81162790697675,-103,2,0.4961832061068701,0.0,0.16041666666666665,-0.0625,1.4350845252893227,17.366412213740453,0.0,2303.4069767441865
2763,1439,2026-01-21,Overpass,0,1,35.0,0.2093023255813954,65.81162790697675,-103,2,-0.3515151515151515,0.0,-0.038235294117647034,0.07500000000000001,1.0986122886681096,-12.303030303030303,0.0,2303.4069767441865
2762,1439,2026-01-21,Mirage,0,-1,35.0,0.2093023255813954,65.81162790697675,-103,2,0.4160879629629628,0.0,0.1645833333333333,-0.12291666666666667,1.252762968495368,14.563078703703699,0.0,2303.4069767441865
2761,1438,2026-01-21,Overpass,0,-1,144.0,0.0,0.0,-999,3,0.0,0.0,0.0,0.0,2.1972245773362196,0.0,0.0,0.0
2760,1438,2026-01-21,Mirage,0,1,144.0,0.0,0.0,-999,3,0.0,0.0,0.0,0.0,3.2188758248682006,0.0,0.0,0.0
2759,1438,2026-01-21,Ancient,0,-1,144.0,0.0,0.0,-999,3,0.0,0.0,0.0,0.0,2.833213344056216,0.0,0.0,0.0
2766,1440,2026-01-21,Nuke,0,-1,-45.0,0.26190476190476186,27.29761904761905,30,-3,0.5238095238095237,0.8571428571428572,0.07916666666666666,-0.02083333333333337,-1.7047480922384253,-23.57142857142857,0.22448979591836732,-1228.3928571428573
2755,1435,2026-01-21,Dust2,0,1,37.0,1.1555555555555554,-24.222222222222218,-53,2,0.0,0.0,0.0,0.0,3.044522437723423,0.0,0.0,-896.2222222222221
649,308,2026-01-22,Mirage,1,-1,-69.0,-1.1724137931034484,69.0,30,-6,0.0,0.0,0.0,0.0,-1.9459101490553132,0.0,0.0,-4761.0
2732,1425,2026-01-22,Mirage,0,-1,-45.0,-1.4,23.1,0,-5,-0.5714285714285714,-0.7142857142857143,-0.21527777777777776,0.08333333333333331,-1.8718021769015913,25.71428571428571,1.0,-1039.5
2733,1425,2026-01-22,Nuke,0,-1,-45.0,-1.4,23.1,0,-5,0.0,0.0,0.0,0.0,-2.6390573296152584,0.0,0.0,-1039.5
2738,1428,2026-01-22,Dust2,0,1,37.0,1.0,-17.624999999999996,1,2,0.0,0.0,0.0,0.0,3.091042453358316,0.0,0.0,-652.1249999999999
2735,1426,2026-01-22,Nuke,0,-1,69.0,0.46355303360977734,-142.18987341772151,-31,6,0.9653392330383481,2.0,0.11683006535947715,-0.005718954248365993,2.169053700369523,66.60840707964601,0.9271060672195547,-9811.101265822785
2736,1427,2026-01-22,Ancient,0,1,45.0,0.0,0.0,-999,6,0.0,0.0,0.0,0.0,2.995732273553991,0.0,0.0,0.0
2737,1427,2026-01-22,Nuke,0,1,45.0,0.0,0.0,-999,6,0.0,0.0,0.0,0.0,2.6390573296152584,0.0,0.0,0.0
648,307,2026-01-22,Default,1,1,-69.0,-0.6924137931034483,97.72,4,-4,0.0,0.0,0.0,0.0,-1.9459101490553132,0.0,0.0,-6742.68
2739,1428,2026-01-22,Mirage,0,1,37.0,1.0,-17.624999999999996,1,2,1.1521035598705502,1.3448275862068966,0.29065040650406504,-0.11585365853658536,3.044522437723423,42.62783171521036,1.3448275862068966,-652.1249999999999
2740,1429,2026-01-22,Overpass,0,1,35.0,1.082936507936508,-60.710714285714275,-5,2,-1.034013605442177,-1.3877551020408163,-0.14699074074074076,0.06944444444444442,1.33500106673234,-36.19047619047619,-1.502850664075154,-2124.8749999999995
2741,1429,2026-01-22,Dust2,0,1,35.0,1.082936507936508,-60.710714285714275,-5,2,1.0042735042735043,1.5714285714285716,0.026289682539682557,-0.1376488095238096,0.8938178760220965,35.14957264957265,1.701757369614513,-2124.8749999999995
2742,1430,2026-01-22,Anubis,0,-1,144.0,0.4080459770114943,-201.35775862068957,-3,2,-0.2857142857142857,0.0,-0.09722222222222227,-0.02777777777777779,-0.6931471805599453,-41.14285714285714,0.0,-28995.517241379297
2743,1430,2026-01-22,Dust2,0,-1,144.0,0.4080459770114943,-201.35775862068957,-3,2,-1.09375,-1.1111111111111112,-0.13848039215686275,0.12009803921568629,1.7917594692280547,-157.5,-0.45338441890166037,-28995.517241379297
2744,1431,2026-01-22,Ancient,0,1,45.0,0.9384615384615385,-26.484615384615388,-1,5,-0.8914285714285715,-0.9523809523809523,-0.03947368421052633,-0.030701754385964897,2.3025850929940455,-40.114285714285714,-0.8937728937728937,-1191.8076923076924
2745,1431,2026-01-22,Nuke,0,1,45.0,0.9384615384615385,-26.484615384615388,-1,5,1.6589147286821706,1.625,-0.31089743589743585,-0.5641025641025641,1.945910149055313,74.65116279069768,1.525,-1191.8076923076924
2746,1432,2026-01-22,Overpass,0,1,69.0,0.16401043175891047,-94.6470588235294,-5,5,0.37830687830687826,0.14285714285714285,0.10185185185185192,-0.050925925925925986,0.9162907318741553,26.1031746031746,0.023430061679844353,-6530.647058823529
2734,1426,2026-01-22,Dust2,0,-1,69.0,0.46355303360977734,-142.18987341772151,-31,6,1.5849056603773586,0.0,0.041666666666666685,-0.2493279569892473,2.367123614131617,109.35849056603774,0.0,-9811.101265822785
647,306,2026-01-22,Dust2,1,-1,-341.0,-0.5769230769230769,-56.61538461538461,0,0,-0.3308834558272087,-2.0,-0.12121212121212116,0.03832442067736186,0.40546510810816416,112.83125843707816,1.1538461538461537,19305.846153846152
645,305,2026-01-22,Nuke,1,-1,-409.0,0.0491228070175439,-88.88350877192983,1,0,-0.31577199778638615,-0.7792207792207793,0.024814814814814734,0.028425925925925966,-0.3136575588550419,129.15074709463192,-0.03827751196172252,36353.3550877193
644,305,2026-01-22,Dust2,1,-1,-409.0,0.0491228070175439,-88.88350877192983,1,0,-0.2285714285714287,-0.5,-0.07795698924731181,0.008356708742403018,-0.2876820724517808,93.48571428571434,-0.02456140350877195,36353.3550877193
646,306,2026-01-22,Nuke,1,-1,-341.0,-0.5769230769230769,-56.61538461538461,0,0,-0.22456140350877193,0.23809523809523808,-0.09444444444444439,-0.005555555555555536,0.0,76.57543859649122,-0.13736263736263735,19305.846153846152
2747,1432,2026-01-22,Nuke,0,1,69.0,0.16401043175891047,-94.6470588235294,-5,5,0.5164145018555525,1.1428571428571428,0.030024509803921573,-0.009191176470588258,1.358123484153194,35.632600628033124,0.18744049343875482,-6530.647058823529
650,308,2026-01-22,Dust2,1,-1,-69.0,-1.1724137931034484,69.0,30,-6,0.0,0.0,0.0,0.0,-3.4657359027997265,0.0,0.0,-4761.0
643,305,2026-01-22,Mirage,1,1,-409.0,0.0491228070175439,-88.88350877192983,1,0,0.198589065255732,0.20149253731343286,0.073489010989011,0.015644078144078144,-0.20479441264601306,-81.22292768959439,0.009897879025923026,36353.3550877193
640,303,2026-01-23,Overpass,1,1,69.0,1.2,-69.0,0,6,1.2525252525252526,1.2941176470588236,0.2583333333333333,-0.10833333333333328,1.7047480922384253,86.42424242424244,1.5529411764705883,-4761.0
2731,1424,2026-01-23,Dust2,0,1,-2.0,0.046808510638297884,87.22340425531915,1,-1,0.12600684100187592,0.127088110055683,-0.01704545454545453,-0.03598484848484845,0.0,-0.25201368200375185,0.00594880515154261,-174.4468085106383
2730,1424,2026-01-23,Overpass,0,1,-2.0,0.046808510638297884,87.22340425531915,1,-1,0.29884179712358416,-0.15340909090909094,0.015350877192982448,-0.04984051036682613,0.5108256237659905,-0.5976835942471683,-0.007180851063829791,-174.4468085106383
2729,1423,2026-01-23,Ancient,0,1,45.0,1.6125,-134.72812499999998,-1,6,-0.16720647773279348,0.0,0.04062499999999997,-0.001041666666666663,0.8472978603872034,-7.524291497975707,0.0,-6062.765624999999
2728,1423,2026-01-23,Nuke,0,1,45.0,1.6125,-134.72812499999998,-1,6,0.9825296995108317,1.7272727272727273,-0.020370370370370317,-0.24814814814814817,0.47000362924573524,44.21383647798743,2.7852272727272727,-6062.765624999999
2726,1422,2026-01-23,Overpass,0,-1,-8.0,-0.4,2.4000000000000004,0,-3,0.12652296157450793,1.0909090909090908,-0.0625,0.04545454545454547,1.3862943611198906,-1.0121836925960634,-0.43636363636363634,-19.200000000000003
2727,1423,2026-01-23,Overpass,0,-1,45.0,1.6125,-134.72812499999998,-1,6,-0.7386363636363636,-0.8888888888888888,-0.02916666666666662,0.033333333333333326,-0.6931471805599452,-33.23863636363637,-1.4333333333333333,-6062.765624999999
2724,1422,2026-01-23,Nuke,0,-1,-8.0,-0.4,2.4000000000000004,0,-3,-0.5127441244620987,-0.8307210031347962,0.032936507936507986,0.10892857142857143,0.9886113934537812,4.10195299569679,0.3322884012539185,-19.200000000000003
636,302,2026-01-23,Overpass,1,-1,74.0,-0.3333333333333333,-66.33333333333331,0,0,-0.32258064516129026,-0.36363636363636365,0.02777777777777779,0.13194444444444448,0.5596157879354227,-23.87096774193548,0.12121212121212122,-4908.666666666665
637,302,2026-01-23,Mirage,1,1,74.0,-0.3333333333333333,-66.33333333333331,0,0,-0.09534541891229792,-0.09523809523809523,-0.051620370370370317,-0.03981481481481486,0.5663954749208013,-7.055560999510046,0.031746031746031744,-4908.666666666665
642,304,2026-01-23,Dust2,1,-1,-943.0,-0.2431660546715626,-14.04691962464301,1,0,-0.7953995157384989,-1.1215574548907883,-0.021708683473389334,0.09488795518207277,-0.18232155679395445,750.0617433414044,0.27272470139327204,13246.245206038358
638,302,2026-01-23,Ancient,1,1,74.0,-0.3333333333333333,-66.33333333333331,0,0,-0.3389867049946102,-0.17094017094017094,-0.01932870370370371,0.03506944444444443,0.9954280524328789,-25.085016169601154,0.05698005698005698,-4908.666666666665
639,303,2026-01-23,Ancient,1,1,69.0,1.2,-69.0,0,6,0.0,0.0,0.0,0.0,3.295836866004329,0.0,0.0,-4761.0
2725,1422,2026-01-23,Mirage,0,1,-8.0,-0.4,2.4000000000000004,0,-3,0.48168060533651935,0.494386372435153,0.06509462759462759,-0.038690476190476164,1.122142786078304,-3.853444842692155,-0.1977545489740612,-19.200000000000003
641,304,2026-01-23,Inferno,1,-1,-943.0,-0.2431660546715626,-14.04691962464301,1,0,-0.37063492063492054,0.15238095238095245,-0.058333333333333404,0.08310606060606063,-0.12260232209233246,349.5087301587301,-0.03705387499757146,13246.245206038358
627,298,2026-01-24,Dust2,1,-1,69.0,0.2,-69.0,-64,9,1.504201680672269,1.76,-0.04166666666666663,-0.3131313131313131,2.833213344056216,103.78991596638656,0.35200000000000004,-4761.0
628,298,2026-01-24,Overpass,1,-1,69.0,0.2,-69.0,-64,9,-0.5736434108527132,-0.5217391304347826,-0.02777777777777768,0.05902777777777779,1.8718021769015913,-39.58139534883721,-0.10434782608695653,-4761.0
629,299,2026-01-24,Mirage,1,1,-101.0,-0.09487446488487794,86.50555362721278,-1,0,0.2637629746419656,0.46464646464646464,0.05722389055722388,-0.04129129129129128,0.30538164955118186,-26.640060438838525,-0.04408308469398369,-8737.06091634849
630,299,2026-01-24,Inferno,1,1,-101.0,-0.09487446488487794,86.50555362721278,-1,0,-0.25,-1.5,-0.0015953453453452782,0.01280968468468463,-0.4187103348581851,25.25,0.1423116973273169,-8737.06091634849
633,300,2026-01-24,Mirage,1,-1,590.0,0.16129032258064513,-18.709677419354833,-1,0,-0.16066252587991714,0.2597402597402597,0.05370370370370375,0.04259259259259257,0.17185025692665912,-94.7908902691511,0.041893590280687044,-11038.70967741935
631,300,2026-01-24,Inferno,1,-1,590.0,0.16129032258064513,-18.709677419354833,-1,0,0.8709958484957203,0.6832579185520362,0.10616987179487186,-0.09795673076923078,0.46262352194811296,513.887550612475,0.11020289008903808,-11038.70967741935
632,300,2026-01-24,Anubis,1,1,590.0,0.16129032258064513,-18.709677419354833,-1,0,0.0,0.0,0.0,0.0,1.0986122886681098,0.0,0.0,-11038.70967741935
635,301,2026-01-24,Overpass,1,-1,-69.0,0.0,0.0,30,-9,0.0,0.0,0.0,0.0,-2.5649493574615367,0.0,0.0,0.0
634,301,2026-01-24,Dust2,1,-1,-69.0,0.0,0.0,30,-9,0.0,0.0,0.0,0.0,-3.5263605246161616,0.0,0.0,0.0
626,297,2026-01-25,Dust2,1,1,-41.0,0.0,0.0,30,-1,0.0,0.0,0.0,0.0,-3.4657359027997265,0.0,0.0,0.0
619,295,2026-01-25,Mirage,1,-1,29.0,0.13414832044139124,95.60247741656298,0,0,0.16714779234300303,0.10861423220973787,-0.00973135964912275,-0.00027412280701755165,-0.8303483020734301,4.847285977947088,0.014570416826967594,2772.471845080326
621,295,2026-01-25,Inferno,1,-1,29.0,0.13414832044139124,95.60247741656298,0,0,-0.2786385572771145,0.19538670284938942,-0.025882352941176467,0.0548039215686274,-0.3677247801253176,-8.08051816103632,0.026210798023826785,2772.471845080326
620,295,2026-01-25,Dust2,1,-1,29.0,0.13414832044139124,95.60247741656298,0,0,-0.04141414141414168,0.0,-0.02777777777777779,0.00810185185185186,-1.0459685551826876,-1.2010101010101089,0.0,2772.471845080326
623,296,2026-01-25,Overpass,1,1,69.0,0.8060606060606061,-125.75757575757576,-59,10,0.0,0.0,0.0,0.0,2.6390573296152584,0.0,0.0,-8677.272727272728
624,296,2026-01-25,Inferno,1,1,69.0,0.8060606060606061,-125.75757575757576,-59,10,1.2638888888888888,1.1428571428571428,0.22817460317460317,-0.16666666666666663,2.3978952727983707,87.20833333333333,0.9212121212121213,-8677.272727272728
625,297,2026-01-25,Nuke,1,1,-41.0,0.0,0.0,30,-1,0.0,0.0,0.0,0.0,-4.02535169073515,0.0,0.0,0.0
622,296,2026-01-25,Nuke,1,-1,69.0,0.8060606060606061,-125.75757575757576,-59,10,1.2522821576763488,1.7272727272727273,0.049107142857142905,-0.13005952380952385,1.9740810260220096,86.40746887966806,1.3922865013774106,-8677.272727272728
616,293,2026-01-27,Nuke,1,1,35.0,1.8,-23.1,-24,6,1.2142857142857142,2.0,0.19117647058823528,-0.11274509803921562,2.197224577336219,42.5,3.6,-808.5
615,293,2026-01-27,Dust2,1,1,35.0,1.8,-23.1,-24,6,1.572139303482587,1.7623762376237624,0.1076388888888889,-0.1597222222222222,2.525728644308255,55.024875621890544,3.1722772277227724,-808.5
614,292,2026-01-27,Overpass,1,-1,-35.0,0.0,0.0,30,-6,0.0,0.0,0.0,0.0,-3.044522437723423,0.0,0.0,0.0
613,292,2026-01-27,Dust2,1,-1,-35.0,0.0,0.0,30,-6,0.0,0.0,0.0,0.0,-3.2188758248682006,0.0,0.0,0.0
612,291,2026-01-27,Ancient,1,1,37.0,1.2,-16.5,-23,7,1.2252252252252251,1.2134831460674158,0.030913978494623684,-0.09005376344086019,2.772588722239781,45.33333333333333,1.456179775280899,-610.5
611,291,2026-01-27,Dust2,1,1,37.0,1.2,-16.5,-23,7,1.312169312169312,1.396551724137931,0.16319444444444442,-0.11458333333333331,2.525728644308255,48.55026455026455,1.6758620689655173,-610.5
617,294,2026-01-27,Mirage,1,1,37.0,0.0,0.0,-999,7,0.0,0.0,0.0,0.0,3.784189633918261,0.0,0.0,0.0
618,294,2026-01-27,Dust2,1,1,37.0,0.0,0.0,-999,7,0.0,0.0,0.0,0.0,3.2188758248682006,0.0,0.0,0.0
2722,1421,2026-01-27,Nuke,0,-1,57.0,0.0,0.0,-995,3,0.0,0.0,0.0,0.0,3.091042453358316,0.0,0.0,0.0
2723,1421,2026-01-27,Mirage,0,-1,57.0,0.0,0.0,-995,3,0.0,0.0,0.0,0.0,2.6390573296152584,0.0,0.0,0.0
592,283,2026-01-28,Dust2,1,1,2.0,-0.19999999999999996,8.2,0,1,-0.23910675381263619,-0.32745459331402976,0.00833333333333336,0.03333333333333338,0.0,-0.47821350762527237,0.06549091866280594,16.4
584,280,2026-01-28,Dust2,1,-1,-113.0,0.38113207547169814,-209.20566037735853,-38,1,0.014368441677189037,0.37499999999999994,-0.04563492063492064,-0.016865079365079305,0.6701576623352463,-1.623633909522361,0.1429245283018868,23640.239622641515
585,280,2026-01-28,Mirage,1,-1,-113.0,0.38113207547169814,-209.20566037735853,-38,1,0.060259344012204424,-1.4444444444444444,-0.016993464052287577,0.0019607843137254832,1.1786549963416464,-6.8093058733791,-0.5505241090146751,23640.239622641515
586,281,2026-01-28,Nuke,1,1,21.0,-0.7602845654191154,83.8926693473554,-7,2,-0.26726495726495725,0.09743252139565495,-0.034722222222222265,0.08043981481481477,-0.7777045685880082,-5.612564102564102,-0.07407644218698418,1761.7460562944632
587,281,2026-01-28,Mirage,1,1,21.0,-0.7602845654191154,83.8926693473554,-7,2,0.2058536585365854,-1.0,0.15656565656565657,0.011363636363636354,1.1895840668738364,4.322926829268294,0.7602845654191154,1761.7460562944632
588,282,2026-01-28,Ancient,1,1,63.0,0.20473705339221193,-121.08711360899237,-7,3,0.40303030303030285,0.3013503909026297,0.11619875222816406,0.04757130124777187,-0.24512245803298516,25.39090909090908,0.061697591071995635,-7628.488157366519
610,290,2026-01-28,Nuke,1,1,2.0,-0.19999999999999996,8.2,0,1,-0.11629714048901782,-1.0598290598290598,0.028423772609819153,0.020564168819982742,0.8397506547518208,-0.23259428097803564,0.21196581196581193,16.4
609,290,2026-01-28,Mirage,1,1,2.0,-0.19999999999999996,8.2,0,1,0.06797169734946018,0.5649173487401702,-0.020692431561996794,0.03156199677938809,0.6505875661411493,0.13594339469892036,-0.11298346974803401,16.4
608,290,2026-01-28,Anubis,1,-1,2.0,-0.19999999999999996,8.2,0,1,-0.8333333333333333,-1.0,-0.109375,0.07552083333333331,1.2237754316221159,-1.6666666666666665,0.19999999999999996,16.4
607,289,2026-01-28,Dust2,1,1,300.0,0.09415584415584419,-219.15909090909093,10,-3,0.47063492063492074,1.3414120126448894,0.005116959064327464,0.0023391812865496964,0.2231435513142097,141.19047619047623,0.1263017804113695,-65747.72727272728
606,289,2026-01-28,Nuke,1,1,300.0,0.09415584415584419,-219.15909090909093,10,-3,-0.3484320557491289,-0.4353741496598639,-0.01117424242424242,0.012878787878787878,-0.09097177820572666,-104.52961672473867,-0.04099302058485733,-65747.72727272728
605,288,2026-01-28,Ancient,1,-1,-308.0,-0.6046747967479675,-161.27184959349594,3,-2,-0.23863636363636365,0.019480519480519487,-0.03374094202898548,-0.0015851449275361973,-0.6312717768418579,73.5,-0.011779379157427943,49671.72967479675
604,288,2026-01-28,Dust2,1,1,-308.0,-0.6046747967479675,-161.27184959349594,3,-2,-0.6358477011494252,-1.1111111111111112,-0.1253753753753754,0.014968093093093104,-0.4187103348581851,195.84109195402297,0.6718608852755195,49671.72967479675
583,280,2026-01-28,Overpass,1,1,-113.0,0.38113207547169814,-209.20566037735853,-38,1,0.6313479623824452,1.0,-0.04761904761904767,-0.15476190476190477,0.0,-71.3423197492163,0.38113207547169814,23640.239622641515
602,287,2026-01-28,Overpass,1,-1,-35.0,-1.2,20.2,30,-8,0.7916666666666666,0.7234042553191489,0.09920634920634919,-0.02976190476190471,-2.3978952727983707,-27.708333333333332,-0.8680851063829786,-707.0
601,287,2026-01-28,Mirage,1,-1,-35.0,-1.2,20.2,30,-8,0.0,0.0,0.0,0.0,-3.1780538303479458,0.0,0.0,-707.0
600,286,2026-01-28,Overpass,1,1,126.0,-0.029629629629629672,-67.87407407407407,-1,-1,0.19999999999999998,1.0,-0.03645833333333337,0.00520833333333337,0.5877866649021193,25.2,-0.029629629629629672,-8552.133333333333
599,286,2026-01-28,Dust2,1,1,126.0,-0.029629629629629672,-67.87407407407407,-1,-1,-0.09056603773584915,0.5217391304347825,-0.027412280701754388,0.04961622807017546,-0.1625189294977747,-11.411320754716993,-0.015458937198067652,-8552.133333333333
598,285,2026-01-28,Inferno,1,1,-12.0,0.2,-308.2,-36,0,0.4410984192915657,0.3818181818181818,0.03952569169960474,-0.07485177865612647,-0.04255961441879608,-5.293181031498788,0.07636363636363636,3698.3999999999996
597,285,2026-01-28,Mirage,1,1,-12.0,0.2,-308.2,-36,0,-0.1313374125874125,-0.2857142857142857,0.015804597701149392,0.0030172413793103647,0.03278982282299081,1.57604895104895,-0.05714285714285714,3698.3999999999996
596,285,2026-01-28,Dust2,1,-1,-12.0,0.2,-308.2,-36,0,0.5185185185185185,-0.26363636363636367,0.07276315789473692,-0.07929824561403515,0.40546510810816416,-6.222222222222221,-0.052727272727272734,3698.3999999999996
595,284,2026-01-28,Inferno,1,-1,89.0,0.9812500000000002,-151.390625,-61,4,0.0,0.0,0.0,0.0,3.58351893845611,0.0,0.0,-13473.765625
594,284,2026-01-28,Overpass,1,-1,89.0,0.9812500000000002,-151.390625,-61,4,0.0,0.0,0.0,0.0,1.0986122886681098,0.0,0.0,-13473.765625
593,283,2026-01-28,Mirage,1,1,2.0,-0.19999999999999996,8.2,0,1,0.06797169734946018,0.5649173487401702,-0.020692431561996794,0.03156199677938809,0.6505875661411493,0.13594339469892036,-0.11298346974803401,16.4
591,283,2026-01-28,Anubis,1,-1,2.0,-0.19999999999999996,8.2,0,1,-0.8333333333333333,-1.0,-0.109375,0.07552083333333331,1.2237754316221159,-1.6666666666666665,0.19999999999999996,16.4
603,288,2026-01-28,Inferno,1,-1,-308.0,-0.6046747967479675,-161.27184959349594,3,-2,-0.06870491240123672,-0.14285714285714285,-0.007051282051282082,-0.015064102564102622,-1.5040773967762742,21.16111301958091,0.08638211382113821,49671.72967479675
589,282,2026-01-28,Anubis,1,-1,63.0,0.20473705339221193,-121.08711360899237,-7,3,-1.3333333333333335,0.0,0.05555555555555558,0.15277777777777773,-0.2876820724517808,-84.00000000000001,0.0,-7628.488157366519
2721,1420,2026-01-28,Dust2,0,1,41.0,-0.7197501951600311,16.195940671350506,-4,1,0.9732142857142857,0.6779661016949152,0.1640625,-0.13281249999999994,2.803360380906535,39.901785714285715,-0.4879662340068007,664.0335675253707
2720,1420,2026-01-28,Ancient,0,1,41.0,-0.7197501951600311,16.195940671350506,-4,1,-0.15115207373271894,0.5714285714285714,0.07500000000000001,-0.0319444444444445,2.0476928433652555,-6.197235023041476,-0.41128582580573203,664.0335675253707
590,282,2026-01-28,Dust2,1,-1,63.0,0.20473705339221193,-121.08711360899237,-7,3,0.36703296703296695,0.7017543859649122,0.001827485380117011,-0.08333333333333331,-0.05129329438755059,23.12307692307692,0.14367512518751713,-7628.488157366519
574,276,2026-01-29,Nuke,1,1,14.0,0.29210601310914786,-56.0158164719293,0,1,0.678922111480251,1.0389610389610389,0.04330466830466828,-0.1631859131859132,1.1526795099383853,9.504909560723513,0.3034867668666471,-784.2214306070102
568,274,2026-01-29,Mirage,1,-1,-78.0,0.48616600790513836,-128.54545454545456,0,3,0.3776769025367156,-0.810126582278481,0.030570652173913027,-0.010982789855072395,0.3448404862917296,-29.458798397863816,-0.39385600640416274,10026.545454545456
569,274,2026-01-29,Inferno,1,1,-78.0,0.48616600790513836,-128.54545454545456,0,3,-0.48270676691729303,-0.23076923076923075,-0.07291666666666663,0.07916666666666661,0.0,37.651127819548854,-0.11219215567041654,10026.545454545456
570,274,2026-01-29,Anubis,1,-1,-78.0,0.48616600790513836,-128.54545454545456,0,3,0.6666666666666666,0.0,0.06944444444444436,-0.16666666666666669,-0.6931471805599453,-52.0,0.0,10026.545454545456
571,275,2026-01-29,Dust2,1,-1,-55.0,0.006349206349206327,-27.000000000000004,0,0,0.2772539288668321,0.015873015873015928,0.002108636977057987,-0.046052631578947345,0.30010459245033827,-15.248966087675765,0.00010078105316200553,1485.0000000000002
572,275,2026-01-29,Ancient,1,-1,-55.0,0.006349206349206327,-27.000000000000004,0,0,-0.24561403508771923,-0.8180379746835443,-0.02182539682539686,-0.08267195767195767,0.1466034741918758,13.508771929824558,-0.005193891902752644,1485.0000000000002
573,276,2026-01-29,Overpass,1,-1,14.0,0.29210601310914786,-56.0158164719293,0,1,0.24935064935064927,0.5714285714285714,0.020833333333333315,0.02256944444444442,-0.25131442828090633,3.49090909090909,0.1669177217766559,-784.2214306070102
576,277,2026-01-29,Overpass,1,-1,-81.0,-0.1838842975206611,-15.127066115702462,0,-1,1.4166666666666667,0.0,0.24999999999999994,-0.01041666666666674,-0.916290731874155,-114.75,0.0,1225.2923553718995
575,276,2026-01-29,Anubis,1,1,14.0,0.29210601310914786,-56.0158164719293,0,1,-0.1333333333333334,0.0,-0.04120370370370369,-0.008333333333333304,-1.1526795099383853,-1.8666666666666674,0.0,-784.2214306070102
578,278,2026-01-29,Mirage,1,-1,-24.0,-0.35409836065573763,-230.2245901639344,0,-4,-0.6266548003114917,-0.9185185185185185,-0.05677129384025936,0.10079575596816986,-0.2876820724517808,15.039715207475801,0.3252459016393442,5525.390163934426
579,278,2026-01-29,Anubis,1,1,-24.0,-0.35409836065573763,-230.2245901639344,0,-4,0.2060606060606061,0.0,0.024621212121212155,-0.04955808080808077,-0.08004270767353638,-4.945454545454547,0.0,5525.390163934426
580,278,2026-01-29,Dust2,1,-1,-24.0,-0.35409836065573763,-230.2245901639344,0,-4,-0.24154589371980673,0.06734619585001811,-0.027083333333333404,0.04473684210526313,-0.6190392084062233,5.797101449275361,-0.023847177546891654,5525.390163934426
581,279,2026-01-29,Dust2,1,1,6.0,-0.37582903463522477,-132.54900515843772,0,2,-0.503581267217631,-1.6363636363636362,-0.009775641025641046,0.016826923076923017,-0.2513144282809061,-3.021487603305786,0.6149929657667313,-795.2940309506264
582,279,2026-01-29,Mirage,1,1,6.0,-0.37582903463522477,-132.54900515843772,0,2,-0.1426785435224252,-0.09090909090909091,0.016346153846153788,0.05405982905982898,-0.7949298748698879,-0.8560712611345512,0.034166275875929526,-795.2940309506264
2718,1419,2026-01-29,Mirage,0,-1,-41.0,-0.4545454545454545,-17.54545454545454,6,-2,0.0,0.0,0.0,0.0,-3.8066624897703196,0.0,0.0,719.3636363636361
2719,1419,2026-01-29,Ancient,0,-1,-41.0,-0.4545454545454545,-17.54545454545454,6,-2,-1.3411764705882352,-2.0,-0.20161290322580638,0.11155913978494619,-2.772588722239781,54.98823529411764,0.909090909090909,719.3636363636361
577,277,2026-01-29,Anubis,1,-1,-81.0,-0.1838842975206611,-15.127066115702462,0,-1,-1.75,0.0,-0.24305555555555555,0.11458333333333331,-0.2231435513142097,141.75,0.0,1225.2923553718995
563,272,2026-01-30,Mirage,1,-1,144.0,-0.16168327796234774,67.46622369878185,-2,2,-0.572043010752688,-0.5928008998875142,-0.06134408602150537,0.0464516129032258,-0.2076393647782444,-82.37419354838708,0.09584599267284283,9715.136212624586
567,273,2026-01-30,Mirage,1,1,-16.0,-0.641051567239636,111.57532861476244,-2,2,-0.34757834757834755,-0.23109243697478998,-0.104978354978355,0.037878787878787845,-0.4274440148269396,5.561253561253561,0.1481421688999159,-1785.205257836199
566,273,2026-01-30,Overpass,1,1,-16.0,-0.641051567239636,111.57532861476244,-2,2,-0.6808406647116325,-1.0,-0.027472527472527486,0.029304029304029366,0.5596157879354227,10.89345063538612,0.641051567239636,-1785.205257836199
565,272,2026-01-30,Inferno,1,-1,144.0,-0.16168327796234774,67.46622369878185,-2,2,-0.37591291167148966,-0.256,-0.021648550724637727,0.0965579710144927,-0.13353139262452274,-54.131459280694514,0.041390919158361024,9715.136212624586
564,272,2026-01-30,Overpass,1,1,144.0,-0.16168327796234774,67.46622369878185,-2,2,0.2488888888888889,0.5454545454545454,-0.031144781144781142,0.031565656565656575,-0.18232155679395445,35.84,-0.08819087888855331,9715.136212624586
562,271,2026-01-30,Nuke,1,1,-48.0,-0.26137970031099805,77.49250777495055,0,0,-1.2695652173913041,0.0,-0.0921052631578948,0.3037280701754385,-2.5649493574615363,60.9391304347826,0.0,-3719.6403731976266
561,271,2026-01-30,Dust2,1,1,-48.0,-0.26137970031099805,77.49250777495055,0,0,-0.4821428571428572,0.0,-0.030753968253968256,0.01736111111111105,-1.4816045409242158,23.142857142857146,0.0,-3719.6403731976266
557,268,2026-01-30,Ancient,1,1,75.0,-3.122502256758253e-17,-97.77777777777779,0,2,-0.13041553348934282,0.4410058027079304,0.04517543859649126,0.10511695906432744,0.2231435513142097,-9.781165011700711,-1.3770416141989974e-17,-7333.333333333334
560,270,2026-01-30,Overpass,1,-1,-292.0,-0.17847222222222223,-72.6513888888889,0,1,-0.4328830123598735,-0.5194805194805194,-0.007407407407407474,0.09074074074074079,-0.5108256237659909,126.40183960908305,0.0927128427128427,21214.20555555556
2717,1418,2026-01-30,Overpass,0,-1,-41.0,0.08333333333333337,305.8333333333333,30,-5,0.0,0.0,0.0,0.0,-2.70805020110221,0.0,0.0,-12539.166666666666
2716,1418,2026-01-30,Ancient,0,1,-41.0,0.08333333333333337,305.8333333333333,30,-5,0.0,0.0,0.0,0.0,-3.5263605246161616,0.0,0.0,-12539.166666666666
2715,1418,2026-01-30,Dust2,0,-1,-41.0,0.08333333333333337,305.8333333333333,30,-5,0.0,0.0,0.0,0.0,-3.5263605246161616,0.0,0.0,-12539.166666666666
2714,1417,2026-01-30,Nuke,0,1,41.0,0.6424050632911391,-2.6814345991561055,-79,5,0.0,0.0,0.0,0.0,4.04305126783455,0.0,0.0,-109.93881856540033
559,270,2026-01-30,Mirage,1,-1,-292.0,-0.17847222222222223,-72.6513888888889,0,1,0.5129385964912281,0.6388526727509778,0.057738095238095255,-0.03849206349206352,-0.7259370033829362,-149.7780701754386,-0.11401745617847313,21214.20555555556
558,268,2026-01-30,Nuke,1,1,75.0,-3.122502256758253e-17,-97.77777777777779,0,2,0.06235051546391751,0.39344262295081966,0.027149321266968396,0.020550527903469062,-0.2513144282809061,4.676288659793813,-1.2285254780688207e-17,-7333.333333333334
2713,1417,2026-01-30,Ancient,0,1,41.0,0.6424050632911391,-2.6814345991561055,-79,5,0.37333333333333335,0.0,-0.00378787878787884,0.027777777777777846,1.5804503755608483,15.306666666666667,0.0,-109.93881856540033
554,264,2026-01-31,Ancient,1,1,83.0,-0.6188679245283019,3.460377358490632,15,-6,-0.19370078740157473,-0.2172284644194757,-0.031560283687943336,0.0005910165484633301,-1.09861228866811,-16.077165354330702,0.134435728923751,287.21132075472246
542,259,2026-01-31,Inferno,1,1,-69.0,-0.589772303098171,94.19298245614036,9,-11,-0.5541125541125541,-0.5533769063180828,0.017045454545454475,0.10189393939393943,-0.737598943130779,38.23376623376623,0.3263663725205565,-6499.315789473684
543,259,2026-01-31,Nuke,1,-1,-69.0,-0.589772303098171,94.19298245614036,9,-11,-0.6521053270234196,-1.0007639419404124,-0.01504629629629628,0.030092592592592615,-1.3083328196501784,44.99526756461595,0.5902228548958013,-6499.315789473684
555,265,2026-01-31,Dust2,1,-1,163.0,-0.27692307692307694,78.08461538461538,30,-2,-0.43747648313056553,-0.606060606060606,-0.03409090909090906,0.07407407407407407,-0.1910552367627094,-71.30866675028219,0.1678321678321678,12727.792307692307
552,264,2026-01-31,Dust2,1,1,83.0,-0.6188679245283019,3.460377358490632,15,-6,-0.5158843053579896,-0.7816307403936271,-0.07493894993895,0.06730769230769229,-1.6094379124341005,-42.818397344713134,0.48372619405492395,287.21132075472246
553,264,2026-01-31,Anubis,1,-1,83.0,-0.6188679245283019,3.460377358490632,15,-6,-0.8,0.0,-0.1322115384615385,0.04166666666666663,-1.0296194171811581,-66.4,0.0,287.21132075472246
544,260,2026-01-31,Dust2,1,1,1000.0,0.5598171196342393,52.63690627381254,6,0,0.5161290322580645,-0.3125,0.08657407407407408,-0.09814814814814815,1.1526795099383853,516.1290322580645,-0.17494284988569977,52636.90627381254
550,263,2026-01-31,Mirage,1,-1,338.0,0.07902735562310034,93.24620060790276,6,-4,-0.7188722294654498,-0.8961442786069651,-0.09047619047619049,0.09458333333333335,0.109199291964992,-242.97881355932205,-0.07081991259507935,31517.215805471133
549,262,2026-01-31,Overpass,1,1,116.0,0.38128654970760234,128.7345029239766,7,-2,0.5333333333333332,0.0,0.07916666666666666,-0.16041666666666665,-0.7884573603642704,61.86666666666665,0.0,14933.202339181287
548,262,2026-01-31,Dust2,1,1,116.0,0.38128654970760234,128.7345029239766,7,-2,0.7889042995839113,0.7301387137452712,0.10253267973856212,-0.17524509803921567,0.054067221270275745,91.51289875173372,0.2783920709718812,14933.202339181287
547,261,2026-01-31,Nuke,1,-1,109.0,-0.11810456574967598,312.9418118968746,16,-2,-0.08026605039174795,0.85,0.06250000000000006,0.028846153846153855,-0.35139788683788886,-8.748999492700525,-0.10038888088722459,34110.657496759326
546,261,2026-01-31,Inferno,1,-1,109.0,-0.11810456574967598,312.9418118968746,16,-2,-0.2639367816091953,0.11111111111111112,-0.0319444444444445,0.02323232323232327,-0.2984929885559966,-28.76910919540229,-0.013122729527741777,34110.657496759326
545,260,2026-01-31,Overpass,1,1,1000.0,0.5598171196342393,52.63690627381254,6,0,0.38461538461538464,0.6296296296296297,0.07638888888888895,-0.15277777777777773,1.2039728043259361,384.61538461538464,0.35247744569563216,52636.90627381254
551,263,2026-01-31,Dust2,1,-1,338.0,0.07902735562310034,93.24620060790276,6,-4,0.5578463910959135,1.1666666666666667,0.05234374999999997,-0.07005208333333335,0.4519851237430572,188.55208019041876,0.09219858156028374,31517.215805471133
556,265,2026-01-31,Ancient,1,-1,163.0,-0.27692307692307694,78.08461538461538,30,-2,0.4105263157894737,0.3333333333333333,0.08611111111111108,-0.03333333333333338,0.2231435513142097,66.91578947368421,-0.09230769230769231,12727.792307692307
541,259,2026-01-31,Overpass,1,-1,-69.0,-0.589772303098171,94.19298245614036,9,-11,-0.8074409250879839,-0.7275179856115108,-0.1741071428571429,0.10416666666666669,-1.0986122886681098,55.71342383107089,0.42906995791944275,-6499.315789473684
536,256,2026-02-01,Inferno,1,-1,53.0,-0.11776348342404752,271.6378030677883,5,0,-0.22916666666666674,0.8607594936708861,-0.03213507625272333,0.023692810457516367,0.054067221270275745,-12.145833333333337,-0.10136603636500294,14396.80356259278
525,252,2026-02-01,Ancient,1,-1,190.0,0.3914893617021277,150.19999999999996,0,2,0.4354819854574361,0.6972934472934473,0.017549818840579656,0.004755434782608758,0.7137664677626807,82.74157723691286,0.27298296659998794,28537.999999999993
527,253,2026-02-01,Dust2,1,-1,157.0,-0.5881098373766996,136.3391095707811,0,-2,-0.21374764595103585,-0.3501411859620815,-0.057017543859649134,0.0942982456140351,-0.7985076962177713,-33.55838041431263,0.20592147593504448,21405.240202612633
526,253,2026-02-01,Mirage,1,-1,157.0,-0.5881098373766996,136.3391095707811,0,-2,0.12350539515893841,0.42857142857142855,-0.035383597883597906,-0.036375661375661394,-0.1466034741918758,19.39034703995333,-0.2520470731614427,21405.240202612633
540,258,2026-02-01,Inferno,1,1,-69.0,-0.5568408456322298,84.63302752293579,1,-11,-1.098390804597701,-1.1,-0.03183229813664601,0.20289855072463775,-1.09861228866811,75.78896551724138,0.6125249301954528,-5839.67889908257
524,252,2026-02-01,Dust2,1,1,190.0,0.3914893617021277,150.19999999999996,0,2,0.9521097046413505,0.7537593984962407,0.10775462962962962,-0.14224537037037044,0.7691330875378677,180.9008438818566,0.295088785794273,28537.999999999993
523,252,2026-02-01,Overpass,1,-1,190.0,0.3914893617021277,150.19999999999996,0,2,0.12313883299798783,-0.23973880597014935,0.06709956709956716,-0.00324675324675322,-0.4054651081081646,23.39637826961769,-0.09385519212448401,28537.999999999993
530,254,2026-02-01,Nuke,1,-1,-172.0,-0.03463203463203454,21.14285714285711,0,-3,-0.31011037527593804,-2.0,0.06089743589743596,-0.041666666666666685,-0.7308875085427924,53.338984547461344,0.06926406926406908,-3636.571428571423
528,254,2026-02-01,Mirage,1,1,-172.0,-0.03463203463203454,21.14285714285711,0,-3,0.37103174603174605,0.24050632911392408,0.05503978779840851,-0.01845711759504859,-0.10536051565782634,-63.817460317460316,-0.008329223519096917,-3636.571428571423
531,255,2026-02-01,Mirage,1,-1,3.0,-5.551115123125783e-17,2.698979591836718,0,-5,-0.5744321105638461,0.18018018018018012,-0.028092006033182515,0.07154977375565613,-0.4054651081081646,-1.7232963316915384,-1.0002009230857263e-17,8.096938775510154
533,255,2026-02-01,Ancient,1,1,3.0,-5.551115123125783e-17,2.698979591836718,0,-5,-0.22533197139938713,-0.16775884665792923,-0.10729166666666667,-0.06354166666666672,-0.21130909366720685,-0.6759959141981614,9.312486707209701e-18,8.096938775510154
538,257,2026-02-01,Ancient,1,1,324.0,0.15652173913043477,259.5782608695652,30,-2,0.0,0.0,0.0,0.0,2.6390573296152584,0.0,0.0,84103.35652173913
537,257,2026-02-01,Dust2,1,1,324.0,0.15652173913043477,259.5782608695652,30,-2,0.2385892116182574,0.0,0.028311965811965822,-0.002938034188034233,-2.079441541679836,77.3029045643154,0.0,84103.35652173913
539,258,2026-02-01,Nuke,1,1,-69.0,-0.5568408456322298,84.63302752293579,1,-11,-0.4463467358408993,0.4029850746268657,-0.022804054054054,0.08868243243243246,-1.440361582390166,30.79792477302205,-0.22439854973239115,-5839.67889908257
534,256,2026-02-01,Anubis,1,-1,53.0,-0.11776348342404752,271.6378030677883,5,0,-1.5,-2.0,-0.3784722222222223,0.11458333333333331,-1.8718021769015913,-79.5,0.23552696684809504,14396.80356259278
535,256,2026-02-01,Mirage,1,1,53.0,-0.11776348342404752,271.6378030677883,5,0,0.5283168316831683,0.6612004950495051,0.0435641998734978,-0.0866540164452877,-0.575364144903562,28.000792079207923,-0.0778652735387344,14396.80356259278
532,255,2026-02-01,Dust2,1,1,3.0,-5.551115123125783e-17,2.698979591836718,0,-5,0.5280144785461126,0.41847041847041844,0.08600759144237397,-0.04227053140096615,0.08701137698962969,1.5840434356383377,-2.3229774685519147e-17,8.096938775510154
529,254,2026-02-01,Inferno,1,-1,-172.0,-0.03463203463203454,21.14285714285711,0,-3,-0.14761040532365405,-0.2916666666666667,0.07189849624060157,0.0946115288220552,-0.9555114450274362,25.388989715668497,0.010101010101010076,-3636.571428571423
517,249,2026-02-02,Nuke,1,-1,190.0,-0.3054187192118226,53.27832512315263,0,-3,-0.0032327586206896894,-0.7692307692307692,0.05336257309941522,-0.08698830409356723,1.6094379124341003,-0.614224137931041,0.2349374763167866,10122.881773399
521,251,2026-02-02,Inferno,1,-1,-919.0,-0.17223910840932133,-41.617021276595764,0,0,-0.12425404944586538,0.06546644844517191,-0.0219534050179212,0.05451015531660697,0.13353139262452274,114.18947144075028,-0.01127588271092121,38246.04255319151
520,250,2026-02-02,Inferno,1,-1,14.0,0.05454545454545451,-13.336363636363615,0,-3,0.1415035725380553,0.3888888888888889,0.03541666666666665,-0.023379629629629584,0.10008345855698275,1.981050015532774,0.0212121212121212,-186.7090909090906
519,250,2026-02-02,Dust2,1,-1,14.0,0.05454545454545451,-13.336363636363615,0,-3,0.6044444444444446,0.8064516129032258,0.046825396825396826,-0.04642857142857143,-1.299282984130261,8.462222222222223,0.043988269794721375,-186.7090909090906
515,248,2026-02-02,Dust2,1,-1,-363.0,0.04263565891472862,-360.9321705426358,0,-1,-0.1725,-0.4831168831168831,-0.007211538461538491,0.0022435897435897356,1.0745147370890495,62.61749999999999,-0.020598006644518243,131018.37790697679
516,249,2026-02-02,Dust2,1,1,190.0,-0.3054187192118226,53.27832512315263,0,-3,0.2621674237508112,0.0,0.03819444444444442,-0.05069444444444443,1.0986122886681098,49.81181051265413,-0.0,10122.881773399
522,251,2026-02-02,Dust2,1,-1,-919.0,-0.17223910840932133,-41.617021276595764,0,0,-1.0851926977687625,-1.2623837335063812,-0.05899122807017548,0.1741228070175439,0.04879016416943216,997.2920892494927,0.2174318487295694,38246.04255319151
518,249,2026-02-02,Ancient,1,1,190.0,-0.3054187192118226,53.27832512315263,0,-3,1.4805194805194806,2.0,0.02083333333333337,-0.14583333333333331,2.1400661634962708,281.2987012987013,-0.6108374384236452,10122.881773399
513,248,2026-02-02,Inferno,1,-1,-363.0,0.04263565891472862,-360.9321705426358,0,-1,0.862894144144144,0.767032967032967,0.07986111111111105,-0.11302997076023386,0.2231435513142097,-313.23057432432427,0.03270295595876986,131018.37790697679
511,247,2026-02-02,Overpass,1,-1,-47.0,0.6,-22.600000000000023,0,3,-0.18544303797468362,-0.17960088691796022,-0.004629629629629595,-0.05439814814814814,-0.26236426446749084,8.71582278481013,-0.10776053215077613,1062.2000000000012
507,246,2026-02-02,Mirage,1,1,18.0,-0.14656488549618318,-0.848346055979647,0,2,-0.3137254901960784,-0.21276595744680854,-0.0704678362573099,0.028728070175438547,0.4382549309311554,-5.647058823529411,0.031184018190677277,-15.270229007633645
508,246,2026-02-02,Inferno,1,-1,18.0,-0.14656488549618318,-0.848346055979647,0,2,0.3022688371754252,1.6962025316455696,-0.0750915750915751,-0.06929181929181938,0.5978370007556202,5.440839069157653,-0.24860372982896894,-15.270229007633645
514,248,2026-02-02,Ancient,1,1,-363.0,0.04263565891472862,-360.9321705426358,0,-1,-1.5,-1.0,-0.1840277777777778,0.13194444444444436,-1.8718021769015913,544.5,-0.04263565891472862,131018.37790697679
510,247,2026-02-02,Mirage,1,1,-47.0,0.6,-22.600000000000023,0,3,1.0329089719720224,1.1671125378990548,0.08072174738841409,-0.09870607787274449,0.03636764417087468,-48.54672168268505,0.7002675227394328,1062.2000000000012
509,246,2026-02-02,Dust2,1,1,18.0,-0.14656488549618318,-0.848346055979647,0,2,0.27586206896551724,0.529986962190352,0.06734006734006731,-0.07870370370370366,1.2237754316221157,4.9655172413793105,-0.0776774784278989,-15.270229007633645
512,247,2026-02-02,Nuke,1,-1,-47.0,0.6,-22.600000000000023,0,3,0.13881909547738694,1.0,0.031926406926406914,0.03228715728715725,-0.8183103235139515,-6.524497487437186,0.6,1062.2000000000012
2700,1412,2026-02-03,Ancient,0,-1,41.0,0.0,0.0,-999,6,0.0,0.0,0.0,0.0,3.5553480614894135,0.0,0.0,0.0
2701,1412,2026-02-03,Mirage,0,1,41.0,0.0,0.0,-999,6,0.0,0.0,0.0,0.0,3.828641396489095,0.0,0.0,0.0
2702,1412,2026-02-03,Dust2,0,-1,41.0,0.0,0.0,-999,6,0.0,0.0,0.0,0.0,3.58351893845611,0.0,0.0,0.0
2711,1416,2026-02-03,Overpass,0,1,-371.0,0.0,0.0,30,-4,0.0,0.0,0.0,0.0,-1.6094379124341003,0.0,0.0,0.0
2703,1413,2026-02-03,Overpass,0,1,-69.0,0.36853932584269666,133.9662921348315,10,-12,-1.3836477987421385,-1.420689655172414,-0.1444444444444445,0.12222222222222218,-2.0794415416798357,95.47169811320755,-0.5235800077489347,-9243.674157303372
2698,1411,2026-02-03,Ancient,0,-1,482.0,0.0,0.0,-999,6,0.0,0.0,0.0,0.0,2.1972245773362196,0.0,0.0,0.0
2705,1413,2026-02-03,Nuke,0,-1,-69.0,0.36853932584269666,133.9662921348315,10,-12,-0.16344339622641524,-0.3748443337484433,-0.06743421052631576,-0.0016447368421052544,-2.054123733695546,11.277594339622652,-0.13814487805560607,-9243.674157303372
2706,1414,2026-02-03,Anubis,0,-1,35.0,0.6,-89.79999999999998,-110,9,0.6666666666666666,0.0,0.0888888888888889,-0.09166666666666662,0.4054651081081644,23.333333333333332,0.0,-3142.9999999999995
2707,1414,2026-02-03,Overpass,0,-1,35.0,0.6,-89.79999999999998,-110,9,1.2448979591836735,0.0,0.030303030303030276,-0.1098484848484848,2.4423470353692043,43.57142857142858,0.0,-3142.9999999999995
2708,1415,2026-02-03,Inferno,0,1,41.0,1.1,-42.150000000000006,-12,4,1.197674418604651,1.3333333333333333,-0.17171717171717166,-0.35227272727272724,2.833213344056216,49.104651162790695,1.4666666666666668,-1728.1500000000003
2709,1415,2026-02-03,Nuke,0,-1,41.0,1.1,-42.150000000000006,-12,4,1.1823899371069182,1.3043478260869565,-0.06871345029239767,-0.28545321637426896,2.961830721878309,48.477987421383645,1.4347826086956523,-1728.1500000000003
2710,1415,2026-02-03,Dust2,0,-1,41.0,1.1,-42.150000000000006,-12,4,1.0610687022900764,1.0309278350515463,0.0011904761904761862,-0.12619047619047613,2.8903717578961645,43.50381679389314,1.134020618556701,-1728.1500000000003
2699,1411,2026-02-03,Dust2,0,-1,482.0,0.0,0.0,-999,6,0.0,0.0,0.0,0.0,3.5553480614894135,0.0,0.0,0.0
2704,1413,2026-02-03,Ancient,0,-1,-69.0,0.36853932584269666,133.9662921348315,10,-12,-0.385510136257893,-1.2857142857142858,0.03317901234567899,-0.09799382716049382,-2.2335922215070942,26.600199401794615,-0.4738362760834672,-9243.674157303372
2712,1416,2026-02-03,Inferno,0,1,-371.0,0.0,0.0,30,-4,0.0,0.0,0.0,0.0,-3.1780538303479458,0.0,0.0,0.0
502,243,2026-02-03,Nuke,1,-1,-291.0,-0.2,-75.59999999999997,1,0,-0.25049962884714205,-0.9411764705882353,0.001497821350762485,9.077705156129712e-05,0.2231435513142097,72.89539199451833,0.18823529411764706,21999.59999999999
506,245,2026-02-03,Dust2,1,-1,-329.0,0.7627551020408164,19.89710884353741,1,-2,-0.6620457100037465,-0.7395833333333334,-0.06944444444444453,0.09246031746031746,0.3184537311185349,217.81303859123258,-0.5641209608843538,-6546.148809523808
505,245,2026-02-03,Anubis,1,-1,-329.0,0.7627551020408164,19.89710884353741,1,-2,1.8461538461538463,2.0,0.22916666666666666,-0.16666666666666663,0.6931471805599452,-607.3846153846155,1.5255102040816328,-6546.148809523808
504,244,2026-02-03,Inferno,1,1,181.0,0.6346782988004362,102.4929116684842,-1,2,0.33588647907764246,0.29437229437229434,0.04710144927536242,-0.04166666666666663,0.0,60.79545271305329,0.186831707006189,18551.21701199564
503,244,2026-02-03,Mirage,1,1,181.0,0.6346782988004362,102.4929116684842,-1,2,-0.27225317055825526,-0.7692307692307693,-0.0037878787878787845,0.016716073781291196,0.04255961441879608,-49.277823871044205,-0.4882140760003356,18551.21701199564
501,243,2026-02-03,Mirage,1,-1,-291.0,-0.2,-75.59999999999997,1,0,-0.2831552009634202,-0.24876499647141856,0.00029868578255676237,0.010951812027080843,-0.13353139262452274,82.39816348035527,0.049752999294283715,21999.59999999999
500,243,2026-02-03,Overpass,1,1,-291.0,-0.2,-75.59999999999997,1,0,-0.005255912902014881,0.5368754956383823,-0.06303418803418809,0.0303418803418804,-0.13353139262452274,1.5294706544863303,-0.10737509912767647,21999.59999999999
499,242,2026-02-03,Dust2,1,-1,-160.0,-0.23636363636363644,-123.80000000000001,0,1,-0.07394502516453727,-0.47058823529411764,0.01805555555555549,0.04895833333333338,0.17435338714477755,11.831204026325963,0.1112299465240642,19808.0
498,242,2026-02-03,Overpass,1,1,-160.0,-0.23636363636363644,-123.80000000000001,0,1,-1.7999999999999998,-2.0,-0.08854166666666663,0.3083333333333334,0.4054651081081646,288.0,0.4727272727272729,19808.0
497,242,2026-02-03,Anubis,1,-1,-160.0,-0.23636363636363644,-123.80000000000001,0,1,-0.25,0.0,-0.02083333333333326,0.08333333333333331,0.5108256237659905,40.0,0.0,19808.0
496,241,2026-02-03,Overpass,1,1,643.0,0.23636363636363644,-183.90909090909088,0,-1,0.254263565891473,0.5405405405405406,0.02083333333333337,0.0,0.0,163.49147286821713,0.12776412776412782,-118253.54545454544
495,241,2026-02-03,Ancient,1,1,643.0,0.23636363636363644,-183.90909090909088,0,-1,0.0,0.0,0.0,0.0,-1.0986122886681098,0.0,0.0,-118253.54545454544
494,240,2026-02-03,Dust2,1,-1,39.0,-0.8035714285714286,-6.672619047619037,0,2,0.09243697478991578,0.15625,0.027777777777777846,0.009722222222222243,0.8266785731844679,3.605042016806715,-0.12555803571428573,-260.23214285714243
493,240,2026-02-03,Inferno,1,-1,39.0,-0.8035714285714286,-6.672619047619037,0,2,-0.4560068338898811,-0.4088050314465409,-0.07527173913043483,0.038586956521739046,-0.13353139262452274,-17.784266521705362,0.3285040431266847,-260.23214285714243
2697,1410,2026-02-04,Ancient,0,1,37.0,0.32521739130434796,-16.91391304347826,-129,9,-0.6666666666666667,0.0,-0.050781249999999944,0.07161458333333331,2.803360380906535,-24.666666666666668,0.0,-625.8147826086956
2696,1410,2026-02-04,Dust2,0,-1,37.0,0.32521739130434796,-16.91391304347826,-129,9,0.5502079619726679,0.0,0.1388888888888889,-0.09561965811965817,1.9095425048844386,20.35769459298871,0.0,-625.8147826086956
2695,1410,2026-02-04,Overpass,0,1,37.0,0.32521739130434796,-16.91391304347826,-129,9,0.0,0.0,0.0,0.0,2.5649493574615367,0.0,0.0,-625.8147826086956
2691,1407,2026-02-05,Default,0,-1,-371.0,0.0,0.0,30,-5,0.0,0.0,0.0,0.0,0.0,0.0,0.0,0.0
2694,1409,2026-02-05,Default,0,1,482.0,1.0,189.5,-83,7,0.0,0.0,0.0,0.0,1.0986122886681098,0.0,0.0,91339.0
2692,1408,2026-02-05,Mirage,0,1,37.0,0.7286821705426358,-17.465116279069765,-14,8,1.3294797687861273,1.6701030927835052,-0.07518115942028986,-0.2563405797101449,3.157000421150113,49.19075144508671,1.2169743466794538,-646.2093023255813
2693,1408,2026-02-05,Nuke,0,1,37.0,0.7286821705426358,-17.465116279069765,-14,8,-0.7458745874587459,-0.9333333333333333,-0.1515151515151515,-0.14109848484848492,3.1135153092103742,-27.597359735973598,-0.6801033591731268,-646.2093023255813
2687,1405,2026-02-06,Default,0,1,37.0,0.9333333333333333,-41.44444444444444,1,7,0.0,0.0,0.0,0.0,0.6931471805599453,0.0,0.0,-1533.4444444444443
2686,1405,2026-02-06,Overpass,0,1,37.0,0.9333333333333333,-41.44444444444444,1,7,0.0,0.0,0.0,0.0,2.6390573296152584,0.0,0.0,-1533.4444444444443
2685,1405,2026-02-06,Dust2,0,-1,37.0,0.9333333333333333,-41.44444444444444,1,7,-0.7333333333333334,-0.6861313868613139,-0.0478395061728395,-0.03549382716049376,2.6390573296152584,-27.133333333333336,-0.640389294403893,-1533.4444444444443
2684,1404,2026-02-06,Nuke,0,1,57.0,0.0,0.0,-932,0,0.0,0.0,0.0,0.0,2.772588722239781,0.0,0.0,0.0
2689,1406,2026-02-06,Inferno,0,-1,81.0,0.0,0.0,-996,5,0.0,0.0,0.0,0.0,3.4965075614664802,0.0,0.0,0.0
2690,1406,2026-02-06,Anubis,0,-1,81.0,0.0,0.0,-996,5,0.0,0.0,0.0,0.0,1.9459101490553132,0.0,0.0,0.0
2682,1403,2026-02-06,Ancient,0,1,57.0,0.0,286.85714285714295,7,4,0.0,0.0,0.0,0.0,2.8903717578961645,0.0,0.0,16350.857142857149
2681,1403,2026-02-06,Mirage,0,1,57.0,0.0,286.85714285714295,7,4,0.0,0.0,0.0,0.0,2.772588722239781,0.0,0.0,16350.857142857149
2680,1403,2026-02-06,Dust2,0,-1,57.0,0.0,286.85714285714295,7,4,-1.278688524590164,-2.0,-0.06770833333333331,-0.005208333333333315,2.1400661634962708,-72.88524590163935,-0.0,16350.857142857149
2679,1402,2026-02-06,Mirage,0,1,47.0,0.9583333333333334,226.93750000000006,-192,4,1.397129186602871,0.0,-0.03515625,-0.2591145833333333,2.803360380906535,65.66507177033493,0.0,10666.062500000002
2678,1402,2026-02-06,Ancient,0,1,47.0,0.9583333333333334,226.93750000000006,-192,4,0.0,0.0,0.0,0.0,1.0986122886681098,0.0,0.0,10666.062500000002
2688,1406,2026-02-06,Dust2,0,1,81.0,0.0,0.0,-996,5,0.0,0.0,0.0,0.0,3.1354942159291497,0.0,0.0,0.0
2683,1404,2026-02-06,Mirage,0,1,57.0,0.0,0.0,-932,0,0.0,0.0,0.0,0.0,2.4849066497880004,0.0,0.0,0.0
489,238,2026-02-06,Overpass,1,-1,-224.0,0.008333333333333331,20.920833333333377,2,-1,-0.2763713080168776,-0.07807807807807807,0.029629629629629617,0.06388888888888888,0.5108256237659909,61.907172995780584,-0.0006506506506506504,-4686.266666666676
492,239,2026-02-06,Mirage,1,1,125.0,-0.22448979591836735,-222.17346938775512,-2,1,0.2019662580410245,0.16666666666666669,0.00651041666666663,-0.048177083333333315,0.0,25.245782255128063,-0.037414965986394565,-27771.68367346939
2676,1401,2026-02-06,Nuke,0,-1,-69.0,0.45945945945945943,69.0,10,-8,0.0,0.0,0.0,0.0,-3.6888794541139363,0.0,0.0,-4761.0
490,238,2026-02-06,Dust2,1,-1,-224.0,0.008333333333333331,20.920833333333377,2,-1,0.041983571645877626,-0.13793103448275856,0.005238095238095264,-0.052619047619047565,1.1786549963416464,-9.404320048676588,-0.0011494252873563212,-4686.266666666676
2677,1401,2026-02-06,Dust2,0,-1,-69.0,0.45945945945945943,69.0,10,-8,-0.33509987770077465,-0.5156482861400895,0.10171568627450978,0.2622549019607843,-2.456735772821304,23.12189156135345,-0.23691948282112218,-4761.0
491,239,2026-02-06,Dust2,1,1,125.0,-0.22448979591836735,-222.17346938775512,-2,1,0.01815646432738549,-0.05443899351163156,0.014177489177489233,-0.042965367965367984,0.44802472252696024,2.2695580409231866,0.012220998543427493,-27771.68367346939
484,236,2026-02-07,Nuke,1,1,629.0,0.25217391304347825,22.030434782608722,3,-3,0.2613935969868173,-1.2,0.09722222222222221,-0.02430555555555558,0.4795730802618863,164.41657250470809,-0.3026086956521739,13857.143478260887
485,236,2026-02-07,Dust2,1,1,629.0,0.25217391304347825,22.030434782608722,3,-3,0.2142857142857143,0.22972972972972971,-0.01666666666666672,-0.09687499999999993,0.8472978603872034,134.7857142857143,0.05793184488836662,13857.143478260887
486,237,2026-02-07,Mirage,1,-1,-175.0,0.24680851063829784,62.05319148936172,3,-5,0.2528180354267311,0.32986754023643355,0.09785353535353536,0.01388888888888884,-0.3908663086870119,-44.24315619967794,0.08141411631367296,-10859.308510638302
487,237,2026-02-07,Dust2,1,1,-175.0,0.24680851063829784,62.05319148936172,3,-5,0.3517249669431422,0.5769230769230769,0.0272817460317461,-0.03240740740740744,-0.5198754592859083,-61.551869215049884,0.14238952536824875,-10859.308510638302
488,237,2026-02-07,Nuke,1,-1,-175.0,0.24680851063829784,62.05319148936172,3,-5,-0.4500131544330437,-0.9090909090909092,0.02380952380952378,0.049851190476190466,-0.534082485930258,78.75230202578264,-0.2243713733075435,-10859.308510638302
478,234,2026-02-08,Mirage,1,1,-518.0,-0.6260869565217393,-45.47391304347829,0,4,0.03921568627450983,0.1596113809854268,-0.0697239422084624,-0.01470588235294118,0.5596157879354227,-20.31372549019609,-0.09993060374739766,23555.486956521756
479,234,2026-02-08,Inferno,1,-1,-518.0,-0.6260869565217393,-45.47391304347829,0,4,-0.33650660515831404,-0.08589511754068713,-0.06800595238095247,0.03333333333333338,0.3462762367178338,174.31042147200668,0.05377781272112587,23555.486956521756
480,234,2026-02-08,Nuke,1,-1,-518.0,-0.6260869565217393,-45.47391304347829,0,4,0.2820408163265305,0.9230769230769231,-0.07327586206896547,-0.06089217296113847,0.3101549283038394,-146.09714285714279,-0.5779264214046824,23555.486956521756
481,234,2026-02-08,Overpass,1,-1,-518.0,-0.6260869565217393,-45.47391304347829,0,4,-0.3494293239683936,-1.2982456140350878,0.030776515151515138,0.05042613636363641,0.3483066942682158,181.0043898156279,0.8128146453089247,23555.486956521756
483,235,2026-02-08,Mirage,1,1,-64.0,0.17500000000000004,16.662500000000023,0,-4,0.2745098039215686,0.14285714285714285,0.04174214975845414,-0.031023550724637694,-0.04082199452025481,-17.56862745098039,0.025000000000000005,-1066.4000000000015
482,235,2026-02-08,Dust2,1,1,-64.0,0.17500000000000004,16.662500000000023,0,-4,0.45796709488393056,0.8,0.024621212121212155,-0.09385521885521886,0.8329091229351038,-29.309894072571556,0.14000000000000004,-1066.4000000000015
2632,1382,2026-02-09,Ancient,0,1,371.0,0.0,0.0,-998,9,0.0,0.0,0.0,0.0,2.70805020110221,0.0,0.0,0.0
2631,1382,2026-02-09,Inferno,0,1,371.0,0.0,0.0,-998,9,0.0,0.0,0.0,0.0,3.2188758248682006,0.0,0.0,0.0
2626,1375,2026-02-10,Mirage,0,-1,-41.0,0.24347826086956526,98.57999999999998,30,-6,0.0,0.0,0.0,0.0,-3.8501476017100584,0.0,0.0,-4041.7799999999993
2628,1376,2026-02-10,Nuke,0,1,-337.0,-0.5898305084745763,-216.8169491525424,11,-8,-0.3304504504504504,-0.8,-0.009081196581196604,0.034455128205128194,-0.07410797215372167,111.36180180180179,0.47186440677966107,73067.31186440679
2625,1375,2026-02-10,Overpass,0,-1,-41.0,0.24347826086956526,98.57999999999998,30,-6,-1.5555555555555556,0.0,-0.175,0.17777777777777776,-2.0794415416798357,63.77777777777778,0.0,-4041.7799999999993
2627,1376,2026-02-10,Mirage,0,1,-337.0,-0.5898305084745763,-216.8169491525424,11,-8,0.11308116627265564,-0.12380952380952381,-0.01871794871794874,-0.037532051282051226,0.7121953755306398,-38.10835303388495,0.0730266343825666,73067.31186440679
2607,1367,2026-02-12,Dust2,0,1,191.0,-0.19999999999999998,123.20000000000002,-73,6,-0.8587570621468926,0.0,-0.03947368421052633,0.15497076023391815,1.6094379124341003,-164.0225988700565,0.0,23531.200000000004
2606,1367,2026-02-12,Ancient,0,-1,191.0,-0.19999999999999998,123.20000000000002,-73,6,-0.06748466257668713,0.0,-0.06423611111111105,-0.16145833333333337,1.6094379124341003,-12.889570552147243,0.0,23531.200000000004
2610,1368,2026-02-12,Dust2,0,1,37.0,-0.5777777777777777,-50.77777777777777,-14,4,0.0,0.0,0.0,0.0,3.367295829986474,0.0,0.0,-1878.7777777777776
477,233,2026-02-12,Inferno,1,1,45.0,0.0,0.0,-979,0,0.0,0.0,0.0,0.0,2.70805020110221,0.0,0.0,0.0
476,233,2026-02-12,Anubis,1,1,45.0,0.0,0.0,-979,0,0.0,0.0,0.0,0.0,0.6931471805599453,0.0,0.0,0.0
2609,1368,2026-02-12,Ancient,0,1,37.0,-0.5777777777777777,-50.77777777777777,-14,4,0.0,0.0,0.0,0.0,3.5263605246161616,0.0,0.0,-1878.7777777777776
2608,1367,2026-02-12,Anubis,0,1,191.0,-0.19999999999999998,123.20000000000002,-73,6,0.0,0.0,0.0,0.0,-1.6094379124341003,0.0,0.0,23531.200000000004
474,232,2026-02-13,Dust2,1,1,35.0,0.0,0.0,-999,2,0.0,0.0,0.0,0.0,3.332204510175204,0.0,0.0,0.0
475,232,2026-02-13,Ancient,1,1,35.0,0.0,0.0,-999,2,0.0,0.0,0.0,0.0,3.091042453358316,0.0,0.0,0.0
473,231,2026-02-13,Nuke,1,1,48.0,0.8333333333333334,167.41538461538457,-83,1,0.7855203619909501,0.0,0.1915204678362573,0.04897660818713451,2.6741486494265283,37.704977375565605,0.0,8035.938461538459
472,230,2026-02-13,Nuke,1,-1,-45.0,0.0,0.0,30,-1,0.0,0.0,0.0,0.0,-2.833213344056216,0.0,0.0,0.0
471,230,2026-02-13,Anubis,1,-1,-45.0,0.0,0.0,30,-1,0.0,0.0,0.0,0.0,-1.0986122886681098,0.0,0.0,0.0
469,229,2026-02-13,Mirage,1,1,48.0,0.0,0.0,-999,1,0.0,0.0,0.0,0.0,3.713572066704308,0.0,0.0,0.0
468,228,2026-02-13,Overpass,1,-1,-35.0,0.0,0.0,30,-2,0.0,0.0,0.0,0.0,-3.1780538303479458,0.0,0.0,0.0
467,228,2026-02-13,Dust2,1,-1,-35.0,0.0,0.0,30,-2,0.0,0.0,0.0,0.0,-3.332204510175204,0.0,0.0,0.0
470,229,2026-02-13,Dust2,1,1,48.0,0.0,0.0,-999,1,0.0,0.0,0.0,0.0,3.6109179126442243,0.0,0.0,0.0
463,226,2026-02-14,Ancient,1,-1,-48.0,-1.111353345631394,136.2010732852591,30,-3,-0.443934175277459,-2.0,-0.07480158730158726,0.05456349206349209,-1.9694406464655074,21.30884041331803,2.222706691262788,-6537.651517692437
464,226,2026-02-14,Mirage,1,-1,-48.0,-1.111353345631394,136.2010732852591,30,-3,-0.7377777777777779,-1.6129032258064515,-0.06646825396825395,0.0,-2.374905754573672,35.41333333333334,1.7925053961796675,-6537.651517692437
466,227,2026-02-14,Mirage,1,1,273.0,-0.4161988773055333,129.48115477145151,10,-2,0.4065040650406504,0.11574074074074076,0.05535714285714288,-0.0315476190476191,-0.32277339226305113,110.97560975609755,-0.0481711663548071,35348.35525260626
462,225,2026-02-14,Overpass,1,-1,213.0,-0.2,288.5000000000001,-4,1,0.06322062443321673,-0.14285714285714285,-0.010984848484848486,-0.009469696969696906,0.08701137698962969,13.465993004275163,0.02857142857142857,61450.50000000002
461,225,2026-02-14,Anubis,1,1,213.0,-0.2,288.5000000000001,-4,1,1.5789473684210527,2.0,0.08653846153846151,-0.16666666666666669,1.2527629684953678,336.3157894736842,-0.4,61450.50000000002
460,225,2026-02-14,Mirage,1,-1,213.0,-0.2,288.5000000000001,-4,1,-1.0227441898933092,-1.296153846153846,-0.09875541125541126,0.14308261183261178,0.15906469462968742,-217.84451244727487,0.2592307692307692,61450.50000000002
454,222,2026-02-14,Inferno,1,1,-10.0,-0.25,-7.025000000000034,-9,9,-0.02108433734939752,0.13193943763518387,0.03117283950617289,0.009382716049382678,-0.07410797215372167,0.2108433734939752,-0.03298485940879597,70.25000000000034
459,224,2026-02-14,Inferno,1,1,45.0,0.2836879432624113,-29.829787234042552,-11,2,0.0,0.0,0.0,0.0,2.772588722239781,0.0,0.0,-1342.340425531915
458,224,2026-02-14,Ancient,1,1,45.0,0.2836879432624113,-29.829787234042552,-11,2,-0.7415730337078652,-0.6,-0.029761904761904656,0.011904761904761918,2.3978952727983707,-33.37078651685393,-0.17021276595744678,-1342.340425531915
457,223,2026-02-14,Ancient,1,1,117.0,-0.2035087719298246,-188.1421052631579,-4,3,0.5749828582623174,1.0909090909090908,0.02784313725490195,-0.056764705882352995,-0.3677247801253176,67.27299441669113,-0.22200956937799046,-22012.626315789475
465,227,2026-02-14,Nuke,1,1,273.0,-0.4161988773055333,129.48115477145151,10,-2,-0.28091801151569207,0.23809523809523808,-0.04523809523809519,0.03125,-0.5389965007326869,-76.69061714378394,-0.09909497078703174,35348.35525260626
448,220,2026-02-14,Dust2,1,1,48.0,1.2686567164179103,94.68656716417911,-1,2,1.3004926108374384,1.6363636363636362,0.13063063063063063,-0.12387387387387389,2.9444389791664403,62.42364532019704,2.075983717774762,4544.955223880597
453,222,2026-02-14,Dust2,1,-1,-10.0,-0.25,-7.025000000000034,-9,9,-0.5565610859728508,-0.6483516483516485,-0.04004065040650401,0.06412601626016257,-1.3397743454849977,5.565610859728508,0.16208791208791212,70.25000000000034
435,215,2026-02-14,Anubis,1,-1,10.0,0.3126734505087882,4.735430157261796,0,-1,-0.22360248447204972,-0.19047619047619052,-0.04960317460317465,0.0575396825396825,-0.6931471805599452,-2.236024844720497,-0.05955684771595967,47.354301572617956
436,215,2026-02-14,Nuke,1,1,10.0,0.3126734505087882,4.735430157261796,0,-1,0.5438905180840665,0.22426095820591252,0.01044891640866874,-0.10410216718266252,-0.10536051565782634,5.438905180840665,0.0701204476166498,47.354301572617956
437,215,2026-02-14,Overpass,1,1,10.0,0.3126734505087882,4.735430157261796,0,-1,-0.07675765095119935,-0.28205128205128205,0.09374999999999994,0.06076388888888884,-1.83258146374831,-0.7675765095119935,-0.0881899475794018,47.354301572617956
438,216,2026-02-14,Mirage,1,1,423.0,0.5671179883945842,367.62205029013546,-10,9,-0.04771159265377509,0.32377538829151736,-0.01432411674347156,0.026036866359446964,0.11778303565638337,-20.18200369254686,0.18361884689956073,155504.1272727273
439,216,2026-02-14,Inferno,1,1,423.0,0.5671179883945842,367.62205029013546,-10,9,0.2057115529138485,0.30650684931506855,-0.009019308943089444,-0.029386856368563696,0.5187937934151678,87.01598688255791,0.1738255478127236,155504.1272727273
456,223,2026-02-14,Overpass,1,1,117.0,-0.2035087719298246,-188.1421052631579,-4,3,-0.6099290780141844,0.6666666666666667,-0.10069444444444442,0.0920138888888889,-0.25131442828090633,-71.36170212765957,-0.13567251461988308,-22012.626315789475
441,217,2026-02-14,Mirage,1,1,245.0,0.14545454545454545,96.69090909090906,-2,2,0.25290232881473745,1.0,0.01450617283950617,-0.03580246913580254,0.5596157879354227,61.961070559610675,0.14545454545454545,23689.27272727272
442,217,2026-02-14,Dust2,1,1,245.0,0.14545454545454545,96.69090909090906,-2,2,0.29084228377614463,0.18055555555555552,0.043546365914786944,0.003341687552213868,-0.09531017980432521,71.25635952515543,0.02626262626262626,23689.27272727272
440,217,2026-02-14,Nuke,1,-1,245.0,0.14545454545454545,96.69090909090906,-2,2,-0.12847078325735597,-1.2941176470588234,-0.0052447552447552614,-0.04399766899766899,-0.49643688631389127,-31.475341898052214,-0.18823529411764703,23689.27272727272
444,218,2026-02-14,Inferno,1,-1,853.0,0.782608695652174,94.89130434782606,-2,1,0.361904761904762,1.7037037037037037,0.03366174055829224,-0.02127805145046524,0.3101549283038394,308.704761904762,1.3333333333333335,80942.28260869563
445,218,2026-02-14,Anubis,1,1,853.0,0.782608695652174,94.89130434782606,-2,1,0.9090909090909091,1.0,0.14166666666666666,-0.1694444444444445,-0.4054651081081644,775.4545454545454,0.782608695652174,80942.28260869563
446,219,2026-02-14,Anubis,1,-1,-35.0,-0.9183829138062547,128.9862700228833,22,-4,-1.6521739130434783,-1.619047619047619,-0.18154761904761912,0.1547619047619047,-0.980829253011726,57.82608695652174,1.4869056699720313,-4514.519450800915
447,219,2026-02-14,Dust2,1,-1,-35.0,-0.9183829138062547,128.9862700228833,22,-4,-1.3480392156862746,-1.6857142857142857,-0.08382936507936511,0.1471560846560847,-1.0647107369924282,47.18137254901961,1.548131197559115,-4514.519450800915
449,220,2026-02-14,Nuke,1,-1,48.0,1.2686567164179103,94.68656716417911,-1,2,0.0,0.0,0.0,0.0,4.07753744390572,0.0,0.0,4544.955223880597
450,220,2026-02-14,Mirage,1,1,48.0,1.2686567164179103,94.68656716417911,-1,2,0.9777777777777779,1.6129032258064515,0.06646825396825395,-0.06944444444444436,3.068052935133617,46.93333333333334,2.046220510351468,4544.955223880597
451,221,2026-02-14,Nuke,1,1,329.0,0.19999999999999998,-108.40000000000003,3,0,0.17822485207100597,0.45454545454545453,0.09066358024691362,0.005979938271604923,-0.49899116611898764,58.635976331360965,0.0909090909090909,-35663.60000000001
452,221,2026-02-14,Dust2,1,1,329.0,0.19999999999999998,-108.40000000000003,3,0,0.716190476190476,0.7809523809523811,0.06997282608695654,-0.08480525362318836,-0.3448404862917296,235.6266666666666,0.1561904761904762,-35663.60000000001
443,218,2026-02-14,Mirage,1,1,853.0,0.782608695652174,94.89130434782606,-2,1,-0.029688838138738273,-1.4782608695652175,0.028009259259259178,0.027314814814814792,0.10008345855698275,-25.324578932343748,-1.1568998109640833,80942.28260869563
455,222,2026-02-14,Overpass,1,1,-10.0,-0.25,-7.025000000000034,-9,9,-0.05791587402240542,0.07992202729044837,-0.038194444444444364,0.057291666666666685,-0.25131442828090633,0.5791587402240541,-0.01998050682261209,70.25000000000034
433,214,2026-02-15,Overpass,1,-1,-110.0,-0.019047619047619202,291.4857142857143,1,-4,-0.373015873015873,0.26086956521739113,-0.028571428571428636,0.038095238095238015,-0.9162907318741551,41.03174603174603,-0.004968944099378919,-32063.428571428576
432,213,2026-02-15,Mirage,1,-1,93.0,0.23129251700680276,82.66666666666663,0,-9,0.4980509745127436,0.62739597942964,0.02205433455433453,-0.07577838827838829,-0.20479441264601306,46.31874062968515,0.14511199524222967,7687.999999999996
431,213,2026-02-15,Inferno,1,-1,93.0,0.23129251700680276,82.66666666666663,0,-9,-0.15722445921902806,-0.36363636363636365,0.03904428904428908,0.05623543123543123,-0.16034265007517945,-14.62187470736961,-0.08410636982065554,7687.999999999996
430,212,2026-02-15,Dust2,1,-1,-234.0,-0.18604651162790697,184.90697674418607,0,2,-0.26656394453004634,-0.599825021872266,0.001831501831501825,0.02083333333333337,-0.46536324968923326,62.375963020030845,0.1115953529064681,-43268.23255813954
429,212,2026-02-15,Inferno,1,-1,-234.0,-0.18604651162790697,184.90697674418607,0,2,0.18707346447209944,-0.3726911386485854,0.038419913419913465,-0.02164502164502169,-0.23180161405732447,-43.77519068647127,0.06933788626020193,-43268.23255813954
428,212,2026-02-15,Mirage,1,1,-234.0,-0.18604651162790697,184.90697674418607,0,2,-0.6069609177522846,-0.628835645229088,-0.009923245614035126,0.04495614035087725,-0.7178397931503171,142.0288547540346,0.1169926781821559,-43268.23255813954
434,214,2026-02-15,Nuke,1,-1,-110.0,-0.019047619047619202,291.4857142857143,1,-4,0.20256121830924978,0.27580579355365165,0.005795739348370965,0.021616541353383478,-0.29626581614317216,-22.281734014017477,-0.005253443686736264,-32063.428571428576
2595,1361,2026-02-15,Anubis,0,-1,191.0,0.0,0.0,-999,8,0.0,0.0,0.0,0.0,1.3862943611198906,0.0,0.0,0.0
2594,1361,2026-02-15,Ancient,0,-1,191.0,0.0,0.0,-999,8,0.0,0.0,0.0,0.0,3.258096538021482,0.0,0.0,0.0
2593,1360,2026-02-15,Nuke,0,-1,191.0,0.0,0.0,-999,8,0.0,0.0,0.0,0.0,3.6635616461296463,0.0,0.0,0.0
2592,1360,2026-02-15,Mirage,0,-1,191.0,0.0,0.0,-999,8,0.0,0.0,0.0,0.0,3.4339872044851463,0.0,0.0,0.0
2591,1360,2026-02-15,Anubis,0,1,191.0,0.0,0.0,-999,8,0.0,0.0,0.0,0.0,1.3862943611198906,0.0,0.0,0.0
2590,1359,2026-02-15,Nuke,0,-1,191.0,0.0,0.0,-999,8,0.0,0.0,0.0,0.0,3.6635616461296463,0.0,0.0,0.0
2589,1359,2026-02-15,Anubis,0,-1,191.0,0.0,0.0,-999,8,0.0,0.0,0.0,0.0,1.3862943611198906,0.0,0.0,0.0
2588,1359,2026-02-15,Mirage,0,1,191.0,0.0,0.0,-999,8,0.0,0.0,0.0,0.0,3.4339872044851463,0.0,0.0,0.0
420,199,2026-02-16,Inferno,1,-1,72.0,-0.19047619047619052,363.9047619047619,0,4,0.4297360248447204,0.15475234270414992,0.015873015873015817,-0.06051587301587302,0.6701576623352463,30.940993788819867,-0.029476636705552374,26201.14285714286
421,199,2026-02-16,Anubis,1,-1,72.0,-0.19047619047619052,363.9047619047619,0,4,0.5619047619047619,1.3333333333333335,0.09953703703703709,0.0,1.5581446180465497,40.457142857142856,-0.25396825396825407,26201.14285714286
422,200,2026-02-16,Inferno,1,1,82.0,0.004044489383215388,340.3786653185035,0,2,-0.23626373626373642,0.0,-0.01479468599033823,-0.021588164251207742,0.613104472886409,-19.373626373626387,0.0,27911.05055611729
423,200,2026-02-16,Mirage,1,1,82.0,0.004044489383215388,340.3786653185035,0,2,0.02487343165309271,0.5681622088006903,0.04114583333333338,-0.038541666666666696,0.21130909366720685,2.0396213955536022,0.0022979260214385966,27911.05055611729
424,201,2026-02-16,Dust2,1,-1,-629.0,-0.5813953488372093,-118.9604651162791,-1,7,-0.9693915640164239,-1.2941176470588236,-0.04017857142857151,0.14484126984126988,-0.5260930958967793,609.7472937663306,0.7523939808481533,74826.13255813955
425,201,2026-02-16,Inferno,1,-1,-629.0,-0.5813953488372093,-118.9604651162791,-1,7,-0.08489594065526457,0.17386550027337327,-0.020138888888888873,0.03452380952380957,-0.06669137449867213,53.399546672161414,-0.10108459318219377,74826.13255813955
426,202,2026-02-16,Nuke,1,-1,8.0,-0.19913419913419894,-0.6212121212121815,0,3,0.0716533120778621,-0.38888888888888884,-0.02041742286751358,-0.007788868723533016,0.4054651081081646,0.5732264966228968,0.07744107744107735,-4.969696969697452
427,202,2026-02-16,Inferno,1,-1,8.0,-0.19913419913419894,-0.6212121212121815,0,3,0.2865631589035844,0.8421052631578947,0.0625,0.017045454545454586,1.5804503755608483,2.2925052712286753,-0.1676919571656412,-4.969696969697452
419,199,2026-02-16,Mirage,1,1,72.0,-0.19047619047619052,363.9047619047619,0,4,-0.25649299294549366,-0.4727954971857412,-0.026620370370370405,0.034722222222222154,0.6664789334777841,-18.467495492075543,0.09005628517823644,26201.14285714286
2587,1358,2026-02-16,Dust2,0,-1,371.0,1.0,166.9,-185,13,0.0,0.0,0.0,0.0,2.5649493574615367,0.0,0.0,61919.9
2586,1358,2026-02-16,Inferno,0,1,371.0,1.0,166.9,-185,13,1.3933649289099528,0.0,-0.010416666666666685,-0.2529761904761904,2.6741486494265287,516.9383886255924,0.0,61919.9
2585,1358,2026-02-16,Ancient,0,-1,371.0,1.0,166.9,-185,13,0.0,0.0,0.0,0.0,2.772588722239781,0.0,0.0,61919.9
2584,1357,2026-02-16,Nuke,0,-1,191.0,-0.8,-82.8,-198,9,-0.9591078066914498,0.0,-0.2147435897435897,-0.1634615384615385,2.995732273553991,-183.1895910780669,0.0,-15814.8
2583,1357,2026-02-16,Inferno,0,-1,191.0,-0.8,-82.8,-198,9,0.0,0.0,0.0,0.0,3.091042453358316,0.0,0.0,-15814.8
2582,1357,2026-02-16,Dust2,0,1,191.0,-0.8,-82.8,-198,9,-1.3533834586466165,0.0,-0.11666666666666664,0.2458333333333334,1.9459101490553132,-258.49624060150376,0.0,-15814.8
2579,1355,2026-02-17,Dust2,0,1,41.0,0.5714285714285714,-191.0,-82,3,0.0,0.0,0.0,0.0,3.6109179126442243,0.0,0.0,-7831.0
415,197,2026-02-17,Mirage,1,1,227.0,-0.023255813953488396,143.4023255813953,0,10,-0.9606469857546845,-1.1323392357875115,-0.048903788846317575,0.13872924648786716,-0.06899287148695166,-218.06686576631338,0.026333470599709596,32552.327906976734
414,196,2026-02-17,Mirage,1,-1,-298.0,-0.42403100775193814,-202.76627906976748,0,-2,0.3989368247483572,0.1065918653576437,0.04595588235294118,-0.078125,-0.058840500022933284,-118.88317377501043,-0.045198256085760564,60424.35116279071
413,196,2026-02-17,Overpass,1,-1,-298.0,-0.42403100775193814,-202.76627906976748,0,-2,-0.3425925925925926,-0.7457627118644068,-0.12152777777777779,0.08680555555555552,-1.1786549963416462,102.0925925925926,0.3162265142556827,60424.35116279071
412,195,2026-02-17,Mirage,1,-1,154.0,-0.17381818181818182,135.67636363636362,0,0,-0.3622291021671826,-1.1666666666666667,-0.005411255411255478,0.008387445887445888,-0.23180161405732447,-55.78328173374612,0.2027878787878788,20894.159999999996
411,195,2026-02-17,Nuke,1,-1,154.0,-0.17381818181818182,135.67636363636362,0,0,0.1906465627395859,1.4285714285714286,-0.05059523809523814,0.03968253968253971,0.382992252256106,29.35957066189623,-0.24831168831168832,20894.159999999996
2580,1356,2026-02-17,Dust2,0,-1,191.0,0.0,0.0,-999,10,0.0,0.0,0.0,0.0,3.091042453358316,0.0,0.0,0.0
409,194,2026-02-17,Ancient,1,1,74.0,0.01515151515151511,287.25568181818176,0,2,0.31693705386112914,1.0049140049140048,-0.023001508295625916,-0.03139140271493207,-0.4054651081081646,23.453341985723554,0.015225969771424274,21256.92045454545
408,194,2026-02-17,Mirage,1,1,74.0,0.01515151515151511,287.25568181818176,0,2,-0.1730064806987883,0.09409340659340665,-0.02225672877846796,-0.013112491373360902,-0.08701137698962969,-12.802479571710334,0.0014256576756576727,21256.92045454545
407,193,2026-02-17,Mirage,1,1,101.0,0.19613526570048312,273.53526570048314,0,6,-0.11495968945954019,-0.09324253535882648,-0.032080861349154,0.048807954295759126,-0.10008345855698275,-11.61092863541356,-0.018288149447190125,27627.0618357488
406,193,2026-02-17,Inferno,1,-1,101.0,0.19613526570048312,273.53526570048314,0,6,-0.0851253340119607,-0.1917597227570273,-0.009790163058005896,0.0038091419406575677,0.38299225225610556,-8.59765873520803,-0.03761084417360053,27627.0618357488
405,193,2026-02-17,Dust2,1,1,101.0,0.19613526570048312,273.53526570048314,0,6,-0.3477591778807517,-0.42792927779442597,-0.03210768908443323,0.007018646553530239,-0.14660347419187536,-35.12367696595592,-0.08393202260122559,27627.0618357488
416,197,2026-02-17,Overpass,1,1,227.0,-0.023255813953488396,143.4023255813953,0,10,0.1422902494331066,0.0383751786078792,0.020021645021644996,0.06385281385281383,-0.4054651081081646,32.2998866213152,-0.0008924460141367265,32552.327906976734
417,198,2026-02-17,Ancient,1,-1,-1.0,0.032258064516129045,59.0451612903226,1,-6,0.8169676247462335,1.4166666666666667,0.021367521367521403,-0.05146011396011402,-0.35139788683788886,-0.8169676247462335,0.04569892473118282,-59.0451612903226
410,195,2026-02-17,Inferno,1,1,154.0,-0.17381818181818182,135.67636363636362,0,0,0.19170086639306883,-0.2604422604422605,0.004227053140096526,-0.035507246376811574,0.4054651081081646,29.521933424532598,0.0452696001786911,20894.159999999996
2581,1356,2026-02-17,Anubis,0,-1,191.0,0.0,0.0,-999,10,0.0,0.0,0.0,0.0,1.6094379124341003,0.0,0.0,0.0
418,198,2026-02-17,Mirage,1,-1,-1.0,0.032258064516129045,59.0451612903226,1,-6,0.3006535947712417,0.006863417982155062,0.06352267414679758,0.0263557737260402,-0.2876820724517808,-0.3006535947712417,0.00022140058006951823,-59.0451612903226
2578,1355,2026-02-17,Ancient,0,1,41.0,0.5714285714285714,-191.0,-82,3,-0.7804878048780488,-0.6857142857142857,-0.05357142857142855,-0.021428571428571408,2.8903717578961645,-32.0,-0.39183673469387753,-7831.0
400,191,2026-02-18,Dust2,1,-1,-237.0,-0.0163265306122449,-43.203174603174546,0,0,-0.6237229437229438,-0.616774193548387,-0.0804924242424242,0.05208333333333337,-0.67116827384117,147.82233766233767,0.010069782751810401,10239.152380952368
398,190,2026-02-18,Dust2,1,1,317.0,-0.3914893617021277,-100.32553191489353,0,-1,-0.3181079617259433,-0.09047619047619046,-0.108179012345679,0.05370370370370375,-0.9343092373768331,-100.84022386712402,0.03542046605876393,-31803.19361702125
399,190,2026-02-18,Ancient,1,1,317.0,-0.3914893617021277,-100.32553191489353,0,-1,0.0857142857142858,0.3389830508474576,0.03616898148148151,0.009259259259259245,-0.1112256351102241,27.1714285714286,-0.13270825820411108,-31803.19361702125
401,191,2026-02-18,Mirage,1,1,-237.0,-0.0163265306122449,-43.203174603174546,0,0,0.4171580188679245,0.5038265306122449,0.029761904761904767,-0.0444444444444444,-0.3272129112084161,-98.8664504716981,-0.00822573927530196,10239.152380952368
402,191,2026-02-18,Ancient,1,-1,-237.0,-0.0163265306122449,-43.203174603174546,0,0,-0.03154210986784545,0.2797773654916512,0.03373015873015878,0.04365079365079366,-0.8209805520698299,7.475480038679371,-0.004567793722312674,10239.152380952368
404,192,2026-02-18,Dust2,1,1,166.0,-0.35555555555555557,303.3555555555556,0,-5,0.4523426117629016,0.2687009959737233,0.048583662714097475,-0.06373517786561261,0.04255961441879608,75.08887355264166,-0.0955381319017683,50357.02222222223
403,192,2026-02-18,Overpass,1,1,166.0,-0.35555555555555557,303.3555555555556,0,-5,-0.4759361462227761,-0.7757009345794393,-0.03910256410256413,-0.004914529914529897,-0.13353139262452274,-79.00540027298084,0.2758047767393562,50357.02222222223
2577,1354,2026-02-19,Inferno,0,1,191.0,0.0,0.0,-998,11,0.0,0.0,0.0,0.0,3.1354942159291497,0.0,0.0,0.0
2576,1354,2026-02-19,Mirage,0,-1,191.0,0.0,0.0,-998,11,0.0,0.0,0.0,0.0,3.4965075614664802,0.0,0.0,0.0
2575,1354,2026-02-19,Anubis,0,1,191.0,0.0,0.0,-998,11,0.0,0.0,0.0,0.0,1.791759469228055,0.0,0.0,0.0
391,184,2026-02-19,Nuke,1,1,35.0,1.2890365448504983,-101.55007119126722,0,4,0.0,0.0,0.0,0.0,3.044522437723423,0.0,0.0,-3554.2524916943526
2574,1353,2026-02-19,Mirage,0,1,41.0,0.0,0.0,-997,2,0.0,0.0,0.0,0.0,3.871201010907891,0.0,0.0,0.0
2573,1353,2026-02-19,Ancient,0,1,41.0,0.0,0.0,-997,2,0.0,0.0,0.0,0.0,3.6109179126442243,0.0,0.0,0.0
392,184,2026-02-19,Overpass,1,1,35.0,1.2890365448504983,-101.55007119126722,0,4,1.2095238095238094,0.0,0.07166666666666671,-0.11166666666666664,2.5649493574615367,42.33333333333333,0.0,-3554.2524916943526
393,185,2026-02-19,Default,1,-1,-34.0,0.0,0.0,30,-1,0.0,0.0,0.0,0.0,-1.9459101490553132,0.0,0.0,0.0
394,188,2026-02-19,Mirage,1,-1,45.0,0.9538461538461539,-301.0961538461538,-28,5,-0.1406976744186047,0.3333333333333333,-0.03968253968253971,0.033730158730158666,0.7621400520468968,-6.331395348837211,0.31794871794871793,-13549.326923076922
397,189,2026-02-19,Inferno,1,1,45.0,1.8,-34.61764705882353,-60,5,0.0,0.0,0.0,0.0,2.8903717578961645,0.0,0.0,-1557.7941176470588
396,188,2026-02-19,Ancient,1,1,45.0,0.9538461538461539,-301.0961538461538,-28,5,1.3160621761658031,1.4947368421052631,0.16603535353535354,-0.12121212121212116,1.749199854809259,59.22279792746114,1.425748987854251,-13549.326923076922
395,188,2026-02-19,Inferno,1,1,45.0,0.9538461538461539,-301.0961538461538,-28,5,-0.3500000000000001,0.0,-0.09926470588235292,-0.037990196078431404,1.7917594692280547,-15.750000000000004,0.0,-13549.326923076922
380,179,2026-02-20,Ancient,1,-1,-93.0,0.1795918367346939,80.7612244897959,1,5,-0.5900850906400296,-0.7692307692307693,-0.01976102941176472,0.07797181372549017,-0.05715841383994835,54.87791342952275,-0.1381475667189953,-7510.793877551018
379,177,2026-02-20,Overpass,1,1,643.0,0.5361702127659576,69.50212765957446,2,-1,0.43673355629877364,0.8314606741573034,0.046130952380952384,-0.02480158730158727,-0.14310084364067333,280.8196767001115,0.4458044465694479,44689.86808510638
378,177,2026-02-20,Inferno,1,1,643.0,0.5361702127659576,69.50212765957446,2,-1,0.3591326105087574,0.08823529411764708,0.04803338992642897,-0.060908319185059456,0.4700036292457357,230.922268557131,0.04730913642052568,44689.86808510638
377,176,2026-02-20,Dust2,1,-1,-48.0,-0.4,54.6,30,-5,-0.15495495495495484,0.0,-0.08333333333333331,0.010683760683760701,-1.742969305058623,7.437837837837833,0.0,-2620.8
376,175,2026-02-20,Mirage,1,-1,0.0,-1.0035087719298246,29.021052631578954,0,-4,-0.2469474969474969,-0.4833333333333333,-0.12140088593576964,-0.03737541528239202,-1.7047480922384253,-0.0,0.4850292397660818,0.0
373,174,2026-02-20,Nuke,1,-1,172.0,0.16485507246376813,115.12409420289862,0,3,0.46315789473684194,0.9428571428571428,-0.022222222222222254,0.012499999999999956,0.6613984822453651,79.66315789473681,0.15543478260869567,19801.344202898563
374,175,2026-02-20,Dust2,1,1,0.0,-1.0035087719298246,29.021052631578954,0,-4,-0.5359947103066367,-0.9749999999999999,-0.037878787878787845,0.055506993006992966,-0.5533852381847866,-0.0,0.9784210526315789,0.0
372,174,2026-02-20,Dust2,1,1,172.0,0.16485507246376813,115.12409420289862,0,3,0.22994686639779785,0.26327301650427526,0.015460526315789425,-0.07050438596491232,0.6190392084062233,39.55086102042123,0.04340189221356712,19801.344202898563
371,174,2026-02-20,Mirage,1,-1,172.0,0.16485507246376813,115.12409420289862,0,3,-0.1848613753446911,-0.6274509803921567,-0.030777374470659424,0.02419842710223835,0.26236426446749084,-31.79615655928687,-0.10343847684001135,19801.344202898563
381,179,2026-02-20,Inferno,1,1,-93.0,0.1795918367346939,80.7612244897959,1,5,0.1525909317389138,0.3615384615384616,-0.0349018199233716,-0.040229885057471215,0.1823215567939549,-14.190956651718984,0.0649293563579278,-7510.793877551018
375,175,2026-02-20,Nuke,1,-1,0.0,-1.0035087719298246,29.021052631578954,0,-4,0.09062262020430131,0.36904761904761907,-0.011426191510937267,-0.07033173982326524,-0.40546510810816416,0.0,-0.370342522974102,0.0
382,179,2026-02-20,Mirage,1,1,-93.0,0.1795918367346939,80.7612244897959,1,5,-0.029374471682164005,0.26967347897580457,-0.006664078674948226,0.05214803312629396,0.1892419996385284,2.7318258664412527,0.0484311554078996,-7510.793877551018
2569,1351,2026-02-20,Dust2,0,1,191.0,1.0,-34.599999999999994,-82,12,0.6358381502890174,0.7368421052631579,0.13405797101449274,-0.032608695652173836,2.4849066497880004,121.44508670520231,0.7368421052631579,-6608.5999999999985
384,180,2026-02-20,Ancient,1,1,37.0,1.0048780487804878,-92.2,-38,4,0.5854491145722212,1.5,0.07720588235294118,-0.037640056022408996,1.4759065198095778,21.661617239172184,1.5073170731707317,-3411.4
383,180,2026-02-20,Overpass,1,1,37.0,1.0048780487804878,-92.2,-38,4,0.18289085545722716,0.8275862068965517,-0.020833333333333315,0.011904761904761973,0.6286086594223743,6.766961651917405,0.831623212783852,-3411.4
2571,1352,2026-02-20,Dust2,0,-1,41.0,0.9304812834224601,-74.25000000000001,-9,2,0.33300395256917,0.0,0.0,-0.0543355855855856,2.028148247292285,13.653162055335969,0.0,-3044.2500000000005
2572,1352,2026-02-20,Inferno,0,-1,41.0,0.9304812834224601,-74.25000000000001,-9,2,-0.746987951807229,0.0,-0.10784313725490191,0.037990196078431404,2.456735772821304,-30.62650602409639,0.0,-3044.2500000000005
2568,1351,2026-02-20,Nuke,0,-1,191.0,1.0,-34.599999999999994,-82,12,0.0,0.0,0.0,0.0,3.713572066704308,0.0,0.0,-6608.5999999999985
390,183,2026-02-20,Overpass,1,1,34.0,0.959130533227669,53.9989810936262,0,1,1.352112676056338,1.5454545454545454,0.07407407407407413,-0.1296296296296296,1.2039728043259361,45.97183098591549,1.4822926422609428,1835.9653571832907
2570,1351,2026-02-20,Inferno,0,-1,191.0,1.0,-34.599999999999994,-82,12,0.0,0.0,0.0,0.0,3.1780538303479458,0.0,0.0,-6608.5999999999985
388,182,2026-02-20,Mirage,1,1,37.0,1.0680359435173299,-66.78947368421052,-61,4,0.0,0.0,0.0,0.0,3.871201010907891,0.0,0.0,-2471.210526315789
387,181,2026-02-20,Ancient,1,-1,29.0,0.22222222222222227,-5.7999999999999545,2,-2,-0.022996455433561103,-1.2212389380530972,0.06211538461538452,-0.014294871794871766,-1.2927683031090673,-0.666897207573272,-0.27138643067846613,-168.19999999999868
386,181,2026-02-20,Mirage,1,1,29.0,0.22222222222222227,-5.7999999999999545,2,-2,0.1186974789915966,0.47455457164195036,-0.000305997552019599,0.017237862097103207,-0.7884573603642702,3.4422268907563014,0.10545657147598898,-168.19999999999868
385,181,2026-02-20,Dust2,1,-1,29.0,0.22222222222222227,-5.7999999999999545,2,-2,-0.1265844916513683,-0.10588235294117643,-0.014324618736383465,0.025217864923747335,-0.9382696385929306,-3.670950257889681,-0.02352941176470588,-168.19999999999868
389,183,2026-02-20,Nuke,1,1,34.0,0.959130533227669,53.9989810936262,0,1,0.6904761904761905,0.7058823529411764,0.2660256410256411,-0.03205128205128205,1.945910149055313,23.476190476190474,0.6770333175724721,1835.9653571832907
362,170,2026-02-21,Nuke,1,-1,37.0,0.4806201550387597,-48.0,1,2,1.227941176470588,0.9166666666666666,0.14074074074074072,-0.10092592592592592,3.1354942159291497,45.43382352941176,0.4405684754521964,-1776.0
358,168,2026-02-21,Dust2,1,1,690.0,0.22926617455492831,-23.964394268345586,0,1,0.8487795575896261,1.1935483870967742,0.03887085137085128,-0.1409632034632035,0.04445176257083361,585.657894736842,0.2736402728558822,-16535.432045158454
359,169,2026-02-21,Dust2,1,1,35.0,0.8788159111933396,-28.703515263644775,-104,6,0.962292609351433,0.0,0.085727969348659,-0.11063218390804597,2.014903020542265,33.68024132730015,0.0,-1004.6230342275671
360,169,2026-02-21,Mirage,1,1,35.0,0.8788159111933396,-28.703515263644775,-104,6,0.6984615384615385,0.0,0.14930555555555558,-0.08680555555555558,1.83258146374831,24.446153846153848,0.0,-1004.6230342275671
361,170,2026-02-21,Dust2,1,1,37.0,0.4806201550387597,-48.0,1,2,-0.724770642201835,-0.6301369863013698,-0.04741379310344823,0.1364942528735632,2.70805020110221,-26.816513761467892,-0.30285653605182117,-1776.0
357,168,2026-02-21,Mirage,1,1,690.0,0.22926617455492831,-23.964394268345586,0,1,-0.3702859314144581,-1.2307692307692308,0.02261904761904765,0.05119047619047612,-0.3429447511268302,-255.49729267597607,-0.28217375329837335,-16535.432045158454
368,173,2026-02-21,Dust2,1,1,-48.0,0.7286821705426357,8.93023255813953,-1,0,1.096774193548387,0.9361702127659575,0.1159420289855072,-0.17028985507246375,-2.4849066497880004,-52.64516129032258,0.682170542635659,-428.6511627906974
365,171,2026-02-21,Inferno,1,1,10.0,0.0,-42.5,0,-4,-0.07806993765248033,-0.27287977632805227,-0.029166666666666674,0.00694444444444442,0.0,-0.7806993765248033,-0.0,-425.0
366,172,2026-02-21,Overpass,1,1,11.0,0.1499762695775984,-99.05315614617942,1,2,0.01314459049544986,-0.27640156453715775,0.08333333333333331,0.052083333333333315,-0.7884573603642704,0.14459049544994845,-0.04145367555469474,-1089.5847176079735
367,172,2026-02-21,Nuke,1,1,11.0,0.1499762695775984,-99.05315614617942,1,2,0.9111111111111111,0.7110432958230021,0.05720899470899471,-0.19576719576719576,0.2363887780642302,10.022222222222222,0.10663962101569462,-1089.5847176079735
369,173,2026-02-21,Nuke,1,-1,-48.0,0.7286821705426357,8.93023255813953,-1,0,-1.153526970954357,-0.9369369369369369,-0.10416666666666669,0.16979166666666662,-3.0204248861443626,55.36929460580913,-0.6827292408687758,-428.6511627906974
370,173,2026-02-21,Ancient,1,1,-48.0,0.7286821705426357,8.93023255813953,-1,0,-1.064516129032258,-1.2,-0.23913043478260873,0.10326086956521735,-2.4849066497880004,51.096774193548384,-0.8744186046511628,-428.6511627906974
356,167,2026-02-21,Overpass,1,-1,48.0,1.2282003710575138,-70.66975881261595,0,5,0.6555801921655581,0.0,0.08705357142857145,-0.05729166666666663,-0.11778303565638382,31.467849223946786,0.0,-3392.1484230055657
363,170,2026-02-21,Ancient,1,1,37.0,0.4806201550387597,-48.0,1,2,1.4285714285714284,1.6039603960396038,0.2869047619047619,-0.10952380952380947,2.8903717578961645,52.85714285714285,0.7708956942205848,-1776.0
355,167,2026-02-21,Mirage,1,-1,48.0,1.2282003710575138,-70.66975881261595,0,5,0.0968719856690092,0.7701149425287357,-0.0028409090909090606,-0.06628787878787878,1.3217558399823193,4.649855312112441,0.945855458170729,-3392.1484230055657
364,171,2026-02-21,Dust2,1,1,10.0,0.0,-42.5,0,-4,0.866951431735485,0.962993762993763,0.07929208472686727,-0.08277591973244153,1.2110902720948,8.66951431735485,0.0,-425.0
353,165,2026-02-22,Ancient,1,-1,-57.0,-1.2093023255813953,-43.76744186046513,0,-2,0.0,0.0,0.0,0.0,-2.995732273553991,0.0,0.0,2494.7441860465124
333,154,2026-02-22,Ancient,1,1,37.0,0.772370486656201,-60.60910518053375,0,3,0.8772077375946172,1.6551724137931034,0.07986111111111105,-0.05324074074074081,1.4136933353080048,32.456686291000835,1.2784063227412983,-2242.536891679749
334,154,2026-02-22,Overpass,1,1,37.0,0.772370486656201,-60.60910518053375,0,3,0.10987654320987654,0.4,-0.03877314814814814,-0.02401620370370372,0.5306282510621703,4.065432098765432,0.3089481946624804,-2242.536891679749
335,155,2026-02-22,Mirage,1,-1,10.0,-0.06033717834960073,6.52617568766637,0,0,-0.5336609336609336,-0.15045200172191128,-0.10218750000000004,0.09614583333333326,-0.42488319396526597,-5.336609336609336,0.009077849260949396,65.2617568766637
354,166,2026-02-22,Mirage,1,1,41.0,1.4,-185.3,-49,8,0.0,0.0,0.0,0.0,3.912023005428146,0.0,0.0,-7597.3
336,155,2026-02-22,Nuke,1,1,10.0,-0.06033717834960073,6.52617568766637,0,0,0.4596234527235534,0.20196759259259267,0.027579365079365148,-0.09146825396825398,-0.04652001563489305,4.596234527235534,-0.012186154655098763,65.2617568766637
337,155,2026-02-22,Overpass,1,-1,10.0,-0.06033717834960073,6.52617568766637,0,0,0.41541892322395674,0.42468480424684796,0.0913461538461538,0.023504273504273476,-1.349926716949016,4.154189232239568,-0.02562428277620734,65.2617568766637
332,154,2026-02-22,Anubis,1,-1,37.0,0.772370486656201,-60.60910518053375,0,3,0.40225563909774426,0.5882352941176471,-0.0016339869281045694,0.04901960784313719,1.504077396776274,14.883458646616537,0.4543355803860006,-2242.536891679749
339,157,2026-02-22,Overpass,1,-1,-619.0,-0.25217391304347825,30.88695652173908,0,1,-0.6692810457516338,-1.2105263157894737,-0.025997150997151053,0.08190883190883191,-0.3364722366212125,414.28496732026133,0.30526315789473685,-19119.02608695649
340,157,2026-02-22,Dust2,1,-1,-619.0,-0.25217391304347825,30.88695652173908,0,1,-0.21470783922351377,-0.3959390862944163,0.01645852605612097,0.08260098674067218,0.6931471805599454,132.90415247935502,0.09984550871772237,-19119.02608695649
341,157,2026-02-22,Inferno,1,-1,-619.0,-0.25217391304347825,30.88695652173908,0,1,-0.21533923303834807,-0.2829268292682927,-0.052041330645161255,0.04036458333333337,-0.030771658666753687,133.29498525073745,0.07134676564156946,-19119.02608695649
338,156,2026-02-22,Ancient,1,1,57.0,0.16168327796234763,-8.732558139534873,0,2,0.0,0.0,0.0,0.0,2.995732273553991,0.0,0.0,-497.7558139534878
343,159,2026-02-22,Inferno,1,-1,-57.0,-1.2093023255813953,105.72770377060287,0,-1,-0.8334700574241182,-1.4634146341463414,-0.06929347826086951,0.02943840579710144,-1.5686159179138455,47.507793273174734,1.7697107203630174,-6026.479114924364
352,164,2026-02-22,Inferno,1,1,61.0,0.0,-270.59166666666675,0,4,0.5279999999999999,0.7715613702874851,-0.005712365591397817,-0.0964381720430107,0.6325225587435104,32.20799999999999,0.0,-16506.09166666667
351,164,2026-02-22,Mirage,1,1,61.0,0.0,-270.59166666666675,0,4,-0.3438522674146796,-0.4915402932698333,-0.015897293288839376,0.057656655543196156,-0.06453852113757108,-20.974988312295455,-0.0,-16506.09166666667
350,163,2026-02-22,Overpass,1,1,8.0,0.20408163265306117,4.489795918367346,0,2,0.7712328767123288,0.6363636363636364,0.09895833333333331,-0.01996527777777779,-0.8873031950009029,6.16986301369863,0.12987012987012983,35.918367346938766
342,158,2026-02-22,Nuke,1,1,41.0,1.4,-184.795145631068,0,6,0.6684931506849314,0.0,0.14152298850574713,-0.06910919540229893,2.2857779746776647,27.408219178082188,0.0,-7576.600970873788
349,163,2026-02-22,Mirage,1,1,8.0,0.20408163265306117,4.489795918367346,0,2,-0.6901544401544402,-0.658102766798419,-0.08680555555555558,0.0625,-1.0586069540544103,-5.521235521235521,-0.13430668710171811,35.918367346938766
331,153,2026-02-22,Overpass,1,1,-41.0,-0.35238095238095235,87.8,0,-7,0.0,0.0,0.0,0.0,-2.833213344056216,0.0,0.0,-3599.7999999999997
348,163,2026-02-22,Nuke,1,-1,8.0,0.20408163265306117,4.489795918367346,0,2,0.5099918885037977,0.9361076732673268,-0.019565217391304346,-0.1164855072463768,-0.8056251639866354,4.079935108030382,0.1910423822994544,35.918367346938766
347,162,2026-02-22,Inferno,1,-1,-41.0,-1.4,35.3,0,-7,0.0,0.0,0.0,0.0,-3.58351893845611,0.0,0.0,-1447.3
346,161,2026-02-22,Mirage,1,-1,16.0,-0.19069767441860472,79.06744186046512,0,-5,-0.030898876404494346,0.05303030303030298,-0.02428784013605445,0.03231292517006801,-1.0788096613719298,-0.49438202247190954,-0.010112755461592666,1265.079069767442
345,160,2026-02-22,Dust2,1,1,35.0,1.0367892976588629,-62.64548494983278,0,5,-0.12420912420912444,-0.2767295597484276,-0.03472222222222221,0.06527777777777777,1.6422277352570913,-4.347319347319355,-0.2869102458930186,-2192.591973244147
344,160,2026-02-22,Anubis,1,1,35.0,1.0367892976588629,-62.64548494983278,0,5,1.112781954887218,1.657142857142857,0.05902777777777768,-0.0625,0.810930216216329,38.94736842105263,1.718107978977544,-2192.591973244147
323,149,2026-02-23,Anubis,1,1,57.0,1.2170212765957447,-43.638297872340424,-9,4,0.0,0.0,0.0,0.0,1.791759469228055,0.0,0.0,-2487.382978723404
325,150,2026-02-23,Overpass,1,-1,41.0,0.0,0.0,-999,10,0.0,0.0,0.0,0.0,2.8903717578961645,0.0,0.0,0.0
326,150,2026-02-23,Mirage,1,1,41.0,0.0,0.0,-999,10,0.0,0.0,0.0,0.0,3.9512437185814275,0.0,0.0,0.0
327,150,2026-02-23,Nuke,1,1,41.0,0.0,0.0,-999,10,0.0,0.0,0.0,0.0,4.0943445622221,0.0,0.0,0.0
328,151,2026-02-23,Overpass,1,1,57.0,1.2170212765957447,-35.638297872340424,-107,6,0.6600660066006601,0.0,0.007936507936507964,-0.13988095238095238,1.3217558399823195,37.62376237623762,0.0,-2031.3829787234042
329,151,2026-02-23,Mirage,1,1,57.0,1.2170212765957447,-35.638297872340424,-107,6,0.746031746031746,0.0,0.08796296296296297,-0.013888888888888895,0.6418538861723944,42.523809523809526,0.0,-2031.3829787234042
322,148,2026-02-23,Inferno,1,-1,-41.0,-1.2,154.74144144144145,1,-7,-1.056390977443609,-1.4230769230769231,-0.1120370370370371,0.0625,-1.8191584434161694,43.31203007518798,1.7076923076923076,-6344.3990990991
324,149,2026-02-23,Mirage,1,1,57.0,1.2170212765957447,-43.638297872340424,-9,4,1.1904761904761905,1.4375,0.01620370370370372,-0.07407407407407407,1.8458266904983305,67.85714285714286,1.7494680851063829,-2487.382978723404
320,148,2026-02-23,Ancient,1,-1,-41.0,-1.2,154.74144144144145,1,-7,-1.0033594624860023,-1.52,-0.1402027027027027,0.06888138138138133,-1.6916760106710724,41.13773796192609,1.8239999999999998,-6344.3990990991
321,148,2026-02-23,Mirage,1,1,-41.0,-1.2,154.74144144144145,1,-7,-1.0810966810966811,-1.4444444444444444,-0.032066993464052285,0.06556372549019607,-2.3418058061473275,44.324963924963924,1.7333333333333332,-6344.3990990991
2560,1348,2026-02-23,Nuke,0,-1,191.0,0.0,0.0,-996,13,0.0,0.0,0.0,0.0,3.7376696182833684,0.0,0.0,0.0
2561,1348,2026-02-23,Anubis,0,-1,191.0,0.0,0.0,-996,13,0.0,0.0,0.0,0.0,1.9459101490553132,0.0,0.0,0.0
330,152,2026-02-23,Nuke,1,-1,-57.0,-1.6170212765957448,96.63829787234043,1,-5,0.0,0.0,0.0,0.0,-3.1780538303479458,0.0,0.0,-5508.382978723404
318,147,2026-02-24,Nuke,1,1,16.0,0.6000000000000001,4.1,0,-4,0.2074007113801166,0.4282744282744282,-0.005327868852459061,-0.02685792349726779,-0.8690378470236095,3.3184113820818655,0.2569646569646569,65.6
317,146,2026-02-24,Inferno,1,1,191.0,0.0,0.0,-999,15,0.0,0.0,0.0,0.0,3.2188758248682006,0.0,0.0,0.0
315,145,2026-02-24,Nuke,1,1,-41.0,-1.0,52.5,0,-8,-0.21496867787668988,-0.03418803418803419,-0.055327868852458995,0.040642076502732216,-3.0285220963769817,8.813715792944285,0.03418803418803419,-2152.5
314,144,2026-02-24,Ancient,1,1,191.0,0.0,0.0,-999,15,0.0,0.0,0.0,0.0,3.332204510175204,0.0,0.0,0.0
313,143,2026-02-24,Mirage,1,1,57.0,1.6,-48.4,0,4,1.2765957446808511,1.5135135135135136,0.06944444444444442,-0.0767543859649123,1.6094379124341003,72.76595744680851,2.4216216216216218,-2758.7999999999997
312,143,2026-02-24,Nuke,1,1,57.0,1.6,-48.4,0,4,0.42236938925680645,0.46246246246246236,0.04999999999999993,-0.0675,2.1594842493533726,24.075055187637968,0.7399399399399398,-2758.7999999999997
316,145,2026-02-24,Dust2,1,1,-41.0,-1.0,52.5,0,-8,-1.0223880597014925,-0.8166666666666668,-0.10307017543859642,0.12390350877192974,-2.5649493574615363,41.917910447761194,0.8166666666666668,-2152.5
319,147,2026-02-24,Inferno,1,1,16.0,0.6000000000000001,4.1,0,-4,-0.098544546958692,-0.022827041264266934,-0.03828828828828834,0.020786411411411465,-0.4187103348581851,-1.576712751339072,-0.013696224758560162,65.6
310,142,2026-02-25,Nuke,1,-1,-191.0,-0.48965517241379314,37.36206896551724,4,-16,-0.9054054054054054,0.0,-0.10416666666666669,0.11309523809523803,-2.662587827025453,172.93243243243242,0.0,-7136.155172413793
2559,1347,2026-02-25,Mirage,0,-1,191.0,-0.5333333333333334,-36.80000000000001,-160,17,-1.3083333333333333,0.0,-0.10353535353535348,0.11931818181818177,2.4277482359480516,-249.89166666666668,0.0,-7028.800000000002
2556,1346,2026-02-25,Nuke,0,1,41.0,-0.5333333333333334,-179.6,-9,11,-0.937142857142857,-1.1923076923076923,-0.07258064516129031,0.19018817204301075,3.449987545831587,-38.42285714285714,0.635897435897436,-7363.599999999999
2557,1346,2026-02-25,Dust2,0,1,41.0,-0.5333333333333334,-179.6,-9,11,0.0,0.0,0.0,0.0,3.6888794541139363,0.0,0.0,-7363.599999999999
2558,1347,2026-02-25,Ancient,0,-1,191.0,-0.5333333333333334,-36.80000000000001,-160,17,0.9758454106280193,0.0,0.0535714285714286,-0.12202380952380948,2.6741486494265287,186.38647342995168,0.0,-7028.800000000002
311,142,2026-02-25,Anubis,1,-1,-191.0,-0.48965517241379314,37.36206896551724,4,-16,-0.8666666666666667,0.0,0.08928571428571425,0.18452380952380948,-1.3862943611198904,165.53333333333333,0.0,-7136.155172413793
309,141,2026-02-25,Inferno,1,1,73.0,0.0,0.0,-991,4,0.0,0.0,0.0,0.0,2.0794415416798357,0.0,0.0,0.0
308,141,2026-02-25,Dust2,1,1,73.0,0.0,0.0,-991,4,0.0,0.0,0.0,0.0,3.258096538021482,0.0,0.0,0.0
300,137,2026-02-26,Anubis,1,-1,-191.0,0.0,0.0,30,-21,0.0,0.0,0.0,0.0,-2.1972245773362196,0.0,0.0,0.0
299,137,2026-02-26,Mirage,1,-1,-191.0,0.0,0.0,30,-21,0.0,0.0,0.0,0.0,-3.5553480614894135,0.0,0.0,0.0
298,136,2026-02-26,Nuke,1,-1,191.0,0.047368421052631504,-164.78157894736842,-41,21,0.4489941503780852,0.0,-0.003261784511784549,-0.0923821548821549,1.5040773967762737,85.75788272221428,0.0,-31473.281578947368
2553,1344,2026-02-26,Inferno,0,-1,-41.0,0.0,0.0,30,-13,0.0,0.0,0.0,0.0,-3.6635616461296463,0.0,0.0,0.0
301,138,2026-02-26,Ancient,1,-1,118.0,-0.6727272727272727,-61.40000000000001,0,15,0.12419562419562417,0.8214285714285714,0.017879948914431676,-0.020593869731800718,0.06899287148695166,14.655083655083653,-0.5525974025974025,-7245.200000000002
295,135,2026-02-26,Dust2,1,1,73.0,0.8727272727272727,29.400000000000006,-106,6,1.2727272727272727,0.0,0.10096153846153849,-0.13942307692307693,1.6863989535702288,92.9090909090909,0.0,2146.2000000000003
297,136,2026-02-26,Dust2,1,-1,191.0,0.047368421052631504,-164.78157894736842,-41,21,-0.5402855369335817,0.0,-0.012626262626262597,0.1032196969696969,0.7339691750802002,-103.19453755431411,0.0,-31473.281578947368
302,138,2026-02-26,Nuke,1,-1,118.0,-0.6727272727272727,-61.40000000000001,0,15,-0.2975684026689357,-1.1439681678422864,-0.045589826839826875,0.0015331890331889975,0.7156200364120036,-35.11307151493441,0.7695785856393563,-7245.200000000002
296,135,2026-02-26,Nuke,1,1,73.0,0.8727272727272727,29.400000000000006,-106,6,0.8333004537384101,0.0,0.1785714285714286,-0.0753968253968254,1.0116009116784803,60.830933122903936,0.0,2146.2000000000003
2552,1343,2026-02-26,Ancient,0,-1,37.0,0.0,0.0,-995,6,0.0,0.0,0.0,0.0,3.6375861597263857,0.0,0.0,0.0
2554,1344,2026-02-26,Dust2,0,-1,-41.0,0.0,0.0,30,-13,0.0,0.0,0.0,0.0,-3.713572066704308,0.0,0.0,0.0
2551,1343,2026-02-26,Nuke,0,-1,37.0,0.0,0.0,-995,6,0.0,0.0,0.0,0.0,3.871201010907891,0.0,0.0,0.0
2555,1345,2026-02-26,Default,0,-1,191.0,0.6,-22.4,-30,21,0.0,0.0,0.0,0.0,0.0,0.0,0.0,-4278.4
307,140,2026-02-26,Overpass,1,-1,-69.0,-0.8,59.75999999999999,30,0,0.0,0.0,0.0,0.0,-2.833213344056216,0.0,0.0,-4123.44
2550,1343,2026-02-26,Mirage,0,1,37.0,0.0,0.0,-995,6,0.0,0.0,0.0,0.0,3.912023005428146,0.0,0.0,0.0
305,139,2026-02-26,Nuke,1,1,35.0,1.7959183673469388,-17.551020408163264,-26,9,1.0963855421686748,1.1875,0.15530303030303028,-0.11553030303030304,2.0368819272610397,38.37349397590362,2.13265306122449,-614.2857142857142
303,139,2026-02-26,Dust2,1,1,35.0,1.7959183673469388,-17.551020408163264,-26,9,1.6639344262295084,1.744186046511628,0.012768817204301064,-0.2331989247311828,2.367123614131617,58.23770491803279,3.1324157570004747,-614.2857142857142
304,139,2026-02-26,Overpass,1,-1,35.0,1.7959183673469388,-17.551020408163264,-26,9,0.0,0.0,0.0,0.0,3.332204510175204,0.0,0.0,-614.2857142857142
306,140,2026-02-26,Ancient,1,-1,-69.0,-0.8,59.75999999999999,30,0,-1.341614906832298,0.0,0.06448412698412703,0.2633928571428571,-1.9810014688665836,92.57142857142856,0.0,-4123.44
2548,1342,2026-02-27,Mirage,0,-1,41.0,0.0,0.0,-998,14,0.0,0.0,0.0,0.0,3.970291913552122,0.0,0.0,0.0
2547,1341,2026-02-27,Anubis,0,1,191.0,-0.7333333333333334,-176.4,-52,21,0.0,0.0,0.0,0.0,2.302585092994046,0.0,0.0,-33692.4
2546,1341,2026-02-27,Mirage,0,1,191.0,-0.7333333333333334,-176.4,-52,21,-1.2659176029962547,-1.2580645161290323,-0.0976190476190476,0.10357142857142859,2.8903717578961645,-241.79026217228463,0.9225806451612903,-33692.4
2545,1340,2026-02-27,Overpass,0,-1,-37.0,-0.3793103448275862,35.98275862068966,4,-2,-0.3374604088684135,-0.7519446845289541,0.013970588235294068,0.03921568627450983,-0.49247648509779385,12.486035128131299,0.2852203975799481,-1331.3620689655174
2544,1340,2026-02-27,Ancient,0,-1,-37.0,-0.3793103448275862,35.98275862068966,4,-2,-0.9638762049720951,-1.5138888888888888,-0.08601364522417154,0.05957602339181289,-1.3609765531356004,35.66341958396752,0.5742337164750957,-1331.3620689655174
2543,1340,2026-02-27,Anubis,0,1,-37.0,-0.3793103448275862,35.98275862068966,4,-2,0.35347985347985345,0.5918367346938775,0.01620370370370372,-0.06365740740740744,-1.33500106673234,-13.078754578754577,-0.22448979591836732,-1331.3620689655174
282,130,2026-02-27,Overpass,1,-1,-69.0,-0.8777777777777778,47.175000000000004,30,-2,-1.4117647058823528,-1.6140350877192984,-0.14814814814814814,0.12731481481481477,-2.251291798606495,97.41176470588235,1.4167641325536064,-3255.0750000000003
283,130,2026-02-27,Inferno,1,-1,-69.0,-0.8777777777777778,47.175000000000004,30,-2,0.44626295690125484,1.4117647058823528,-0.01388888888888895,0.045138888888888895,-1.6094379124341003,-30.792144026186584,-1.2392156862745096,-3255.0750000000003
284,131,2026-02-27,Dust2,1,1,73.0,1.4814422057264052,-72.67974549310712,-88,7,0.2706114398422089,0.0,-0.16049382716049382,-0.09259259259259256,1.3862943611198906,19.754635108481253,0.0,-5305.621420996819
286,132,2026-02-27,Dust2,1,1,-35.0,0.0,0.0,30,-11,0.0,0.0,0.0,0.0,-3.5263605246161616,0.0,0.0,0.0
288,132,2026-02-27,Overpass,1,-1,-35.0,0.0,0.0,30,-11,0.0,0.0,0.0,0.0,-3.367295829986474,0.0,0.0,0.0
289,133,2026-02-27,Mirage,1,-1,35.0,0.6545454545454545,-65.5,-1,10,0.0,0.0,0.0,0.0,3.295836866004329,0.0,0.0,-2292.5
290,133,2026-02-27,Ancient,1,1,35.0,0.6545454545454545,-65.5,-1,10,1.6349206349206344,1.6774193548387097,0.18939393939393934,-0.14204545454545447,2.0368819272610397,57.22222222222221,1.0979472140762463,-2292.5
291,133,2026-02-27,Dust2,1,-1,35.0,0.6545454545454545,-65.5,-1,10,1.5851851851851853,1.6262626262626263,0.15151515151515155,-0.1742424242424242,2.4277482359480516,55.48148148148148,1.0644628099173554,-2292.5
292,134,2026-02-27,Ancient,1,-1,69.0,0.7740041928721175,-72.39622641509435,-27,2,0.0023784355179702343,1.0,-0.01765188834154352,0.0451559934318555,1.3217558399823197,0.16411205073994617,0.7740041928721175,-4995.33962264151
293,134,2026-02-27,Overpass,1,1,69.0,0.7740041928721175,-72.39622641509435,-27,2,1.0861833105335155,1.6140350877192984,0.15648148148148144,-0.11064814814814816,1.1526795099383853,74.94664842681257,1.2492699253374528,-4995.33962264151
294,134,2026-02-27,Nuke,1,-1,69.0,0.7740041928721175,-72.39622641509435,-27,2,0.6646926295461859,0.721938775510204,0.046875,-0.03437499999999999,1.3156767939059373,45.863791438686825,0.5587836392418604,-4995.33962264151
2549,1342,2026-02-27,Dust2,0,-1,41.0,0.0,0.0,-998,14,0.0,0.0,0.0,0.0,3.7376696182833684,0.0,0.0,0.0
285,131,2026-02-27,Nuke,1,1,73.0,1.4814422057264052,-72.67974549310712,-88,7,1.289473684210526,0.0,0.14457070707070713,-0.1856060606060606,1.1895840668738364,94.13157894736841,0.0,-5305.621420996819
287,132,2026-02-27,Anubis,1,-1,-35.0,0.0,0.0,30,-11,0.0,0.0,0.0,0.0,-2.302585092994046,0.0,0.0,0.0
2541,1339,2026-02-28,Nuke,0,-1,-37.0,-0.8076923076923077,120.5,13,-6,-0.42896456828345375,-0.7401574803149606,-0.01041666666666663,0.12795138888888896,-1.4939250253122558,15.87168902648779,0.5978195033313144,-4458.5
2542,1339,2026-02-28,Overpass,0,-1,-37.0,-0.8076923076923077,120.5,13,-6,0.355104015481374,0.026402640264026445,0.06018518518518523,-0.02314814814814814,-0.998528830111127,-13.138848572810838,-0.02132520944402136,-4458.5
278,128,2026-02-28,Nuke,1,1,69.0,0.6042553191489363,-99.89999999999999,-92,3,0.3157288265796044,0.0,0.061846689895470375,0.00391986062717764,1.6582280766035327,21.7852890339927,0.0,-6893.099999999999
281,129,2026-02-28,Ancient,1,1,73.0,0.6666666666666669,21.79166666666667,-6,5,-0.08496732026143787,-0.38775510204081626,0.014880952380952384,-0.07738095238095244,2.2686835413183646,-6.202614379084965,-0.2585034013605442,1590.791666666667
276,128,2026-02-28,Dust2,1,-1,69.0,0.6042553191489363,-99.89999999999999,-92,3,-0.5825242718446602,0.0,-0.03809523809523807,0.10833333333333334,2.8903717578961645,-40.19417475728155,0.0,-6893.099999999999
277,128,2026-02-28,Inferno,1,1,69.0,0.6042553191489363,-99.89999999999999,-92,3,0.37948717948717947,0.0,0.09499999999999997,-0.08833333333333326,1.4663370687934272,26.184615384615384,0.0,-6893.099999999999
279,129,2026-02-28,Inferno,1,-1,73.0,0.6666666666666669,21.79166666666667,-6,5,0.0,0.0,0.0,0.0,2.1972245773362196,0.0,0.0,1590.791666666667
280,129,2026-02-28,Nuke,1,1,73.0,0.6666666666666669,21.79166666666667,-6,5,0.35329341317365265,0.7701149425287357,-0.033514492753623226,-0.10054347826086957,2.079441541679836,25.790419161676642,0.513409961685824,1590.791666666667
2525,1329,2026-03-01,Dust2,0,-1,35.0,-0.6511470985155196,67.82793522267202,22,-4,-0.3870480302212627,-1.3333333333333333,-0.10987295434969852,0.038221360895779544,-0.8397506547518208,-13.546681057744195,0.8681961313540261,2373.9777327935208
2526,1329,2026-03-01,Nuke,0,-1,35.0,-0.6511470985155196,67.82793522267202,22,-4,0.26387504154204044,0.43317972350230416,0.016666666666666663,-0.0708333333333333,0.17185025692665912,9.235626453971415,-0.2820637200942804,2373.9777327935208
2527,1330,2026-03-01,Ancient,0,-1,-41.0,0.18620689655172412,-8.04137931034483,-23,3,0.04284221525600833,0.967741935483871,-0.0522411616161616,0.029356060606060663,0.08338160893905089,-1.7565308254963414,0.18020022246941045,329.69655172413803
2528,1330,2026-03-01,Nuke,0,1,-41.0,0.18620689655172412,-8.04137931034483,-23,3,0.16852418860992038,0.17543859649122806,-0.006963264077085196,-0.043172237277928294,0.4054651081081646,-6.909491733006735,0.032667876588021776,329.69655172413803
2529,1330,2026-03-01,Overpass,0,-1,-41.0,0.18620689655172412,-8.04137931034483,-23,3,0.2558139534883721,1.0,-0.10119047619047616,0.05555555555555558,0.6931471805599452,-10.488372093023257,0.18620689655172412,329.69655172413803
2531,1331,2026-03-01,Mirage,0,1,144.0,0.03711340206185565,288.4494845360825,-34,4,0.3976731887890006,0.8309859154929579,0.06912442396313362,-0.014784946236559182,1.3862943611198908,57.264939185616086,0.030840714389429348,41536.725773195874
2532,1331,2026-03-01,Ancient,0,1,144.0,0.03711340206185565,288.4494845360825,-34,4,-0.07467418104966539,0.0,0.017045454545454475,0.022727272727272707,1.749199854809259,-10.753082071151816,0.0,41536.725773195874
2530,1331,2026-03-01,Anubis,0,-1,144.0,0.03711340206185565,288.4494845360825,-34,4,0.0,0.0,0.0,0.0,1.6094379124341003,0.0,0.0,41536.725773195874
2535,1332,2026-03-01,Nuke,0,1,143.0,-0.4,0.1999999999999993,-6,18,-0.2334761523612223,-0.3571428571428572,-0.06481481481481483,-0.006018518518518479,-0.2822324676842163,-33.38708978765479,0.14285714285714288,28.5999999999999
275,127,2026-03-01,Ancient,1,-1,-69.0,-0.8029850746268657,109.01492537313436,30,-4,-1.2727272727272727,0.0,-0.030555555555555503,0.13472222222222213,-2.740840023925201,87.81818181818181,0.0,-7522.029850746271
274,127,2026-03-01,Nuke,1,1,-69.0,-0.8029850746268657,109.01492537313436,30,-4,-0.48427672955974843,0.734375,-0.02420634920634923,0.05198412698412691,-1.9694406464655074,33.41509433962264,-0.5896921641791045,-7522.029850746271
273,127,2026-03-01,Overpass,1,-1,-69.0,-0.8029850746268657,109.01492537313436,30,-4,-1.4594594594594597,-1.6589147286821706,0.05921052631578949,0.2587719298245614,-2.3025850929940455,100.70270270270271,1.3320837672104595,-7522.029850746271
2533,1332,2026-03-01,Dust2,0,-1,143.0,-0.4,0.1999999999999993,-6,18,-0.6235361969959126,-0.8345290442027308,-0.03208333333333341,0.07395833333333335,-0.4554755286828258,-89.1656761704155,0.33381161768109235,28.5999999999999
2534,1332,2026-03-01,Ancient,0,1,143.0,-0.4,0.1999999999999993,-6,18,-0.10762592315990376,-1.2023121387283238,0.021479328165374678,-0.01408268733850121,-0.35020242943311475,-15.390507011866237,0.4809248554913295,28.5999999999999
270,126,2026-03-02,Ancient,1,-1,-69.0,-0.540495867768595,72.30578512396694,2,-4,0.22499146466370784,-0.26215022091310763,0.02889784946236562,-0.05829973118279569,-1.268511325463507,-15.52441106179584,0.141691111138159,-4989.099173553719
2502,1319,2026-03-02,Dust2,0,1,482.0,0.0,0.0,-989,3,0.0,0.0,0.0,0.0,3.6888794541139363,0.0,0.0,0.0
2503,1320,2026-03-02,Dust2,0,-1,41.0,0.0,0.0,-996,15,0.0,0.0,0.0,0.0,3.7612001156935624,0.0,0.0,0.0
2504,1320,2026-03-02,Inferno,0,-1,41.0,0.0,0.0,-996,15,0.0,0.0,0.0,0.0,3.6888794541139363,0.0,0.0,0.0
2501,1319,2026-03-02,Inferno,0,1,482.0,0.0,0.0,-989,3,0.0,0.0,0.0,0.0,3.8066624897703196,0.0,0.0,0.0
271,126,2026-03-02,Overpass,1,-1,-69.0,-0.540495867768595,72.30578512396694,2,-4,-1.2586206896551724,-1.6944444444444446,-0.16388888888888892,0.12152777777777779,-1.0986122886681098,86.84482758620689,0.915840220385675,-4989.099173553719
2498,1318,2026-03-02,Nuke,0,1,69.0,-0.4925201380897583,52.54545454545455,-23,1,0.9618320610687023,1.0666666666666667,-0.07456140350877188,-0.21052631578947362,2.3025850929940455,66.36641221374046,-0.5253548139624089,3625.6363636363635
2497,1318,2026-03-02,Dust2,0,-1,69.0,-0.4925201380897583,52.54545454545455,-23,1,0.14905450500556172,-0.9090909090909092,-0.10160818713450293,-0.14327485380116955,1.6094379124341003,10.284760845383758,0.4477455800815985,3625.6363636363635
2505,1321,2026-03-02,Anubis,0,-1,-110.0,0.6144036009002252,-140.68679669917483,0,1,1.125,0.0,0.044298245614035114,-0.12894736842105264,1.203972804325936,-123.75,0.0,15475.547636909232
2496,1317,2026-03-02,Dust2,0,-1,58.0,0.30434782608695654,290.8739130434783,11,2,0.10090803577524403,-0.2142857142857143,0.06927910052910052,0.004298941798941802,0.03509131981127034,5.852666074964153,-0.06521739130434784,16870.686956521742
2495,1317,2026-03-02,Inferno,0,-1,58.0,0.30434782608695654,290.8739130434783,11,2,-0.027083333333333237,-0.7727272727272727,-0.026041666666666685,-0.01504629629629628,-0.3920420877760238,-1.5708333333333278,-0.23517786561264822,16870.686956521742
2499,1318,2026-03-02,Ancient,0,-1,69.0,-0.4925201380897583,52.54545454545455,-23,1,-0.6666666666666667,0.0,-0.07812499999999994,0.35416666666666663,2.1400661634962708,-46.00000000000001,0.0,3625.6363636363635
2506,1321,2026-03-02,Mirage,0,1,-110.0,0.6144036009002252,-140.68679669917483,0,1,-0.7750026162486483,-1.2360226468506723,-0.05279579402515722,0.09893376572327045,0.4924764850977943,85.25028778735131,-0.7594167650192805,15475.547636909232
2500,1319,2026-03-02,Mirage,0,-1,482.0,0.0,0.0,-989,3,0.0,0.0,0.0,0.0,3.6888794541139363,0.0,0.0,0.0
2508,1322,2026-03-02,Anubis,0,-1,48.0,0.00547757617254363,-40.07565902088325,0,3,-0.48,0.0,-0.055555555555555525,0.027777777777777735,1.252762968495368,-23.04,0.0,-1923.631633002396
2521,1327,2026-03-02,Mirage,0,1,35.0,-0.8163265306122449,-37.326530612244895,0,7,-0.8087431693989071,-0.9243697478991597,-0.055555555555555525,0.0015432098765431612,2.6390573296152584,-28.306010928961747,0.7545875493054365,-1306.4285714285713
2520,1327,2026-03-02,Ancient,0,-1,35.0,-0.8163265306122449,-37.326530612244895,0,7,0.0,0.0,0.0,0.0,3.1780538303479458,0.0,0.0,-1306.4285714285713
2519,1327,2026-03-02,Dust2,0,1,35.0,-0.8163265306122449,-37.326530612244895,0,7,-0.5092250922509225,-0.5405405405405406,-0.05882352941176466,-0.04411764705882354,2.862200880929468,-17.822878228782287,0.441257584114727,-1306.4285714285713
2514,1324,2026-03-02,Inferno,0,1,81.0,-1.8,-181.2,-142,1,0.0,0.0,0.0,0.0,3.5553480614894135,0.0,0.0,-14677.199999999999
272,126,2026-03-02,Mirage,1,-1,-69.0,-0.540495867768595,72.30578512396694,2,-4,0.6428571428571428,0.0,0.05952380952380948,-0.22023809523809523,-1.3862943611198904,-44.357142857142854,-0.0,-4989.099173553719
2512,1323,2026-03-02,Dust2,0,1,316.0,0.41818181818181815,299.4727272727274,-6,5,0.9461538461538461,1.0951408738260515,0.10834911616161619,-0.08096590909090912,0.7563260821814768,298.9846153846154,0.45796800178180336,94633.38181818186
2513,1324,2026-03-02,Dust2,0,1,81.0,-1.8,-181.2,-142,1,-1.4545454545454546,0.0,-0.09722222222222221,0.18229166666666669,2.525728644308255,-117.81818181818183,0.0,-14677.199999999999
2509,1322,2026-03-02,Ancient,0,1,48.0,0.00547757617254363,-40.07565902088325,0,3,0.21853741496598636,0.7792207792207793,0.02625000000000005,-0.022499999999999964,1.6486586255873819,10.489795918367346,0.004268241173410621,-1923.631633002396
2507,1321,2026-03-02,Dust2,0,-1,-110.0,0.6144036009002252,-140.68679669917483,0,1,0.5897165458141068,0.9766081871345029,0.027379776021080326,-0.054677206851119875,0.6286086594223739,-64.86882003955175,0.6000315868440795,15475.547636909232
2511,1323,2026-03-02,Mirage,0,1,316.0,0.41818181818181815,299.4727272727274,-6,5,0.22064556369873695,0.28409090909090906,0.03877005347593587,-0.06885026737967914,0.9162907318741551,69.72399812880087,0.11880165289256196,94633.38181818186
2510,1322,2026-03-02,Dust2,0,-1,48.0,0.00547757617254363,-40.07565902088325,0,3,-0.16643788606726148,-1.0,0.029513888888888895,0.04861111111111105,1.021651247531981,-7.989018531228551,-0.00547757617254363,-1923.631633002396
2472,1307,2026-03-03,Anubis,0,1,1.0,-0.3737604881769642,-224.64645308924486,-24,5,-1.05,0.0,-0.1071428571428571,0.14583333333333331,0.47000362924573547,-1.05,0.0,-224.64645308924486
2482,1311,2026-03-03,Nuke,0,1,81.0,-0.3696969696969697,59.38095238095241,0,0,0.9729729729729729,0.5263157894736843,-0.05277777777777781,-0.15694444444444444,2.3353749158170363,78.8108108108108,-0.19457735247208935,4809.857142857145
2473,1308,2026-03-03,Overpass,0,1,147.0,-0.04761904761904767,127.81318681318683,0,1,-0.158139534883721,0.0,0.022916666666666696,0.23333333333333334,0.7884573603642704,-23.24651162790699,0.0,18788.538461538465
2474,1308,2026-03-03,Mirage,0,-1,147.0,-0.04761904761904767,127.81318681318683,0,1,0.08710923779416929,1.0222222222222221,0.07433712121212116,0.02840909090909094,0.9382696385929301,12.805057955742885,-0.04867724867724873,18788.538461538465
2476,1309,2026-03-03,Inferno,0,1,31.0,-0.8333333333333335,210.73333333333332,0,-5,0.4056372549019608,-1.0,0.021901709401709435,-0.040420227920227925,-0.30538164955118186,12.574754901960784,0.8333333333333335,6532.733333333333
2477,1309,2026-03-03,Overpass,0,-1,31.0,-0.8333333333333335,210.73333333333332,0,-5,-0.6785714285714286,-1.1851851851851851,-0.044823232323232265,0.058080808080808066,-0.5389965007326871,-21.03571428571429,0.9876543209876545,6532.733333333333
2478,1309,2026-03-03,Mirage,0,1,31.0,-0.8333333333333335,210.73333333333332,0,-5,-0.26675191815856775,-0.4547098471149104,-0.014660493827160448,0.041666666666666685,-1.062894206066031,-8.2693094629156,0.37892487259575874,6532.733333333333
2479,1310,2026-03-03,Ancient,0,-1,482.0,0.0,0.0,-998,3,0.0,0.0,0.0,0.0,2.302585092994046,0.0,0.0,0.0
2480,1310,2026-03-03,Inferno,0,1,482.0,0.0,0.0,-998,3,0.0,0.0,0.0,0.0,3.828641396489095,0.0,0.0,0.0
2481,1310,2026-03-03,Nuke,0,-1,482.0,0.0,0.0,-998,3,0.0,0.0,0.0,0.0,3.4657359027997265,0.0,0.0,0.0
2475,1308,2026-03-03,Dust2,0,1,147.0,-0.04761904761904767,127.81318681318683,0,1,-0.21458625525946706,-1.3279999999999998,0.09115581098339715,0.022190293742017808,1.0986122886681096,-31.544179523141658,0.0632380952380953,18788.538461538465
2484,1312,2026-03-03,Dust2,0,1,69.0,-0.2363636363636364,-102.33818181818178,0,1,0.11183780248528452,0.0,-0.06666666666666665,0.020833333333333315,1.9459101490553132,7.716808371484632,-0.0,-7061.334545454542
2485,1312,2026-03-03,Mirage,0,-1,69.0,-0.2363636363636364,-102.33818181818178,0,1,0.0,0.0,0.0,0.0,3.2188758248682006,0.0,0.0,-7061.334545454542
2470,1307,2026-03-03,Mirage,0,1,1.0,-0.3737604881769642,-224.64645308924486,-24,5,-0.6217901687454145,-0.6128364389233956,-0.15340909090909088,0.04261363636363641,-1.329135947279942,-0.6217901687454145,0.22905404658464065,-224.64645308924486
2494,1316,2026-03-03,Mirage,0,1,-47.0,-0.15652173913043477,128.33913043478262,1,-13,0.8062734367082194,0.8236572890025575,0.06961506961506958,-0.11524024024024021,-0.1112256351102241,-37.89485152528631,-0.12892027132213943,-6031.939130434783
2493,1316,2026-03-03,Overpass,0,1,-47.0,-0.15652173913043477,128.33913043478262,1,-13,-0.4836355074170001,-0.7742857142857142,0.00868055555555558,-0.0078125,-0.2682639865946794,22.730868848599005,0.12119254658385091,-6031.939130434783
2492,1315,2026-03-03,Nuke,0,-1,25.0,0.8232558139534885,-41.823255813953494,1,2,0.3343042499669006,1.127865230599282,-0.0029030054644809122,-0.016336520947176636,-0.9082585601768911,8.357606249172516,0.9285216084468508,-1045.5813953488373
2491,1315,2026-03-03,Dust2,0,-1,25.0,0.8232558139534885,-41.823255813953494,1,2,0.057181756296800446,0.021074815595363505,-0.035315040650406526,-0.005335365853658569,-0.37037378829689427,1.4295439074200111,0.017349964466880655,-1045.5813953488373
2490,1314,2026-03-03,Mirage,0,1,191.0,0.0,0.0,-999,17,0.0,0.0,0.0,0.0,3.6375861597263857,0.0,0.0,0.0
2483,1311,2026-03-03,Dust2,0,1,81.0,-0.3696969696969697,59.38095238095241,0,0,-0.4766777724892909,-0.6329047494096037,-0.04125000000000001,-0.033333333333333326,1.6486586255873819,-38.610899571632565,0.23398296796355048,4809.857142857145
2471,1307,2026-03-03,Ancient,0,-1,1.0,-0.3737604881769642,-224.64645308924486,-24,5,-0.3647798742138365,-0.2357723577235773,-0.029380341880341887,0.08173076923076922,1.9095425048844386,-0.3647798742138365,0.08812239152139809,-224.64645308924486
2488,1313,2026-03-03,Dust2,0,-1,292.0,0.11809523809523814,413.4000000000001,0,4,0.41487160764269204,0.05680868838763581,0.08822278911564624,-0.005739795918367374,0.5447271754416718,121.14250943166607,0.006708835581016041,120712.80000000003
2487,1313,2026-03-03,Inferno,0,-1,292.0,0.11809523809523814,413.4000000000001,0,4,-0.11456176673567972,-0.31636363636363635,-0.04902167792792794,0.005560247747747771,-0.14107859825990543,-33.45203588681848,-0.03736103896103898,120712.80000000003
2486,1312,2026-03-03,Inferno,0,1,69.0,-0.2363636363636364,-102.33818181818178,0,1,0.9848484848484849,0.6666666666666667,0.13492063492063489,-0.08531746031746029,2.3978952727983707,67.95454545454545,-0.15757575757575762,-7061.334545454542
2489,1314,2026-03-03,Nuke,0,1,191.0,0.0,0.0,-999,17,0.0,0.0,0.0,0.0,3.8501476017100584,0.0,0.0,0.0
2459,1301,2026-03-04,Mirage,0,-1,333.0,-0.20404040404040402,324.0323232323232,0,1,0.13761813321284694,-0.38203883495145624,0.010185185185185242,-0.05555555555555558,0.0,45.82683835987803,0.07795135824262035,107902.76363636363
2461,1301,2026-03-04,Inferno,0,-1,333.0,-0.20404040404040402,324.0323232323232,0,1,0.022058823529411742,0.0,-0.07954545454545447,-0.04071969696969696,1.329135947279942,7.34558823529411,0.0,107902.76363636363
2456,1299,2026-03-04,Nuke,0,1,48.0,0.18594104308390022,-30.224489795918366,0,4,1.2427983539094651,1.0561797752808988,0.09325396825396826,-0.20932539682539686,2.374905754573672,59.65432098765433,0.19638716909984966,-1450.7755102040815
2455,1299,2026-03-04,Dust2,0,1,48.0,0.18594104308390022,-30.224489795918366,0,4,-0.08486769906109012,-0.21577574967405477,-0.09166666666666662,-0.09833333333333333,1.4663370687934272,-4.0736495549323255,-0.04012156796660429,-1450.7755102040815
2454,1298,2026-03-04,Nuke,0,1,39.0,0.5666666666666667,-39.38750000000002,0,-1,0.34222742852184485,0.4740580233537981,0.039791666666666614,-0.075625,0.42488319396526597,13.34686971235195,0.26863287990048557,-1536.1125000000006
2453,1298,2026-03-04,Overpass,0,1,39.0,0.5666666666666667,-39.38750000000002,0,-1,-0.2828282828282829,-1.3623188405797102,-0.0034722222222222654,-0.00347222222222221,-0.26236426446749084,-11.030303030303031,-0.7719806763285024,-1536.1125000000006
2468,1306,2026-03-04,Dust2,0,-1,-110.0,-0.2909090909090909,79.34545454545454,0,-14,0.13728155339805823,0.18135593220338989,0.038461538461538436,0.017628205128205177,0.0,-15.100970873786405,-0.052758089368258876,-8728.0
2469,1306,2026-03-04,Overpass,0,-1,-110.0,-0.2909090909090909,79.34545454545454,0,-14,-0.43047619047619046,-0.4360418342719228,-0.061683006535947715,0.05759803921568629,-0.9444616088408513,47.35238095238095,0.12684853360637752,-8728.0
2460,1301,2026-03-04,Dust2,0,1,333.0,-0.20404040404040402,324.0323232323232,0,1,0.08876991031990372,-0.36857707509881427,0.05773809523809531,0.00031746031746032743,0.17062551703076334,29.56038013652794,0.0752046153231924,107902.76363636363
266,124,2026-03-05,Dust2,1,-1,-69.0,-0.5206349206349206,65.00000000000001,13,-6,-0.580916237462727,-1.3457943925233646,-0.1332671957671957,0.08300264550264552,-1.5314763709643886,40.08322038492817,0.7006675567423231,-4485.000000000001
265,124,2026-03-05,Inferno,1,-1,-69.0,-0.5206349206349206,65.00000000000001,13,-6,0.19780219780219782,0.0,0.043209876543209846,-0.08950617283950618,-1.9459101490553132,-13.64835164835165,0.0,-4485.000000000001
269,125,2026-03-05,Nuke,1,1,69.0,1.6,-69.0,-40,7,0.0,0.0,0.0,0.0,3.784189633918261,0.0,0.0,-4761.0
268,125,2026-03-05,Inferno,1,1,69.0,1.6,-69.0,-40,7,0.0,0.0,0.0,0.0,3.332204510175204,0.0,0.0,-4761.0
267,125,2026-03-05,Overpass,1,-1,69.0,1.6,-69.0,-40,7,1.5305164319248827,1.7197452229299364,0.3591269841269842,-0.13690476190476192,2.3978952727983707,105.60563380281691,2.7515923566878984,-4761.0
2441,1270,2026-03-07,Dust2,0,-1,401.0,0.13043478260869565,26.565217391304344,-1,1,0.6274588739043716,0.47949987821709833,0.04988425925925921,-0.11651234567901231,0.38136755652910415,251.61100843565302,0.06254346237614326,10652.652173913042
264,123,2026-03-07,Ancient,1,1,69.0,0.9786407766990292,-95.02912621359224,-4,7,1.3779904306220097,1.7692307692307692,0.036458333333333315,-0.13541666666666663,2.3978952727983707,95.08133971291866,1.7314413741598207,-6557.0097087378645
2438,1269,2026-03-07,Mirage,0,-1,248.0,1.1966329966329967,108.64545454545456,9,0,0.19020227262011408,1.1851851851851851,0.07244318181818182,0.020359848484848453,-0.307484699747961,47.17016360978829,1.4182316997131812,26944.07272727273
2439,1269,2026-03-07,Nuke,0,1,248.0,1.1966329966329967,108.64545454545456,9,0,0.0,0.0,0.0,0.0,2.8903717578961645,0.0,0.0,26944.07272727273
2440,1269,2026-03-07,Anubis,0,1,248.0,1.1966329966329967,108.64545454545456,9,0,1.2,0.0,0.04999999999999993,-0.18888888888888883,-0.4054651081081644,297.59999999999997,0.0,26944.07272727273
2442,1270,2026-03-07,Overpass,0,-1,401.0,0.13043478260869565,26.565217391304344,-1,1,0.5881241565452091,-0.5405405405405406,0.15266106442577027,-0.06652661064425769,0.8109302162163288,235.83778677462885,-0.07050528789659224,10652.652173913042
2443,1271,2026-03-07,Ancient,0,-1,180.0,0.19999999999999998,251.60000000000005,13,-13,-0.2595057825110242,0.06386637189879638,-0.01431056293485139,0.07708728652751423,-0.575364144903562,-46.71104085198435,0.012773274379759274,45288.00000000001
2444,1271,2026-03-07,Mirage,0,1,180.0,0.19999999999999998,251.60000000000005,13,-13,0.3110088616223585,0.6296879097823236,0.03516081871345034,-0.008625730994151981,-0.22957444164450003,55.981595092024534,0.1259375819564647,45288.00000000001
2445,1271,2026-03-07,Overpass,0,1,180.0,0.19999999999999998,251.60000000000005,13,-13,0.13664596273291918,0.1619915848527349,0.056134259259259245,0.05381944444444442,-0.7472144018302207,24.596273291925453,0.03239831697054698,45288.00000000001
2446,1272,2026-03-07,Nuke,0,1,71.0,0.05496453900709214,96.46985815602838,2,-5,0.05614704168653001,-0.09349593495934949,-0.03814102564102567,0.016880341880341876,-0.523248143764548,3.9864399597436306,-0.005138960964077715,6849.359929078015
2447,1272,2026-03-07,Ancient,0,-1,71.0,0.05496453900709214,96.46985815602838,2,-5,0.18583588695948244,0.5166232572391604,0.06265617191404294,0.028110944527736104,-0.2231435513142097,13.194347974123254,0.028395959174492825,6849.359929078015
2448,1272,2026-03-07,Mirage,0,1,71.0,0.05496453900709214,96.46985815602838,2,-5,0.5099232981783318,0.5303643724696356,0.014399509803921573,-0.08568218954248363,0.33647223662121295,36.20455417066156,0.02915123323857923,6849.359929078015
2449,1273,2026-03-07,Dust2,0,-1,191.0,0.18181818181818182,-2.5818181818181714,-8,13,-0.023584905660377298,0.0755813953488372,0.020061728395061817,0.05401234567901231,1.9459101490553132,-4.504716981132064,0.013742071881606765,-493.12727272727074
2450,1273,2026-03-07,Anubis,0,-1,191.0,0.18181818181818182,-2.5818181818181714,-8,13,0.0,0.0,0.0,0.0,2.3978952727983707,0.0,0.0,-493.12727272727074
262,123,2026-03-07,Overpass,1,-1,69.0,0.9786407766990292,-95.02912621359224,-4,7,1.4193548387096775,1.565217391304348,0.049242424242424254,-0.18749999999999994,2.0368819272610397,97.93548387096774,1.5317855635289153,-6557.0097087378645
263,123,2026-03-07,Nuke,1,1,69.0,0.9786407766990292,-95.02912621359224,-4,7,0.08422688422688435,-0.7651006711409396,0.01010101010101011,-0.05334595959595956,1.8607523407150064,5.81165501165502,-0.7487587150583176,-6557.0097087378645
259,121,2026-03-08,Nuke,1,-1,-69.0,-1.1555555555555554,52.93333333333332,9,-9,-0.3865814696485623,0.0,-0.0643115942028985,0.020833333333333315,-2.7515353130419484,26.6741214057508,0.0,-3652.399999999999
260,122,2026-03-08,Overpass,1,-1,-69.0,-1.0380165289256198,69.0,6,-8,-1.1625386996904024,-1.4764397905759163,-0.15426587301587297,0.11135912698412703,-1.1394342831883648,80.21517027863776,1.5325689065812818,-4761.0
258,121,2026-03-08,Inferno,1,-1,-69.0,-1.1555555555555554,52.93333333333332,9,-9,-0.319096169743731,-0.27380952380952384,-0.10982142857142857,0.07738095238095238,-1.5755363607584192,22.01763571231744,0.3164021164021164,-3652.399999999999
261,122,2026-03-08,Nuke,1,-1,-69.0,-1.0380165289256198,69.0,6,-8,-0.453248136315229,-0.3046536796536796,-0.03779644268774701,0.0037878787878787845,-1.365240951922058,31.2741214057508,0.31623555507853024,-4761.0
2423,1261,2026-03-08,Inferno,0,1,409.0,-0.37872340425531914,-47.20425531914894,-1,-2,0.06130268199233718,0.007369196757553438,0.007648953301127248,0.01479468599033823,1.5475625087160125,25.072796934865906,-0.002790887282647898,-19306.540425531915
2422,1261,2026-03-08,Overpass,0,-1,409.0,-0.37872340425531914,-47.20425531914894,-1,-2,-0.22364532019704433,-0.8108108108108107,0.03333333333333338,0.03240740740740744,0.5465437063680696,-91.47093596059113,0.3070730304772858,-19306.540425531915
257,121,2026-03-08,Overpass,1,-1,-69.0,-1.1555555555555554,52.93333333333332,9,-9,-1.368421052631579,-1.4764397905759163,-0.18402777777777773,0.1232638888888889,-2.120263536200091,94.42105263157895,1.706108202443281,-3652.399999999999
2419,1260,2026-03-08,Dust2,0,-1,482.0,0.6,-52.8,-148,7,0.0,0.0,0.0,0.0,3.7612001156935624,0.0,0.0,-25449.6
2432,1266,2026-03-08,Dust2,0,-1,63.0,0.15000000000000002,-82.075,0,-1,0.10096775862961235,-0.2760474601408973,-0.0012400793650793607,-0.05431547619047622,-0.14842000511827358,6.360968793665578,-0.0414071190211346,-5170.725
2434,1267,2026-03-08,Dust2,0,1,142.0,-0.22685185185185186,-59.08796296296299,0,-3,-0.2121394230769231,-0.47572815533980584,-0.018549280177187155,-0.012735326688815052,-0.693147180559945,-30.12379807692308,0.1079198130169004,-8390.490740740745
2435,1267,2026-03-08,Overpass,0,1,142.0,-0.22685185185185186,-59.08796296296299,0,-3,0.17233560090702943,1.0909090909090908,-0.13616071428571425,-0.011160714285714302,-0.11778303565638382,24.471655328798178,-0.24747474747474746,-8390.490740740745
2421,1261,2026-03-08,Dust2,0,1,409.0,-0.37872340425531914,-47.20425531914894,-1,-2,0.08403887211956138,0.046882694770018774,0.07293377120963324,-0.011460043787629992,0.3600027340314069,34.3718986969006,-0.017755573763964555,-19306.540425531915
2433,1266,2026-03-08,Ancient,0,-1,63.0,0.15000000000000002,-82.075,0,-1,0.44376295068379606,1.1607142857142856,0.09578804347826092,0.017512077294686068,0.04082199452025481,27.957065893079154,0.17410714285714288,-5170.725
2420,1260,2026-03-08,Nuke,0,-1,482.0,0.6,-52.8,-148,7,1.2352941176470589,0.0,0.07552083333333331,-0.12890624999999994,2.803360380906535,595.4117647058824,0.0,-25449.6
2418,1259,2026-03-09,Mirage,0,1,57.0,1.391304347826087,-8.608695652173914,-31,1,1.1864406779661016,2.0,0.20833333333333331,-0.1597222222222222,1.8718021769015913,67.62711864406779,2.782608695652174,-490.6956521739131
2417,1258,2026-03-09,Ancient,0,-1,-57.0,0.0,0.0,30,-1,0.0,0.0,0.0,0.0,-2.8903717578961645,0.0,0.0,0.0
2409,1255,2026-03-09,Dust2,0,-1,375.0,-0.5333333333333334,145.61428571428576,-3,-2,-0.12360272388539127,-0.7538461538461538,-0.025862068965517238,0.040229885057471215,-0.9162907318741551,-46.35102145702173,0.4020512820512821,54605.35714285716
2416,1258,2026-03-09,Inferno,0,-1,-57.0,0.0,0.0,30,-1,0.0,0.0,0.0,0.0,-3.4011973816621555,0.0,0.0,0.0
2410,1255,2026-03-09,Mirage,0,-1,375.0,-0.5333333333333334,145.61428571428576,-3,-2,-0.1813940970664753,-0.6923076923076923,0.02207341269841273,0.019345238095238082,-0.14842000511827358,-68.02278639992824,0.3692307692307693,54605.35714285716
2411,1256,2026-03-09,Dust2,0,1,229.0,-0.7999999999999999,394.60000000000014,14,-6,-0.03408811223234064,-0.6461440812440495,-0.001959247648902762,-0.02801724137931033,-0.2657031657330058,-7.806177701206006,0.5169152649952395,90363.40000000004
2415,1257,2026-03-09,Anubis,0,1,85.0,0.7934959349593496,-203.91463414634143,-1,4,0.034782608695652195,0.4347826086956521,0.02083333333333337,-0.00694444444444442,0.0,2.9565217391304364,0.34499823259102147,-17332.743902439022
2414,1257,2026-03-09,Dust2,0,1,85.0,0.7934959349593496,-203.91463414634143,-1,4,0.10126092674247697,-0.3137254901960785,0.014814814814814836,-0.013271604938271675,-0.07410797215372167,8.607178773110542,-0.24893990116371756,-17332.743902439022
2413,1256,2026-03-09,Inferno,0,1,229.0,-0.7999999999999999,394.60000000000014,14,-6,-0.5313038978958261,-0.8771929824561403,0.01267507002801116,0.0729691876750701,-0.6931471805599454,-121.66859261814417,0.7017543859649121,90363.40000000004
2412,1256,2026-03-09,Ancient,0,-1,229.0,-0.7999999999999999,394.60000000000014,14,-6,0.5524549164143739,-0.8571428571428572,0.08298611111111104,-0.0715277777777778,-0.17435338714477755,126.51217585889164,0.6857142857142857,90363.40000000004
2405,1253,2026-03-09,Dust2,0,1,417.0,-0.0222222222222222,-166.70000000000005,-4,5,0.7288663809894816,0.7795962902345882,0.07874115267947418,-0.08758847320525787,0.6061358035703153,303.9372808726138,-0.01732436200521305,-69513.90000000002
2404,1253,2026-03-09,Inferno,0,1,417.0,-0.0222222222222222,-166.70000000000005,-4,5,-0.11218645072091654,0.046783625730994136,-0.04160334346504563,-0.0029761904761904656,1.163150809805681,-46.7817499506222,-0.0010396361273554242,-69513.90000000002
2403,1252,2026-03-09,Anubis,0,-1,-210.0,-0.03917137476459512,-217.99472693032018,-14,5,-0.850281425891182,-1.375,-0.09523809523809529,0.06051587301587302,-0.7621400520468968,178.55909943714823,0.05386064030131829,45778.892655367235
2402,1252,2026-03-09,Mirage,0,-1,-210.0,-0.03917137476459512,-217.99472693032018,-14,5,0.21988659144280884,0.44239631336405527,0.06118012422360247,-0.07184265010351965,-0.40546510810816416,-46.17618420298986,-0.017329271785258667,45778.892655367235
2401,1251,2026-03-10,Ancient,0,1,383.0,-0.43809523809523815,-12.638095238095161,0,-5,0.566224180010715,0.8,0.0591666666666667,-0.028981481481481497,-0.3136575588550419,216.86386094410383,-0.35047619047619055,-4840.390476190447
2400,1251,2026-03-10,Inferno,0,-1,383.0,-0.43809523809523815,-12.638095238095161,0,-5,-0.0187820983125458,0.31884057971014496,0.03393518518518518,0.019537037037037075,-0.3528213746227422,-7.193543653705041,-0.1396825396825397,-4840.390476190447
2399,1251,2026-03-10,Dust2,0,1,383.0,-0.43809523809523815,-12.638095238095161,0,-5,0.09017395763480729,-0.376840629069418,-0.06666666666666665,-0.04305555555555557,-0.8690378470236095,34.53662577413119,0.165092085116126,-4840.390476190447
255,119,2026-03-12,Mirage,1,-1,48.0,0.2383801196502531,-262.4666359871146,-21,6,-0.05050505050505055,-0.8148148148148149,-0.06547619047619047,0.017857142857142905,0.22314355131421015,-2.4242424242424265,-0.19423565304835438,-12598.398527381501
256,120,2026-03-12,Default,1,1,48.0,0.0,0.0,-999,6,0.0,0.0,0.0,0.0,0.6931471805599453,0.0,0.0,0.0
244,111,2026-03-13,Ancient,1,-1,69.0,0.426764585883313,-63.94247246022032,-9,5,-0.7131782945736433,-0.9361702127659575,-0.0763888888888889,0.16666666666666666,1.8458266904983305,-49.20930232558139,-0.3995242931673569,-4412.030599755202
245,112,2026-03-13,Dust2,1,-1,-268.0,0.4070660522273426,-60.52380952380955,0,3,-0.04810413129598193,0.306178239475123,-0.029861111111111116,-0.034722222222222154,0.2151113796169457,12.891907187323156,0.12463476722105624,16220.380952380958
241,110,2026-03-13,Dust2,1,-1,227.0,-0.15239980207817916,236.18505690252357,2,-5,-0.28814432989690714,-0.2690058479532164,0.001831501831501825,0.03250915750915756,-0.5877866649021191,-65.40876288659793,0.040996437985942935,53614.00791687285
246,112,2026-03-13,Overpass,1,1,-268.0,0.4070660522273426,-60.52380952380955,0,3,0.32884615384615384,-0.03729603729603734,0.09999999999999998,-0.00694444444444442,-1.1631508098056809,-88.13076923076923,-0.015181950665821653,16220.380952380958
239,109,2026-03-13,Dust2,1,1,-116.0,-0.6357487922705314,-75.24637681159419,0,6,-1.018334879075408,-1.2046783625730995,-0.09530279503105593,0.13684006211180122,0.1892419996385284,118.12684597274733,0.7658728140802893,8728.579710144926
240,109,2026-03-13,Ancient,1,1,-116.0,-0.6357487922705314,-75.24637681159419,0,6,-0.40664598559335396,0.016759776536312842,-0.030943627450980393,0.013863357843137192,0.6061358035703157,47.17093432882906,-0.010655007691684879,8728.579710144926
242,110,2026-03-13,Overpass,1,1,227.0,-0.15239980207817916,236.18505690252357,2,-5,0.46952859983623807,0.6307139188495121,0.0316951566951566,0.04131054131054129,-0.3364722366212125,106.58299216282605,-0.0961206764006184,53614.00791687285
243,110,2026-03-13,Mirage,1,-1,227.0,-0.15239980207817916,236.18505690252357,2,-5,-0.44953372370418565,-0.10357691463682261,-0.03367895545314903,0.09850230414746541,-0.11778303565638337,-102.04415528085015,0.015785101290520225,53614.00791687285
254,118,2026-03-13,Anubis,1,1,48.0,0.876830318690784,-50.105943152454785,-21,8,-0.7346938775510203,0.0,-0.18749999999999994,-0.05729166666666663,1.0986122886681098,-35.265306122448976,0.0,-2405.0852713178297
253,117,2026-03-13,Dust2,1,1,48.0,0.9953488372093023,-33.883720930232556,-62,8,0.9285714285714286,1.0,-0.03205128205128205,-0.13141025641025633,2.197224577336219,44.57142857142857,0.9953488372093023,-1626.4186046511627
252,116,2026-03-13,Mirage,1,-1,-154.0,-0.14056847545219633,245.9927648578811,1,-2,0.42366026289180997,1.056221198156682,0.015885416666666652,-0.018489583333333337,0.2384110234449981,-65.24368048533873,-0.14847140356517696,-37882.88578811369
251,116,2026-03-13,Ancient,1,-1,-154.0,-0.14056847545219633,245.9927648578811,1,-2,-0.38899694359544323,-2.0,-0.00031328320802004317,-0.012635756056808667,0.09531017980432521,59.90552931369826,0.28113695090439267,-37882.88578811369
247,112,2026-03-13,Inferno,1,-1,-268.0,0.4070660522273426,-60.52380952380955,0,3,0.3942307692307691,0.7351190476190476,0.05581140350877195,-0.02379385964912284,0.6190392084062233,-105.65384615384612,0.29924200863140954,16220.380952380958
248,113,2026-03-13,Inferno,1,-1,69.0,1.0232558139534884,-42.78457772337822,-22,8,1.1240875912408759,1.375,0.26515151515151514,-0.08901515151515149,2.4423470353692043,77.56204379562044,1.4069767441860466,-2952.1358629130973
249,114,2026-03-13,Ancient,1,1,69.0,0.2578237151880563,-62.72609819121448,-8,7,0.5368217054263567,0.0,0.01736111111111105,-0.05208333333333337,1.33500106673234,37.04069767441861,0.0,-4328.1007751938
250,115,2026-03-13,Nuke,1,1,69.0,0.11658914728682172,-187.8372093023256,-14,7,1.051094890510949,0.0,0.09583333333333338,-0.08541666666666664,2.3513752571634776,72.52554744525548,0.0,-12960.767441860466
229,105,2026-03-14,Nuke,1,-1,166.0,0.2732860520094563,81.8004728132388,0,-5,0.08618932689729147,0.3333333333333335,0.027228976697061757,0.0015197568389057614,-0.7801585575495751,14.307428264950385,0.09109535066981882,13578.87848699764
230,105,2026-03-14,Dust2,1,1,166.0,0.2732860520094563,81.8004728132388,0,-5,0.5520487409460555,0.5880463622399106,0.04442528735632184,-0.05373563218390803,-0.14310084364067333,91.6400909970452,0.16070486873506779,13578.87848699764
231,105,2026-03-14,Inferno,1,1,166.0,0.2732860520094563,81.8004728132388,0,-5,0.12874957869902257,0.5221878224974199,0.00031746031746032743,-0.02047619047619048,-0.16705408466316607,21.372430064037747,0.14270664841773464,13578.87848699764
238,108,2026-03-14,Dust2,1,-1,-69.0,0.027027027027027032,261.44144144144144,1,-8,1.1240875912408759,1.4782608695652173,0.20436507936507942,-0.15674603174603174,-1.7047480922384255,-77.56204379562044,0.03995299647473561,-18039.45945945946
233,106,2026-03-14,Ancient,1,-1,320.0,-0.17872340425531913,44.26808510638301,0,-3,0.5920269511510385,1.087719298245614,-0.017916666666666636,-0.06875000000000003,-0.21357410029805912,189.44862436833233,-0.19440089585666293,14165.787234042564
234,106,2026-03-14,Dust2,1,1,320.0,-0.17872340425531913,44.26808510638301,0,-3,0.03737007094538851,-0.05880128568727549,-0.04973884140550805,-0.015906932573599264,-0.6931471805599454,11.958422702524324,0.010509165952619448,14165.787234042564
235,107,2026-03-14,Dust2,1,-1,-48.0,-0.7536287242169595,54.36669213139802,0,-5,-0.3338453661034305,-0.3950086058519793,0.09027777777777779,0.1203703703703704,-1.3862943611198906,16.024577572964667,0.29768983168294694,-2609.6012223071048
237,108,2026-03-14,Inferno,1,-1,-69.0,0.027027027027027032,261.44144144144144,1,-8,0.13187325256290777,-0.027079303675048322,0.14673913043478265,0.05193236714975852,-1.7917594692280552,-9.099254426840636,-0.0007318730722986034,-18039.45945945946
236,107,2026-03-14,Nuke,1,-1,-48.0,-0.7536287242169595,54.36669213139802,0,-5,-1.2413793103448276,-1.1428571428571428,-0.1501937984496124,0.20373062015503873,-2.174751721484161,59.58620689655173,0.861289970533668,-2609.6012223071048
232,106,2026-03-14,Mirage,1,1,320.0,-0.17872340425531913,44.26808510638301,0,-3,-0.755233002291826,-1.203703703703704,-0.04326923076923078,0.07113603988603989,-0.3150810466398952,-241.6745607333843,0.21513002364066194,14165.787234042564
222,102,2026-03-15,Nuke,1,1,48.0,0.36734693877551017,-57.438775510204074,0,10,-0.17175572519083965,-0.65625,0.06944444444444442,-0.19004629629629638,2.2192034840549946,-8.244274809160302,-0.24107142857142855,-2757.0612244897957
223,103,2026-03-15,Dust2,1,1,-47.0,0.15555555555555556,-7.655555555555566,0,0,0.21839509862522416,0.034580498866213116,0.02867063492063493,-0.024603174603174627,-0.06669137449867213,-10.264569635385536,0.0053791887125220405,359.8111111111116
224,103,2026-03-15,Ancient,1,-1,-47.0,0.15555555555555556,-7.655555555555566,0,0,0.03689064558629774,-0.02645502645502644,0.028797591297591296,0.05516705516705522,-0.23052365861183244,-1.7338603425559937,-0.004115226337448557,359.8111111111116
225,103,2026-03-15,Overpass,1,-1,-47.0,0.15555555555555556,-7.655555555555566,0,0,-0.32400956639284595,-0.45280151946818614,0.04119674185463662,-0.02083333333333337,-0.2876820724517808,15.22844962046376,-0.07043579191727341,359.8111111111116
226,104,2026-03-15,Inferno,1,-1,69.0,0.7436734693877552,-127.96000000000001,0,10,0.7355805243445696,0.0,0.1325,-0.06388888888888894,1.312186388966169,50.7550561797753,0.0,-8829.24
227,104,2026-03-15,Dust2,1,1,69.0,0.7436734693877552,-127.96000000000001,0,10,0.7735135135135135,0.8852459016393442,-0.08585858585858586,-0.07449494949494956,1.749199854809259,53.37243243243243,0.6583338909334226,-8829.24
228,104,2026-03-15,Ancient,1,-1,69.0,0.7436734693877552,-127.96000000000001,0,10,-0.06172624237140367,0.6493506493506493,-0.04444444444444445,0.04930555555555555,1.0986122886681098,-4.259110723626853,0.48290485025178914,-8829.24
219,101,2026-03-15,Nuke,1,1,107.0,-0.04999999999999999,-137.49166666666667,0,2,0.04027777777777776,0.7226890756302521,-0.04734848484848486,0.015151515151515138,0.0,4.30972222222222,-0.036134453781512595,-14711.608333333334
218,101,2026-03-15,Anubis,1,-1,107.0,-0.04999999999999999,-137.49166666666667,0,2,-1.7000000000000002,-2.0,-0.12777777777777782,0.16388888888888886,-0.9808292530117262,-181.9,0.09999999999999998,-14711.608333333334
217,101,2026-03-15,Mirage,1,1,107.0,-0.04999999999999999,-137.49166666666667,0,2,0.1478320245817685,-0.26656812022665677,0.04706790123456789,-0.07600308641975301,-0.27871340246902054,15.81802663024923,0.013328406011332835,-14711.608333333334
216,100,2026-03-15,Nuke,1,-1,69.0,-0.040816326530612235,-57.438775510204074,0,10,-0.35526315789473684,-0.7191011235955056,0.05753968253968256,-0.10763888888888895,1.4816045409242158,-24.513157894736842,0.029351066269204303,-3963.275510204081
215,100,2026-03-15,Ancient,1,-1,69.0,-0.040816326530612235,-57.438775510204074,0,10,-0.31397849462365596,0.0,-0.14166666666666672,-0.1034722222222223,1.6582280766035324,-21.66451612903226,0.0,-3963.275510204081
214,100,2026-03-15,Inferno,1,1,69.0,-0.040816326530612235,-57.438775510204074,0,10,-0.797752808988764,-0.6493506493506493,-0.13833333333333336,0.047222222222222276,1.8718021769015916,-55.04494382022472,0.02650410813676119,-3963.275510204081
213,99,2026-03-15,Dust2,1,-1,-48.0,-1.1518367346938776,127.96000000000001,0,-10,-0.8776470588235294,-1.3061224489795917,0.03769841269841273,0.05406746031746035,-1.9810014688665836,42.12705882352941,1.5044398167430237,-6142.08
212,99,2026-03-15,Nuke,1,-1,-48.0,-1.1518367346938776,127.96000000000001,0,-10,-0.14074427480916038,0.0,0.019097222222222265,0.039004629629629695,-1.6314168191528755,6.755725190839698,0.0,-6142.08
211,99,2026-03-15,Overpass,1,1,-48.0,-1.1518367346938776,127.96000000000001,0,-10,-1.1515151515151516,0.0,0.013888888888888895,0.09722222222222221,-1.6094379124341005,55.27272727272728,0.0,-6142.08
221,102,2026-03-15,Overpass,1,1,48.0,0.36734693877551017,-57.438775510204074,0,10,1.1515151515151516,1.0638297872340425,0.09027777777777773,-0.09722222222222221,1.2039728043259361,55.27272727272728,0.39079461571862784,-2757.0612244897957
220,101,2026-03-15,Dust2,1,1,107.0,-0.04999999999999999,-137.49166666666667,0,2,-0.2104811733424822,-0.4930524428507396,-0.0641025641025641,0.014652014652014655,-0.5877866649021191,-22.521485547645597,0.024652622142536974,-14711.608333333334
204,96,2026-03-18,Inferno,1,-1,-167.0,0.18518518518518517,-134.2666666666667,7,-2,-0.3091428571428571,-1.3888888888888888,-0.021306818181818232,0.03503787878787884,0.08338160893905089,51.62685714285714,-0.257201646090535,22422.53333333334
210,98,2026-03-18,Dust2,1,1,363.0,0.20754716981132082,155.76752021563343,11,0,0.09808622869349129,0.11111111111111112,0.03404471544715448,0.0264792231255645,-0.7932306391169281,35.60530101573734,0.023060796645702316,56543.60983827493
209,98,2026-03-18,Ancient,1,1,363.0,0.20754716981132082,155.76752021563343,11,0,-0.3610188261351053,-1.5238095238095237,0.0357142857142857,0.07440476190476192,1.0986122886681098,-131.0498338870432,-0.3162623539982031,56543.60983827493
208,97,2026-03-18,Dust2,1,1,405.0,1.381310418904404,-33.01074113856066,-6,4,0.5684011352885525,0.5825471698113207,-0.00654761904761908,-0.05158730158730157,-0.594707107746693,230.20245979186376,0.8046784751636504,-13369.350161117069
207,97,2026-03-18,Ancient,1,-1,405.0,1.381310418904404,-33.01074113856066,-6,4,-0.025408348457350016,0.0,-0.004509379509379463,-0.051316738816738816,-0.04445176257083361,-10.290381125226757,0.0,-13369.350161117069
206,97,2026-03-18,Mirage,1,1,405.0,1.381310418904404,-33.01074113856066,-6,4,-0.03470540758676352,0.39525021204410504,0.0091036414565826,-0.0034138655462184753,-0.18805223150293937,-14.055690072639226,0.5459632359706973,-13369.350161117069
205,96,2026-03-18,Dust2,1,-1,-167.0,0.18518518518518517,-134.2666666666667,7,-2,-0.018634669575493257,0.6542056074766355,-0.020412457912457882,-0.011503928170594868,-0.19671029424605413,3.111989819107374,0.1211491865697473,22422.53333333334
203,96,2026-03-18,Nuke,1,1,-167.0,0.18518518518518517,-134.2666666666667,7,-2,0.14123131770190597,-0.4,0.027083333333333348,0.052445652173913004,-0.13353139262452274,-23.585630056218296,-0.07407407407407407,22422.53333333334
198,94,2026-03-19,Ancient,1,1,333.0,-1.0,345.20000000000005,10,-7,0.5063431068063379,0.5049140049140048,0.0395787944807553,-0.027687000726216382,0.6190392084062237,168.6122545665105,-0.5049140049140048,114951.60000000002
200,94,2026-03-19,Dust2,1,1,333.0,-1.0,345.20000000000005,10,-7,0.27966326982720424,-0.03459372485921153,0.09201036736533691,-0.039215686274509776,0.5500463369192721,93.12786885245902,0.03459372485921153,114951.60000000002
201,95,2026-03-19,Mirage,1,1,425.0,-0.7384615384615385,5.869230769230768,0,3,-0.3577351338545368,-0.8767123287671232,-0.04903846153846153,0.09102564102564104,1.0745147370890495,-152.03743188817813,0.6474183350895679,2494.423076923076
192,91,2026-03-19,Overpass,1,1,931.0,0.20000000000000007,338.719298245614,14,-5,0.28385762811992316,0.46808510638297873,-0.021309523809523778,-0.041666666666666685,-0.5500463369192721,264.27145177964843,0.09361702127659578,315347.6666666667
193,91,2026-03-19,Nuke,1,1,931.0,0.20000000000000007,338.719298245614,14,-5,-0.005610561056105912,0.6206896551724138,0.05939716312056731,0.03272082527401676,-0.7357067949787415,-5.223432343234604,0.1241379310344828,315347.6666666667
194,92,2026-03-19,Nuke,1,-1,61.0,0.5957918050941308,-208.5736434108527,0,0,-0.5555555555555556,-1.0909090909090908,-0.062127976190476164,0.10677083333333331,-0.1251631429540061,-33.88888888888889,-0.6499546964663244,-12722.992248062015
202,95,2026-03-19,Overpass,1,1,425.0,-0.7384615384615385,5.869230769230768,0,3,0.26648648648648643,0.0,0.039786967418546426,-0.012218045112781961,0.9162907318741551,113.25675675675673,0.0,2494.423076923076
196,93,2026-03-19,Mirage,1,1,238.0,0.13103448275862073,256.3275862068965,2,-6,-0.0543812104787714,0.19851116625310172,0.020000000000000018,0.020000000000000018,0.0,-12.942728093947592,0.026011807991785752,61005.96551724137
197,93,2026-03-19,Ancient,1,1,238.0,0.13103448275862073,256.3275862068965,2,-6,0.29736983360171765,0.027950310559006264,0.05654761904761907,0.0,-0.1466034741918758,70.7740203972088,0.003662454487042201,61005.96551724137
199,94,2026-03-19,Mirage,1,-1,333.0,-1.0,345.20000000000005,10,-7,0.24691358024691362,0.017918313570487537,0.1317028985507246,-0.012500000000000011,1.4522523289116878,82.22222222222224,-0.017918313570487537,114951.60000000002
195,92,2026-03-19,Inferno,1,-1,61.0,0.5957918050941308,-208.5736434108527,0,0,0.4750778816199377,0.8115942028985508,-0.0027488425925925597,-0.09288194444444442,0.55206858230004,28.9797507788162,0.4835411751488598,-12722.992248062015
189,89,2026-03-20,Overpass,1,-1,133.0,-0.18597345480248173,71.5446477656483,1,0,0.8357142857142857,2.0,-0.015625,-0.005208333333333315,0.0,111.15,-0.37194690960496346,9515.438152831224
188,89,2026-03-20,Ancient,1,1,133.0,-0.18597345480248173,71.5446477656483,1,0,-0.07184681120430458,-0.5,-0.06091617933723198,-0.02619395711500977,0.05129329438755059,-9.555625890172509,0.09298672740124087,9515.438152831224
187,89,2026-03-20,Mirage,1,-1,133.0,-0.18597345480248173,71.5446477656483,1,0,-0.3630229419703104,-1.1891891891891893,-0.004960317460317498,0.12276785714285715,0.5108256237659905,-48.28205128205128,0.2211576219272756,9515.438152831224
186,88,2026-03-20,Dust2,1,-1,-54.0,0.013793103448275779,65.31724137931036,0,-6,-0.016532258064516137,-0.04141730787498815,0.08963815789473689,0.014528508771929793,0.1625189294977747,0.8927419354838714,-0.0005712732120687987,-3527.1310344827593
185,88,2026-03-20,Inferno,1,-1,-54.0,0.013793103448275779,65.31724137931036,0,-6,-0.08497709187364355,0.4021164021164021,-0.057983682983683005,-0.0064102564102563875,-0.16034265007517945,4.5887629611767515,0.005546433132639995,-3527.1310344827593
184,88,2026-03-20,Mirage,1,1,-54.0,0.013793103448275779,65.31724137931036,0,-6,0.19285934344298775,0.47222222222222227,0.007471264367816088,0.0,-0.35667494393873245,-10.414404545921338,0.006513409961685785,-3527.1310344827593
190,90,2026-03-20,Inferno,1,1,-12.0,0.2921379310344827,-113.25848275862069,0,-2,0.5194413481083207,1.25,0.03333333333333338,-0.07499999999999996,0.0,-6.233296177299848,0.3651724137931034,1359.1017931034482
191,90,2026-03-20,Ancient,1,1,-12.0,0.2921379310344827,-113.25848275862069,0,-2,-0.44744091634043764,-0.8771929824561404,-0.05181159420289855,-0.08297101449275368,-1.3862943611198908,5.369290996085252,-0.25626134301270415,1359.1017931034482
176,85,2026-03-21,Dust2,1,1,302.0,-0.38095238095238104,-9.523809523809518,0,-1,-0.7424547283702213,-0.8582995951417004,-0.04782282282282285,0.13573573573573577,-0.8649974374866045,-224.22132796780684,0.3269712743396955,-2876.1904761904743
183,87,2026-03-21,Inferno,1,1,-125.0,-0.23809523809523814,245.37619047619046,1,0,0.024872698785742192,0.25744047619047616,0.016002415458937214,0.01615338164251212,-0.7137664677626807,-3.109087348217774,-0.061295351473922906,-30672.02380952381
182,87,2026-03-21,Dust2,1,1,-125.0,-0.23809523809523814,245.37619047619046,1,0,-0.02797454244723313,0.11223571749887534,-0.020833333333333315,0.018804112554112573,-0.4393666597838455,3.4968178059041413,-0.02672278988068461,-30672.02380952381
181,86,2026-03-21,Ancient,1,-1,-21.0,0.6000000000000001,52.9,0,0,-0.0914796912199696,0.09447691757127513,0.01339285714285715,0.04044913419913421,0.23180161405732447,1.9210735156193617,0.05668615054276509,-1110.8999999999999
180,86,2026-03-21,Mirage,1,-1,-21.0,0.6000000000000001,52.9,0,0,0.000983102918586748,0.5634789017873595,-0.1266025641025641,-0.024621212121212155,-0.8109302162163288,-0.020645161290321706,0.3380873410724157,-1110.8999999999999
179,86,2026-03-21,Nuke,1,1,-21.0,0.6000000000000001,52.9,0,0,0.3741059966990648,0.29911412193850967,0.015727931488801028,-0.0910737812911726,0.7146533857809088,-7.856225930680361,0.17946847316310582,-1110.8999999999999
174,84,2026-03-21,Anubis,1,1,74.0,-0.3767441860465117,-116.3593023255814,0,-2,-0.9841269841269842,-0.6666666666666667,-0.023809523809523725,0.16815476190476197,1.0986122886681098,-72.82539682539684,0.2511627906976745,-8610.588372093023
175,84,2026-03-21,Ancient,1,1,74.0,-0.3767441860465117,-116.3593023255814,0,-2,0.05346907993966821,0.47640009782342885,-0.004428137651821928,0.013832658569500722,0.9745596399981311,3.9567119155354473,-0.17948096708696626,-8610.588372093023
178,85,2026-03-21,Nuke,1,-1,302.0,-0.38095238095238104,-9.523809523809518,0,-1,-0.8653220559531556,-1.2698412698412698,-0.05434027777777778,0.08958333333333335,-1.1192315758708453,-261.32726089785297,0.4837490551776267,-2876.1904761904743
177,85,2026-03-21,Inferno,1,-1,302.0,-0.38095238095238104,-9.523809523809518,0,-1,-0.15553091838812588,-0.36406619385342787,0.012103796586555193,0.042929292929292984,0.1251631429540061,-46.97033735321401,0.13869188337273447,-2876.1904761904743
167,81,2026-03-22,Nuke,1,-1,-435.0,0.14285714285714288,38.73881673881674,1,-3,-0.70856604535361,-0.9302325581395349,-0.08228114478114484,0.05787037037037035,-0.5819215454497213,308.22622972882033,-0.132890365448505,-16851.38528138528
173,83,2026-03-22,Overpass,1,-1,-690.0,-0.7272727272727273,-46.14076246334318,-3,3,-1.13015873015873,0.0,-0.020833333333333315,0.07916666666666666,-1.1631508098056809,779.8095238095236,0.0,31837.126099706795
172,83,2026-03-22,Mirage,1,-1,-690.0,-0.7272727272727273,-46.14076246334318,-3,3,0.049644727000748096,0.17818740399385563,-0.043672014260249525,-0.03943850267379678,0.41985384556026384,-34.25486163051619,-0.12959083926825865,31837.126099706795
171,82,2026-03-22,Mirage,1,-1,-353.0,0.2900763358778626,-172.79389312977105,0,2,-0.09132420091324206,-0.11715296198054831,0.0003968253968253954,-0.03690476190476194,-0.3184537311185349,32.23744292237445,-0.033983301948556,60996.24427480918
170,82,2026-03-22,Ancient,1,-1,-353.0,0.2900763358778626,-172.79389312977105,0,2,0.01519686852406188,0.07807807807807805,-0.014181286549707517,0.00438596491228066,0.2231435513142097,-5.364494588993844,0.022648602801274547,60996.24427480918
169,82,2026-03-22,Inferno,1,1,-353.0,0.2900763358778626,-172.79389312977105,0,2,0.3361585030269675,1.0588235294117647,0.06564009661835746,-0.018900966183574897,0.2559333741372005,-118.66395156851952,0.307139649753031,60996.24427480918
165,80,2026-03-22,Mirage,1,-1,-241.0,-0.6727272727272727,-164.38181818181818,1,5,-0.09870487737668784,-0.3721479150275374,0.029502541757443657,0.021060275962236752,-0.2231435513142097,23.78787544778177,0.25035405192761606,39616.01818181818
164,80,2026-03-22,Ancient,1,-1,-241.0,-0.6727272727272727,-164.38181818181818,1,5,-0.006831006831006847,0.6379310344827587,-0.03903162055335968,0.022562582345191096,0.04255961441879608,1.6462726462726502,-0.429153605015674,39616.01818181818
163,79,2026-03-22,Dust2,1,-1,-238.0,0.34871794871794876,161.9042735042735,0,1,-0.3042113442113443,-0.5290519877675841,-0.011695906432748648,-9.137426900585055e-05,0.44468582126144574,72.40229992229995,-0.18448992393946526,-38533.21709401709
162,79,2026-03-22,Overpass,1,-1,-238.0,0.34871794871794876,161.9042735042735,0,1,-0.21723666210670312,0.08538587848932677,-0.003739316239316226,0.1020299145299145,1.349926716949016,51.70232558139534,0.029775588396278058,-38533.21709401709
168,81,2026-03-22,Dust2,1,-1,-435.0,0.14285714285714288,38.73881673881674,1,-3,-0.21364401130122848,-0.33154743145288373,-0.018716931216931243,0.007539682539682513,-0.06744128079553269,92.93514491603439,-0.047363918778983397,-16851.38528138528
166,81,2026-03-22,Mirage,1,1,-435.0,0.14285714285714288,38.73881673881674,1,-3,0.14682347686925445,0.1775804661487236,0.041248206599713066,-0.03784074605451937,-0.1823215567939549,-63.86821243812569,0.025368638021246233,-16851.38528138528
148,69,2026-03-23,Mirage,1,-1,-619.0,-0.9333333333333333,-164.817094017094,1,0,-0.2213797349405397,-0.424296034203155,-0.04224483502929388,-0.033572309589885885,0.6931471805599454,137.03405592819408,0.39600963192294464,102021.78119658119
149,69,2026-03-23,Inferno,1,-1,-619.0,-0.9333333333333333,-164.817094017094,1,0,-0.4644041450777203,-0.3640469738030714,-0.05930629827688655,0.05005941770647654,0.02898753687325195,287.4661658031089,0.3397771755495333,102021.78119658119
150,70,2026-03-23,Nuke,1,1,191.0,0.0,0.0,-999,5,0.0,0.0,0.0,0.0,3.8918202981106265,0.0,0.0,0.0
151,71,2026-03-23,Anubis,1,1,191.0,0.6330249509391647,68.55929352396976,-10,4,1.1,1.1,0.32196969696969696,-0.12499999999999994,1.791759469228055,210.10000000000002,0.6963274460330812,13094.825063078224
152,73,2026-03-23,Mirage,1,1,-72.0,-0.12006079027355629,117.81534954407294,0,-1,0.3613532856213401,0.4953488372093023,0.04085497835497831,-0.04978354978354976,-0.6257058997644127,-26.01743656473649,-0.05947197285643602,-8482.705167173252
153,73,2026-03-23,Dust2,1,-1,-72.0,-0.12006079027355629,117.81534954407294,0,-1,-0.09990136677469358,-0.13333333333333333,0.011865942028985499,0.033152173913043426,-0.8056251639866354,7.192898407777937,0.016008105369807506,-8482.705167173252
146,68,2026-03-23,Nuke,1,1,3.0,0.17391304347826086,251.52173913043475,0,1,0.10995963783135151,-0.10227272727272724,0.0038126361655773655,-0.05664488017429198,-0.054067221270275745,0.3298789134940545,-0.01778656126482213,754.5652173913043
155,74,2026-03-23,Inferno,1,1,57.0,1.8421052631578947,-32.194736842105264,-108,0,0.23456790123456786,0.0,0.02916666666666662,0.044999999999999984,2.1594842493533726,13.370370370370368,0.0,-1835.1000000000001
161,78,2026-03-23,Dust2,1,1,81.0,0.0,0.0,-999,4,0.0,0.0,0.0,0.0,3.4965075614664802,0.0,0.0,0.0
160,77,2026-03-23,Dust2,1,1,81.0,0.0,0.0,-999,4,0.0,0.0,0.0,0.0,3.4965075614664802,0.0,0.0,0.0
159,76,2026-03-23,Ancient,1,1,-81.0,0.33333333333333337,-211.5714285714286,18,-4,1.1741935483870969,1.1428571428571428,0.12980769230769224,-0.11378205128205127,-2.6026896854443837,-95.10967741935485,0.380952380952381,17137.285714285717
156,74,2026-03-23,Mirage,1,1,57.0,1.8421052631578947,-32.194736842105264,-108,0,0.6666666666666667,0.0,0.17083333333333328,-0.04583333333333334,1.6582280766035324,38.00000000000001,0.0,-1835.1000000000001
158,75,2026-03-23,Nuke,1,1,107.0,0.3246376811594204,-75.2913043478261,1,1,0.18762555243069506,1.1848264729620661,-0.03623188405797101,0.0009057971014492794,-0.04082199452025481,20.075934110084372,0.38463931875869983,-8056.169565217393
157,75,2026-03-23,Anubis,1,1,107.0,0.3246376811594204,-75.2913043478261,1,1,-1.7241379310344827,-2.0,-0.12152777777777779,0.15364583333333337,-0.8873031950009029,-184.48275862068965,-0.6492753623188408,-8056.169565217393
147,68,2026-03-23,Overpass,1,1,3.0,0.17391304347826086,251.52173913043475,0,1,-1.3123152709359607,-1.5555555555555556,-0.020238095238095277,0.1738095238095238,-0.2876820724517808,-3.936945812807882,-0.27053140096618356,754.5652173913043
154,73,2026-03-23,Nuke,1,1,-72.0,-0.12006079027355629,117.81534954407294,0,-1,0.2963371579876434,0.8888888888888888,0.10294117647058815,0.02696078431372545,-0.664976303593249,-21.336275375110322,-0.10672070246538336,-8482.705167173252
134,63,2026-03-24,Nuke,1,-1,-81.0,0.2608695652173913,-24.956521739130437,0,-4,0.5788690476190477,0.7792207792207793,-0.02256944444444442,0.0034722222222222654,-2.11021320034659,-46.88839285714286,0.20327498588368154,2021.4782608695655
136,63,2026-03-24,Ancient,1,1,-81.0,0.2608695652173913,-24.956521739130437,0,-4,-0.7529411764705882,-0.676056338028169,0.1296296296296296,0.21604938271604934,-2.6390573296152584,60.98823529411764,-0.17636252296387017,2021.4782608695655
135,63,2026-03-24,Dust2,1,1,-81.0,0.2608695652173913,-24.956521739130437,0,-4,0.0,0.0,0.0,0.0,-3.5263605246161616,0.0,0.0,2021.4782608695655
138,64,2026-03-24,Mirage,1,-1,34.0,0.23448866067608048,20.707744972186575,-39,1,1.0,0.0,0.13560606060606062,-0.12803030303030305,2.639057329615259,34.0,0.0,704.0633290543435
137,64,2026-03-24,Nuke,1,1,34.0,0.23448866067608048,20.707744972186575,-39,1,0.42663476874003203,0.810126582278481,0.14351851851851855,0.09143518518518517,1.33500106673234,14.505582137161088,0.18996549725657152,704.0633290543435
140,65,2026-03-24,Overpass,1,1,-81.0,0.0,0.0,30,-5,0.0,0.0,0.0,0.0,-2.1972245773362196,0.0,0.0,0.0
141,65,2026-03-24,Nuke,1,-1,-81.0,0.0,0.0,30,-5,0.0,0.0,0.0,0.0,-3.4965075614664802,0.0,0.0,0.0
142,65,2026-03-24,Anubis,1,-1,-81.0,0.0,0.0,30,-5,0.0,0.0,0.0,0.0,-2.0794415416798357,0.0,0.0,0.0
139,64,2026-03-24,Anubis,1,-1,34.0,0.23448866067608048,20.707744972186575,-39,1,0.0,0.0,0.0,0.0,3.044522437723423,0.0,0.0,704.0633290543435
145,67,2026-03-24,Nuke,1,-1,34.0,-0.08130081300813014,48.14634146341464,-42,1,0.0,0.0,0.0,0.0,2.9444389791664403,0.0,0.0,1636.9756097560978
144,66,2026-03-24,Nuke,1,-1,191.0,0.12422360248447212,78.57556935817809,1,5,-0.6484174508126603,-1.0726256983240223,0.010770975056689336,-0.013038548752834445,2.5257286443082556,-123.84773310521813,-0.13324542836323267,15007.933747412015
143,66,2026-03-24,Anubis,1,-1,191.0,0.12422360248447212,78.57556935817809,1,5,1.2,0.0,0.2048611111111111,-0.15277777777777773,1.8718021769015913,229.2,0.0,15007.933747412015
118,56,2026-03-25,Anubis,1,1,45.0,0.9090909090909091,-165.1818181818182,-27,1,1.0,1.0,0.052083333333333315,-0.07291666666666663,0.916290731874155,45.0,0.9090909090909091,-7433.181818181818
117,55,2026-03-25,Nuke,1,1,-11.0,0.21926910299003327,-155.25581395348837,0,0,0.1175062561201175,0.1351351351351351,0.01172646477946021,0.0035522273425498962,-0.2311117209633866,-1.2925688173212926,0.029630959863518,1707.8139534883721
116,55,2026-03-25,Anubis,1,1,-11.0,0.21926910299003327,-155.25581395348837,0,0,0.2874617737003058,0.0,0.03912037037037036,-0.03657407407407409,0.7419373447293771,-3.1620795107033635,0.0,1707.8139534883721
115,54,2026-03-25,Mirage,1,1,35.0,0.2427307206068269,-56.619469026548686,0,-1,0.34592245989304804,-0.7482014388489209,0.10452586206896552,-0.17564655172413796,1.7917594692280552,12.107286096256681,-0.1816114744108633,-1981.681415929204
114,54,2026-03-25,Ancient,1,1,35.0,0.2427307206068269,-56.619469026548686,0,-1,0.47761194029850745,0.0,-0.11458333333333326,-0.28472222222222227,2.120263536200091,16.71641791044776,0.0,-1981.681415929204
113,53,2026-03-25,Inferno,1,1,-45.0,-0.14718614718614723,77.11038961038962,30,-1,-0.7571823792296233,0.0,-0.15467171717171713,0.07933501683501676,-0.4595323293784399,34.07320706533305,0.0,-3469.9675324675327
112,53,2026-03-25,Ancient,1,1,-45.0,-0.14718614718614723,77.11038961038962,30,-1,-0.4219653179190751,0.0,-0.07291666666666669,0.02256944444444442,-1.6094379124341003,18.98843930635838,0.0,-3469.9675324675327
111,52,2026-03-25,Mirage,1,-1,106.0,-0.36712749615975426,123.74193548387098,0,0,-0.2614939449148001,-0.26441448757511765,0.027199074074074125,0.014274691358024616,-0.7884573603642706,-27.718358160968812,0.0970738287718174,13116.645161290324
110,52,2026-03-25,Dust2,1,1,106.0,-0.36712749615975426,123.74193548387098,0,0,0.18968040046207157,0.32587155963302755,0.048824706176544164,-0.004469867466866728,-0.3184537311185345,20.106122448979587,-0.11963640975774746,13116.645161290324
109,52,2026-03-25,Overpass,1,-1,106.0,-0.36712749615975426,123.74193548387098,0,0,-0.569394213381555,0.09523809523809526,-0.015782828282828287,0.14225589225589225,-0.4595323293784399,-60.35578661844484,-0.03496452344378613,13116.645161290324
119,56,2026-03-25,Nuke,1,-1,45.0,0.9090909090909091,-165.1818181818182,-27,1,0.0,0.0,0.0,0.0,3.091042453358316,0.0,0.0,-7433.181818181818
120,56,2026-03-25,Ancient,1,1,45.0,0.9090909090909091,-165.1818181818182,-27,1,0.0,0.0,0.0,0.0,3.2188758248682006,0.0,0.0,-7433.181818181818
122,57,2026-03-25,Nuke,1,-1,73.0,-0.3858407079646018,147.5805309734513,17,-2,1.0684273709483794,1.4516129032258065,0.19074074074074077,-0.010185185185185186,1.5404450409471488,77.9951980792317,-0.5600913502711962,10773.378761061944
130,61,2026-03-25,Ancient,1,1,41.0,0.6017316017316017,-66.61363636363636,-12,0,0.9047619047619047,1.5121951219512195,0.08728070175438596,-0.03355263157894728,1.8718021769015913,37.09523809523809,0.9099355928624221,-2731.1590909090905
123,58,2026-03-25,Mirage,1,1,35.0,0.7932773109243698,-160.11764705882354,-66,1,0.18664826634466097,0.0,0.06494252873563222,-0.0818965517241379,1.6094379124341005,6.532689322063134,0.0,-5604.117647058823
124,58,2026-03-25,Dust2,1,1,35.0,0.7932773109243698,-160.11764705882354,-66,1,0.783452807646356,0.5056179775280899,0.16507936507936505,-0.07539682539682535,2.197224577336219,27.42084826762246,0.4010952695685016,-5604.117647058823
125,59,2026-03-25,Overpass,1,-1,48.0,1.0169946332737032,73.9288908765653,-25,1,-0.5791153670770635,-0.9523809523809524,0.05489417989417994,0.0317460317460318,0.22314355131421015,-27.797537619699046,-0.9685663174035269,3548.5867620751346
126,59,2026-03-25,Dust2,1,1,48.0,1.0169946332737032,73.9288908765653,-25,1,0.9952073031570938,1.3061224489795917,0.07064393939393943,-0.11136363636363639,1.408767216971949,47.769950551540504,1.328319521010551,3548.5867620751346
127,59,2026-03-25,Inferno,1,1,48.0,1.0169946332737032,73.9288908765653,-25,1,1.1124999999999998,2.0,0.1597222222222222,-0.0925925925925925,0.35667494393873267,53.39999999999999,2.0339892665474064,3548.5867620751346
128,60,2026-03-25,Anubis,1,1,37.0,0.06015037593984973,-41.71052631578947,-173,1,0.0,0.0,0.0,0.0,3.044522437723423,0.0,0.0,-1543.2894736842104
129,60,2026-03-25,Overpass,1,1,37.0,0.06015037593984973,-41.71052631578947,-173,1,0.0,0.0,0.0,0.0,2.995732273553991,0.0,0.0,-1543.2894736842104
121,57,2026-03-25,Overpass,1,-1,73.0,-0.3858407079646018,147.5805309734513,17,-2,0.0,0.0,0.0,0.0,2.4849066497880004,0.0,0.0,10773.378761061944
131,61,2026-03-25,Mirage,1,1,41.0,0.6017316017316017,-66.61363636363636,-12,0,-0.7707641196013288,0.0,-0.08101851851851849,0.023919753086419804,2.908720896564361,-31.601328903654483,0.0,-2731.1590909090905
132,62,2026-03-25,Dust2,1,1,147.0,0.8709677419354839,75.74193548387098,-208,1,1.163265306122449,0.0,0.33467741935483875,-0.12365591397849457,2.772588722239781,171.0,0.0,11134.064516129034
133,62,2026-03-25,Ancient,1,1,147.0,0.8709677419354839,75.74193548387098,-208,1,0.0,0.0,0.0,0.0,2.995732273553991,0.0,0.0,11134.064516129034
104,50,2026-03-26,Ancient,1,-1,35.0,0.08013640238704178,-32.28005115089513,0,1,0.39024390243902446,0.2127659574468085,0.140491452991453,-0.05769230769230771,1.349926716949016,13.658536585365857,0.017050298380221655,-1129.8017902813297
103,49,2026-03-26,Ancient,1,1,2.0,0.17391304347826092,11.304347826086957,0,0,0.0229792380568431,0.4012691302724898,-0.04861111111111105,0.02564102564102566,0.3930425881096071,0.0459584761136862,0.06978593569956346,22.608695652173914
106,50,2026-03-26,Overpass,1,-1,35.0,0.08013640238704178,-32.28005115089513,0,1,1.1940298507462686,1.2777777777777777,-0.0028735632183907733,-0.12356321839080453,2.70805020110221,41.7910447761194,0.10239651416122005,-1129.8017902813297
105,50,2026-03-26,Dust2,1,1,35.0,0.08013640238704178,-32.28005115089513,0,1,0.9221713538260301,0.0,0.09778528528528535,-0.08802552552552545,1.6916760106710724,32.275997383911054,0.0,-1129.8017902813297
102,49,2026-03-26,Dust2,1,1,2.0,0.17391304347826092,11.304347826086957,0,0,-0.09706752364605781,0.10576923076923078,0.016103603603603578,0.0394144144144144,-0.2035989552412394,-0.19413504729211561,0.018394648829431447,22.608695652173914
107,51,2026-03-26,Overpass,1,-1,-4.0,0.14130434782608703,-26.589673913043484,0,0,-0.2378956372968348,0.020969855832241202,-0.03541666666666665,0.05208333333333337,0.0,0.9515825491873392,0.0029631318023819104,106.35869565217394
100,48,2026-03-26,Ancient,1,1,41.0,0.11274509803921567,5.613970588235311,0,1,0.3756097560975609,0.5789473684210527,0.09401709401709407,-0.027777777777777735,1.742969305058623,15.399999999999999,0.0652734778121775,230.17279411764775
99,48,2026-03-26,Nuke,1,-1,41.0,0.11274509803921567,5.613970588235311,0,1,0.7489361702127659,0.0,0.19830729166666672,-0.03684895833333335,2.382627800667582,30.706382978723404,0.0,230.17279411764775
98,47,2026-03-26,Nuke,1,1,69.0,0.9361702127659575,323.54705400982004,-66,3,1.3883792048929664,1.25,0.0820578231292517,-0.16050170068027209,2.302585092994046,95.79816513761469,1.1702127659574468,22324.746726677582
97,47,2026-03-26,Inferno,1,1,69.0,0.9361702127659575,323.54705400982004,-66,3,1.423076923076923,0.0,0.13194444444444442,-0.1680555555555555,2.740840023925201,98.19230769230768,0.0,22324.746726677582
96,47,2026-03-26,Ancient,1,-1,69.0,0.9361702127659575,323.54705400982004,-66,3,0.0,0.0,0.0,0.0,3.5263605246161616,0.0,0.0,22324.746726677582
101,48,2026-03-26,Overpass,1,1,41.0,0.11274509803921567,5.613970588235311,0,1,1.4714285714285713,1.4285714285714286,0.039583333333333304,-0.15416666666666662,2.3513752571634776,60.32857142857142,0.1610644257703081,230.17279411764775
108,51,2026-03-26,Nuke,1,-1,-4.0,0.14130434782608703,-26.589673913043484,0,0,0.08023049645390071,0.0990233931410402,0.03835937499999992,0.0068489583333333215,-0.24256163717131107,-0.32092198581560283,0.013992435987320905,106.35869565217394
92,45,2026-03-27,Inferno,1,-1,57.0,1.087378640776699,-45.1668137687555,-8,-1,0.14037985136251027,0.7099567099567099,-0.020833333333333315,0.0336538461538462,1.6863989535702288,8.001651527663086,0.7719917622830244,-2574.508384819064
94,46,2026-03-27,Dust2,1,-1,-69.0,-0.6515151515151516,-287.56250000000006,18,-4,-1.2033898305084745,0.0,0.004273504273504258,0.2959401709401709,-2.995732273553991,83.03389830508473,0.0,19841.812500000004
95,46,2026-03-27,Inferno,1,-1,-69.0,-0.6515151515151516,-287.56250000000006,18,-4,-0.6618834080717488,-0.7575757575757576,-0.14538530465949817,0.09318996415770608,-1.5198257537444133,45.66995515695067,0.49357208448117545,19841.812500000004
81,41,2026-03-27,Mirage,1,1,-29.0,-0.1836734693877551,12.349721706864614,0,-1,-0.49763353617308975,-0.8582807832724859,-0.015549516908212602,0.01970108695652173,0.7137664677626807,14.431372549019603,0.15764340917249742,-358.1419294990738
82,41,2026-03-27,Ancient,1,1,-29.0,-0.1836734693877551,12.349721706864614,0,-1,0.007248627938283125,0.4386926957666155,-0.044319968553459155,0.03758844339622641,1.1557707025080584,-0.21021021021021064,-0.08057620942652122,-358.1419294990738
84,42,2026-03-27,Ancient,1,-1,-89.0,-1.0203488372093026,-106.64970930232553,30,-2,-1.1703703703703703,-1.148936170212766,-0.21874999999999994,0.13020833333333331,-2.525728644308255,104.16296296296295,1.1723156853043053,9491.824127906972
85,42,2026-03-27,Mirage,1,-1,-89.0,-1.0203488372093026,-106.64970930232553,30,-2,-1.286624203821656,0.0,-0.0444444444444444,0.12361111111111106,-2.740840023925201,114.50955414012738,0.0,9491.824127906972
86,43,2026-03-27,Inferno,1,1,47.0,-0.2173913043478261,-50.98418972332013,0,1,0.36970046082949315,0.6715506715506716,-0.020741959064327464,-0.06496710526315791,0.2231435513142097,17.37592165898618,-0.14598927642405907,-2396.256916996046
83,42,2026-03-27,Overpass,1,1,-89.0,-1.0203488372093026,-106.64970930232553,30,-2,0.0,0.0,0.0,0.0,-1.791759469228055,0.0,0.0,9491.824127906972
88,44,2026-03-27,Mirage,1,1,89.0,0.3953488372093024,-18.662790697674495,-181,2,-0.713375796178344,0.0,-0.08055555555555555,-0.040277777777777746,2.740840023925201,-63.490445859872615,0.0,-1660.9883720930302
89,44,2026-03-27,Dust2,1,-1,89.0,0.3953488372093024,-18.662790697674495,-181,2,0.0,0.0,0.0,0.0,3.4657359027997265,0.0,0.0,-1660.9883720930302
90,44,2026-03-27,Ancient,1,1,89.0,0.3953488372093024,-18.662790697674495,-181,2,1.1703703703703703,0.0,0.30208333333333326,-0.13020833333333331,2.525728644308255,104.16296296296295,0.0,-1660.9883720930302
91,45,2026-03-27,Anubis,1,-1,57.0,1.087378640776699,-45.1668137687555,-8,-1,1.28,0.0,0.0,-0.11111111111111105,1.252762968495368,72.96000000000001,0.0,-2574.508384819064
93,46,2026-03-27,Ancient,1,1,-69.0,-0.6515151515151516,-287.56250000000006,18,-4,-1.2830188679245282,0.0,-0.14338235294117646,0.13357843137254893,-2.456735772821304,88.52830188679245,0.0,19841.812500000004
87,43,2026-03-27,Mirage,1,1,47.0,-0.2173913043478261,-50.98418972332013,0,1,-0.36111111111111105,-0.2707390648567119,-0.044755469755469846,0.07023809523809521,0.054067221270275745,-16.972222222222218,0.05885631844711129,-2396.256916996046
69,33,2026-03-28,Anubis,1,1,-357.0,-0.8,-403.96923076923076,30,-8,0.0,0.0,0.0,0.0,-2.8903717578961645,0.0,0.0,144217.01538461537
60,29,2026-03-28,Dust2,1,1,83.0,0.40165631469979307,-102.95652173913044,4,1,-0.17837235228539594,-0.10425492724258612,-0.09172322775263952,0.0016496983408748056,-1.0799201556559574,-14.804905239687862,-0.0418746498655522,-8545.391304347826
61,29,2026-03-28,Inferno,1,-1,83.0,0.40165631469979307,-102.95652173913044,4,1,-0.02084052603496437,-0.008403361344537823,0.03703703703703709,0.023324514991181655,-0.2513144282809061,-1.7297636609020426,-0.0033752631487377603,-8545.391304347826
62,29,2026-03-28,Mirage,1,1,83.0,0.40165631469979307,-102.95652173913044,4,1,0.007722927227571147,-0.10090681072737794,-0.0032879818594103716,-0.0017857142857142794,-0.4780358009429997,0.6410029598884052,-0.04052985772486817,-8545.391304347826
63,30,2026-03-28,Dust2,1,1,73.0,0.44069767441860463,123.58546511627911,-30,2,1.169398907103825,1.1282051282051282,0.06944444444444448,-0.1472222222222222,1.6422277352570913,85.36612021857923,0.49719737626714366,9021.738953488375
64,31,2026-03-28,Inferno,1,1,-357.0,0.0,0.0,30,-8,0.0,0.0,0.0,0.0,-3.295836866004329,0.0,0.0,0.0
65,31,2026-03-28,Mirage,1,1,-357.0,0.0,0.0,30,-8,0.0,0.0,0.0,0.0,-3.6888794541139363,0.0,0.0,0.0
66,32,2026-03-28,Default,1,1,73.0,0.0,0.0,-999,2,0.0,0.0,0.0,0.0,0.0,0.0,0.0,0.0
68,33,2026-03-28,Mirage,1,1,-357.0,-0.8,-403.96923076923076,30,-8,-0.8313725490196079,-0.8507462686567164,0.012286324786324798,0.10630341880341876,-2.5902671654458267,296.8,0.6805970149253732,144217.01538461537
70,34,2026-03-28,Mirage,1,1,37.0,0.4151898734177215,-14.718987341772145,-66,7,-0.050117798243735245,-0.6122448979591837,0.10539215686274506,-0.06944444444444453,2.0053335695261145,-1.8543585350182041,-0.2541978816843193,-544.6025316455693
67,33,2026-03-28,Nuke,1,-1,-357.0,-0.8,-403.96923076923076,30,-8,-0.7017543859649122,0.0,0.011217948717948734,0.09615384615384615,-2.6026896854443837,250.52631578947367,0.0,144217.01538461537
72,35,2026-03-28,Nuke,1,1,643.0,1.2,-153.49032258064517,5,-5,0.7830940988835724,1.7674418604651163,0.09455128205128205,-0.012541806020066826,-0.11778303565638337,503.52950558213706,2.1209302325581394,-98694.27741935484
73,36,2026-03-28,Overpass,1,-1,37.0,0.6000000000000001,-25.400000000000002,-202,7,0.22279792746113994,0.0,0.03598484848484845,-0.013257575757575746,2.0368819272610397,8.243523316062177,0.0,-939.8000000000001
74,37,2026-03-28,Mirage,1,-1,37.0,0.930769230769231,-34.10384615384615,-3,6,0.7577639751552795,1.3877551020408163,0.022058823529411742,-0.041666666666666685,2.564949357461537,28.03726708074534,1.2916797488226064,-1261.8423076923075
75,38,2026-03-28,Overpass,1,1,37.0,0.0,0.0,-999,7,0.0,0.0,0.0,0.0,3.1354942159291497,0.0,0.0,0.0
76,39,2026-03-28,Inferno,1,-1,-65.0,0.0,0.0,30,-1,0.0,0.0,0.0,0.0,-2.772588722239781,0.0,0.0,0.0
77,39,2026-03-28,Nuke,1,-1,-65.0,0.0,0.0,30,-1,0.0,0.0,0.0,0.0,-3.2188758248682006,0.0,0.0,0.0
78,40,2026-03-28,Mirage,1,-1,65.0,0.6793145654834762,103.25703794369646,-133,1,0.0,0.0,0.0,0.0,2.995732273553991,0.0,0.0,6711.70746634027
79,40,2026-03-28,Nuke,1,1,65.0,0.6793145654834762,103.25703794369646,-133,1,1.3284671532846715,0.0,0.12986111111111104,-0.12673611111111105,1.4271163556401456,86.35036496350365,0.0,6711.70746634027
80,40,2026-03-28,Dust2,1,1,65.0,0.6793145654834762,103.25703794369646,-133,1,-0.13333333333333336,0.0,0.06944444444444442,-0.017361111111111216,1.83258146374831,-8.666666666666668,0.0,6711.70746634027
71,35,2026-03-28,Inferno,1,1,643.0,1.2,-153.49032258064517,5,-5,0.31765940697979544,0.1574597651152676,0.057692307692307765,-0.03506787330316746,0.2595111954850844,204.25499868800847,0.18895171813832112,-98694.27741935484
59,28,2026-03-29,Mirage,1,1,73.0,0.48376068376068365,90.85128205128206,-16,4,1.1468531468531469,0.967741935483871,0.11499999999999999,-0.08833333333333326,2.5649493574615367,83.72027972027972,0.46815550041356485,6632.14358974359
53,23,2026-03-29,Anubis,1,1,536.0,0.5777777777777777,-22.304809286898944,0,-1,1.3877551020408163,1.1891891891891893,0.15773809523809523,-0.23511904761904756,-0.47000362924573547,743.8367346938776,0.6870870870870871,-11955.377777777834
40,16,2026-03-29,Overpass,1,1,147.0,1.25,31.3125,-38,5,0.0,0.0,0.0,0.0,2.5649493574615367,0.0,0.0,4602.9375
55,24,2026-03-29,Ancient,1,1,41.0,0.76,12.179999999999993,-129,6,1.4181818181818182,0.0,0.14791666666666659,-0.11979166666666663,1.921812597476253,58.14545454545455,0.0,499.3799999999997
56,25,2026-03-29,Overpass,1,1,-41.0,-0.1761194029850746,-12.350746268656714,3,-3,-0.5925925925925927,-0.6,-0.0018939393939393367,0.00378787878787884,-2.0368819272610397,24.2962962962963,0.10567164179104477,506.3805970149253
57,26,2026-03-29,Overpass,1,1,41.0,0.588679245283019,-21.74528301886795,-14,4,-0.007407407407407307,-0.4,0.0018939393939393367,-0.045454545454545525,2.0368819272610397,-0.3037037037036996,-0.2354716981132076,-891.556603773586
54,23,2026-03-29,Dust2,1,1,536.0,0.5777777777777777,-22.304809286898944,0,-1,0.43251145882724823,0.6131386861313868,0.07465277777777779,-0.1018518518518518,0.2744368457017603,231.82614193140506,0.354257907542579,-11955.377777777834
52,23,2026-03-29,Inferno,1,1,536.0,0.5777777777777777,-22.304809286898944,0,-1,0.7072452706754622,0.8262370540851554,0.03184523809523815,-0.0845238095238095,0.21622310846963577,379.0834650820477,0.4773814090269786,-11955.377777777834
43,17,2026-03-29,Nuke,1,1,89.0,0.9866220735785955,68.28595317725751,-29,2,-0.002253521126760541,0.0,0.028273809523809534,-0.026785714285714246,1.2878542883066384,-0.20056338028168813,0.0,6077.449832775918
51,22,2026-03-29,Mirage,1,1,65.0,0.3873015873015873,25.75555555555556,-53,2,-1.1944444444444444,0.0,-0.08124999999999993,0.2,2.3513752571634776,-77.63888888888889,0.0,1674.1111111111113
45,19,2026-03-29,Ancient,1,1,147.0,0.10714285714285715,-10.258928571428555,-183,5,0.24999999999999992,0.0,-0.020833333333333315,-0.09375,1.9459101490553132,36.749999999999986,0.0,-1508.0624999999977
44,18,2026-03-29,Mirage,1,1,147.0,0.0,0.0,-999,5,0.0,0.0,0.0,0.0,3.258096538021482,0.0,0.0,0.0
42,17,2026-03-29,Ancient,1,1,89.0,0.9866220735785955,68.28595317725751,-29,2,1.2876712328767124,1.3548387096774195,0.03249999999999992,-0.23541666666666666,1.6486586255873819,114.6027397260274,1.3367137771064843,6077.449832775918
41,17,2026-03-29,Dust2,1,-1,89.0,0.9866220735785955,68.28595317725751,-29,2,1.00990099009901,0.0,0.22786458333333334,-0.12369791666666663,2.11021320034659,89.88118811881188,0.0,6077.449832775918
50,22,2026-03-29,Overpass,1,1,65.0,0.3873015873015873,25.75555555555556,-53,2,-0.7098039215686275,-2.0,-0.12202380952380959,-0.04761904761904756,0.980829253011726,-46.13725490196079,-0.7746031746031746,1674.1111111111113
49,21,2026-03-29,Default,1,1,147.0,0.0,0.0,-999,5,0.0,0.0,0.0,0.0,0.0,0.0,0.0,0.0
48,20,2026-03-29,Inferno,1,1,69.0,-0.04109589041095891,-103.44121004566207,-65,5,0.9439071566731142,0.0,0.10980902777777773,-0.13541666666666669,1.550597412411167,65.12959381044487,0.0,-7137.443493150683
47,20,2026-03-29,Dust2,1,1,69.0,-0.04109589041095891,-103.44121004566207,-65,5,0.7255884917175242,0.0,0.08616071428571426,-0.15431547619047625,1.6341305250244722,50.065605928509164,0.0,-7137.443493150683
46,20,2026-03-29,Mirage,1,-1,69.0,-0.04109589041095891,-103.44121004566207,-65,5,0.7621212121212122,0.0,0.1026785714285714,-0.1294642857142857,0.11778303565638382,52.58636363636364,0.0,-7137.443493150683
58,27,2026-03-29,Inferno,1,1,73.0,0.24575163398692806,58.69803921568629,-29,4,0.4085278017862287,0.7407407407407407,0.09305555555555561,-0.0625,0.45198512374305744,29.822529530394696,0.18203824739772448,4284.956862745099
1,1,2026-03-30,Dust2,1,-1,-20.0,0.0,19.5,0,3,0.3687719298245615,0.23323741788370705,0.05905695611577966,-0.05112044817927175,0.20585205420414887,-7.37543859649123,0.0,-390.0
36,14,2026-03-30,Ancient,1,1,89.0,0.9813953488372094,-62.023255813953504,0,3,-0.6459627329192547,-0.5194805194805194,-0.028846153846153744,0.12393162393162394,1.9095425048844386,-57.49068322981366,-0.5098157656297191,-5520.069767441862
22,8,2026-03-30,Overpass,1,1,190.0,0.8275862068965517,33.34482758620689,5,1,0.0,0.0,0.0,0.0,2.302585092994046,0.0,0.0,6335.517241379309
23,9,2026-03-30,Mirage,1,-1,34.0,-0.23607038123167157,5.268328445747798,1,1,0.9382716049382717,0.0,0.15625,-0.08482142857142855,2.9444389791664403,31.901234567901238,0.0,179.12316715542514
24,9,2026-03-30,Inferno,1,1,34.0,-0.23607038123167157,5.268328445747798,1,1,-1.3258426966292134,0.0,-0.08552631578947362,0.09868421052631576,1.897119984885881,-45.078651685393254,0.0,179.12316715542514
25,9,2026-03-30,Anubis,1,1,34.0,-0.23607038123167157,5.268328445747798,1,1,0.7912087912087913,0.0,0.39880952380952384,-0.07142857142857134,2.3978952727983707,26.901098901098905,-0.0,179.12316715542514
26,10,2026-03-30,Anubis,1,-1,-147.0,-0.6408602150537634,70.40645161290323,1,-6,0.0,0.0,0.0,0.0,-2.1972245773362196,0.0,0.0,-10349.748387096774
28,11,2026-03-30,Nuke,1,1,48.0,0.7999999999999999,-47.39999999999998,-22,2,1.0326797385620914,0.7191011235955056,0.2056878306878307,-0.09722222222222221,3.465735902799726,49.56862745098039,0.5752808988764044,-2275.199999999999
29,11,2026-03-30,Dust2,1,1,48.0,0.7999999999999999,-47.39999999999998,-22,2,0.0,0.0,0.0,0.0,3.828641396489095,0.0,0.0,-2275.199999999999
21,8,2026-03-30,Mirage,1,1,190.0,0.8275862068965517,33.34482758620689,5,1,0.0,0.0,0.0,0.0,3.258096538021482,0.0,0.0,6335.517241379309
30,12,2026-03-30,Mirage,1,1,69.0,0.20396039603960414,12.611881188118815,3,2,0.44345238095238093,0.7272727272727273,0.09920634920634913,-0.021329365079365115,1.421385680931161,30.598214285714285,0.14833483348334847,870.2198019801982
32,13,2026-03-30,Overpass,1,1,4.0,0.2,-18.400000000000006,1,-2,0.33141352641105803,0.18077803203661327,0.048913043478260865,-0.0452898550724638,0.0,1.3256541056442321,0.036155606407322655,-73.60000000000002
33,13,2026-03-30,Nuke,1,-1,4.0,0.2,-18.400000000000006,1,-2,-0.05589225589225587,-0.0984848484848485,-0.032642031171442876,-0.007151835093011538,0.23841102344499765,-0.22356902356902347,-0.0196969696969697,-73.60000000000002
34,13,2026-03-30,Mirage,1,-1,4.0,0.2,-18.400000000000006,1,-2,-0.11014290693621487,-0.05714285714285716,-0.0026729559748427945,0.02248427672955977,0.036367644170875124,-0.4405716277448595,-0.011428571428571434,-73.60000000000002
35,14,2026-03-30,Dust2,1,1,89.0,0.9813953488372094,-62.023255813953504,0,3,0.16900584795321635,0.18807975263887403,-0.06525735294117652,-0.1274509803921568,1.358123484153194,15.041520467836255,0.18458059445024383,-5520.069767441862
37,15,2026-03-30,Dust2,1,-1,-4.0,0.19999999999999996,-19.5,0,-3,-0.7418181818181819,-0.7176453403447268,-0.08234126984126983,0.12889194139194143,-0.46536324968923326,2.9672727272727277,-0.14352906806894533,78.0
38,15,2026-03-30,Nuke,1,1,-4.0,0.19999999999999996,-19.5,0,-3,-0.02336197170875659,0.35469255663430416,0.02441553544494718,0.012317747611865326,-0.6554068525770984,0.09344788683502636,0.07093851132686081,78.0
39,15,2026-03-30,Inferno,1,-1,-4.0,0.19999999999999996,-19.5,0,-3,-0.03680065181966313,-0.25,0.011029411764705843,0.03553921568627455,-0.664976303593249,0.14720260727865253,-0.04999999999999999,78.0
31,12,2026-03-30,Ancient,1,1,69.0,0.20396039603960414,12.611881188118815,3,2,-0.004005006257822269,-0.4137931034482759,0.019345238095238082,-0.0575396825396825,1.1394342831883648,-0.2763454317897366,-0.08439740525776725,870.2198019801982
20,7,2026-03-30,Dust2,1,1,357.0,0.6,235.39999999999998,-31,7,1.3535353535353536,1.4666666666666666,0.06896551724137928,-0.11206896551724138,2.70805020110221,483.21212121212125,0.8799999999999999,84037.79999999999
27,10,2026-03-30,Ancient,1,-1,-147.0,-0.6408602150537634,70.40645161290323,1,-6,0.1757246376811596,0.0,0.042613636363636354,0.04829545454545453,-1.5260563034950494,-25.83152173913046,0.0,-10349.748387096774
18,6,2026-03-30,Mirage,1,-1,73.0,1.0434782608695652,51.832298136645946,0,4,1.2278481012658227,1.1688311688311688,0.4086538461538462,-0.09935897435897434,2.6026896854443837,89.63291139240505,1.2196499153020892,3783.757763975154
2,1,2026-03-30,Anubis,1,1,-20.0,0.0,19.5,0,3,0.0,0.0,0.0,0.0,-2.302585092994046,0.0,0.0,-390.0
3,1,2026-03-30,Inferno,1,-1,-20.0,0.0,19.5,0,3,0.08706520208421348,0.1414473684210527,-0.0335281548516842,-0.039498491704374084,-0.13353139262452274,-1.7413040416842696,0.0,-390.0
19,7,2026-03-30,Nuke,1,1,357.0,0.6,235.39999999999998,-31,7,0.0,0.0,0.0,0.0,3.332204510175204,0.0,0.0,84037.79999999999
5,1,2026-03-30,Nuke,1,1,-20.0,0.0,19.5,0,3,0.41513892735161106,0.5014477942428888,-0.008113590263691628,-0.009775749380211918,0.5500463369192721,-8.302778547032222,0.0,-390.0
10,4,2026-03-30,Mirage,1,1,-110.0,0.0,31.800000000000004,0,2,0.3514719000892062,0.43732718894009215,-0.02905781325592649,-0.03979196903725207,0.6931471805599454,-38.66190900981268,0.0,-3498.0000000000005
11,4,2026-03-30,Ancient,1,-1,-110.0,0.0,31.800000000000004,0,2,0.020112392783200428,-0.08470588235294108,0.04886363636363639,0.024337121212121227,0.5780778507751583,-2.2123632061520473,-0.0,-3498.0000000000005
4,1,2026-03-30,Mirage,1,1,-20.0,0.0,19.5,0,3,-0.23858093126385804,-0.4882301656495206,0.02240143369175629,-0.06406810035842292,-1.1631508098056806,4.771618625277161,-0.0,-390.0
15,5,2026-03-30,Inferno,1,1,65.0,1.1813953488372093,-62.023255813953504,0,3,-0.6071428571428572,0.0,-0.05882352941176466,0.12745098039215685,2.197224577336219,-39.464285714285715,0.0,-4031.511627906978
13,5,2026-03-30,Dust2,1,-1,65.0,1.1813953488372093,-62.023255813953504,0,3,-0.20404040404040402,-0.29632816982214577,-0.08854166666666669,-0.049679487179487114,1.0986122886681096,-13.262626262626261,-0.3500807215573257,-4031.511627906978
12,4,2026-03-30,Anubis,1,1,-110.0,0.0,31.800000000000004,0,2,0.61351217088922,0.6491228070175439,0.050843253968253954,-0.047619047619047616,0.8938178760220965,-67.48633879781421,0.0,-3498.0000000000005
14,5,2026-03-30,Nuke,1,1,65.0,1.1813953488372093,-62.023255813953504,0,3,1.4491017964071857,1.7333333333333334,0.17980769230769228,-0.15320512820512816,1.5040773967762742,94.19161676646708,2.047751937984496,-4031.511627906978
17,6,2026-03-30,Dust2,1,1,73.0,1.0434782608695652,51.832298136645946,0,4,0.0,0.0,0.0,0.0,3.4657359027997265,0.0,0.0,3783.757763975154
16,6,2026-03-30,Inferno,1,-1,73.0,1.0434782608695652,51.832298136645946,0,4,0.0,0.0,0.0,0.0,2.4849066497880004,0.0,0.0,3783.757763975154
2465,1305,2026-03-31,Inferno,1,-1,57.0,0.0,0.0,-990,3,0.0,0.0,0.0,0.0,3.4657359027997265,0.0,0.0,0.0
2466,1305,2026-03-31,Nuke,1,1,57.0,0.0,0.0,-990,3,0.0,0.0,0.0,0.0,2.833213344056216,0.0,0.0,0.0
2467,1305,2026-03-31,Mirage,1,1,57.0,0.0,0.0,-990,3,0.0,0.0,0.0,0.0,2.833213344056216,0.0,0.0,0.0
2463,1303,2026-03-31,Nuke,1,1,81.0,0.0,0.0,-999,6,0.0,0.0,0.0,0.0,3.5263605246161616,0.0,0.0,0.0
6,2,2026-03-31,Inferno,1,-1,-147.0,-0.65,63.675,0,-6,0.90625,1.2307692307692308,0.1816666666666666,0.1733333333333334,-2.5649493574615367,-133.21875,-0.8,-9360.225
7,2,2026-03-31,Dust2,1,-1,-147.0,-0.65,63.675,0,-6,-1.2077294685990339,-1.1612903225806452,-0.12760416666666663,0.13020833333333331,-2.803360380906535,177.53623188405797,0.7548387096774194,-9360.225
8,3,2026-03-31,Ancient,1,-1,-37.0,-0.6821428571428572,-1.0607142857142833,2,-8,-1.1055456171735243,-1.5,-0.09705284552845533,0.05233739837398377,-1.7917594692280552,40.9051878354204,1.0232142857142859,39.24642857142848
9,3,2026-03-31,Mirage,1,-1,-37.0,-0.6821428571428572,-1.0607142857142833,2,-8,-0.22829131652661072,-0.5263157894736842,-0.004243827160493818,0.0011574074074074403,-2.3978952727983707,8.446778711484598,0.3590225563909774,39.24642857142848
2462,1302,2026-03-31,Default,1,-1,-81.0,0.0,0.0,30,-6,0.0,0.0,0.0,0.0,0.0,0.0,0.0,0.0
2254,1191,2026-08-20,Ancient,1,-1,220.0,0.0,-132.8,0,3,0.9038709038709039,1.5,0.11236802413273,-0.0009426847662141746,0.2513144282809061,198.85159885159885,0.0,-29216.000000000004
2253,1191,2026-08-20,Nuke,1,1,220.0,0.0,-132.8,0,3,-0.029785268990995317,-0.8571428571428572,0.030555555555555614,-0.07500000000000001,0.17185025692665912,-6.55275917801897,-0.0,-29216.000000000004
2255,1191,2026-08-20,Mirage,1,1,220.0,0.0,-132.8,0,3,0.7249999999999999,1.5,0.04583333333333334,-0.12291666666666662,0.0,159.49999999999997,0.0,-29216.000000000004
2244,1187,2026-08-20,Nuke,1,1,263.0,-0.4,30.9,0,5,1.2816901408450703,1.1428571428571428,0.055555555555555636,-0.12499999999999994,2.251291798606495,337.0845070422535,-0.45714285714285713,8126.7
2249,1189,2026-08-20,Dust2,1,-1,-48.0,0.22222222222222227,-51.599999999999994,0,-9,1.140495867768595,1.3333333333333333,0.10307017543859642,-0.10087719298245612,-2.3025850929940455,-54.74380165289256,0.29629629629629634,2476.7999999999997
2248,1189,2026-08-20,Nuke,1,1,-48.0,0.22222222222222227,-51.599999999999994,0,-9,0.25233644859813076,0.0,0.04534313725490191,-0.1262254901960784,-2.862200880929468,-12.112149532710276,0.0,2476.7999999999997
2245,1187,2026-08-20,Ancient,1,1,263.0,-0.4,30.9,0,5,-0.10492030492030485,0.0,0.04578877005347587,0.03431372549019612,-0.24512245803298516,-27.594040194040176,-0.0,8126.7
2243,1187,2026-08-20,Mirage,1,1,263.0,-0.4,30.9,0,5,0.44827586206896536,-0.5,0.02743055555555557,-0.0336805555555556,-0.17435338714477755,117.8965517241379,0.2,8126.7
2242,1186,2026-08-20,Inferno,1,1,125.0,0.6,-98.79999999999998,0,-2,-0.46404341926729986,-1.0,-0.04656862745098039,0.014705882352941235,0.0,-58.00542740841248,-0.6,-12349.999999999998
2250,1189,2026-08-20,Ancient,1,1,-48.0,0.22222222222222227,-51.599999999999994,0,-9,-1.2994350282485876,0.0,-0.050724637681159424,0.12862318840579706,-2.4849066497880004,62.37288135593221,0.0,2476.7999999999997
2258,1193,2026-08-20,Anubis,1,-1,-357.0,-0.39999999999999997,231.90000000000003,0,-4,0.417910447761194,0.0,0.02314814814814814,-0.06018518518518523,-1.2039728043259361,-149.19402985074626,-0.0,-82788.30000000002
3699,1884,2026-08-20,Nuke,0,-1,-35.0,-0.1658536585365853,115.2439024390244,0,-7,0.8604651162790697,0.0,0.043981481481481455,-0.19675925925925924,-2.251291798606495,-30.11627906976744,0.0,-4033.536585365854
2260,1193,2026-08-20,Nuke,1,1,-357.0,-0.39999999999999997,231.90000000000003,0,-4,-1.0508474576271187,-2.0,-0.28409090909090906,0.08333333333333331,-2.4423470353692043,375.1525423728814,0.7999999999999999,-82788.30000000002
2241,1186,2026-08-20,Anubis,1,1,125.0,0.6,-98.79999999999998,0,-2,2.0,2.0,0.3125,-0.33333333333333326,-0.4054651081081645,250.0,1.2,-12349.999999999998
2290,1206,2026-08-20,Anubis,1,1,241.0,-0.6,-101.30000000000001,0,4,-1.25,-1.3333333333333333,-0.21527777777777785,0.12499999999999994,-0.2231435513142097,-301.25,0.7999999999999999,-24413.300000000003
2289,1206,2026-08-20,Mirage,1,1,241.0,-0.6,-101.30000000000001,0,4,-0.012121212121212144,0.6666666666666667,-0.0629960317460318,-0.006200396825396803,-0.14842000511827358,-2.9212121212121267,-0.4,-24413.300000000003
2288,1205,2026-08-20,Dust2,1,-1,276.0,0.8,-24.799999999999997,0,0,0.3862150920974451,0.0,0.05794051627384961,-0.03801907968574636,-0.19415601444095776,106.59536541889484,0.0,-6844.799999999999
2287,1205,2026-08-20,Anubis,1,1,276.0,0.8,-24.799999999999997,0,0,-0.17301248857752072,0.0,0.04232804232804227,0.012566137566137614,0.22314355131421015,-47.75144684739572,0.0,-6844.799999999999
2286,1205,2026-08-20,Inferno,1,-1,276.0,0.8,-24.799999999999997,0,0,-0.026978818283166124,-0.5,0.009796626984126977,0.027777777777777735,-0.40546510810816416,-7.44615384615385,-0.4,-6844.799999999999
2259,1193,2026-08-20,Train,1,1,-357.0,-0.39999999999999997,231.90000000000003,0,-4,0.045454545454545414,-0.5,-0.059523809523809534,-0.26488095238095244,-0.47000362924573547,-16.227272727272712,0.19999999999999998,-82788.30000000002
2285,1204,2026-08-20,Mirage,1,1,57.0,-0.08695652173913043,-52.20434782608695,0,4,-0.20251177394034559,-0.6666666666666667,0.12678571428571433,-0.06369047619047619,0.9162907318741551,-11.543171114599698,0.05797101449275363,-2975.6478260869562
2283,1203,2026-08-20,Nuke,1,1,102.0,-0.39999999999999997,-112.4,0,16,-0.22942910747788792,-0.6666666666666667,-0.03220745662606117,0.025701365817644928,0.693147180559945,-23.40176896274457,0.26666666666666666,-11464.800000000001
2282,1203,2026-08-20,Ancient,1,1,102.0,-0.39999999999999997,-112.4,0,16,-0.5106998264893002,-1.0,-0.05765993265993263,0.02904040404040409,0.5819215454497213,-52.091382301908624,0.39999999999999997,-11464.800000000001
2281,1203,2026-08-20,Dust2,1,-1,102.0,-0.39999999999999997,-112.4,0,16,-0.647524572260648,-1.25,-0.039084757834757844,0.08101851851851855,0.3150810466398952,-66.04750637058609,0.49999999999999994,-11464.800000000001
2265,1195,2026-08-20,Ancient,1,-1,-353.0,0.0,-13.199999999999996,0,-5,-0.21497359428393908,-0.3,-0.0514705882352941,0.03339460784313719,-0.05715841383994835,75.8856787822305,-0.0,4659.5999999999985
2264,1195,2026-08-20,Inferno,1,-1,-353.0,0.0,-13.199999999999996,0,-5,0.5221294964028775,0.5,0.06746376811594212,0.017391304347826042,0.08004270767353638,-184.31171223021576,0.0,4659.5999999999985
2263,1195,2026-08-20,Train,1,1,-353.0,0.0,-13.199999999999996,0,-5,0.8995215311004785,1.3333333333333333,0.07738095238095244,-0.005952380952380931,0.0,-317.5311004784689,0.0,4659.5999999999985
2284,1204,2026-08-20,Ancient,1,1,57.0,-0.08695652173913043,-52.20434782608695,0,4,1.1724137931034484,1.2,0.09375,-0.09895833333333331,1.2237754316221159,66.82758620689656,-0.10434782608695652,-2975.6478260869562
2237,1184,2026-08-20,Inferno,1,-1,24.0,-0.2,45.9,0,1,-0.3894115476849289,-1.0,-0.044479166666666736,-0.04999999999999993,0.2384110234449981,-9.345877144438294,0.2,1101.6
2207,1171,2026-08-20,Nuke,1,-1,-57.0,0.2,253.00000000000003,0,-3,-1.1612903225806452,-0.6666666666666667,-0.32500000000000007,0.1694444444444444,-2.0794415416798357,66.19354838709678,-0.13333333333333336,-14421.000000000002
2232,1182,2026-08-20,Ancient,1,1,69.0,-0.08695652173913043,211.69565217391306,0,3,0.9302325581395349,1.0,0.07744565217391303,-0.11956521739130432,1.5686159179138455,64.18604651162791,-0.08695652173913043,14607.000000000002
2184,1162,2026-08-20,Dust2,1,-1,-39.0,-0.2,38.7,0,-3,-0.2589796385266529,0.0,-0.06491228070175437,0.06067251461988299,-0.2231435513142097,10.100205902539463,-0.0,-1509.3000000000002
2185,1162,2026-08-20,Nuke,1,-1,-39.0,-0.2,38.7,0,-3,-0.23821187997550508,0.35714285714285715,-0.07291666666666669,0.09374999999999994,-0.3794896217049035,9.290263319044698,-0.07142857142857144,-1509.3000000000002
2186,1163,2026-08-20,Anubis,1,-1,241.0,-0.6,-101.30000000000001,0,4,-1.25,-1.3333333333333333,-0.21527777777777785,0.12499999999999994,-0.2231435513142097,-301.25,0.7999999999999999,-24413.300000000003
2187,1163,2026-08-20,Ancient,1,1,241.0,-0.6,-101.30000000000001,0,4,0.1399428804569563,0.0,0.030193236714975924,-0.02163848631239934,-0.2336148511815055,33.72623419012647,-0.0,-24413.300000000003
2188,1163,2026-08-20,Inferno,1,1,241.0,-0.6,-101.30000000000001,0,4,-0.32888349514563103,0.0,0.010784313725490158,0.026102941176470495,-0.1541506798272585,-79.26092233009707,0.0,-24413.300000000003
2198,1168,2026-08-20,Mirage,1,1,61.0,0.39999999999999997,-110.69999999999999,0,-1,0.05021645021645024,0.0,-0.004203216374268959,-0.03773757309941528,-0.2231435513142097,3.0632034632034646,0.0,-6752.699999999999
2199,1168,2026-08-20,Nuke,1,1,61.0,0.39999999999999997,-110.69999999999999,0,-1,0.3478260869565218,1.5,-0.00954861111111105,0.05729166666666663,-0.2682639865946794,21.217391304347828,0.6,-6752.699999999999
2200,1169,2026-08-20,Inferno,1,-1,-464.0,-0.6450216450216449,-260.7974025974027,0,-2,-0.17692307692307693,-1.0,-0.0020833333333332704,0.03125,-1.252762968495368,82.0923076923077,0.6450216450216449,121009.99480519486
2201,1169,2026-08-20,Mirage,1,1,-464.0,-0.6450216450216449,-260.7974025974027,0,-2,-1.094552929085303,-1.3333333333333333,-0.13444444444444442,0.10444444444444445,-1.312186388966169,507.87255909558064,0.8600288600288599,121009.99480519486
2202,1169,2026-08-20,Ancient,1,-1,-464.0,-0.6450216450216449,-260.7974025974027,0,-2,0.3224043715846993,0.0,-0.13194444444444448,0.023611111111111083,-1.6739764335716714,-149.59562841530047,0.0,121009.99480519486
2203,1170,2026-08-20,Anubis,1,1,69.0,-0.15384615384615385,172.84615384615384,0,5,-0.75,-0.6666666666666667,-0.02083333333333326,0.125,0.916290731874155,-51.75,0.10256410256410257,11926.384615384615
2204,1170,2026-08-20,Ancient,1,1,69.0,-0.15384615384615385,172.84615384615384,0,5,0.6445182724252492,1.0,-0.07185990338164261,-0.21678743961352664,1.7917594692280552,44.47176079734219,-0.15384615384615385,11926.384615384615
2205,1171,2026-08-20,Train,1,-1,-57.0,0.2,253.00000000000003,0,-3,-0.13636363636363646,-0.5,-0.017857142857142905,-0.22321428571428573,-0.47000362924573547,7.772727272727279,-0.1,-14421.000000000002
2206,1171,2026-08-20,Ancient,1,1,-57.0,0.2,253.00000000000003,0,-3,-1.1724137931034484,-1.2,-0.04166666666666663,0.09895833333333331,-2.1400661634962708,66.82758620689656,-0.24,-14421.000000000002
2291,1207,2026-08-20,Nuke,1,-1,345.0,0.6,-231.59999999999997,0,1,0.3380281690140844,0.7428571428571429,0.03661616161616166,-0.0037878787878787845,-0.1910552367627094,116.61971830985911,0.44571428571428573,-79901.99999999999
2208,1172,2026-08-20,Dust2,1,1,109.0,0.2,100.1,0,1,-0.07077486272117145,-0.5,0.0010430390865173167,-0.03634167764602547,-0.3483066942682158,-7.714460036607688,-0.1,10910.9
2209,1172,2026-08-20,Nuke,1,1,109.0,0.2,100.1,0,1,0.047324466439839286,2.0,0.007371794871794846,0.1118589743589744,-0.523248143764548,5.158366841942482,0.4,10910.9
2231,1182,2026-08-20,Mirage,1,-1,69.0,-0.08695652173913043,211.69565217391306,0,3,-0.8923076923076924,-2.0,0.09702380952380957,0.021130952380952417,1.5755363607584192,-61.56923076923077,0.17391304347826086,14607.000000000002
2227,1180,2026-08-20,Dust2,1,1,410.0,0.10810810810810811,-16.416216216216213,0,12,0.0,0.0,0.0,0.0,2.995732273553991,0.0,0.0,-6730.648648648647
2226,1180,2026-08-20,Nuke,1,1,410.0,0.10810810810810811,-16.416216216216213,0,12,0.17057902973395922,-0.8571428571428572,0.0805555555555556,-0.15833333333333338,1.1526795099383853,69.93740219092328,-0.09266409266409267,-6730.648648648647
2222,1178,2026-08-20,Anubis,1,-1,65.0,-0.8,-8.200000000000045,0,7,-2.0,-2.0,-0.3125,0.20833333333333331,0.0,-130.0,1.6,-533.000000000003
2221,1178,2026-08-20,Train,1,-1,65.0,-0.8,-8.200000000000045,0,7,-1.5,-1.5,-0.16666666666666669,0.3125,-0.916290731874155,-97.5,1.2000000000000002,-533.000000000003
2218,1176,2026-08-20,Ancient,1,-1,-120.0,0.6,-16.599999999999994,0,-1,-0.5866589550800076,-1.0,-0.07478632478632485,0.009793447293447333,-0.30538164955118186,70.39907460960092,-0.6,1991.9999999999993
2236,1184,2026-08-20,Ancient,1,-1,24.0,-0.2,45.9,0,1,-0.4060586529165323,-0.2,-0.04960317460317454,0.02157738095238093,0.2578291093020999,-9.745407669996776,0.04000000000000001,1101.6
2217,1176,2026-08-20,Dust2,1,-1,-120.0,0.6,-16.599999999999994,0,-1,0.1272770853307766,0.0,0.027400362318840576,-0.0043025362318840354,0.3448404862917296,-15.273250239693194,0.0,1991.9999999999993
2215,1175,2026-08-20,Ancient,1,1,81.0,0.0,-118.6,0,6,0.2173355323437787,1.0,0.05039682539682544,-0.010714285714285787,1.299282984130261,17.604178119846075,0.0,-9606.6
2214,1174,2026-08-20,Nuke,1,-1,-931.0,-0.6,-4.399999999999977,0,2,-0.8495979134970657,-2.0,-0.07208994708994715,0.05357142857142855,-0.1466034741918758,790.9756574657682,1.2,4096.399999999979
2213,1174,2026-08-20,Mirage,1,-1,-931.0,-0.6,-4.399999999999977,0,2,-0.593939393939394,-1.3333333333333333,-0.05444677871148451,0.019170168067226934,0.4769240720903096,552.9575757575758,0.7999999999999999,4096.399999999979
2212,1173,2026-08-20,Dust2,1,1,-54.0,-0.19047619047619047,-284.8428571428572,0,9,-0.17751562390281575,-0.6666666666666667,0.06359649122807015,0.013157894736842146,0.0,9.58584369075205,0.126984126984127,15381.51428571429
2211,1173,2026-08-20,Mirage,1,1,-54.0,-0.19047619047619047,-284.8428571428572,0,9,0.26258992805755377,0.16666666666666669,0.026666666666666616,-0.031666666666666676,-0.21357410029805912,-14.179856115107903,-0.03174603174603175,15381.51428571429
2210,1173,2026-08-20,Inferno,1,-1,-54.0,-0.19047619047619047,-284.8428571428572,0,9,-0.28400000000000003,-1.0,-0.007880434782608692,-0.0028079710144927605,0.13353139262452274,15.336000000000002,0.19047619047619047,15381.51428571429
2216,1175,2026-08-20,Dust2,1,1,81.0,0.0,-118.6,0,6,0.34090909090909094,0.5,0.052398989898989945,-0.014835858585858563,1.9169226121820613,27.613636363636367,0.0,-9606.6
2292,1207,2026-08-20,Train,1,1,345.0,0.6,-231.59999999999997,0,1,0.736842105263158,0.6666666666666667,0.10714285714285715,-0.08333333333333331,1.3862943611198904,254.2105263157895,0.4,-79901.99999999999
2328,1223,2026-08-20,Ancient,1,-1,-1.0,-0.2,175.1,0,-16,-0.5772122614227877,-1.0,-0.06342268842268844,-0.007672882672882686,-0.8873031950009032,0.5772122614227877,0.2,-175.1
2294,1208,2026-08-20,Dust2,1,1,147.0,0.2,-270.70000000000005,0,3,0.27731092436974786,0.0,0.04750000000000004,0.010000000000000009,2.1594842493533726,40.764705882352935,0.0,-39792.90000000001
2342,1228,2026-08-20,Anubis,1,-1,229.0,-0.39999999999999997,116.69999999999999,0,2,-1.7551020408163267,-2.0,-0.1706349206349207,0.1607142857142857,-0.6931471805599452,-401.9183673469388,0.7999999999999999,26724.299999999996
2343,1229,2026-08-20,Ancient,1,-1,41.0,1.2,-29.9,-265,27,1.2211538461538463,0.0,0.26953125,-0.11197916666666663,2.3978952727983707,50.06730769230769,0.0,-1225.8999999999999
2344,1229,2026-08-20,Nuke,1,1,41.0,1.2,-29.9,-265,27,0.0,0.0,0.0,0.0,3.8918202981106265,0.0,0.0,-1225.8999999999999
2345,1229,2026-08-20,Anubis,1,1,41.0,1.2,-29.9,-265,27,0.0,0.0,0.0,0.0,1.3862943611198906,0.0,0.0,-1225.8999999999999
2346,1230,2026-08-20,Nuke,1,-1,-41.0,0.0,0.0,30,-27,0.0,0.0,0.0,0.0,-3.8918202981106265,0.0,0.0,0.0
2347,1230,2026-08-20,Anubis,1,-1,-41.0,0.0,0.0,30,-27,0.0,0.0,0.0,0.0,-1.3862943611198906,0.0,0.0,0.0
2348,1231,2026-08-20,Ancient,0,1,-371.0,0.0,0.0,30,-10,0.0,0.0,0.0,0.0,-2.5649493574615367,0.0,0.0,0.0
2349,1231,2026-08-20,Anubis,0,-1,-371.0,0.0,0.0,30,-10,0.0,0.0,0.0,0.0,0.0,0.0,0.0,0.0
2350,1231,2026-08-20,Inferno,0,1,-371.0,0.0,0.0,30,-10,0.0,0.0,0.0,0.0,-3.367295829986474,0.0,0.0,0.0
2351,1232,2026-08-20,Dust2,0,1,191.0,0.0,0.0,-497,26,0.0,0.0,0.0,0.0,3.6109179126442243,0.0,0.0,0.0
2352,1232,2026-08-20,Mirage,0,1,191.0,0.0,0.0,-497,26,0.0,0.0,0.0,0.0,3.4011973816621555,0.0,0.0,0.0
2353,1233,2026-08-20,Nuke,0,1,191.0,0.7999999999999998,-103.39999999999999,-148,26,-0.7985347985347986,0.0,-0.2306201550387596,-0.12112403100775188,3.0910424533583156,-152.52014652014654,0.0,-19749.399999999998
2354,1233,2026-08-20,Dust2,0,1,191.0,0.7999999999999998,-103.39999999999999,-148,26,0.0,0.0,0.0,0.0,3.6109179126442243,0.0,0.0,-19749.399999999998
2355,1234,2026-08-20,Anubis,0,1,191.0,0.0,0.0,-999,26,0.0,0.0,0.0,0.0,2.772588722239781,0.0,0.0,0.0
2356,1234,2026-08-20,Mirage,0,-1,191.0,0.0,0.0,-999,26,0.0,0.0,0.0,0.0,3.4011973816621555,0.0,0.0,0.0
2357,1234,2026-08-20,Dust2,0,1,191.0,0.0,0.0,-999,26,0.0,0.0,0.0,0.0,3.6109179126442243,0.0,0.0,0.0
2358,1235,2026-08-20,Ancient,0,-1,482.0,0.0,0.0,-999,19,0.0,0.0,0.0,0.0,2.302585092994046,0.0,0.0,0.0
2359,1235,2026-08-20,Inferno,0,-1,482.0,0.0,0.0,-999,19,0.0,0.0,0.0,0.0,3.6635616461296463,0.0,0.0,0.0
2360,1236,2026-08-20,Dust2,0,-1,191.0,0.0,-97.4,0,24,-0.27439024390243905,-0.25,-0.01504629629629628,0.08101851851851855,2.512305623976115,-52.40853658536586,-0.0,-18603.4
2361,1236,2026-08-20,Anubis,0,1,191.0,0.0,-97.4,0,24,0.0,0.0,0.0,0.0,2.772588722239781,0.0,0.0,-18603.4
2362,1236,2026-08-20,Ancient,0,-1,191.0,0.0,-97.4,0,24,-0.9392712550607287,-1.0,-0.08080808080808077,0.16792929292929298,2.833213344056216,-179.40080971659918,-0.0,-18603.4
2363,1237,2026-08-20,Ancient,0,1,-191.0,-1.2,39.75000000000001,30,-26,-1.0607287449392713,0.0,-0.0025252525252525415,0.12373737373737365,-2.833213344056216,202.59919028340082,0.0,-7592.250000000001
2364,1237,2026-08-20,Nuke,0,-1,-191.0,-1.2,39.75000000000001,30,-26,-1.2014652014652014,0.0,-0.12354651162790703,0.12112403100775188,-2.6855773452501515,229.47985347985346,0.0,-7592.250000000001
2365,1237,2026-08-20,Dust2,0,1,-191.0,-1.2,39.75000000000001,30,-26,0.0,0.0,0.0,0.0,-3.6109179126442243,0.0,0.0,-7592.250000000001
2366,1238,2026-08-20,Default,0,-1,482.0,0.7543859649122806,-36.526315789473685,0,18,0.0,0.0,0.0,0.0,1.6094379124341003,0.0,0.0,-17605.684210526317
3700,1884,2026-08-20,Mirage,0,-1,-35.0,-0.1658536585365853,115.2439024390244,0,-7,0.6851851851851853,0.0,0.04583333333333328,-0.09166666666666662,-2.3513752571634776,-23.981481481481488,0.0,-4033.536585365854
2368,1239,2026-08-20,Dust2,0,-1,482.0,-1.0,-244.5,-282,19,-0.8372093023255813,0.0,-0.0394144144144144,-0.03153153153153149,2.9444389791664403,-403.5348837209302,0.0,-117849.0
2369,1240,2026-08-20,Nuke,0,1,-191.0,0.8,41.0,30,-26,0.0,0.0,0.0,0.0,-3.784189633918261,0.0,0.0,-7831.0
2370,1240,2026-08-20,Dust2,0,-1,-191.0,0.8,41.0,30,-26,1.274390243902439,0.0,0.0983796296296296,-0.2685185185185185,-2.917770732084279,-243.40853658536585,0.0,-7831.0
2341,1228,2026-08-20,Inferno,1,-1,229.0,-0.39999999999999997,116.69999999999999,0,2,-0.15260144386357974,0.16666666666666669,0.010263480392156854,0.04901960784313719,-0.6061358035703157,-34.94573064475976,-0.06666666666666667,26724.299999999996
2293,1207,2026-08-20,Inferno,1,1,345.0,0.6,-231.59999999999997,0,1,-0.2749090909090909,0.0,-0.052855924978687185,-0.011508951406649592,0.28768207245178123,-94.84363636363635,0.0,-79901.99999999999
2340,1228,2026-08-20,Ancient,1,1,229.0,-0.39999999999999997,116.69999999999999,0,2,0.30382029840957525,0.0,0.06349206349206349,-0.06382275132275128,-0.1466034741918758,69.57484833579274,-0.0,26724.299999999996
2338,1227,2026-08-20,Mirage,1,1,90.0,0.4,-17.700000000000003,0,0,-0.43807178043631234,0.6666666666666667,-0.04588293650793657,0.0473710317460318,0.5108256237659905,-39.42646023926811,0.2666666666666667,-1593.0000000000002
2295,1208,2026-08-20,Anubis,1,-1,147.0,0.2,-270.70000000000005,0,3,-1.6666666666666665,-2.0,-0.10937499999999994,0.15625,1.0986122886681098,-244.99999999999997,-0.4,-39792.90000000001
2296,1208,2026-08-20,Ancient,1,1,147.0,0.2,-270.70000000000005,0,3,1.4923076923076923,1.5,0.04734848484848486,-0.16666666666666663,2.4423470353692043,219.36923076923077,0.30000000000000004,-39792.90000000001
2306,1213,2026-08-20,Dust2,1,1,482.0,-0.2,-251.10000000000002,0,14,0.16279069767441862,0.0,0.06475225225225223,0.05180180180180183,2.5389738710582757,78.46511627906978,-0.0,-121030.20000000001
2307,1213,2026-08-20,Train,1,-1,482.0,-0.2,-251.10000000000002,0,14,-0.0714285714285714,-0.16666666666666669,-0.018518518518518545,0.09490740740740741,0.6931471805599456,-34.428571428571416,0.03333333333333334,-121030.20000000001
2308,1213,2026-08-20,Inferno,1,-1,482.0,-0.2,-251.10000000000002,0,14,0.0,0.0,0.0,0.0,3.6635616461296463,0.0,0.0,-121030.20000000001
2314,1216,2026-08-20,Ancient,1,-1,310.0,0.11698113207547167,5.284905660377348,0,8,0.07017543859649122,0.0,-0.06944444444444436,-0.01620370370370372,1.8458266904983305,21.75438596491228,0.0,1638.3207547169777
2315,1216,2026-08-20,Nuke,1,-1,310.0,0.11698113207547167,5.284905660377348,0,8,0.6956521739130435,0.0,0.19010416666666663,-0.08854166666666663,1.2237754316221159,215.65217391304347,0.0,1638.3207547169777
2316,1217,2026-08-20,Mirage,1,-1,69.0,-0.08695652173913043,211.69565217391306,0,3,-0.8923076923076924,-2.0,0.09702380952380957,0.021130952380952417,1.5755363607584192,-61.56923076923077,0.17391304347826086,14607.000000000002
2317,1217,2026-08-20,Dust2,1,-1,69.0,-0.08695652173913043,211.69565217391306,0,3,0.5043478260869565,1.0,0.10505952380952377,-0.07827380952380952,0.9650808960435873,34.8,-0.08695652173913043,14607.000000000002
2318,1218,2026-08-20,Mirage,1,1,268.0,0.0,-62.2,0,-1,-0.4388235294117647,0.0,-0.025502873563218453,0.06443965517241379,0.35667494393873245,-117.60470588235295,0.0,-16669.600000000002
2319,1218,2026-08-20,Anubis,1,1,268.0,0.0,-62.2,0,-1,0.21845318860244234,0.0,0.01851851851851849,-0.08564814814814814,1.2039728043259361,58.54545454545455,0.0,-16669.600000000002
2320,1219,2026-08-20,Dust2,1,1,147.0,1.4,-45.60000000000001,0,5,0.0,0.0,0.0,0.0,3.258096538021482,0.0,0.0,-6703.200000000002
2321,1219,2026-08-20,Ancient,1,1,147.0,1.4,-45.60000000000001,0,5,0.0,0.0,0.0,0.0,3.1354942159291497,0.0,0.0,-6703.200000000002
2322,1220,2026-08-20,Inferno,1,-1,353.0,0.0,13.199999999999996,0,5,-0.5221294964028775,-0.5,-0.06746376811594212,-0.017391304347826042,-0.08004270767353638,-184.31171223021576,-0.0,4659.5999999999985
2323,1220,2026-08-20,Mirage,1,-1,353.0,0.0,13.199999999999996,0,5,0.010204081632653017,0.16666666666666669,-0.018452380952380998,0.013690476190476197,0.33647223662121295,3.602040816326515,0.0,4659.5999999999985
2324,1221,2026-08-20,Nuke,1,1,41.0,0.8,-28.699999999999996,-257,27,0.30337078651685395,0.0,-0.04600694444444442,-0.11371527777777779,2.2823823856765264,12.438202247191011,0.0,-1176.6999999999998
2325,1221,2026-08-20,Mirage,1,1,41.0,0.8,-28.699999999999996,-257,27,1.1330798479087452,0.0,0.13738738738738732,-0.18626126126126125,1.8458266904983307,46.456273764258555,0.0,-1176.6999999999998
2326,1222,2026-08-20,Dust2,1,1,482.0,0.7169811320754716,-155.41509433962264,0,16,1.1627906976744187,0.0,0.3355855855855856,-0.1148648648648648,2.9444389791664403,560.4651162790698,0.0,-74910.07547169812
2327,1222,2026-08-20,Mirage,1,1,482.0,0.7169811320754716,-155.41509433962264,0,16,1.0503597122302157,0.0,0.36426767676767674,-0.09848484848484845,2.4277482359480516,506.273381294964,0.0,-74910.07547169812
2183,1161,2026-08-20,Nuke,1,1,690.0,1.2,105.69999999999999,0,-6,0.9678992279561154,2.0,0.06138392857142866,-0.06225198412698413,0.2578291093020999,667.8504672897196,2.4,72932.99999999999
2329,1223,2026-08-20,Dust2,1,1,-1.0,-0.2,175.1,0,-16,0.2945244720903585,0.25,0.0059883252818035415,-0.03844605475040258,-0.4328640822962786,-0.2945244720903585,-0.05,-175.1
2330,1223,2026-08-20,Train,1,-1,-1.0,-0.2,175.1,0,-16,0.0,0.0,0.0,0.0,-2.1972245773362196,0.0,0.0,-175.1
2331,1224,2026-08-20,Nuke,1,1,292.0,1.2,-223.7,0,-3,0.10718548579613268,1.6,-0.026515151515151547,0.037878787878787845,0.0,31.298161852470745,1.92,-65320.399999999994
2332,1224,2026-08-20,Inferno,1,-1,292.0,1.2,-223.7,0,-3,-0.16916996047430832,-1.0,-0.02007469654528482,-0.01633986928104575,0.20067069546215155,-49.39762845849803,-1.2,-65320.399999999994
2333,1224,2026-08-20,Dust2,1,1,292.0,1.2,-223.7,0,-3,0.758374183006536,0.5,0.1061728395061729,-0.07160493827160491,0.2876820724517808,221.44526143790853,0.6,-65320.399999999994
2334,1225,2026-08-20,Nuke,1,-1,-20.0,-0.6,180.6,0,-3,-0.6169408205709963,-2.0,-0.028439153439153375,0.049603174603174593,-0.1466034741918758,12.338816411419927,1.2,-3612.0
2335,1225,2026-08-20,Anubis,1,-1,-20.0,-0.6,180.6,0,-3,-0.11363636363636359,-0.6666666666666667,0.02083333333333337,-0.0625,0.5108256237659905,2.2727272727272716,0.4,-3612.0
2336,1226,2026-08-20,Train,1,-1,410.0,-0.2,-239.8,0,8,-0.763157894736842,-0.8333333333333333,-0.059523809523809534,0.22916666666666666,0.47000362924573547,-312.89473684210526,0.16666666666666666,-98318.0
2337,1226,2026-08-20,Dust2,1,-1,410.0,-0.2,-239.8,0,8,0.24822695035460993,0.3333333333333333,0.06907894736842102,0.050438596491228116,1.897119984885881,101.77304964539007,-0.06666666666666667,-98318.0
2339,1227,2026-08-20,Inferno,1,1,90.0,0.4,-17.700000000000003,0,0,-0.047806915757716284,0.0,-0.022777777777777786,-0.0800925925925925,-0.3136575588550419,-4.302622418194465,0.0,-1593.0000000000002
2182,1161,2026-08-20,Mirage,1,1,690.0,1.2,105.69999999999999,0,-6,0.6060606060606061,0.6666666666666666,0.11744281045751631,-0.01296977124183013,-0.32850406697203605,418.1818181818182,0.7999999999999999,72932.99999999999
4288,2127,2026-08-20,Anubis,0,1,-47.0,-0.8,303.5,0,-6,1.0,1.0,-0.062499999999999944,-0.29166666666666663,0.0,-47.0,-0.8,-14264.5
2180,1160,2026-08-20,Inferno,1,1,47.0,0.0,0.0,-999,11,0.0,0.0,0.0,0.0,2.995732273553991,0.0,0.0,0.0
2068,1114,2026-08-20,Nuke,1,1,126.0,0.8,-273.9,0,14,0.25780322963421554,0.9333333333333333,-0.04122621564482026,8.809020436928439e-05,0.6486954179891113,32.483206933911156,0.7466666666666667,-34511.399999999994
2069,1114,2026-08-20,Inferno,1,1,126.0,0.8,-273.9,0,14,0.05992889791772478,0.25,-0.0020588235294117796,-0.009117647058823508,0.3677247801253176,7.551041137633322,0.2,-34511.399999999994
2076,1118,2026-08-20,Train,1,-1,-48.0,0.08695652173913043,-4.795652173913041,0,-6,-0.2222222222222222,0.0,-0.07142857142857145,0.06746031746031755,-1.3217558399823195,10.666666666666666,0.0,230.19130434782596
2077,1118,2026-08-20,Dust2,1,1,-48.0,0.08695652173913043,-4.795652173913041,0,-6,-0.059504132231404966,0.3333333333333333,-0.08740601503759399,0.041979949874686784,-0.9162907318741551,2.8561983471074384,0.02898550724637681,230.19130434782596
2078,1118,2026-08-20,Ancient,1,-1,-48.0,0.08695652173913043,-4.795652173913041,0,-6,-1.2994350282485876,-1.7142857142857144,-0.1028079710144928,0.12862318840579706,-1.5686159179138455,62.37288135593221,-0.14906832298136646,230.19130434782596
2079,1119,2026-08-20,Dust2,1,1,464.0,0.484593837535014,263.61344537815137,0,2,0.42574257425742573,0.0,0.036732456140350866,0.02165570175438597,0.7985076962177713,197.54455445544554,0.0,122316.63865546223
2080,1119,2026-08-20,Mirage,1,1,464.0,0.484593837535014,263.61344537815137,0,2,-0.24258992805755406,-0.6666666666666667,0.035833333333333384,0.023333333333333373,0.8602012652231115,-112.56172661870508,-0.323062558356676,122316.63865546223
2081,1120,2026-08-20,Mirage,1,1,-172.0,-0.6,160.7,0,-8,-0.26248092435142795,-0.3333333333333333,-0.03440656565656569,0.013415404040404089,-0.307484699747961,45.146718988445606,0.19999999999999998,-27640.399999999998
2082,1120,2026-08-20,Anubis,1,-1,-172.0,-0.6,160.7,0,-8,-1.75,-2.0,-0.21527777777777785,0.14583333333333331,-0.2231435513142097,301.0,1.2,-27640.399999999998
2083,1120,2026-08-20,Inferno,1,1,-172.0,-0.6,160.7,0,-8,-0.17636055936581452,0.09523809523809523,0.010126418988648078,0.06217750257997934,-0.7731898882334818,30.334016210920097,-0.057142857142857134,-27640.399999999998
2084,1121,2026-08-20,Anubis,1,-1,147.0,0.24615384615384617,-108.75384615384615,0,6,-1.6666666666666665,-2.0,-0.10937499999999994,0.19791666666666663,1.5040773967762742,-244.99999999999997,-0.49230769230769234,-15986.815384615385
2085,1121,2026-08-20,Ancient,1,1,147.0,0.24615384615384617,-108.75384615384615,0,6,1.2065934065934065,1.5,-0.0498737373737374,-0.26388888888888895,1.749199854809259,177.36923076923077,0.36923076923076925,-15986.815384615385
2086,1121,2026-08-20,Nuke,1,-1,147.0,0.24615384615384617,-108.75384615384615,0,6,-0.6000000000000001,0.0,-0.01388888888888895,0.055555555555555525,-1.252762968495368,-88.20000000000002,0.0,-15986.815384615385
2087,1122,2026-08-20,Mirage,1,1,357.0,0.8,-143.39999999999998,0,6,-1.0588235294117647,0.0,-0.1192528735632184,0.20402298850574707,2.302585092994046,-378.0,0.0,-51193.79999999999
2035,1100,2026-08-20,Train,1,1,482.0,0.48837209302325574,-106.72093023255812,0,18,1.4285714285714286,0.0,0.23148148148148145,-0.21759259259259256,1.6094379124341005,688.5714285714286,0.0,-51439.488372093016
2088,1122,2026-08-20,Inferno,1,-1,357.0,0.8,-143.39999999999998,0,6,0.12173913043478257,0.0,-0.0674603174603175,-0.013888888888888895,1.7047480922384255,43.46086956521738,0.0,-51193.79999999999
2090,1123,2026-08-20,Dust2,1,1,191.0,0.6883720930232557,-137.72093023255812,0,25,-0.674390243902439,0.0,0.005787037037037035,-0.02314814814814814,2.512305623976115,-128.80853658536583,0.0,-26304.6976744186
2091,1123,2026-08-20,Ancient,1,-1,191.0,0.6883720930232557,-137.72093023255812,0,25,1.0607287449392713,0.0,0.16919191919191917,-0.12373737373737365,2.1400661634962708,202.59919028340082,0.0,-26304.6976744186
2092,1123,2026-08-20,Inferno,1,1,191.0,0.6883720930232557,-137.72093023255812,0,25,0.0,0.0,0.0,0.0,3.258096538021482,0.0,0.0,-26304.6976744186
2093,1124,2026-08-20,Inferno,1,1,57.0,0.8545454545454545,-66.34545454545453,0,12,0.3637447823494336,0.6,0.040350877192982415,-0.0030701754385964453,1.203972804325936,20.733452593917715,0.5127272727272727,-3781.690909090908
2094,1124,2026-08-20,Ancient,1,-1,57.0,0.8545454545454545,-66.34545454545453,0,12,-1.0,-2.0,0.057291666666666685,0.0625,1.0986122886681098,-57.0,-1.709090909090909,-3781.690909090908
2095,1124,2026-08-20,Mirage,1,1,57.0,0.8545454545454545,-66.34545454545453,0,12,1.450063211125158,2.0,0.11666666666666659,-0.175,0.8266785731844679,82.653603034134,1.709090909090909,-3781.690909090908
2096,1125,2026-08-20,Ancient,1,1,-381.0,-1.6,32.0,0,-11,0.0,0.0,0.0,0.0,-3.4339872044851463,0.0,0.0,-12192.0
2097,1125,2026-08-20,Anubis,1,-1,-381.0,-1.6,32.0,0,-11,0.0,0.0,0.0,0.0,-1.6094379124341003,0.0,0.0,-12192.0
2098,1125,2026-08-20,Train,1,1,-381.0,-1.6,32.0,0,-11,0.0,0.0,0.0,0.0,-2.4849066497880004,0.0,0.0,-12192.0
2099,1126,2026-08-20,Train,1,1,57.0,1.4,-57.00000000000001,0,11,0.0,0.0,0.0,0.0,2.302585092994046,0.0,0.0,-3249.0000000000005
2100,1126,2026-08-20,Inferno,1,1,57.0,1.4,-57.00000000000001,0,11,1.2868217054263567,1.6,-0.026315789473684237,-0.18640350877192974,1.897119984885881,73.34883720930233,2.2399999999999998,-3249.0000000000005
2101,1127,2026-08-20,Dust2,1,1,-381.0,-1.0594594594594593,34.05405405405405,0,-8,0.10375275938189843,0.0,-0.19899425287356326,0.006465517241379282,-2.302585092994046,-39.5298013245033,-0.0,-12974.594594594593
2102,1127,2026-08-20,Mirage,1,1,-381.0,-1.0594594594594593,34.05405405405405,0,-8,-1.3763440860215055,0.0,-0.07532051282051283,0.13141025641025633,-2.6026896854443837,524.3870967741935,0.0,-12974.594594594593
2103,1128,2026-08-20,Train,1,-1,-381.0,0.0,0.0,30,-12,0.0,0.0,0.0,0.0,-2.4849066497880004,0.0,0.0,0.0
2089,1122,2026-08-20,Dust2,1,-1,357.0,0.8,-143.39999999999998,0,6,0.727124183006536,0.5,0.11033950617283955,-0.05285493827160492,1.7227665977411035,259.58333333333337,0.4,-51193.79999999999
2104,1128,2026-08-20,Ancient,1,-1,-381.0,0.0,0.0,30,-12,0.0,0.0,0.0,0.0,-3.4339872044851463,0.0,0.0,0.0
2034,1100,2026-08-20,Anubis,1,1,482.0,0.48837209302325574,-106.72093023255812,0,18,0.0,0.0,0.0,0.0,1.6094379124341003,0.0,0.0,-51439.488372093016
2032,1099,2026-08-20,Ancient,1,1,13.0,0.2,86.1,0,2,0.5422921711057305,1.3142857142857143,-0.051358695652173825,-0.07653985507246375,0.13353139262452274,7.049798224374496,0.26285714285714284,1119.3
4419,2211,2026-08-20,Anubis,0,-1,-57.0,0.0,0.0,30,-14,0.0,0.0,0.0,0.0,-1.6094379124341003,0.0,0.0,0.0
1627,886,2026-08-20,Dust2,1,1,309.0,0.6,-35.89999999999999,0,-1,0.617620050775131,0.8333333333333333,0.06757634827810266,-0.03914879792072773,0.33647223662121295,190.8445956895155,0.49999999999999994,-11093.099999999997
1628,886,2026-08-20,Train,1,1,309.0,0.6,-35.89999999999999,0,-1,0.5656565656565657,2.0,0.029761904761904767,0.04761904761904767,-0.6286086594223743,174.7878787878788,1.2,-11093.099999999997
4400,2196,2026-08-20,Anubis,0,1,37.0,1.75,-83.65,0,15,1.054054054054054,0.0,0.02916666666666662,-0.11249999999999993,1.7047480922384253,38.99999999999999,0.0,-3095.05
1742,935,2026-08-20,Train,1,-1,-482.0,-0.6,288.9,0,-14,0.0,0.0,0.0,0.0,-2.302585092994046,0.0,0.0,-139249.8
1743,935,2026-08-20,Inferno,1,-1,-482.0,-0.6,288.9,0,-14,0.36085626911314983,0.7619047619047619,0.007675438596491224,0.04093567251461988,-2.2772672850097555,-173.9327217125382,-0.4571428571428571,-139249.8
1885,1012,2026-08-20,Dust2,1,1,81.0,0.3238095238095237,-13.261904761904745,0,5,0.46590909090909094,0.8333333333333333,0.10448232323232326,-0.02525252525252525,1.9169226121820613,37.73863636363637,0.2698412698412697,-1074.2142857142844
1886,1013,2026-08-20,Anubis,1,-1,57.0,0.6105263157894737,-208.76315789473682,0,10,0.0,0.0,0.0,0.0,1.6094379124341003,0.0,0.0,-11899.499999999998
1887,1014,2026-08-20,Nuke,1,-1,410.0,0.21052631578947364,-166.4631578947368,0,9,0.6150234741784035,0.47619047619047616,0.13194444444444453,-0.09722222222222227,0.998528830111127,252.15962441314545,0.10025062656641602,-68249.89473684209
1888,1015,2026-08-20,Mirage,1,1,36.0,-1.2,117.5,0,-8,-0.3817824260302136,-0.2,-0.012249827467218755,0.10313146997929601,-0.7591051483517424,-13.74416733708769,0.24,4230.0
1889,1016,2026-08-20,Anubis,1,1,133.0,-0.4,175.1,0,-4,1.0,1.0,0.13541666666666663,-0.21874999999999997,-0.916290731874155,133.0,-0.4,23288.3
1890,1017,2026-08-20,Inferno,1,-1,-8.0,-0.8,-37.400000000000006,0,-1,-0.4312820512820513,-1.5,-0.025173611111111105,-0.036458333333333315,0.27763173659827967,3.4502564102564106,1.2000000000000002,299.20000000000005
1891,1018,2026-08-20,Dust2,1,1,-417.0,-0.6,242.89999999999998,0,-7,-0.4440406976744186,0.0,-0.10225225225225226,0.08153153153153148,-0.5930637220029626,185.16497093023256,-0.0,-101289.29999999999
1892,1019,2026-08-20,Inferno,1,1,-59.0,-0.2563270603504218,-73.38221933809218,0,-2,-0.30597014925373134,0.0,-0.0328525641025641,0.017628205128205177,-1.0296194171811581,18.05223880597015,0.0,4329.550940947439
2033,1099,2026-08-20,Nuke,1,1,13.0,0.2,86.1,0,2,0.608128667680939,1.0,-0.001361655773420456,-0.1122004357298475,0.6109090823229733,7.905672679852207,0.2,1119.3
1893,1020,2026-08-20,Train,1,-1,-57.0,-0.6941176470588235,63.529411764705884,0,-12,-0.2745098039215687,0.0,-0.1203703703703704,-0.06018518518518523,-0.9162907318741553,15.647058823529417,0.0,-3621.1764705882356
1895,1022,2026-08-20,Dust2,1,1,65.0,-0.07619047619047625,185.63809523809522,0,8,0.09375,0.3333333333333333,0.05624999999999997,0.008333333333333304,1.4350845252893227,6.09375,-0.025396825396825418,12066.476190476189
1896,1023,2026-08-20,Nuke,1,1,482.0,0.21052631578947364,-177.76315789473682,0,15,0.13333333333333325,-0.26666666666666666,0.0629960317460318,-0.10912698412698424,1.421385680931161,64.26666666666662,-0.05614035087719297,-85681.84210526315
1897,1024,2026-08-20,Anubis,1,1,44.0,-1.2,63.9,0,-7,0.7010479867622726,1.0,0.030357142857142916,-0.048214285714285765,-0.3184537311185349,30.846111417539998,-1.2,2811.6
1898,1025,2026-08-20,Ancient,1,-1,351.0,-0.34328358208955223,-112.38656716417914,0,7,0.10436851946285902,0.0,0.05424836601307187,-0.043464052287581656,0.11778303565638337,36.63335033146352,0.0,-39447.685074626876
1899,1026,2026-08-20,Dust2,1,1,117.0,0.2,46.5,0,2,-0.19840881816969644,0.0,-0.012391304347826093,0.01507246376811594,-0.08004270767353638,-23.213831725854483,0.0,5440.5
1900,1027,2026-08-20,Inferno,1,1,-57.0,-0.8545454545454545,66.34545454545453,0,-12,-0.3637447823494336,-0.6,-0.040350877192982415,0.0030701754385964453,-1.203972804325936,20.733452593917715,0.5127272727272727,-3781.690909090908
1901,1027,2026-08-20,Mirage,1,-1,-57.0,-0.8545454545454545,66.34545454545453,0,-12,-1.450063211125158,-2.0,-0.11666666666666659,0.175,-0.8266785731844679,82.653603034134,1.709090909090909,-3781.690909090908
1902,1027,2026-08-20,Anubis,1,-1,-57.0,-0.8545454545454545,66.34545454545453,0,-12,0.0,0.0,0.0,0.0,-1.6094379124341003,0.0,0.0,-3781.690909090908
1920,1036,2026-08-20,Ancient,1,1,-57.0,-0.15609756097560984,91.41463414634146,0,-13,0.8533333333333333,0.0,0.04092261904761907,-0.14285714285714285,-0.11778303565638382,-48.63999999999999,0.0,-5210.634146341463
1924,1040,2026-08-20,Nuke,1,-1,-89.0,-1.6,-54.400000000000006,0,-7,-1.4308943089430894,-2.0,-0.3849206349206349,0.1468253968253968,-2.3978952727983707,127.34959349593495,3.2,4841.6
1945,1053,2026-08-20,Inferno,1,1,61.0,0.39999999999999997,-110.69999999999999,0,-1,0.02820781946995543,-0.16666666666666669,-0.0009628851540615657,-0.022233893557422946,0.4769240720903096,1.7206769876672814,-0.06666666666666667,-6752.699999999999
1946,1053,2026-08-20,Nuke,1,1,61.0,0.39999999999999997,-110.69999999999999,0,-1,0.3478260869565218,1.5,-0.00954861111111105,0.05729166666666663,-0.2682639865946794,21.217391304347828,0.6,-6752.699999999999
2006,1087,2026-08-20,Mirage,1,1,57.0,0.0,0.0,-499,14,0.0,0.0,0.0,0.0,2.772588722239781,0.0,0.0,0.0
2007,1087,2026-08-20,Nuke,1,1,57.0,0.0,0.0,-499,14,0.0,0.0,0.0,0.0,2.70805020110221,0.0,0.0,0.0
1894,1021,2026-08-20,Nuke,1,-1,-89.0,-0.4461538461538461,7.753846153846155,0,-8,-0.8308943089430894,-2.0,0.003968253968254065,0.09126984126984128,-1.1451323043030028,73.94959349593495,0.8923076923076922,-690.0923076923077
2181,1160,2026-08-20,Dust2,1,1,47.0,0.0,0.0,-999,11,0.0,0.0,0.0,0.0,3.295836866004329,0.0,0.0,0.0
2105,1129,2026-08-20,Inferno,1,1,-590.0,-0.6,-255.09999999999997,0,8,-0.9087706422018347,-1.0,-0.10641438539989273,0.0619296833064949,-0.15415067982725805,536.1746788990824,0.6,150508.99999999997
2107,1129,2026-08-20,Train,1,-1,-590.0,-0.6,-255.09999999999997,0,8,0.3368421052631579,0.0,0.14047619047619048,-0.06666666666666671,0.2876820724517808,-198.73684210526315,0.0,150508.99999999997
4301,2132,2026-08-20,Nuke,0,-1,-37.0,0.0,0.0,30,-16,0.0,0.0,0.0,0.0,-3.8066624897703196,0.0,0.0,0.0
4300,2132,2026-08-20,Dust2,0,1,-37.0,0.0,0.0,30,-16,0.0,0.0,0.0,0.0,-3.258096538021482,0.0,0.0,0.0
4299,2132,2026-08-20,Anubis,0,-1,-37.0,0.0,0.0,30,-16,0.0,0.0,0.0,0.0,-2.3978952727983707,0.0,0.0,0.0
4298,2131,2026-08-20,Ancient,0,1,-191.0,-1.2,51.0,30,-26,0.0,0.0,0.0,0.0,-3.5263605246161616,0.0,0.0,-9741.0
4297,2131,2026-08-20,Mirage,0,-1,-191.0,-1.2,51.0,30,-26,-0.7755102040816327,0.0,-0.03160919540229884,0.04166666666666663,-2.70805020110221,148.12244897959187,0.0,-9741.0
4296,2131,2026-08-20,Inferno,0,1,-191.0,-1.2,51.0,30,-26,-1.1508379888268156,0.0,0.23000000000000004,0.33999999999999997,-2.5649493574615367,219.81005586592178,0.0,-9741.0
2149,1148,2026-08-20,Dust2,1,-1,-220.0,0.0,132.8,0,-3,-0.22809272216669046,-0.3333333333333333,-0.05730358504958044,0.012967200610221163,0.1823215567939549,50.1803988766719,-0.0,-29216.000000000004
2150,1148,2026-08-20,Ancient,1,-1,-220.0,0.0,132.8,0,-3,-0.9038709038709039,-1.5,-0.11236802413273,0.0009426847662141746,-0.2513144282809061,198.85159885159885,-0.0,-29216.000000000004
4293,2129,2026-08-20,Ancient,0,1,191.0,0.4,-193.6,0,23,0.511709137096134,1.0,0.10252525252525252,-0.05707070707070705,1.7346010553881066,97.73644518536159,0.4,-36977.6
4292,2129,2026-08-20,Inferno,0,1,191.0,0.4,-193.6,0,23,0.3508379888268157,1.25,-0.04944444444444446,-0.006666666666666654,1.8718021769015916,67.0100558659218,0.5,-36977.6
4291,2129,2026-08-20,Mirage,0,-1,191.0,0.4,-193.6,0,23,-1.2244897959183674,-1.3333333333333333,-0.0933908045977011,0.20833333333333331,2.302585092994046,-233.87755102040816,-0.5333333333333333,-36977.6
2151,1149,2026-08-20,Inferno,1,1,1000.0,1.2,-22.5,0,0,0.3914373088685013,0.6666666666666667,0.07561728395061734,-0.05709876543209874,1.9459101490553132,391.4373088685013,0.8,-22500.0
2152,1149,2026-08-20,Dust2,1,1,1000.0,1.2,-22.5,0,0,1.8461538461538463,2.0,0.11805555555555564,-0.23842592592592587,1.8458266904983305,1846.1538461538462,2.4,-22500.0
2371,1240,2026-08-20,Inferno,0,1,-191.0,0.8,41.0,30,-26,0.8491620111731844,0.0,0.0633333333333333,-0.11833333333333335,-2.5649493574615367,-162.18994413407822,0.0,-7831.0
4302,2133,2026-08-20,Nuke,0,1,-57.0,-0.6105263157894737,208.76315789473682,0,-10,-0.5673758865248226,-0.8333333333333333,-0.058531746031746046,0.05257936507936517,-0.7621400520468968,32.34042553191489,0.5087719298245613,-11899.499999999998
4287,2127,2026-08-20,Inferno,0,1,-47.0,-0.8,303.5,0,-6,-0.10996563573883167,0.0,-0.028508771929824595,0.09795321637426896,-1.6094379124341003,5.168384879725089,-0.0,-14264.5
2153,1150,2026-08-20,Nuke,1,1,306.0,0.39999999999999997,-192.89999999999998,0,-2,0.0998162890385793,1.1,-0.03630050505050503,0.08996212121212116,-0.5705448584676129,30.543784445805265,0.44,-59027.399999999994
2154,1150,2026-08-20,Inferno,1,-1,306.0,0.39999999999999997,-192.89999999999998,0,-2,-0.26658476658476654,-0.5,-0.02057072829131651,-0.017331932773109238,0.4769240720903096,-81.57493857493856,-0.19999999999999998,-59027.399999999994
2155,1150,2026-08-20,Dust2,1,1,306.0,0.39999999999999997,-192.89999999999998,0,-2,0.270497311827957,0.3333333333333333,0.041666666666666685,-0.0222222222222222,-0.27193371548364187,82.77217741935485,0.1333333333333333,-59027.399999999994
4282,2125,2026-08-20,Mirage,0,-1,-57.0,-1.4,57.00000000000001,0,-11,0.0,0.0,0.0,0.0,-2.772588722239781,0.0,0.0,-3249.0000000000005
4281,2125,2026-08-20,Anubis,0,-1,-57.0,-1.4,57.00000000000001,0,-11,0.0,0.0,0.0,0.0,-1.6094379124341003,0.0,0.0,-3249.0000000000005
4280,2124,2026-08-20,Nuke,0,1,37.0,1.75,-83.65,0,15,0.0,0.0,0.0,0.0,3.8066624897703196,0.0,0.0,-3095.05
2163,1154,2026-08-20,Anubis,1,-1,-48.0,-0.523809523809524,-12.338095238095235,0,-7,0.0,0.0,0.0,0.0,-2.0794415416798357,0.0,0.0,592.2285714285713
2164,1154,2026-08-20,Nuke,1,-1,-48.0,-0.523809523809524,-12.338095238095235,0,-7,-0.5561741896997416,0.0,-0.037990196078431404,0.09599673202614384,-1.2527629684953676,26.6963611055876,-0.0,592.2285714285713
2165,1154,2026-08-20,Ancient,1,-1,-48.0,-0.523809523809524,-12.338095238095235,0,-7,-0.0686657974793568,0.0,0.004830917874396157,-0.017210144927536253,-1.2321436812926325,3.2959582790091266,0.0,592.2285714285713
2176,1158,2026-08-20,Inferno,1,1,47.0,0.0,0.0,-999,11,0.0,0.0,0.0,0.0,2.995732273553991,0.0,0.0,0.0
2177,1158,2026-08-20,Dust2,1,1,47.0,0.0,0.0,-999,11,0.0,0.0,0.0,0.0,3.295836866004329,0.0,0.0,0.0
2178,1159,2026-08-20,Anubis,1,1,48.0,0.0,0.0,-469,10,0.0,0.0,0.0,0.0,2.0794415416798357,0.0,0.0,0.0
2179,1159,2026-08-20,Nuke,1,1,48.0,0.0,0.0,-469,10,0.0,0.0,0.0,0.0,3.5553480614894135,0.0,0.0,0.0
4272,2120,2026-08-20,Inferno,0,1,37.0,1.4594594594594594,-31.954054054054048,0,12,0.0,0.0,0.0,0.0,0.6931471805599453,0.0,0.0,-1182.2999999999997
4286,2127,2026-08-20,Dust2,0,-1,-47.0,-0.8,303.5,0,-6,-1.273972602739726,-1.6,-0.06891025641025639,0.08012820512820512,-2.197224577336219,59.87671232876712,1.2800000000000002,-14264.5
2106,1129,2026-08-20,Dust2,1,-1,-590.0,-0.6,-255.09999999999997,0,8,-0.5979268957992363,-0.6666666666666667,-0.007309941520467933,0.12219785575048736,0.05129329438755059,352.77686852154943,0.4,150508.99999999997
4303,2133,2026-08-20,Inferno,0,-1,-57.0,-0.6105263157894737,208.76315789473682,0,-10,-0.6201550387596899,0.0,-0.09868421052631576,-0.014985380116959157,-1.0498221244986776,35.348837209302324,0.0,-11899.499999999998
4305,2134,2026-08-20,Ancient,0,-1,-57.0,-0.10810810810810811,29.61621621621621,0,-7,-0.37241379310344824,0.0,-0.1166666666666667,0.04062500000000002,-1.0414538748281612,21.22758620689655,0.0,-1688.1243243243239
2108,1129,2026-08-20,Mirage,1,1,-590.0,-0.6,-255.09999999999997,0,8,0.10606060606060586,0.16666666666666669,-0.04313725490196074,-0.05196078431372547,0.1541506798272585,-62.57575757575746,-0.1,150508.99999999997
2109,1129,2026-08-20,Nuke,1,-1,-590.0,-0.6,-255.09999999999997,0,8,-0.3818612610240885,-0.8571428571428572,0.001984126984126977,0.025793650793650813,-0.1466034741918758,225.29814400421222,0.5142857142857143,150508.99999999997
2110,1130,2026-08-20,Dust2,1,-1,-73.0,0.0,65.0,0,-5,-0.4685430463576159,0.0,-0.06583333333333335,0.06624999999999998,-1.6486586255873819,34.20364238410596,0.0,-4745.0
2111,1130,2026-08-20,Ancient,1,-1,-73.0,0.0,65.0,0,-5,-0.608875128998968,0.0,-0.061111111111111116,0.03888888888888892,-0.9808292530117262,44.447884416924666,0.0,-4745.0
2112,1130,2026-08-20,Mirage,1,1,-73.0,0.0,65.0,0,-5,1.0101010101010102,1.0,0.0575396825396825,-0.1964285714285714,-1.9924301646902063,-73.73737373737374,0.0,-4745.0
2113,1130,2026-08-20,Train,1,-1,-73.0,0.0,65.0,0,-5,0.0,0.0,0.0,0.0,0.6931471805599453,0.0,0.0,-4745.0
2115,1132,2026-08-20,Inferno,1,1,59.0,1.3432835820895521,96.68656716417914,0,3,0.8059701492537313,1.0,0.02243589743589741,-0.08012820512820512,1.945910149055313,47.55223880597015,1.3432835820895521,5704.507462686569
2116,1132,2026-08-20,Dust2,1,1,59.0,1.3432835820895521,96.68656716417914,0,3,0.0,0.0,0.0,0.0,2.833213344056216,0.0,0.0,5704.507462686569
2117,1133,2026-08-20,Mirage,1,1,693.0,0.2511627906976744,111.16744186046509,0,3,0.393939393939394,0.0,0.07230392156862736,-0.03553921568627455,0.18232155679395445,273.0,0.0,77039.0372093023
2118,1133,2026-08-20,Nuke,1,1,693.0,0.2511627906976744,111.16744186046509,0,3,0.920694259012016,0.0,0.06746031746031755,-0.11375661375661378,0.7884573603642702,638.041121495327,0.0,77039.0372093023
2119,1135,2026-08-20,Nuke,1,1,39.0,0.2,-38.7,0,3,0.23821187997550508,-0.35714285714285715,0.07291666666666669,-0.09374999999999994,0.3794896217049035,9.290263319044698,-0.07142857142857144,-1509.3000000000002
2120,1135,2026-08-20,Dust2,1,1,39.0,0.2,-38.7,0,3,0.2589796385266529,0.0,0.06491228070175437,-0.06067251461988299,0.2231435513142097,10.100205902539463,0.0,-1509.3000000000002
2124,1137,2026-08-20,Nuke,1,-1,-69.0,-1.158974358974359,31.223076923076917,0,-8,0.3398268398268398,1.2,-0.03455284552845528,0.0,-2.1282317058492684,-23.448051948051948,-1.3907692307692308,-2154.3923076923074
2125,1137,2026-08-20,Mirage,1,1,-69.0,-1.158974358974359,31.223076923076917,0,-8,-0.2726045883940622,0.0,-0.10833333333333334,0.15833333333333333,0.0,18.809716599190292,0.0,-2154.3923076923074
4304,2133,2026-08-20,Train,0,1,-57.0,-0.6105263157894737,208.76315789473682,0,-10,0.39215686274509803,0.0,-0.13425925925925924,-0.12962962962962965,-0.9162907318741553,-22.352941176470587,0.0,-11899.499999999998
2126,1137,2026-08-20,Dust2,1,1,-69.0,-1.158974358974359,31.223076923076917,0,-8,-1.2555593568251793,-2.0,-0.13511904761904758,0.16428571428571426,-1.3545456628053105,86.63359562093737,2.317948717948718,-2154.3923076923074
2132,1140,2026-08-20,Mirage,1,1,181.0,-0.2,-94.1,0,0,0.06309523809523815,0.6666666666666667,-0.03267543859649119,-0.0957236842105263,-0.04879016416943216,11.420238095238105,-0.13333333333333336,-17032.1
2147,1147,2026-08-20,Inferno,1,-1,65.0,0.0,-46.0,0,7,-0.24242424242424243,-0.3333333333333333,0.022058823529411797,0.01633986928104575,1.504077396776274,-15.757575757575758,-0.0,-2990.0
2148,1147,2026-08-20,Anubis,1,-1,65.0,0.0,-46.0,0,7,-1.0,-1.0,-0.25,0.16666666666666663,0.0,-65.0,-0.0,-2990.0
4316,2139,2026-08-20,Train,0,1,191.0,0.01081081081081084,-304.3513513513513,0,24,-0.6666666666666666,0.0,-0.08333333333333331,-0.0625,1.5040773967762742,-127.33333333333333,0.0,-58131.1081081081
4315,2138,2026-08-20,Mirage,0,1,73.0,0.3238095238095237,40.33809523809525,0,4,-1.0101010101010102,-1.0,-0.0575396825396825,0.09226190476190477,1.9924301646902063,-73.73737373737374,-0.3238095238095237,2944.6809523809534
4314,2138,2026-08-20,Dust2,0,1,73.0,0.3238095238095237,40.33809523809525,0,4,0.5935430463576159,0.3333333333333333,0.11791666666666667,-0.07666666666666666,1.6486586255873819,43.32864238410596,0.1079365079365079,2944.6809523809534
4313,2137,2026-08-20,Mirage,0,1,89.0,0.9703703703703703,36.67777777777778,-166,10,-0.62,0.0,-0.09374999999999994,0.13958333333333328,2.3513752571634776,-55.18,0.0,3264.322222222222
4312,2137,2026-08-20,Nuke,0,1,89.0,0.9703703703703703,36.67777777777778,-166,10,0.6616635397123202,0.0,-0.003968253968254065,-0.13988095238095238,1.1451323043030028,58.888055034396494,0.0,3264.322222222222
4311,2136,2026-08-20,Dust2,0,1,47.0,0.0,0.0,-465,11,0.0,0.0,0.0,0.0,3.295836866004329,0.0,0.0,0.0
4310,2136,2026-08-20,Train,0,1,47.0,0.0,0.0,-465,11,0.0,0.0,0.0,0.0,2.5649493574615367,0.0,0.0,0.0
4309,2135,2026-08-20,Train,0,-1,-59.0,-1.009950248756219,29.591210613598633,0,-5,0.0,0.0,0.0,0.0,-2.1972245773362196,0.0,0.0,-1745.8814262023193
4308,2135,2026-08-20,Mirage,0,-1,-59.0,-1.009950248756219,29.591210613598633,0,-5,-1.0337078651685394,0.0,-0.3168859649122807,0.11184210526315785,-1.897119984885881,60.98876404494383,0.0,-1745.8814262023193
4307,2134,2026-08-20,Anubis,0,1,-57.0,-0.10810810810810811,29.61621621621621,0,-7,-1.0,0.0,-0.14583333333333331,0.0,-0.4054651081081645,57.0,0.0,-1688.1243243243239
4306,2134,2026-08-20,Nuke,0,1,-57.0,-0.10810810810810811,29.61621621621621,0,-7,-0.050179211469534066,1.3333333333333333,-0.05833333333333335,0.20277777777777783,-0.9808292530117262,2.860215053763442,-0.14414414414414414,-1688.1243243243239
2131,1140,2026-08-20,Dust2,1,1,181.0,-0.2,-94.1,0,0,-0.03088691635996245,0.3333333333333333,-0.007608695652173925,0.047705314009661826,-0.4054651081081646,-5.590531861153203,-0.06666666666666667,-17032.1
2372,1241,2026-08-20,Dust2,0,-1,35.0,-1.2,-191.0,-178,8,0.0,0.0,0.0,0.0,3.5553480614894135,0.0,0.0,-6685.0
2367,1239,2026-08-20,Inferno,0,-1,482.0,-1.0,-244.5,-282,19,0.0,0.0,0.0,0.0,3.6635616461296463,0.0,0.0,-117849.0
2374,1241,2026-08-20,Ancient,0,-1,35.0,-1.2,-191.0,-178,8,0.0,0.0,0.0,0.0,3.044522437723423,0.0,0.0,-6685.0
3926,1974,2026-08-20,Mirage,0,1,48.0,-0.4666666666666666,-17.69999999999999,0,12,-0.40492170022371365,-0.4,0.027006172839506182,-0.05246913580246915,2.2335922215070942,-19.436241610738257,0.18666666666666665,-849.5999999999995
3927,1974,2026-08-20,Nuke,0,-1,48.0,-0.4666666666666666,-17.69999999999999,0,12,0.7265625,0.75,-0.03819444444444442,-0.0842013888888889,2.2823823856765264,34.875,-0.35,-849.5999999999995
2978,1531,2026-08-20,Nuke,0,-1,-41.0,-1.2,29.9,0,-26,0.0,0.0,0.0,0.0,-3.8918202981106265,0.0,0.0,-1225.8999999999999
2977,1531,2026-08-20,Mirage,0,-1,-41.0,-1.2,29.9,0,-26,0.0,0.0,0.0,0.0,-3.6375861597263857,0.0,0.0,-1225.8999999999999
2976,1530,2026-08-20,Mirage,0,-1,-48.0,0.31034482758620696,89.10344827586209,0,-13,-1.261744966442953,0.0,-0.25617283950617287,0.09413580246913578,-2.6390573296152584,60.56375838926174,0.0,-4276.96551724138
2975,1530,2026-08-20,Nuke,0,1,-48.0,0.31034482758620696,89.10344827586209,0,-13,0.19990808823529413,0.0,-0.07291666666666663,-0.016493055555555525,-2.505525936990736,-9.595588235294118,0.0,-4276.96551724138
2974,1530,2026-08-20,Train,0,-1,-48.0,0.31034482758620696,89.10344827586209,0,-13,0.0,0.0,0.0,0.0,-2.8903717578961645,0.0,0.0,-4276.96551724138
2973,1529,2026-08-20,Nuke,0,1,69.0,1.2814814814814817,-36.355555555555554,-146,9,0.0,0.0,0.0,0.0,3.7376696182833684,0.0,0.0,-2508.5333333333333
2972,1529,2026-08-20,Ancient,0,1,69.0,1.2814814814814817,-36.355555555555554,-146,9,1.353846153846154,0.0,0.28846153846153844,-0.14583333333333331,2.197224577336219,93.41538461538462,0.0,-2508.5333333333333
3935,1978,2026-08-20,Dust2,0,1,34.0,0.0,0.0,-457,14,0.0,0.0,0.0,0.0,2.70805020110221,0.0,0.0,0.0
3936,1978,2026-08-20,Ancient,0,1,34.0,0.0,0.0,-457,14,0.0,0.0,0.0,0.0,1.3862943611198906,0.0,0.0,0.0
3937,1979,2026-08-20,Mirage,0,1,48.0,0.0,0.0,-458,14,0.0,0.0,0.0,0.0,3.332204510175204,0.0,0.0,0.0
3938,1979,2026-08-20,Dust2,0,1,48.0,0.0,0.0,-458,14,0.0,0.0,0.0,0.0,3.5263605246161616,0.0,0.0,0.0
3939,1980,2026-08-20,Anubis,0,1,34.0,0.0,0.0,-472,14,0.0,0.0,0.0,0.0,1.9459101490553132,0.0,0.0,0.0
3940,1980,2026-08-20,Mirage,0,1,34.0,0.0,0.0,-472,14,0.0,0.0,0.0,0.0,3.2188758248682006,0.0,0.0,0.0
3925,1974,2026-08-20,Anubis,0,-1,48.0,-0.4666666666666666,-17.69999999999999,0,12,0.0,0.0,0.0,0.0,1.6094379124341003,0.0,0.0,-849.5999999999995
3941,1981,2026-08-20,Nuke,0,-1,48.0,0.6,-155.4,0,9,0.5765625,0.75,0.1076388888888889,-0.03211805555555558,1.9459101490553132,27.674999999999997,0.44999999999999996,-7459.200000000001
2979,1532,2026-08-20,Inferno,0,-1,-41.0,-0.2545454545454545,30.91818181818182,0,-25,-0.34285714285714286,0.8,-0.09999999999999998,0.11166666666666669,-1.4663370687934272,14.057142857142857,-0.20363636363636362,-1267.6454545454546
2981,1533,2026-08-20,Nuke,0,-1,-41.0,-0.24761904761904766,37.73333333333335,0,-24,-0.5686769089658336,-0.4666666666666667,-0.1846478174603175,0.04377480158730157,-1.8123787564307907,23.315753267599177,0.11555555555555558,-1547.0666666666673
3907,1967,2026-08-20,Ancient,0,1,41.0,0.0,0.0,-405,27,0.0,0.0,0.0,0.0,3.4965075614664802,0.0,0.0,0.0
3908,1967,2026-08-20,Dust2,0,-1,41.0,0.0,0.0,-405,27,0.0,0.0,0.0,0.0,3.713572066704308,0.0,0.0,0.0
3909,1968,2026-08-20,Nuke,0,-1,-48.0,-0.04761904761904764,-37.266666666666644,0,-7,-1.012969673850849,-1.0,-0.17489495798319327,0.1475840336134454,-1.4759065198095778,48.62254434484075,0.04761904761904764,1788.7999999999988
3910,1968,2026-08-20,Anubis,0,1,-48.0,-0.04761904761904764,-37.266666666666644,0,-7,0.0,0.0,0.0,0.0,-2.0794415416798357,0.0,0.0,1788.7999999999988
3911,1968,2026-08-20,Ancient,0,1,-48.0,-0.04761904761904764,-37.266666666666644,0,-7,-1.0137207425343018,-1.7142857142857144,0.04649758454106284,0.12862318840579706,-1.7917594692280552,48.658595641646485,0.08163265306122452,1788.7999999999988
2986,1535,2026-08-20,Ancient,0,1,482.0,0.0,0.0,-999,19,0.0,0.0,0.0,0.0,2.302585092994046,0.0,0.0,0.0
2985,1534,2026-08-20,Dust2,0,-1,144.0,0.0,0.0,-999,6,0.0,0.0,0.0,0.0,3.4011973816621555,0.0,0.0,0.0
3914,1970,2026-08-20,Mirage,0,1,34.0,0.24761904761904766,-48.83333333333335,0,11,1.1,0.0,0.203125,-0.11284722222222221,2.525728644308255,37.400000000000006,0.0,-1660.333333333334
3915,1970,2026-08-20,Dust2,0,1,34.0,0.24761904761904766,-48.83333333333335,0,11,0.18494897959183668,-1.0,0.11458333333333337,-0.12946428571428575,1.0986122886681098,6.288265306122447,-0.24761904761904766,-1660.333333333334
2984,1534,2026-08-20,Ancient,0,-1,144.0,0.0,0.0,-999,6,0.0,0.0,0.0,0.0,3.258096538021482,0.0,0.0,0.0
2983,1534,2026-08-20,Nuke,0,1,144.0,0.0,0.0,-999,6,0.0,0.0,0.0,0.0,2.70805020110221,0.0,0.0,0.0
2982,1533,2026-08-20,Ancient,0,-1,-41.0,-0.24761904761904766,37.73333333333335,0,-24,-0.9354395604395604,-1.0,-0.005642361111111049,0.11197916666666663,-2.11021320034659,38.35302197802198,0.24761904761904766,-1547.0666666666673
3919,1972,2026-08-20,Inferno,0,-1,34.0,0.8,-175.9,0,9,1.1395348837209303,1.3333333333333333,0.27380952380952384,-0.11011904761904756,1.6094379124341003,38.74418604651163,1.0666666666666667,-5980.6
3920,1972,2026-08-20,Mirage,0,1,34.0,0.8,-175.9,0,9,0.5230769230769231,0.606060606060606,0.11979166666666669,-0.07118055555555558,1.6094379124341003,17.784615384615385,0.4848484848484848,-5980.6
3921,1972,2026-08-20,Anubis,0,1,34.0,0.8,-175.9,0,9,0.0,0.0,0.0,0.0,1.9459101490553132,0.0,0.0,-5980.6
2980,1532,2026-08-20,Dust2,0,-1,-41.0,-0.2545454545454545,30.91818181818182,0,-25,-1.2166666666666668,-1.5,-0.19548611111111114,0.13124999999999998,-2.327277705584417,49.88333333333334,0.3818181818181818,-1267.6454545454546
3906,1967,2026-08-20,Mirage,0,-1,41.0,0.0,0.0,-405,27,0.0,0.0,0.0,0.0,3.6375861597263857,0.0,0.0,0.0
3942,1981,2026-08-20,Mirage,0,-1,48.0,0.6,-155.4,0,9,0.6848218895198761,0.9333333333333333,0.13117283950617287,-0.05246913580246915,1.7227665977411035,32.87145069695406,0.5599999999999999,-7459.200000000001
2970,1528,2026-08-20,Mirage,0,1,482.0,-0.19999999999999998,-451.0,-277,19,0.050359712230215806,0.0,0.05176767676767674,-0.05681818181818182,2.4277482359480516,24.273381294964018,0.0,-217382.0
3964,1991,2026-08-20,Dust2,0,1,-34.0,-0.6594594594594594,43.05405405405405,0,-10,0.5442176870748299,1.0,-0.125,0.035714285714285754,-1.6094379124341003,-18.503401360544217,-0.6594594594594594,-1463.8378378378377
2961,1524,2026-08-20,Mirage,0,-1,-48.0,-0.8965517241379309,19.879310344827594,0,-13,-1.261744966442953,-1.6,-0.4228395061728395,0.09413580246913578,-2.6390573296152584,60.56375838926174,1.4344827586206896,-954.2068965517245
2960,1523,2026-08-20,Nuke,0,1,47.0,0.8774193548387097,-50.4709677419355,-146,11,0.9473684210526315,0.0,0.17361111111111108,-0.13541666666666663,1.466337068793427,44.526315789473685,0.0,-2372.1354838709685
3967,1993,2026-08-20,Mirage,0,-1,-381.0,1.1102230246251565e-16,28.53333333333333,0,-11,0.0,0.0,0.0,0.0,-3.295836866004329,0.0,0.0,-10871.199999999999
3968,1993,2026-08-20,Dust2,0,-1,-381.0,1.1102230246251565e-16,28.53333333333333,0,-11,0.1513718070009461,0.0,-0.053160919540229945,0.05507662835249039,-2.014903020542265,-57.67265846736046,0.0,-10871.199999999999
2959,1523,2026-08-20,Train,0,1,47.0,0.8774193548387097,-50.4709677419355,-146,11,1.625,0.0,0.20833333333333331,-0.20486111111111105,1.466337068793427,76.375,0.0,-2372.1354838709685
2958,1523,2026-08-20,Overpass,0,-1,47.0,0.8774193548387097,-50.4709677419355,-146,11,1.4545454545454546,0.0,0.1428571428571429,-0.11309523809523803,0.6931471805599452,68.36363636363636,0.0,-2372.1354838709685
2957,1522,2026-08-20,Inferno,0,-1,-69.0,-1.8,20.799999999999997,30,-9,0.0,0.0,0.0,0.0,-3.4011973816621555,0.0,0.0,-1435.1999999999998
2956,1522,2026-08-20,Nuke,0,1,-69.0,-1.8,20.799999999999997,30,-9,-1.1601731601731602,0.0,-0.24288617886178862,0.12499999999999994,-3.044522437723423,80.05194805194806,0.0,-1435.1999999999998
2373,1241,2026-08-20,Mirage,0,1,35.0,-1.2,-191.0,-178,8,0.0,0.0,0.0,0.0,3.044522437723423,0.0,0.0,-6685.0
2954,1521,2026-08-20,Default,0,-1,41.0,1.0,-48.2,-264,27,0.0,0.0,0.0,0.0,0.0,0.0,0.0,-1976.2
2953,1521,2026-08-20,Default,0,-1,41.0,1.0,-48.2,-264,27,0.0,0.0,0.0,0.0,0.0,0.0,0.0,-1976.2
2952,1521,2026-08-20,Default,0,1,41.0,1.0,-48.2,-264,27,0.0,0.0,0.0,0.0,0.0,0.0,0.0,-1976.2
2951,1520,2026-08-20,Nuke,0,-1,-48.0,-1.0,123.5,30,-14,-0.9765625,0.0,-0.21180555555555552,0.09461805555555552,-3.198673117550681,46.875,0.0,-5928.0
2950,1520,2026-08-20,Dust2,0,-1,-48.0,-1.0,123.5,30,-14,0.0,0.0,0.0,0.0,-3.5263605246161616,0.0,0.0,-5928.0
3963,1991,2026-08-20,Train,0,1,-34.0,-0.6594594594594594,43.05405405405405,0,-10,0.0,0.0,0.0,0.0,-2.6390573296152584,0.0,0.0,-1463.8378378378377
2971,1528,2026-08-20,Inferno,0,1,482.0,-0.19999999999999998,-451.0,-277,19,0.0,0.0,0.0,0.0,3.6635616461296463,0.0,0.0,-217382.0
3962,1990,2026-08-20,Ancient,0,-1,381.0,0.41081081081081083,-295.3513513513513,0,10,1.4838709677419355,0.0,0.15972222222222227,-0.11388888888888882,2.740840023925201,565.3548387096774,0.0,-112528.86486486484
3960,1990,2026-08-20,Train,0,-1,381.0,0.41081081081081083,-295.3513513513513,0,10,-0.962962962962963,-1.0,-0.06060606060606061,0.011363636363636409,1.791759469228055,-366.8888888888889,-0.41081081081081083,-112528.86486486484
3945,1983,2026-08-20,Inferno,0,-1,34.0,-0.2666666666666666,-38.19999999999999,0,12,-0.574750830564784,-0.6666666666666667,-0.01785714285714285,-0.026785714285714246,1.3217558399823195,-19.54152823920266,0.17777777777777776,-1298.7999999999997
3946,1983,2026-08-20,Mirage,0,-1,34.0,-0.2666666666666666,-38.19999999999999,0,12,-0.5666666666666667,-0.7272727272727273,0.015625,-0.07118055555555558,2.120263536200091,-19.266666666666666,0.1939393939393939,-1298.7999999999997
2969,1528,2026-08-20,Ancient,0,-1,482.0,-0.19999999999999998,-451.0,-277,19,-1.6703296703296702,0.0,-0.17129629629629622,0.11342592592592587,1.2039728043259361,-805.098901098901,0.0,-217382.0
2968,1527,2026-08-20,Mirage,0,1,47.0,0.0,0.0,-999,11,0.0,0.0,0.0,0.0,3.091042453358316,0.0,0.0,0.0
2967,1527,2026-08-20,Inferno,0,1,47.0,0.0,0.0,-999,11,0.0,0.0,0.0,0.0,2.995732273553991,0.0,0.0,0.0
3950,1985,2026-08-20,Train,0,1,-7.0,0.2,-9.4,0,13,-1.28,-1.0,-0.26960784313725494,0.08088235294117646,-1.7917594692280547,8.96,-0.2,65.8
3951,1985,2026-08-20,Anubis,0,-1,-7.0,0.2,-9.4,0,13,0.17948717948717946,0.0,0.16666666666666669,-0.034722222222222265,-0.2231435513142097,-1.2564102564102562,0.0,65.8
3952,1985,2026-08-20,Nuke,0,1,-7.0,0.2,-9.4,0,13,0.32680828651685395,0.7166666666666667,0.0026041666666667407,-0.008680555555555525,0.0,-2.2876580056179776,0.14333333333333334,65.8
2966,1526,2026-08-20,Mirage,0,1,47.0,0.6626865671641791,-30.704477611940305,0,10,1.3591455273698263,2.0,0.07539682539682546,-0.18055555555555552,1.7047480922384255,63.87983978638184,1.3253731343283581,-1443.1104477611943
2965,1526,2026-08-20,Nuke,0,1,47.0,0.6626865671641791,-30.704477611940305,0,10,0.0,0.0,0.0,0.0,2.5649493574615367,0.0,0.0,-1443.1104477611943
2964,1525,2026-08-20,Nuke,0,-1,-41.0,-0.9142857142857144,23.9,30,-27,0.0,0.0,0.0,0.0,-3.8918202981106265,0.0,0.0,-979.9
2963,1525,2026-08-20,Mirage,0,-1,-41.0,-0.9142857142857144,23.9,30,-27,-1.1330798479087452,0.0,-0.09572072072072063,0.1362612612612612,-2.9444389791664403,46.456273764258555,0.0,-979.9
3957,1988,2026-08-20,Nuke,0,1,48.0,0.2,-52.0,0,10,0.05989583333333334,-0.25,0.03472222222222221,-0.09461805555555552,1.694595720774407,2.8750000000000004,-0.05,-2496.0
3958,1988,2026-08-20,Dust2,0,1,48.0,0.2,-52.0,0,10,-0.8007326007326008,-1.3333333333333333,-0.014520202020202044,0.09090909090909083,1.5804503755608483,-38.43516483516484,-0.26666666666666666,-2496.0
2962,1524,2026-08-20,Train,0,-1,-48.0,-0.8965517241379309,19.879310344827594,0,-13,0.0,0.0,0.0,0.0,-2.8903717578961645,0.0,0.0,-954.2068965517245
3961,1990,2026-08-20,Dust2,0,1,381.0,0.41081081081081083,-295.3513513513513,0,10,-0.0620860927152318,0.0,0.10524425287356326,0.014367816091954033,1.7917594692280552,-23.654801324503318,0.0,-112528.86486486484
2949,1519,2026-08-20,Dust2,0,-1,48.0,0.04761904761904764,-28.33333333333335,0,11,0.11891025641025638,-1.3333333333333333,0.11395202020202022,-0.1208964646464647,1.9169226121820613,5.707692307692306,-0.06349206349206352,-1360.000000000001
3905,1966,2026-08-20,Dust2,0,1,-34.0,0.022222222222222254,34.5,0,-13,0.8775510204081634,1.0,0.062499999999999944,-0.026785714285714246,-2.0149030205422647,-29.836734693877553,0.022222222222222254,-1173.0
3903,1966,2026-08-20,Mirage,0,-1,-34.0,0.022222222222222254,34.5,0,-13,0.0,0.0,0.0,0.0,-3.2188758248682006,0.0,0.0,-1173.0
3174,1627,2026-08-20,Overpass,0,-1,41.0,0.6000000000000001,-52.2,-258,27,1.4545454545454544,0.0,0.25,-0.14583333333333331,2.4423470353692043,59.636363636363626,0.0,-2140.2000000000003
3173,1627,2026-08-20,Ancient,0,-1,41.0,0.6000000000000001,-52.2,-258,27,0.0,0.0,0.0,0.0,3.4965075614664802,0.0,0.0,-2140.2000000000003
3024,1550,2026-08-20,Dust2,0,-1,41.0,-0.2666666666666666,-27.099999999999987,0,25,0.55,0.0,-0.012847222222222232,-0.08958333333333335,2.327277705584417,22.55,0.0,-1111.0999999999995
3023,1550,2026-08-20,Inferno,0,-1,41.0,-0.2666666666666666,-27.099999999999987,0,25,-0.5142857142857143,-0.8,0.033333333333333326,0.013333333333333364,1.8718021769015916,-21.08571428571429,0.2133333333333333,-1111.0999999999995
3022,1550,2026-08-20,Nuke,0,1,41.0,-0.2666666666666666,-27.099999999999987,0,25,1.053370786516854,1.4666666666666668,-0.03559027777777768,-0.09288194444444442,2.2823823856765264,43.188202247191015,-0.3911111111111111,-1111.0999999999995
3021,1549,2026-08-20,Overpass,0,1,45.0,0.24425385934819882,-62.86963979416808,0,-1,0.0,0.0,0.0,0.0,2.0794415416798357,0.0,0.0,-2829.1337907375637
3020,1549,2026-08-20,Train,0,-1,45.0,0.24425385934819882,-62.86963979416808,0,-1,0.0,0.0,0.0,0.0,1.791759469228055,0.0,0.0,-2829.1337907375637
3019,1549,2026-08-20,Nuke,0,1,45.0,0.24425385934819882,-62.86963979416808,0,-1,1.2783505154639174,0.0,0.2377717391304348,-0.20289855072463764,1.5686159179138455,57.52577319587628,0.0,-2829.1337907375637
3018,1548,2026-08-20,Nuke,0,1,37.0,1.2,-61.4,0,12,0.51775956284153,0.7142857142857143,0.03882575757575757,-0.09185606060606061,1.6094379124341,19.15710382513661,0.8571428571428571,-2271.7999999999997
3017,1548,2026-08-20,Mirage,0,1,37.0,1.2,-61.4,0,12,1.063989108236896,1.2,0.15471014492753626,-0.07336956521739124,2.0583881324820035,39.36759700476515,1.44,-2271.7999999999997
3016,1547,2026-08-20,Inferno,0,1,336.0,1.0727272727272728,-114.54545454545456,0,10,-0.2713581234172998,0.0,-0.01764828738512947,0.047723475355054334,0.09531017980432521,-91.17632946821274,0.0,-38487.272727272735
3015,1547,2026-08-20,Mirage,0,1,336.0,1.0727272727272728,-114.54545454545456,0,10,0.7322762894113359,0.0,0.10963423831070895,-0.0603318250377074,0.4054651081081646,246.04483324220888,0.0,-38487.272727272735
3014,1546,2026-08-20,Mirage,0,-1,-41.0,-0.4,61.4,0,-23,-0.8253875402164377,-1.0,-0.1707207207207207,0.05292792792792789,-1.8458266904983307,33.84088914887394,0.4,-2517.4
3013,1546,2026-08-20,Nuke,0,1,-41.0,-0.4,61.4,0,-23,-0.38670411985018727,-0.4666666666666667,-0.03732638888888895,0.10329861111111105,-1.694595720774407,15.854868913857677,0.18666666666666668,-2517.4
3012,1546,2026-08-20,Inferno,0,-1,-41.0,-0.4,61.4,0,-23,-1.2,0.0,-0.24166666666666664,0.06999999999999995,-2.5649493574615367,49.199999999999996,0.0,-2517.4
3365,1728,2026-08-20,Mirage,0,1,-144.0,0.4439024390243902,47.314634146341454,0,-5,-0.9333333333333333,0.0,-0.04884259259259255,0.12731481481481483,-1.8191584434161694,134.4,0.0,-6813.3073170731695
3008,1544,2026-08-20,Ancient,0,1,381.0,0.7951219512195122,-54.48780487804878,0,11,0.3675918979744936,-0.5714285714285714,0.09027777777777785,-0.05370370370370364,1.1314021114911004,140.05251312828207,-0.4543554006968641,-20759.853658536584
3366,1728,2026-08-20,Nuke,0,1,-144.0,0.4439024390243902,47.314634146341454,0,-5,-0.5969924812030075,0.0,-0.018452380952380942,0.06428571428571428,-0.9162907318741551,85.96691729323308,0.0,-6813.3073170731695
3405,1748,2026-08-20,Dust2,0,-1,-47.0,-1.2,30.6,30,-11,-1.273972602739726,0.0,-0.0897435897435897,0.14262820512820512,-2.197224577336219,59.87671232876712,0.0,-1438.2
3698,1883,2026-08-20,Nuke,0,-1,413.0,-0.8,-17.200000000000003,0,10,-0.36017316017316015,-0.39999999999999997,-0.006279036004645744,-0.011904761904761973,-0.37037378829689427,-148.75151515151515,0.32,-7103.600000000001
3697,1883,2026-08-20,Inferno,0,-1,413.0,-0.8,-17.200000000000003,0,10,-0.5805955614781405,-0.9285714285714286,-0.030663944343617633,0.027071990320629125,0.26236426446749084,-239.78596689047203,0.7428571428571429,-7103.600000000001
3563,1827,2026-08-20,Inferno,0,1,89.0,1.1238095238095238,38.63809523809525,0,7,0.4388235294117647,1.0,0.07754629629629628,0.03182870370370372,0.9162907318741547,39.05529411764706,1.1238095238095238,3438.790476190477
3562,1827,2026-08-20,Mirage,0,1,89.0,1.1238095238095238,38.63809523809525,0,7,0.78,0.0,-0.052083333333333315,0.11874999999999997,1.9459101490553132,69.42,0.0,3438.790476190477
3486,1785,2026-08-20,Dust2,0,-1,-284.0,-0.8,78.39999999999999,0,-1,-0.2585811366489201,-0.5,-0.0445061728395062,-0.013395061728395052,-0.07410797215372167,73.4370428082933,0.4,-22265.6
3485,1785,2026-08-20,Overpass,0,-1,-284.0,-0.8,78.39999999999999,0,-1,-0.26221832016388646,-2.0,0.012527233115468439,-0.0016339869281045694,-0.5877866649021186,74.47000292654376,1.6,-22265.6
3484,1784,2026-08-20,Mirage,0,1,34.0,1.0461538461538462,-37.92307692307693,0,13,0.0,0.0,0.0,0.0,3.2188758248682006,0.0,0.0,-1289.3846153846155
3483,1783,2026-08-20,Overpass,0,1,37.0,1.6,-164.8,0,11,0.6768518518518518,0.0,0.07166666666666671,-0.11166666666666664,1.6486586255873819,25.043518518518518,0.0,-6097.6
3447,1766,2026-08-20,Mirage,0,-1,-381.0,-1.2,166.9,0,-7,-0.7994210090984284,-1.0476190476190477,-0.1586538461538462,0.0897435897435897,-1.6863989535702288,304.5794044665012,1.2571428571428571,-63588.9
3446,1766,2026-08-20,Inferno,0,-1,-381.0,-1.2,166.9,0,-7,-1.1056910569105691,-1.3333333333333333,-0.27182539682539686,0.09920634920634919,-1.9924301646902063,421.2682926829268,1.5999999999999999,-63588.9
3410,1750,2026-08-20,Overpass,0,1,2.0,1.2,11.1,0,8,-0.28777078965758207,-1.0,-0.019679487179487087,0.030961538461538485,-0.03774032798284699,-0.5755415793151641,-1.2,22.2
3409,1750,2026-08-20,Dust2,0,1,2.0,1.2,11.1,0,8,0.30752453653217027,0.8333333333333333,0.03480392156862744,0.046764705882352986,-0.2972515234679314,0.6150490730643405,0.9999999999999999,22.2
3408,1749,2026-08-20,Ancient,0,1,381.0,1.6,-25.0,0,11,0.0,0.0,0.0,0.0,3.4339872044851463,0.0,0.0,-9525.0
3407,1749,2026-08-20,Inferno,0,-1,381.0,1.6,-25.0,0,11,1.1056910569105691,1.3333333333333333,0.02182539682539686,-0.09920634920634919,2.3978952727983707,421.2682926829268,2.1333333333333333,-9525.0
3406,1749,2026-08-20,Mirage,0,1,381.0,1.6,-25.0,0,11,1.3763440860215055,1.7142857142857144,0.11698717948717952,-0.13141025641025633,2.6026896854443837,524.3870967741935,2.7428571428571433,-9525.0
3404,1748,2026-08-20,Overpass,0,-1,-47.0,-1.2,30.6,30,-11,0.0,0.0,0.0,0.0,-2.0794415416798357,0.0,0.0,-1438.2
3904,1966,2026-08-20,Train,0,1,-34.0,0.022222222222222254,34.5,0,-13,-0.9411764705882353,0.0,-0.23076923076923078,0.11858974358974356,-1.945910149055313,32.0,0.0,-1173.0
3007,1544,2026-08-20,Mirage,0,1,381.0,0.7951219512195122,-54.48780487804878,0,11,0.35195384211906633,-0.2857142857142857,0.06341575091575091,-0.09569597069597063,1.2163953243244934,134.09441384736428,-0.22717770034843204,-20759.853658536584
3005,1543,2026-08-20,Ancient,0,1,37.0,1.8461538461538463,-26.823076923076925,0,15,-0.7469879518072289,0.0,-0.04166666666666663,0.11887254901960786,2.862200880929468,-27.63855421686747,0.0,-992.4538461538463
2987,1535,2026-08-20,Nuke,0,1,482.0,0.0,0.0,-999,19,0.0,0.0,0.0,0.0,3.367295829986474,0.0,0.0,0.0
3889,1960,2026-08-20,Mirage,0,-1,41.0,-0.5391304347826087,-118.85652173913044,-176,27,-0.8669201520912547,0.0,-0.029279279279279313,0.07207207207207211,2.5389738710582757,-35.543726235741445,0.0,-4873.1173913043485
3890,1960,2026-08-20,Train,0,-1,41.0,-0.5391304347826087,-118.85652173913044,-176,27,0.0,0.0,0.0,0.0,1.0986122886681098,0.0,0.0,-4873.1173913043485
3891,1961,2026-08-20,Inferno,0,1,381.0,0.0,0.0,-462,12,0.0,0.0,0.0,0.0,3.091042453358316,0.0,0.0,0.0
3892,1961,2026-08-20,Ancient,0,-1,381.0,0.0,0.0,-462,12,0.0,0.0,0.0,0.0,3.4339872044851463,0.0,0.0,0.0
3893,1961,2026-08-20,Train,0,1,381.0,0.0,0.0,-462,12,0.0,0.0,0.0,0.0,2.4849066497880004,0.0,0.0,0.0
3894,1962,2026-08-20,Mirage,0,-1,-34.0,-1.2,34.0,0,-13,-1.1,-1.2727272727272727,-0.078125,0.11284722222222221,-2.525728644308255,37.400000000000006,1.5272727272727271,-1156.0
3895,1962,2026-08-20,Inferno,0,-1,-34.0,-1.2,34.0,0,-13,-1.1395348837209303,-1.3333333333333333,-0.023809523809523836,0.11011904761904756,-2.0149030205422647,38.74418604651163,1.5999999999999999,-1156.0
3896,1963,2026-08-20,Train,0,-1,381.0,1.2,-166.9,0,7,1.037037037037037,0.0,0.16161616161616155,-0.0719696969696969,1.0986122886681098,395.1111111111111,0.0,-63588.9
3897,1963,2026-08-20,Ancient,0,1,381.0,1.2,-166.9,0,7,1.4838709677419355,0.0,-0.2569444444444444,-0.4888888888888888,2.740840023925201,565.3548387096774,0.0,-63588.9
3898,1963,2026-08-20,Mirage,0,1,381.0,1.2,-166.9,0,7,0.7994210090984284,1.0476190476190477,0.1586538461538462,-0.0897435897435897,1.6863989535702288,304.5794044665012,1.2571428571428571,-63588.9
3899,1964,2026-08-20,Anubis,0,1,-48.0,0.0,0.0,30,-14,0.0,0.0,0.0,0.0,-1.6094379124341003,0.0,0.0,0.0
3900,1964,2026-08-20,Ancient,0,1,-48.0,0.0,0.0,30,-14,0.0,0.0,0.0,0.0,-3.1354942159291497,0.0,0.0,0.0
3901,1965,2026-08-20,Nuke,0,1,48.0,0.6,-89.80000000000001,0,5,1.3476635514018693,2.0,0.1004901960784314,-0.14460784313725494,1.6094379124341003,64.68785046728973,1.2,-4310.400000000001
3902,1965,2026-08-20,Inferno,0,1,48.0,0.6,-89.80000000000001,0,5,0.0,0.0,0.18749999999999997,0.03125,0.5108256237659905,0.0,0.0,-4310.400000000001
2988,1536,2026-08-20,Dust2,0,-1,48.0,0.2,-52.0,0,10,-0.8007326007326008,-1.3333333333333333,-0.014520202020202044,0.09090909090909083,1.5804503755608483,-38.43516483516484,-0.26666666666666666,-2496.0
3006,1544,2026-08-20,Overpass,0,1,381.0,0.7951219512195122,-54.48780487804878,0,11,0.8823529411764706,0.0,0.37916666666666665,-0.07916666666666666,1.7047480922384253,336.1764705882353,0.0,-20759.853658536584
2989,1536,2026-08-20,Nuke,0,-1,48.0,0.2,-52.0,0,10,0.05989583333333334,-0.25,0.03472222222222221,-0.09461805555555552,1.694595720774407,2.8750000000000004,-0.05,-2496.0
2991,1537,2026-08-20,Dust2,0,1,-7.0,0.2,-9.4,0,13,0.1602564102564103,0.8333333333333333,-0.019160353535353503,6.313131313134823e-05,0.1872115420881464,-1.121794871794872,0.16666666666666666,65.8
3004,1543,2026-08-20,Dust2,0,1,37.0,1.8461538461538463,-26.823076923076925,0,15,1.450381679389313,0.0,0.06666666666666671,-0.11499999999999994,2.5649493574615367,53.664122137404576,0.0,-992.4538461538463
3003,1542,2026-08-20,Dust2,0,1,-37.0,-0.3999999999999999,26.43333333333333,0,-15,0.26390403489640124,0.5,-0.025000000000000022,0.05944444444444441,-1.8718021769015916,-9.764449291166846,-0.19999999999999996,-978.0333333333332
3002,1542,2026-08-20,Nuke,0,1,-37.0,-0.3999999999999999,26.43333333333333,0,-15,0.5655737704918034,0.0,0.03409090909090906,-0.03314393939393934,-3.1135153092103742,-20.926229508196723,0.0,-978.0333333333332
3001,1541,2026-08-20,Nuke,0,-1,-41.0,-0.8,31.72,30,-27,-0.8747993579454254,0.0,-0.06857638888888895,0.1293402777777778,-1.694595720774407,35.86677367576244,0.0,-1300.52
3000,1541,2026-08-20,Ancient,0,-1,-41.0,-0.8,31.72,30,-27,-0.07829670329670338,0.0,-0.04929315476190471,0.028645833333333315,-1.4170660197866445,3.2101648351648384,0.0,-1300.52
2999,1540,2026-08-20,Ancient,0,1,37.0,1.4594594594594594,-31.954054054054048,0,12,1.2530120481927711,0.6666666666666667,0.0,-0.2561274509803921,2.862200880929468,46.36144578313253,0.972972972972973,-1182.2999999999997
2998,1540,2026-08-20,Nuke,0,1,37.0,1.4594594594594594,-31.954054054054048,0,12,1.4344262295081966,1.7142857142857144,0.13257575757575757,-0.09185606060606061,3.1135153092103742,53.07377049180327,2.5019305019305023,-1182.2999999999997
2997,1539,2026-08-20,Nuke,0,-1,-41.0,-0.2545454545454545,30.91818181818182,0,-25,-0.10337078651685394,0.5333333333333333,-0.13107638888888895,0.033854166666666685,-2.505525936990736,4.238202247191012,-0.13575757575757574,-1267.6454545454546
2996,1539,2026-08-20,Inferno,0,1,-41.0,-0.2545454545454545,30.91818181818182,0,-25,-0.34285714285714286,0.8,-0.09999999999999998,0.11166666666666669,-1.4663370687934272,14.057142857142857,-0.20363636363636362,-1267.6454545454546
2995,1539,2026-08-20,Dust2,0,-1,-41.0,-0.2545454545454545,30.91818181818182,0,-25,-1.2166666666666668,-1.5,-0.19548611111111114,0.13124999999999998,-2.327277705584417,49.88333333333334,0.3818181818181818,-1267.6454545454546
2994,1538,2026-08-20,Mirage,0,1,-4.0,0.8,0.0,0,-11,0.23860156802045826,0.2,-0.016010575793184434,-0.020441637289463355,0.21256144198367277,-0.954406272081833,0.16000000000000003,-0.0
2993,1538,2026-08-20,Nuke,0,1,-4.0,0.8,0.0,0,-11,0.1310554429913427,0.24761904761904763,0.0014993686868686185,0.011442550505050442,-0.08515780834030684,-0.5242217719653708,0.1980952380952381,-0.0
3881,1957,2026-08-20,Anubis,0,-1,-41.0,-0.7238095238095237,77.16190476190475,0,-23,0.0,0.0,0.0,0.0,-1.3862943611198906,0.0,0.0,-3163.6380952380946
3882,1957,2026-08-20,Inferno,0,-1,-41.0,-0.7238095238095237,77.16190476190475,0,-23,-1.2,0.0,-0.3666666666666667,0.06999999999999995,-2.5649493574615367,49.199999999999996,0.0,-3163.6380952380946
2992,1537,2026-08-20,Ancient,0,-1,-7.0,0.2,-9.4,0,13,0.391366612111293,0.0,0.11233428030303028,-0.038115530303030276,0.36101334553733055,-2.739566284779051,0.0,65.8
2990,1537,2026-08-20,Mirage,0,-1,-7.0,0.2,-9.4,0,13,-0.12866511853420773,-0.6,0.047881214547881135,-0.042125458792125425,0.30538164955118186,0.9006558297394541,-0.12,65.8
2948,1519,2026-08-20,Nuke,0,-1,48.0,0.04761904761904764,-28.33333333333335,0,11,0.2418686224489796,-0.25,0.18204365079365076,-0.035094246031746046,1.8123787564307907,11.60969387755102,-0.01190476190476191,-1360.000000000001
2955,1522,2026-08-20,Ancient,0,-1,-69.0,-1.8,20.799999999999997,30,-9,-1.353846153846154,0.0,-0.24679487179487178,0.14583333333333331,-2.6026896854443837,93.41538461538462,0.0,-1435.1999999999998
2946,1518,2026-08-20,Dust2,0,1,144.0,0.3,-85.4,-280,6,1.0314465408805031,0.0,0.3081896551724138,-0.08333333333333331,2.302585092994046,148.52830188679246,0.0,-12297.6
2539,1338,2026-08-20,Dust2,0,-1,191.0,0.0,-97.4,0,24,-0.27439024390243905,-0.25,-0.01504629629629628,0.08101851851851855,2.512305623976115,-52.40853658536586,-0.0,-18603.4
2538,1337,2026-08-20,Ancient,0,-1,37.0,1.1951219512195121,-52.387804878048776,0,15,0.13673297842532922,-1.3333333333333333,0.09722222222222227,-0.0709422657952069,1.2527629684953676,5.059120201737181,-1.5934959349593494,-1938.3487804878048
2537,1337,2026-08-20,Nuke,0,1,37.0,1.1951219512195121,-52.387804878048776,0,15,0.43442622950819665,0.0,0.017992424242424254,-0.05018939393939398,2.197224577336219,16.073770491803277,0.0,-1938.3487804878048
2536,1337,2026-08-20,Mirage,0,-1,37.0,1.1951219512195121,-52.387804878048776,0,15,0.34729117202676446,-0.8,0.06780538302277428,-0.12098861283643886,1.7707060600302227,12.849773364990286,-0.9560975609756097,-1938.3487804878048
2524,1328,2026-08-20,Inferno,0,-1,16.0,0.39999999999999997,-198.89999999999998,0,-3,-0.1421911421911422,-0.5,-0.029871323529411797,-0.044117647058823484,0.6061358035703157,-2.2750582750582753,-0.19999999999999998,-3182.3999999999996
2523,1328,2026-08-20,Dust2,0,1,16.0,0.39999999999999997,-198.89999999999998,0,-3,0.37215909090909094,0.5,0.04823232323232329,-0.03358585858585855,0.48183808689273855,5.954545454545455,0.19999999999999998,-3182.3999999999996
2522,1328,2026-08-20,Nuke,0,-1,16.0,0.39999999999999997,-198.89999999999998,0,-3,0.3204889715652404,-0.4,-0.0013111888111888015,-0.04064685314685318,0.16034265007517945,5.127823545043847,-0.16,-3182.3999999999996
2518,1326,2026-08-20,Anubis,0,-1,-1.0,0.2,-4.100000000000001,0,-3,-1.1538461538461537,-1.3333333333333333,0.12499999999999994,0.18749999999999994,-0.5108256237659905,1.1538461538461537,-0.26666666666666666,4.100000000000001
2517,1326,2026-08-20,Nuke,0,-1,-1.0,0.2,-4.100000000000001,0,-3,-0.029194078947368484,0.5833333333333333,-0.12152777777777779,-0.040798611111111105,-1.3268709406490897,0.029194078947368484,0.11666666666666665,4.100000000000001
2516,1325,2026-08-20,Overpass,0,-1,-118.0,-0.4,128.6,0,-18,-0.269467787114846,0.0,0.0092592592592593,-0.02083333333333337,-0.6418538861723944,31.797198879551825,0.0,-15174.8
2515,1325,2026-08-20,Dust2,0,-1,-118.0,-0.4,128.6,0,-18,0.49293329026005495,0.25,0.018379629629629635,-0.05351851851851852,-0.3528213746227422,-58.166128250686484,-0.1,-15174.8
2464,1304,2026-08-20,Mirage,1,1,59.0,0.0,0.0,-999,6,0.0,0.0,0.0,0.0,2.995732273553991,0.0,0.0,0.0
2458,1300,2026-08-20,Dust2,0,-1,35.0,-0.4,-38.4,0,7,-0.8571428571428572,0.0,-0.051470588235294046,0.04656862745098039,2.862200880929468,-30.000000000000004,0.0,-1344.0
2457,1300,2026-08-20,Ancient,0,-1,35.0,-0.4,-38.4,0,7,-0.9571428571428571,-1.6,0.07430555555555551,0.01736111111111105,1.6582280766035324,-33.5,0.6400000000000001,-1344.0
2452,1274,2026-08-20,Ancient,0,1,41.0,0.6,91.9,0,-4,0.7416413373860182,1.0,0.11132154882154877,-0.07891414141414138,-0.1910552367627094,30.407294832826747,0.6,3767.9
2540,1338,2026-08-20,Inferno,0,-1,191.0,0.0,-97.4,0,24,0.0,0.0,0.0,0.0,3.258096538021482,0.0,0.0,-18603.4
2451,1274,2026-08-20,Dust2,0,1,41.0,0.6,91.9,0,-4,0.3167240719479526,1.3333333333333333,0.003836441336441343,-0.014520202020201989,-0.23052365861183244,12.985686949866057,0.7999999999999999,3767.9
2562,1349,2026-08-20,Nuke,0,-1,191.0,-0.04999999999999996,-34.0,-149,26,-0.7985347985347986,0.0,-0.1056201550387596,-0.03779069767441856,3.0910424533583156,-152.52014652014654,0.0,-6494.0
2564,1349,2026-08-20,Ancient,0,1,191.0,-0.04999999999999996,-34.0,-149,26,-0.9392712550607287,0.0,-0.08080808080808077,0.16792929292929298,2.833213344056216,-179.40080971659918,0.0,-6494.0
2604,1366,2026-08-20,Dust2,0,1,41.0,0.2,-35.89999999999999,-189,27,1.2166666666666668,0.0,0.0010416666666667185,-0.13124999999999998,3.0204248861443626,49.88333333333334,0.0,-1471.8999999999996
2603,1366,2026-08-20,Ancient,0,-1,41.0,0.2,-35.89999999999999,-189,27,1.2211538461538463,0.0,0.26953125,-0.11197916666666663,2.803360380906535,50.06730769230769,0.0,-1471.8999999999996
2602,1365,2026-08-20,Overpass,0,1,34.0,0.8,-319.9,0,9,1.059047619047619,2.0,0.08888888888888896,-0.13055555555555565,1.3862943611198906,36.007619047619045,1.6,-10876.599999999999
2601,1365,2026-08-20,Dust2,0,1,34.0,0.8,-319.9,0,9,1.1224489795918366,1.0,0.08333333333333337,-0.13988095238095238,1.6094379124341003,38.16326530612245,0.8,-10876.599999999999
2600,1363,2026-08-20,Ancient,0,-1,-69.0,-1.5543859649122806,19.326315789473682,0,-8,0.0,0.0,0.0,0.0,-3.295836866004329,0.0,0.0,-1333.515789473684
2947,1518,2026-08-20,Ancient,0,1,144.0,0.3,-85.4,-280,6,0.24369747899159658,0.0,-0.13833333333333336,-0.10749999999999998,2.1594842493533726,35.092436974789905,0.0,-12297.6
4066,2035,2026-08-20,Dust2,0,-1,-381.0,-0.7999999999999999,36.199999999999996,30,-12,-1.5629139072847682,0.0,-0.42816091954022995,0.11063218390804591,-2.70805020110221,595.4701986754967,0.0,-13792.199999999999
4067,2035,2026-08-20,Mirage,0,1,-381.0,-0.7999999999999999,36.199999999999996,30,-12,0.0,0.0,0.0,0.0,-3.295836866004329,0.0,0.0,-13792.199999999999
4068,2035,2026-08-20,Ancient,0,-1,-381.0,-0.7999999999999999,36.199999999999996,30,-12,-1.4838709677419355,0.0,-0.2013888888888889,0.11388888888888882,-2.740840023925201,565.3548387096774,0.0,-13792.199999999999
2598,1362,2026-08-20,Nuke,0,1,-69.0,-1.323809523809524,25.561904761904756,0,-6,0.03131620152896747,1.2,0.007113821138211351,0.013888888888888895,-1.4350845252893225,-2.1608179054987553,-1.5885714285714287,-1763.7714285714283
2597,1362,2026-08-20,Overpass,0,-1,-69.0,-1.323809523809524,25.561904761904756,0,-6,-1.3411764705882354,-2.0,-0.137037037037037,0.11018518518518522,-1.1314021114911004,92.54117647058824,2.647619047619048,-1763.7714285714283
2596,1362,2026-08-20,Inferno,0,1,-69.0,-1.323809523809524,25.561904761904756,0,-6,-0.6118961551100887,-0.5,-0.08317369093231158,0.044859514687100865,-1.0986122886681096,42.220834702596115,0.661904761904762,-1763.7714285714283
2567,1350,2026-08-20,Nuke,0,1,191.0,0.4,-172.19999999999996,0,25,-0.7985347985347986,0.0,-0.1056201550387596,0.2122093023255814,3.0910424533583156,-152.52014652014654,0.0,-32890.19999999999
2566,1350,2026-08-20,Dust2,0,-1,191.0,0.4,-172.19999999999996,0,25,0.725609756097561,0.0,0.27662037037037035,-0.06481481481481477,2.512305623976115,138.59146341463415,0.0,-32890.19999999999
2565,1350,2026-08-20,Inferno,0,1,191.0,0.4,-172.19999999999996,0,25,-0.8491620111731844,0.0,-0.0633333333333333,0.24333333333333332,2.5649493574615367,-162.18994413407822,0.0,-32890.19999999999
2563,1349,2026-08-20,Anubis,0,1,191.0,-0.04999999999999996,-34.0,-149,26,0.0,0.0,0.0,0.0,2.772588722239781,0.0,0.0,-6494.0
2605,1366,2026-08-20,Mirage,0,-1,41.0,0.2,-35.89999999999999,-189,27,-0.8669201520912547,0.0,-0.029279279279279313,0.11373873873873874,2.9444389791664403,-35.543726235741445,0.0,-1471.8999999999996
2437,1268,2026-08-20,Overpass,0,-1,-292.0,-1.2,223.7,0,3,-0.35167910447761197,0.0,-0.024509803921568596,0.048713235294117696,-0.693147180559945,102.6902985074627,0.0,-65320.399999999994
2431,1265,2026-08-20,Inferno,0,1,405.0,-0.15280739161336176,172.4562899786781,0,-2,0.2940298507462687,1.0,0.03798076923076921,-0.009455128205128172,0.4054651081081646,119.08208955223883,-0.15280739161336176,69844.79744136463
2389,1247,2026-08-20,Mirage,0,-1,35.0,-1.2,-191.0,0,6,0.0,0.0,0.0,0.0,3.044522437723423,0.0,0.0,-6685.0
2388,1247,2026-08-20,Dust2,0,1,35.0,-1.2,-191.0,0,6,-0.8571428571428572,-1.3333333333333333,-0.051470588235294046,0.1299019607843137,2.862200880929468,-30.000000000000004,1.5999999999999999,-6685.0
2387,1246,2026-08-20,Inferno,0,-1,-57.0,-1.4,58.0,0,-11,-1.2868217054263567,-1.6,-0.09868421052631576,0.06140350877192974,-2.3025850929940455,73.34883720930233,2.2399999999999998,-3306.0
2386,1246,2026-08-20,Nuke,0,-1,-57.0,-1.4,58.0,0,-11,-1.2340425531914894,-1.5,-0.35714285714285715,0.08035714285714285,-2.0149030205422647,70.34042553191489,2.0999999999999996,-3306.0
2385,1245,2026-08-20,Ancient,0,1,35.0,0.0,-112.0,-198,8,0.7571428571428571,0.0,0.13333333333333325,-0.11458333333333331,1.4350845252893227,26.5,0.0,-3920.0
2384,1245,2026-08-20,Dust2,0,-1,35.0,0.0,-112.0,-198,8,1.1428571428571428,0.0,0.14297385620915032,-0.16176470588235292,2.169053700369523,40.0,0.0,-3920.0
2383,1245,2026-08-20,Anubis,0,1,35.0,0.0,-112.0,-198,8,-0.1875,0.0,0.015625,-0.02083333333333337,1.5040773967762742,-6.5625,0.0,-3920.0
2382,1244,2026-08-20,Nuke,0,1,35.0,-0.4,-97.4,0,6,0.0,0.0,0.0,0.0,2.9444389791664403,0.0,0.0,-3409.0
2381,1244,2026-08-20,Ancient,0,-1,35.0,-0.4,-97.4,0,6,-1.2428571428571429,-1.6,-0.022916666666666696,0.23958333333333331,2.3513752571634776,-43.5,0.6400000000000001,-3409.0
2380,1244,2026-08-20,Dust2,0,1,35.0,-0.4,-97.4,0,6,0.14285714285714282,-0.3333333333333333,0.03186274509803927,-0.015931372549019607,2.456735772821304,4.999999999999999,0.13333333333333333,-3409.0
2379,1243,2026-08-20,Dust2,0,1,-35.0,-0.1333333333333333,46.99999999999999,30,-8,0.8571428571428572,0.0,0.051470588235294046,0.0784313725490196,-2.456735772821304,-30.000000000000004,0.0,-1644.9999999999998
2378,1243,2026-08-20,Ancient,0,1,-35.0,-0.1333333333333333,46.99999999999999,30,-8,-0.7571428571428571,0.0,-0.39374999999999993,0.052083333333333315,-2.3513752571634776,26.5,0.0,-1644.9999999999998
2377,1242,2026-08-20,Nuke,0,1,191.0,1.2,-41.00000000000001,-210,26,1.2014652014652014,0.0,0.26937984496124034,-0.12112403100775188,3.0910424533583156,229.47985347985346,0.0,-7831.000000000001
2376,1242,2026-08-20,Ancient,0,1,191.0,1.2,-41.00000000000001,-210,26,0.0,0.0,0.0,0.0,3.5263605246161616,0.0,0.0,-7831.000000000001
2375,1242,2026-08-20,Dust2,0,-1,191.0,1.2,-41.00000000000001,-210,26,0.725609756097561,0.0,-0.01504629629629628,-0.06481481481481477,2.917770732084279,138.59146341463415,0.0,-7831.000000000001
2390,1247,2026-08-20,Overpass,0,1,35.0,-1.2,-191.0,0,6,0.0,0.0,0.0,0.0,3.295836866004329,0.0,0.0,-6685.0
2436,1268,2026-08-20,Nuke,0,-1,-292.0,-1.2,223.7,0,3,-0.10718548579613268,-1.6,0.026515151515151547,-0.037878787878787845,0.0,31.298161852470745,1.92,-65320.399999999994
2391,1248,2026-08-20,Mirage,0,-1,-57.0,-1.4,81.0,30,-14,0.0,0.0,0.0,0.0,-2.772588722239781,0.0,0.0,-4617.0
2393,1249,2026-08-20,Nuke,0,-1,291.0,-0.2,31.0,0,-7,-0.4014652014652015,-0.9333333333333333,0.00889396456256919,-0.015780730897010042,-0.4168938039317869,-116.82637362637364,0.18666666666666668,9021.0
2430,1265,2026-08-20,Mirage,0,1,405.0,-0.15280739161336176,172.4562899786781,0,-2,0.2037022067739067,0.3333333333333333,-0.022719298245614028,-0.006491228070175437,0.2623642644674913,82.49939374343222,-0.05093579720445392,69844.79744136463
2429,1264,2026-08-20,Ancient,0,1,-102.0,0.39999999999999997,112.4,0,-16,0.5106998264893002,1.0,0.05765993265993263,-0.02904040404040409,-0.5819215454497213,-52.091382301908624,0.39999999999999997,-11464.800000000001
2428,1264,2026-08-20,Dust2,0,1,-102.0,0.39999999999999997,112.4,0,-16,0.647524572260648,1.25,0.039084757834757844,-0.08101851851851855,-0.3150810466398952,-66.04750637058609,0.49999999999999994,-11464.800000000001
2427,1263,2026-08-20,Overpass,0,1,61.0,0.39999999999999997,-110.69999999999999,0,-1,0.6571428571428573,0.0,0.04166666666666663,-0.0532407407407407,0.35667494393873267,40.08571428571429,0.0,-6752.699999999999
2426,1263,2026-08-20,Ancient,0,1,61.0,0.39999999999999997,-110.69999999999999,0,-1,-0.03171390013495271,1.0,-0.006944444444444531,0.06828703703703703,-0.3794896217049035,-1.9345479082321155,0.39999999999999997,-6752.699999999999
2425,1262,2026-08-20,Anubis,0,1,160.0,-0.05116279069767443,174.83255813953488,0,-6,0.8431372549019608,0.0,-0.02951388888888895,-0.10069444444444442,-0.810930216216329,134.90196078431373,0.0,27973.20930232558
2424,1262,2026-08-20,Ancient,0,1,160.0,-0.05116279069767443,174.83255813953488,0,-6,-0.5875457875457875,0.0,-0.03901515151515156,0.07916666666666666,-0.737598943130779,-94.00732600732599,0.0,27973.20930232558
2408,1254,2026-08-20,Inferno,0,1,1.0,0.2,-175.1,0,16,0.5239723171850247,1.25,0.044509803921568614,-0.023823529411764743,0.3677247801253176,0.5239723171850247,0.25,-175.1
2407,1254,2026-08-20,Ancient,0,1,1.0,0.2,-175.1,0,16,0.5772122614227877,1.0,0.06342268842268844,0.007672882672882686,0.8873031950009032,0.5772122614227877,0.2,-175.1
2406,1254,2026-08-20,Dust2,0,-1,1.0,0.2,-175.1,0,16,-0.2945244720903585,-0.25,-0.0059883252818035415,0.03844605475040258,0.4328640822962786,-0.2945244720903585,-0.05,-175.1
2398,1250,2026-08-20,Overpass,0,-1,3.0,0.6000000000000001,-32.7,0,2,-0.07843137254901963,0.0,-0.019230769230769218,0.11217948717948728,0.0,-0.2352941176470589,0.0,-98.10000000000001
2397,1250,2026-08-20,Dust2,0,-1,3.0,0.6000000000000001,-32.7,0,2,0.24586438348924472,0.0,0.030977011494252915,-0.0733333333333333,-0.14310084364067333,0.7375931504677342,0.0,-98.10000000000001
2396,1250,2026-08-20,Mirage,0,1,3.0,0.6000000000000001,-32.7,0,2,-0.28160919540229884,1.3333333333333333,-0.017939814814814825,0.05266203703703709,-0.3920420877760238,-0.8448275862068966,0.8,-98.10000000000001
2395,1249,2026-08-20,Inferno,0,-1,291.0,-0.2,31.0,0,-7,-0.17836092460663222,-0.6785714285714286,-0.027675438596491242,-0.04815789473684212,0.40546510810816416,-51.903029060529974,0.13571428571428573,9021.0
2394,1249,2026-08-20,Dust2,0,1,291.0,-0.2,31.0,0,-7,0.43718094157685766,0.25,0.058965215215215194,-0.05005005005005003,0.02666824708216131,127.21965399886558,-0.05,9021.0
2392,1248,2026-08-20,Nuke,0,-1,-57.0,-1.4,81.0,30,-14,-1.2340425531914894,0.0,-0.3988095238095238,0.08035714285714285,-2.0149030205422647,70.34042553191489,0.0,-4617.0
2611,1369,2026-08-20,Dust2,0,1,41.0,0.39999999999999997,-27.699999999999996,-174,27,0.2935897435897436,0.0,0.08437500000000003,0.07708333333333334,2.327277705584417,12.037179487179488,0.0,-1135.6999999999998
2599,1363,2026-08-20,Dust2,0,-1,-69.0,-1.5543859649122806,19.326315789473682,0,-8,-1.4177215189873416,0.0,-0.17083333333333334,0.15833333333333333,-2.740840023925201,97.82278481012656,0.0,-1333.515789473684
2613,1370,2026-08-20,Mirage,0,-1,34.0,0.8,-319.9,0,9,0.0,0.0,0.0,0.0,3.2188758248682006,0.0,0.0,-10876.599999999999
2671,1399,2026-08-20,Ancient,0,-1,37.0,0.8,-27.299999999999997,0,15,-0.46127366609294324,-1.3333333333333333,0.05555555555555558,-0.061683006535947715,2.169053700369523,-17.0671256454389,-1.0666666666666667,-1010.0999999999999
2670,1399,2026-08-20,Mirage,0,1,37.0,0.8,-27.299999999999997,0,15,1.3716814159292035,0.0,0.2047101449275362,-0.15670289855072456,3.157000421150113,50.752212389380524,0.0,-1010.0999999999999
2669,1398,2026-08-20,Inferno,0,1,-371.0,1.2,290.0,30,-10,1.1756756756756757,0.0,0.08184523809523803,-0.3601190476190476,-2.6741486494265287,-436.1756756756757,0.0,-107590.0
2668,1398,2026-08-20,Mirage,0,1,-371.0,1.2,290.0,30,-10,0.0,0.0,0.0,0.0,-2.995732273553991,0.0,0.0,-107590.0
2667,1397,2026-08-20,Dust2,0,-1,-69.0,-1.2814814814814817,20.799999999999997,30,-9,-1.4177215189873416,0.0,-0.37916666666666665,0.15833333333333333,-2.740840023925201,97.82278481012656,0.0,-1435.1999999999998
2666,1397,2026-08-20,Overpass,0,-1,-69.0,-1.2814814814814817,20.799999999999997,30,-9,-0.05882352941176472,0.0,-0.08611111111111108,0.14027777777777778,-2.3353749158170363,4.058823529411765,0.0,-1435.1999999999998
2665,1396,2026-08-20,Overpass,0,1,34.0,-0.8,-371.0,0,13,0.0,0.0,0.0,0.0,2.772588722239781,0.0,0.0,-12614.0
2664,1396,2026-08-20,Mirage,0,1,34.0,-0.8,-371.0,0,13,-0.9,-0.7272727272727273,-0.08854166666666663,0.012152777777777735,2.525728644308255,-30.6,0.5818181818181819,-12614.0
2663,1395,2026-08-20,Ancient,0,-1,-48.0,0.33333333333333337,-5.09999999999998,30,-10,0.0,0.0,0.0,0.0,-3.1780538303479458,0.0,0.0,244.79999999999905
2662,1395,2026-08-20,Overpass,0,1,-48.0,0.33333333333333337,-5.09999999999998,30,-10,0.0,0.0,0.0,0.0,-2.1972245773362196,0.0,0.0,244.79999999999905
2661,1395,2026-08-20,Dust2,0,-1,-48.0,0.33333333333333337,-5.09999999999998,30,-10,-0.859504132231405,0.0,-0.1885964912280702,0.06578947368421051,-2.3025850929940455,41.25619834710744,0.0,244.79999999999905
2660,1394,2026-08-20,Inferno,0,-1,-57.0,-1.4,57.00000000000001,0,-11,-1.2868217054263567,-1.6,0.026315789473684237,0.18640350877192974,-1.897119984885881,73.34883720930233,2.2399999999999998,-3249.0000000000005
2659,1394,2026-08-20,Overpass,0,-1,-57.0,-1.4,57.00000000000001,0,-11,-1.4090909090909092,0.0,-0.28645833333333337,0.10937499999999994,-1.5040773967762742,80.31818181818183,0.0,-3249.0000000000005
2658,1393,2026-08-20,Inferno,0,1,57.0,0.6666666666666667,-155.17777777777778,0,7,-0.6618705035971224,0.0,-0.04666666666666658,0.42499999999999993,2.5649493574615367,-37.726618705035975,0.0,-8845.133333333333
2657,1393,2026-08-20,Nuke,0,1,57.0,0.6666666666666667,-155.17777777777778,0,7,-0.17204301075268819,0.0,-0.09166666666666667,-0.10000000000000003,1.3862943611198906,-9.806451612903226,0.0,-8845.133333333333
2656,1392,2026-08-20,Ancient,0,-1,482.0,0.0,0.0,-999,19,0.0,0.0,0.0,0.0,2.302585092994046,0.0,0.0,0.0
2655,1392,2026-08-20,Nuke,0,-1,482.0,0.0,0.0,-999,19,0.0,0.0,0.0,0.0,3.367295829986474,0.0,0.0,0.0
2672,1399,2026-08-20,Overpass,0,-1,37.0,0.8,-27.299999999999997,0,15,0.0,0.0,0.0,0.0,3.258096538021482,0.0,0.0,-1010.0999999999999
2654,1391,2026-08-20,Dust2,0,-1,-69.0,-1.158974358974359,31.223076923076917,0,-8,-1.2555593568251793,-2.0,-0.13511904761904758,0.16428571428571426,-1.3545456628053105,86.63359562093737,2.317948717948718,-2154.3923076923074
2673,1400,2026-08-20,Ancient,0,1,3.0,0.47272727272727283,-37.44545454545457,0,8,0.046422980055816576,0.0,-0.04927536231884061,-0.016956521739130426,-0.08004270767353638,0.13926894016744973,0.0,-112.3363636363637
2675,1400,2026-08-20,Nuke,0,1,3.0,0.47272727272727283,-37.44545454545457,0,8,0.4693130359379518,2.0,-0.0018648763853367778,-0.004209292412617249,0.37729423114146776,1.4079391078138555,0.9454545454545457,-112.3363636363637
2945,1517,2026-08-20,Nuke,0,1,144.0,0.0,-28.4,0,2,0.31190476190476196,0.0,-0.02529761904761907,-0.13095238095238088,0.5108256237659905,44.914285714285725,0.0,-4089.6
2944,1517,2026-08-20,Mirage,0,1,144.0,0.0,-28.4,0,2,1.0256410256410258,0.6666666666666667,0.15717592592592594,-0.08564814814814814,1.8191584434161694,147.6923076923077,0.0,-4089.6
2943,1517,2026-08-20,Dust2,0,-1,144.0,0.0,-28.4,0,2,-0.8256963162623541,-1.0,-0.03903256704980845,0.13888888888888884,1.4552872326068422,-118.90026954177898,-0.0,-4089.6
2942,1516,2026-08-20,Dust2,0,-1,144.0,0.3238095238095237,-44.161904761904744,0,2,0.40644654088050314,0.3333333333333333,0.11027298850574713,-0.041666666666666685,1.7917594692280552,58.52830188679245,0.1079365079365079,-6359.314285714283
2941,1516,2026-08-20,Ancient,0,1,144.0,0.3238095238095237,-44.161904761904744,0,2,0.5770308123249299,0.0,0.014444444444444371,-0.044999999999999984,1.8718021769015916,83.0924369747899,0.0,-6359.314285714283
2940,1516,2026-08-20,Mirage,0,-1,144.0,0.3238095238095237,-44.161904761904744,0,2,-0.6666666666666667,-1.3333333333333333,-0.04282407407407407,-0.02314814814814814,2.512305623976115,-96.00000000000001,-0.4317460317460316,-6359.314285714283
2939,1515,2026-08-20,Nuke,0,1,41.0,1.096551724137931,-29.279310344827593,0,26,0.6367041198501873,0.0,0.08940972222222227,-0.1171875,2.505525936990736,26.10486891385768,0.0,-1200.4517241379313
2938,1515,2026-08-20,Mirage,0,1,41.0,1.096551724137931,-29.279310344827593,0,26,1.1330798479087452,1.0,0.47072072072072063,-0.1362612612612612,2.9444389791664403,46.456273764258555,1.096551724137931,-1200.4517241379313
2937,1514,2026-08-20,Nuke,0,-1,482.0,-1.0,-451.0,0,18,0.0,0.0,0.0,0.0,3.367295829986474,0.0,0.0,-217382.0
2936,1514,2026-08-20,Train,0,-1,482.0,-1.0,-451.0,0,18,0.0,0.0,0.0,0.0,2.302585092994046,0.0,0.0,-217382.0
2935,1513,2026-08-20,Nuke,0,1,41.0,0.6594594594594594,-31.954054054054048,0,23,1.303370786516854,1.4666666666666668,0.13107638888888895,-0.10329861111111105,3.198673117550681,53.438202247191015,0.9672072072072072,-1310.116216216216
2934,1513,2026-08-20,Ancient,0,1,41.0,0.6594594594594594,-31.954054054054048,0,23,1.2211538461538463,1.0,0.01953125,-0.23697916666666663,2.803360380906535,50.06730769230769,0.6594594594594594,-1310.116216216216
2933,1512,2026-08-20,Dust2,0,-1,482.0,0.33333333333333337,-451.00000000000006,-169,19,1.1627906976744187,0.0,0.37725225225225223,-0.1148648648648648,2.9444389791664403,560.4651162790698,0.0,-217382.00000000003
2932,1512,2026-08-20,Ancient,0,-1,482.0,0.33333333333333337,-451.00000000000006,-169,19,0.0,0.0,0.0,0.0,2.302585092994046,0.0,0.0,-217382.00000000003
2931,1511,2026-08-20,Nuke,0,-1,41.0,0.2545454545454545,-30.91818181818182,0,25,0.10337078651685394,-0.5333333333333333,0.13107638888888895,-0.033854166666666685,2.505525936990736,4.238202247191012,-0.13575757575757574,-1267.6454545454546
2930,1511,2026-08-20,Ancient,0,-1,41.0,0.2545454545454545,-30.91818181818182,0,25,1.2211538461538463,0.0,0.21744791666666669,-0.11197916666666663,1.88706964903238,50.06730769230769,0.0,-1267.6454545454546
2926,1508,2026-08-20,Default,0,1,482.0,0.0,0.0,-999,19,0.0,0.0,0.0,0.0,1.6094379124341003,0.0,0.0,0.0
2674,1400,2026-08-20,Anubis,0,-1,3.0,0.47272727272727283,-37.44545454545457,0,8,-0.4408848207475209,0.0,0.03214285714285714,0.0452380952380953,0.2876820724517808,-1.3226544622425627,0.0,-112.3363636363637
2612,1369,2026-08-20,Overpass,0,1,41.0,0.39999999999999997,-27.699999999999996,-174,27,0.8354978354978353,0.0,0.0708333333333333,-0.12500000000000006,0.737598943130779,34.255411255411246,0.0,-1135.6999999999998
2230,1182,2026-08-20,Dust2,1,1,69.0,-0.08695652173913043,211.69565217391306,0,3,0.5043478260869565,1.0,0.10505952380952377,-0.07827380952380952,0.9650808960435873,34.8,-0.08695652173913043,14607.000000000002
2643,1387,2026-08-20,Ancient,0,1,-9.0,0.0,56.99999999999999,0,2,0.1270212351451393,0.5142857142857142,0.009057971014492794,-0.029664855072463747,0.3448404862917296,-1.1431911163062538,0.0,-512.9999999999999
2646,1389,2026-08-20,Overpass,0,-1,-34.0,-0.49411764705882355,63.529411764705884,0,-12,-1.244047619047619,0.0,-0.1479166666666667,0.054166666666666696,-1.1631508098056809,42.29761904761905,0.0,-2160.0
2645,1388,2026-08-20,Overpass,0,-1,-57.0,-0.6105263157894737,208.76315789473682,0,-10,-1.4090909090909092,0.0,-0.3003472222222222,0.10937499999999994,-0.810930216216329,80.31818181818183,0.0,-11899.499999999998
2644,1388,2026-08-20,Nuke,0,-1,-57.0,-0.6105263157894737,208.76315789473682,0,-10,-0.5673758865248226,-0.8333333333333333,-0.058531746031746046,0.05257936507936517,-0.7621400520468968,32.34042553191489,0.5087719298245613,-11899.499999999998
2623,1374,2026-08-20,Mirage,0,-1,371.0,-1.2,-290.0,0,9,-1.1619047619047618,-1.3333333333333333,-0.11184210526315785,0.002192982456140302,2.3025850929940455,-431.0666666666666,1.5999999999999999,-107590.0
2642,1387,2026-08-20,Mirage,0,-1,-9.0,0.0,56.99999999999999,0,2,-0.6734693877551019,0.0,-0.13663419913419916,0.08414502164502169,-0.2231435513142097,6.061224489795917,0.0,-512.9999999999999
2641,1387,2026-08-20,Nuke,0,1,-9.0,0.0,56.99999999999999,0,2,0.586373228821224,1.3333333333333333,0.004656862745098023,-0.03766339869281049,0.7827593392496324,-5.277359059391016,0.0,-512.9999999999999
2640,1386,2026-08-20,Inferno,0,1,69.0,1.323809523809524,-25.561904761904756,0,6,0.6118961551100887,0.5,0.08317369093231158,-0.044859514687100865,1.0986122886681096,42.220834702596115,0.661904761904762,-1763.7714285714283
2639,1386,2026-08-20,Overpass,0,1,69.0,1.323809523809524,-25.561904761904756,0,6,1.3411764705882354,2.0,0.137037037037037,-0.11018518518518522,1.1314021114911004,92.54117647058824,2.647619047619048,-1763.7714285714283
2638,1385,2026-08-20,Mirage,0,1,13.0,0.0,16.4,0,-3,0.544859813084112,0.7272727272727273,0.06671626984126988,-0.039930555555555525,-0.1278333715098845,7.083177570093456,0.0,213.2
2637,1385,2026-08-20,Nuke,0,1,13.0,0.0,16.4,0,-3,0.10865874363327671,0.0,-0.0763888888888889,-0.09672619047619047,-0.14310084364067333,1.4125636672325972,0.0,213.2
2636,1384,2026-08-20,Nuke,0,-1,191.0,-0.8,-191.0,0,24,0.0,0.0,0.0,0.0,3.784189633918261,0.0,0.0,-36481.0
2635,1384,2026-08-20,Dust2,0,-1,191.0,-0.8,-191.0,0,24,-1.274390243902439,-1.25,-0.0983796296296296,0.22685185185185186,2.917770732084279,-243.40853658536585,1.0,-36481.0
2634,1383,2026-08-20,Mirage,0,-1,-69.0,0.0,0.0,30,-9,0.0,0.0,0.0,0.0,-1.791759469228055,0.0,0.0,0.0
2633,1383,2026-08-20,Overpass,0,-1,-69.0,0.0,0.0,30,-9,0.0,0.0,0.0,0.0,-3.4339872044851463,0.0,0.0,0.0
2630,1381,2026-08-20,Dust2,0,-1,482.0,-1.0,-451.0,0,18,0.0,0.0,0.0,0.0,3.6375861597263857,0.0,0.0,-217382.0
2647,1389,2026-08-20,Mirage,0,1,-34.0,-0.49411764705882355,63.529411764705884,0,-12,0.3800000000000001,0.7272727272727273,-0.007291666666666696,-0.028819444444444453,-0.8209805520698299,-12.920000000000003,-0.3593582887700535,-2160.0
2648,1389,2026-08-20,Inferno,0,-1,-34.0,-0.49411764705882355,63.529411764705884,0,-12,-1.1395348837209303,0.0,-0.19742063492063494,0.11011904761904756,-0.7621400520468968,38.74418604651163,0.0,-2160.0
2649,1390,2026-08-20,Mirage,0,1,47.0,0.6626865671641791,-30.704477611940305,0,10,1.3591455273698263,2.0,0.07539682539682546,-0.18055555555555552,1.7047480922384255,63.87983978638184,1.3253731343283581,-1443.1104477611943
2650,1390,2026-08-20,Dust2,0,-1,47.0,0.6626865671641791,-30.704477611940305,0,10,1.273972602739726,0.0,0.0897435897435897,-0.12179487179487186,1.9095425048844386,59.87671232876712,0.0,-1443.1104477611943
2614,1370,2026-08-20,Overpass,0,1,34.0,0.8,-319.9,0,9,1.059047619047619,2.0,0.08888888888888896,-0.13055555555555565,1.3862943611198906,36.007619047619045,1.6,-10876.599999999999
2615,1370,2026-08-20,Anubis,0,1,34.0,0.8,-319.9,0,9,0.37037037037037035,1.0,-0.06944444444444442,0.05555555555555558,0.8472978603872034,12.592592592592592,0.8,-10876.599999999999
2616,1371,2026-08-20,Inferno,0,-1,-41.0,-0.4,28.199999999999996,30,-27,0.1333333333333334,0.0,-0.10277777777777775,-0.08277777777777778,-1.8718021769015916,-5.466666666666669,0.0,-1156.1999999999998
2617,1371,2026-08-20,Dust2,0,-1,-41.0,-0.4,28.199999999999996,30,-27,0.0,0.0,0.0,0.0,-3.713572066704308,0.0,0.0,-1156.1999999999998
2618,1372,2026-08-20,Dust2,0,1,-4.0,0.8,0.0,0,-11,0.23371501272264636,0.0,0.06562499999999999,0.016250000000000042,-0.4554755286828258,-0.9348600508905854,0.0,-0.0
2619,1372,2026-08-20,Mirage,0,-1,-4.0,0.8,0.0,0,-11,0.23860156802045826,0.2,-0.016010575793184434,-0.020441637289463355,0.21256144198367277,-0.954406272081833,0.16000000000000003,-0.0
2620,1372,2026-08-20,Nuke,0,1,-4.0,0.8,0.0,0,-11,0.1310554429913427,0.24761904761904763,0.0014993686868686185,0.011442550505050442,-0.08515780834030684,-0.5242217719653708,0.1980952380952381,-0.0
2629,1381,2026-08-20,Ancient,0,-1,482.0,-1.0,-451.0,0,18,0.0,0.0,0.0,0.0,2.302585092994046,0.0,0.0,-217382.0
2621,1373,2026-08-20,Mirage,0,1,34.0,0.0,0.0,-999,14,0.0,0.0,0.0,0.0,3.2188758248682006,0.0,0.0,0.0
2653,1391,2026-08-20,Inferno,0,-1,-69.0,-1.158974358974359,31.223076923076917,0,-8,-1.0915341641598624,0.0,-0.09243295019157083,0.17911877394636017,-2.014903020542265,75.3158573270305,0.0,-2154.3923076923074
2652,1391,2026-08-20,Nuke,0,1,-69.0,-1.158974358974359,31.223076923076917,0,-8,0.3398268398268398,1.2,-0.03455284552845528,0.0,-2.1282317058492684,-23.448051948051948,-1.3907692307692308,-2154.3923076923074
2651,1390,2026-08-20,Ancient,0,1,47.0,0.6626865671641791,-30.704477611940305,0,10,0.0,0.0,0.0,0.0,1.9459101490553132,0.0,0.0,-1443.1104477611943
2622,1373,2026-08-20,Overpass,0,1,34.0,0.0,0.0,-999,14,0.0,0.0,0.0,0.0,2.772588722239781,0.0,0.0,0.0
2624,1374,2026-08-20,Inferno,0,-1,371.0,-1.2,-290.0,0,9,0.0,0.0,0.0,0.0,3.367295829986474,0.0,0.0,-107590.0
1239,654,2026-10-06,Overpass,1,1,965.0,1.0,297.4,-47,1,0.6500541711809319,0.0,0.08130904183535759,-0.0568488529014845,-0.35667494393873245,627.3022751895993,0.0,286991.0
1240,654,2026-10-06,Dust2,1,1,965.0,1.0,297.4,-47,1,0.8591081593927895,1.4285714285714286,0.06519396551724144,-0.10237068965517243,-0.5679840376059393,829.0393738140418,1.4285714285714286,286991.0
1241,661,2026-10-06,Dust2,1,-1,310.0,0.04444444444444445,-33.433333333333366,0,0,0.5999999999999999,0.0,0.07102272727272729,-0.06060606060606061,0.8754687373539001,185.99999999999997,0.0,-10364.333333333343
1242,661,2026-10-06,Mirage,1,-1,310.0,0.04444444444444445,-33.433333333333366,0,0,0.2218487394957983,0.0,0.0535714285714286,-0.08302005012531327,0.9162907318741551,68.77310924369748,0.0,-10364.333333333343
914,483,2026-11-16,Inferno,1,-1,45.0,0.6976744186046513,27.41860465116278,-47,0,1.3499999999999999,0.0,0.1515151515151515,-0.24621212121212116,1.0986122886681098,60.74999999999999,0.0,1233.8372093023252
947,503,2026-11-16,Train,1,1,-37.0,-0.6000000000000001,249.80000000000004,30,0,0.0,0.0,0.0,0.0,-1.6094379124341003,0.0,0.0,-9242.600000000002
902,479,2026-11-16,Inferno,1,-1,72.0,-0.8363636363636364,-322.45454545454544,30,-1,-0.5031783205085312,-0.8846153846153846,-0.05447860962566853,0.03241978609625673,0.24512245803298516,-36.22883907661424,0.7398601398601399,-23216.727272727272
903,479,2026-11-16,Nuke,1,1,72.0,-0.8363636363636364,-322.45454545454544,30,-1,-0.5987249024645541,-0.7017543859649122,-0.086437908496732,-0.017647058823529405,0.11778303565638337,-43.1081929774479,0.5869218500797448,-23216.727272727272
904,479,2026-11-16,Train,1,1,72.0,-0.8363636363636364,-322.45454545454544,30,-1,0.5,0.5,-0.04166666666666663,-0.13541666666666663,0.0,36.0,-0.4181818181818182,-23216.727272727272
905,479,2026-11-16,Mirage,1,1,72.0,-0.8363636363636364,-322.45454545454544,30,-1,-0.4539860888175493,-0.26666666666666666,-0.05291005291005285,0.059193121693121686,0.1466034741918758,-32.68699839486355,0.22303030303030305,-23216.727272727272
908,481,2026-11-16,Inferno,1,1,-590.0,0.036363636363636376,80.05454545454546,-41,1,-0.25938117182356824,0.38461538461538464,-0.05300245098039208,0.04901960784313725,0.05715841383994835,153.03489137590526,0.013986013986013991,-47232.18181818182
946,503,2026-11-16,Ancient,1,1,-37.0,-0.6000000000000001,249.80000000000004,30,0,-1.2967032967032968,0.0,-0.1111111111111111,0.18749999999999994,-1.9924301646902063,47.97802197802198,0.0,-9242.600000000002
912,483,2026-11-16,Mirage,1,-1,45.0,0.6976744186046513,27.41860465116278,-47,0,0.6486486486486487,0.0,0.12083333333333335,-0.11249999999999993,1.7047480922384253,29.18918918918919,0.0,1233.8372093023252
913,483,2026-11-16,Ancient,1,1,45.0,0.6976744186046513,27.41860465116278,-47,0,1.1162790697674418,0.0,0.21874999999999994,-0.11458333333333331,1.8718021769015913,50.23255813953488,0.0,1233.8372093023252
945,503,2026-11-16,Mirage,1,-1,-37.0,-0.6000000000000001,249.80000000000004,30,0,-0.13333333333333328,0.0,-0.01774193548387093,-0.043548387096774166,-1.6739764335716716,4.933333333333331,0.0,-9242.600000000002
909,481,2026-11-16,Nuke,1,1,-590.0,0.036363636363636376,80.05454545454546,-41,1,-0.3873494849847673,-0.631578947368421,0.013131313131313105,0.10833333333333328,0.2876820724517808,228.5361961410127,-0.0229665071770335,-47232.18181818182
